timestamp,air_temp_era5_FR,carbon_price_FR,day_of_year_cos,day_of_year_sin,filling_rate_FR,gas_price_FR,hour_cos,hour_sin,isworkingday_FR,load_da_FR,nuclear_avail_esios_ES,nuclear_avail_rte_FR,river_flow_mean_FR,river_temp_FR,rl_BE,rl_DE_LU,rl_ES,rl_IT_NORD,run_off_gen_FR,solar_da_FR,ssrd_FR,wind_da_FR,wind_speed_100m_FR,year
2018-08-02 06:00:00+00:00,19.539175,15.1252596,-0.8565509959010037,-0.5160623910158526,2817640.0,22.15,6.123233995736766e-17,1.0,1.0,46500.0,7117.2,41056.0,174.12910502645502,19.97410001754763,8870.575,61379.01,25961.6,25340.0,3717.0,784.09,305207.75,1346.24,1.7778876,2018
2023-01-15 20:00:00+00:00,6.166739,89.55725625000001,0.9668478136052776,0.255353295116187,2347129.0,57.93333333333333,0.5000000000000001,-0.8660254037844386,0.0,55900.0,7117.2,43665.0,383.52720653871097,7.1720832586288426,6577.4175000000005,13116.375,15478.15,16297.0,5132.0,0.0,0.0,12320.79,8.335905,2023
2019-11-04 16:00:00+00:00,12.618905,22.79031588,0.5560174366570438,-0.8311706263658084,2986771.0,13.05,-0.5000000000000004,-0.8660254037844385,1.0,55800.0,5047.5,41100.0,426.0825935897435,12.930041790008538,10596.7,58810.232500000006,15054.1,25421.0,6551.0,263.24,259291.38,7905.03,8.267085,2019
2018-09-24 23:00:00+00:00,11.604479,15.1252596,-0.1159345995955006,-0.9932568492674144,2588940.0,29.48,0.9659258262890684,-0.2588190451025207,1.0,41250.0,7117.2,46095.0,152.18977576312577,15.527800369262698,8100.312499999999,36467.0975,15988.6,16255.0,2541.0,0.0,0.0,3316.27,5.1938176,2018
2018-08-02 01:00:00+00:00,19.331749,15.1252596,-0.8565509959010037,-0.5160623910158526,2817640.0,22.15,0.9659258262890684,0.2588190451025207,1.0,38550.0,7117.2,41056.0,174.12910502645502,20.5235001564026,7548.995,46286.89,19544.3,18355.0,3116.0,0.0,0.0,1345.55,1.7891966,2018
2019-03-03 22:00:00+00:00,10.674344,22.79031588,0.4825077417612184,0.8758917051442429,1227480.0,17.493333333333336,0.8660254037844384,-0.5000000000000004,0.0,54200.0,7117.2,45666.0,246.4107850834352,9.210277663336866,6920.139999999999,13404.007500000009,15245.4,13963.0,4049.0,0.0,0.0,10194.09,9.737303,2019
2019-07-26 15:00:00+00:00,25.087818,22.79031588,-0.9123747579707272,-0.4093559588156215,2697155.0,10.05,-0.7071067811865477,-0.7071067811865475,1.0,52200.0,7117.2,38177.0,177.71964076109077,23.901291290919005,7612.84,31440.0925,26192.1,28986.0,3595.0,3131.84,1716466.8,3076.04,2.5691493,2019
2020-05-20 20:00:00+00:00,17.981853,17.2389636,-0.7554933140726803,0.6551563572090853,2355412.0,3.95,0.5000000000000001,-0.8660254037844386,1.0,42200.0,4106.7,38615.0,282.56594713064715,17.609208106994647,8603.4925,48828.217500000006,22544.5,17677.0,6577.0,0.0,32659.56,1968.88,1.9154141,2020
2019-01-05 14:00:00+00:00,6.3831644,22.79031588,0.9962981749346078,0.0859647987374464,2186488.0,21.58333333333333,-0.8660254037844386,-0.5000000000000001,0.0,68150.0,6325.5,54505.0,191.39674375254373,5.000333507855732,9262.05,34931.69499999999,20951.3,15020.0,3237.0,1831.53,745052.2,2791.4,3.792235,2019
2020-02-10 16:00:00+00:00,11.0588255,17.2389636,0.7611042586607746,0.6486295610349815,2174132.0,8.88,-0.5000000000000004,-0.8660254037844385,1.0,62300.0,7117.2,51110.0,436.9859195970696,9.334875067075089,8618.9075,27198.925000000003,21768.5,24667.0,5476.0,395.96,494436.66,14286.47,12.493337,2020
2020-01-11 17:00:00+00:00,7.158337,17.2389636,0.9821256058680006,0.1882267098432442,2742325.0,11.866666666666667,-0.2588190451025206,-0.9659258262890684,0.0,65300.0,7117.2,53641.0,297.2119056573057,8.065541724363962,8583.8925,35789.625,29935.6,20042.0,4793.0,0.0,32953.938,3510.32,3.60117,2020
2021-06-01 04:00:00+00:00,13.093985,46.29497964,-0.865307254363206,0.5012418134457758,1628356.0,26.13,0.5000000000000001,0.8660254037844386,1.0,40500.0,5068.5,40855.0,307.2450815425316,15.839277585347515,7819.907499999999,45159.60249999999,21138.9,14337.0,6102.0,0.0,4063.7703,4641.3,5.074801,2021
2019-12-08 12:00:00+00:00,10.81781,22.79031588,0.9226395488404876,-0.3856634062436074,2815166.0,13.886666666666668,-1.0,1.2246467991473532e-16,0.0,59800.0,6071.9,46626.0,318.8489647130648,8.257958432038626,6931.204999999999,7952.470000000001,20182.8,14411.0,4793.0,2454.07,663198.5,10614.14,7.8115144,2019
2018-10-01 12:00:00+00:00,14.314061,15.1252596,0.0043035382962438,-0.99999073973619,2533385.0,27.2,-1.0,1.2246467991473532e-16,1.0,53550.0,7117.2,43625.0,137.6831902726903,15.759166558583576,7719.824999999999,41115.8575,18088.4,22602.0,2059.0,4271.2,1690886.8,5720.05,6.684493,2018
2018-05-28 14:00:00+00:00,20.054388,15.1252596,-0.8287700871745035,0.5595892624101769,1791003.0,22.4,-0.8660254037844386,-0.5000000000000001,1.0,49500.0,4076.8,44915.0,363.79667266992266,14.679750045140583,9057.09,45096.835,22806.8,21971.0,6852.0,2853.93,2030698.6,1633.71,1.7271258,2018
2020-08-06 17:00:00+00:00,27.468897,17.2389636,-0.8090169943749475,-0.587785252292473,3062108.0,7.05,-0.2588190451025206,-0.9659258262890684,1.0,46700.0,7117.2,35540.0,219.6515811762312,22.081466611226386,8651.785,50460.51,24112.2,19113.0,4329.0,1938.05,1324490.6,918.28,1.4065756,2020
2021-04-08 10:00:00+00:00,8.923706,46.29497964,-0.1159345995955004,0.9932568492674144,998746.0,19.45,-0.8660254037844387,0.4999999999999999,1.0,66400.0,6111.4,38190.0,221.1957567358568,9.08255561192832,8363.79,29542.370000000003,20288.9,17906.0,4469.0,6126.9,2090115.6,684.44,2.2897475,2021
2021-03-20 06:00:00+00:00,2.123507,46.29497964,0.2093146459630487,0.9778483415056568,1154107.0,18.016666666666666,6.123233995736766e-17,1.0,0.0,60650.0,6111.4,44285.0,326.34500592185594,6.599611017439102,8752.650000000001,41189.8875,8370.1,15424.0,5287.0,53.05,6846.14,4064.52,6.0535746,2021
2021-06-25 05:00:00+00:00,14.082345,46.29497964,-0.993746580436178,0.1116590071216946,2183321.0,32.1,0.2588190451025207,0.9659258262890684,1.0,44000.0,6401.1,42175.0,415.7459748066749,17.125916798909508,8259.567500000001,53849.3025,20416.2,21104.0,6127.0,4.84,83817.945,1570.38,2.8718214,2021
2020-11-30 17:00:00+00:00,6.675645,17.2389636,0.8695893893466109,-0.4937755501599773,2674858.0,15.2,-0.2588190451025206,-0.9659258262890684,1.0,74350.0,7049.9,50945.0,169.01593256003258,6.68499994277954,9649.65,50857.6475,28828.5,24688.0,4618.0,0.0,10344.15,3133.38,2.3224642,2020
2019-01-05 07:00:00+00:00,2.3927968,22.79031588,0.9962981749346078,0.0859647987374464,2186488.0,21.58333333333333,-0.2588190451025208,0.9659258262890684,0.0,69350.0,6125.5,53625.0,191.39674375254373,5.493555492824978,9194.2275,24035.794999999995,21171.3,16181.0,3279.0,0.0,13.872137,2518.14,3.0787685,2019
2023-04-17 03:00:00+00:00,7.791621,89.55725625000001,-0.2678143051621742,0.9634705485641488,1579550.0,42.45,0.7071067811865476,0.7071067811865476,1.0,44700.0,6105.9,35425.0,325.37391899951905,11.75311104456586,7563.445,41454.3825,10768.775,12817.0,4551.0,0.0,0.0,3269.38,3.5965881,2023
2020-01-13 01:00:00+00:00,5.395455,17.2389636,0.9750645322571948,0.2219215130041655,2652974.0,12.0,0.9659258262890684,0.2588190451025207,1.0,59650.0,7117.2,54676.0,275.5675491859992,7.428541719913483,6849.204999999999,22314.095,20898.5,12014.0,3042.0,0.0,0.0,2674.0,4.2411485,2020
2019-06-25 23:00:00+00:00,20.293947,22.79031588,-0.993746580436178,0.1116590071216946,2394994.0,9.13,0.9659258262890684,-0.2588190451025207,1.0,42850.0,7117.2,45343.0,321.8205930606431,21.29325008392334,7847.9475,37333.8025,19946.6,17804.0,5388.0,0.0,0.0,2166.49,2.8897448,2019
2020-07-28 04:00:00+00:00,18.400679,17.2389636,-0.8900275764346768,-0.4559066935084586,3100546.0,4.68,0.5000000000000001,0.8660254037844386,1.0,39050.0,7117.2,34815.0,176.11558345543347,20.2439329147339,7089.537499999999,29670.935,22752.8,17606.0,3106.0,0.0,67.91658,3305.53,3.7778099,2020
2021-08-12 04:00:00+00:00,17.395014,46.29497964,-0.7554933140726804,-0.655156357209085,2658935.0,45.6,0.5000000000000001,0.8660254037844386,1.0,36000.0,7117.2,39628.0,361.20164242979246,18.719916979471822,8238.0975,47524.725,22835.8,13516.0,4887.0,0.0,0.0,1259.19,0.5674196,2021
2019-09-26 01:00:00+00:00,15.887216,22.79031588,-0.0816763953304228,-0.99665890175417,2650572.0,10.18,0.9659258262890684,0.2588190451025207,1.0,37050.0,7117.2,40910.0,154.330685999186,17.535291671752944,6432.5575,34261.850000000006,20739.2,14892.0,1948.0,0.0,0.0,3929.49,6.611914,2019
2020-11-15 05:00:00+00:00,12.0120535,17.2389636,0.7146733860429608,-0.6994583270516471,3035130.0,14.086666666666666,0.2588190451025207,0.9659258262890684,0.0,39950.0,6125.5,47150.0,168.3407878917379,10.981500148773202,4654.6475,15325.1875,10104.1,11583.0,2346.0,0.0,0.0,10992.74,8.203435,2020
2023-05-22 02:00:00+00:00,13.073503,89.55725625000001,-0.766658819300159,0.6420547132365637,2200163.0,28.3,0.8660254037844387,0.4999999999999999,1.0,32500.0,6121.4,35895.0,313.31412604617606,14.481499618954146,5669.7275,25314.375000000004,12471.2,10525.0,4883.0,0.0,0.0,2683.98,3.868142,2023
2019-07-07 05:00:00+00:00,17.309242,22.79031588,-0.9955213724144752,-0.0945367498171993,2572658.0,11.643333333333334,0.2588190451025207,0.9659258262890684,0.0,34450.0,7117.2,40877.0,267.7200666463166,22.637500127156592,6912.6025,20935.125,19703.4,14215.0,4506.0,356.14,81987.695,1014.48,2.0152447,2019
2019-01-06 10:00:00+00:00,5.2430305,22.79031588,0.9946708199115212,0.1031016974474348,2186488.0,21.116666666666667,-0.8660254037844387,0.4999999999999999,0.0,69750.0,7117.2,55580.0,174.84359765974767,5.495888921949597,9735.485,43789.325,19527.4,11948.0,3030.0,1781.76,477485.7,2062.19,3.6717212,2019
2020-01-17 18:00:00+00:00,7.313256,17.2389636,0.9574851883550392,0.288482432880609,2652974.0,10.85,-1.8369701987210292e-16,-1.0,1.0,71100.0,7117.2,50810.0,265.90226204721205,8.0732501745224,9655.927500000002,52210.3875,31053.9,25834.0,6129.0,0.0,121.30462,7331.72,7.0992823,2020
2022-08-13 13:00:00+00:00,27.879568,80.46928043999999,-0.7441039398713605,-0.6680638642135336,2280964.0,210.5,-0.9659258262890684,-0.2588190451025203,0.0,43000.0,7117.2,26291.0,114.89604756539754,24.191250006357844,4187.16,18773.1125,15247.225,10325.0,1771.0,9517.63,2763515.8,1853.34,1.4390713,2022
2019-05-23 12:00:00+00:00,18.834234,22.79031588,-0.7775971469736267,0.6287628145958347,1324928.0,12.45,-1.0,1.2246467991473532e-16,1.0,51900.0,5122.1,45825.0,393.704944973545,15.939333491855187,8006.577499999999,32846.4625,24811.6,19481.0,5660.0,5931.04,2829889.8,590.33,1.3708541,2019
2019-06-03 18:00:00+00:00,19.802822,22.79031588,-0.8820480249558534,0.4711595076738641,1701147.0,10.13,-1.8369701987210292e-16,-1.0,1.0,47350.0,5122.1,43919.0,279.62325771265773,17.72544426388211,8539.2525,49461.745,23797.4,19983.0,6350.0,788.29,772626.56,850.63,2.432686,2019
2020-10-16 13:00:00+00:00,11.901919,17.2389636,0.276096973097468,-0.961129783872301,3019708.0,14.77,-0.9659258262890684,-0.2588190451025203,1.0,57200.0,6125.5,44650.0,254.05487973137977,11.698299948374416,8648.555,54860.0175,18520.6,22109.0,4345.0,4070.63,1173187.0,2104.11,2.8937335,2020
2021-12-07 08:00:00+00:00,5.919626,46.29497964,0.9158642882672872,-0.4014879892059729,2059628.0,96.7,-0.4999999999999998,0.8660254037844387,1.0,76850.0,4796.2,42975.0,402.69278133903134,6.311555491553411,10542.81,54882.065,17933.2,25589.0,5665.0,216.13,56494.67,5069.81,5.756907,2021
2023-07-13 19:00:00+00:00,21.104576,89.55725625000001,-0.980469160361632,-0.1966728897935762,3007664.0,26.1,0.2588190451025203,-0.9659258262890684,1.0,42500.0,7117.2,34280.0,220.8787837662338,23.10388872358534,6619.245000000001,44990.9625,28199.25,24819.0,4861.0,286.94,336297.44,2112.54,2.1717207,2023
2022-07-17 14:00:00+00:00,28.538397,80.46928043999999,-0.9646141756912436,-0.2636654927280072,2462110.0,157.08333333333334,-0.8660254037844386,-0.5000000000000001,0.0,41650.0,7117.2,23920.0,133.55774122914124,24.43649991353352,4277.3325,13787.652500000004,14178.325,13681.0,2201.0,8691.64,2941005.8,2496.4,3.7364967,2022
2021-10-23 03:00:00+00:00,8.4459,46.29497964,0.3737197147904684,-0.9275416835791968,2356588.0,87.7,0.7071067811865476,0.7071067811865476,0.0,43900.0,6121.4,39910.0,154.2810107244607,12.85255580478245,7845.6725,20663.925000000003,15445.8,14051.0,2142.0,0.0,0.0,1609.95,1.0034145,2021
2020-11-17 01:00:00+00:00,9.576467,17.2389636,0.7383263540031063,-0.6744436188329457,3012185.0,13.45,0.9659258262890684,0.2588190451025207,1.0,49750.0,6125.5,49310.0,215.03522452177447,10.573583404223116,5851.405000000001,23578.165,20422.9,13580.0,3425.0,0.0,0.0,4169.65,4.051975,2020
2023-07-28 05:00:00+00:00,17.528824,89.55725625000001,-0.8977433935342338,-0.4405187843504948,3000966.0,26.0,0.2588190451025207,0.9659258262890684,1.0,38450.0,7117.2,35720.0,206.49344275354275,21.73733361562093,6708.1675000000005,36372.245,23592.4,19749.0,3753.0,293.27,22266.771,3515.63,4.233997,2023
2019-09-28 17:00:00+00:00,18.371006,22.79031588,-0.0473213883224323,-0.9988797155850336,2650572.0,9.01,-0.2588190451025206,-0.9659258262890684,0.0,42900.0,7117.2,38665.0,149.07255805860805,17.80541690190632,6690.69,26112.210000000003,22065.4,18856.0,2424.0,327.62,371343.66,3900.65,5.45545,2019
2020-01-09 03:00:00+00:00,8.237068,17.2389636,0.9880226656636976,0.1543088206642811,2742325.0,11.8,0.7071067811865476,0.7071067811865476,1.0,52663.0,7117.2,49706.0,323.16063396418394,7.711250106493631,6651.655000000001,43075.55,19466.0,14189.0,3919.0,0.0,0.0,6566.9,6.8377614,2020
2018-01-13 07:00:00+00:00,4.018112,15.1252596,0.9750645322571948,0.2219215130041655,1719409.0,19.4,-0.2588190451025208,0.9659258262890684,0.0,65200.0,6053.3,55035.0,701.8764592592593,6.197999954223631,10065.395,52687.6375,25946.4,19361.0,6122.0,0.0,27.306667,2302.17,4.8971324,2018
2018-10-21 09:00:00+00:00,13.227784,15.1252596,0.3415707691678551,-0.9398560579418956,2504641.0,25.4,-0.7071067811865475,0.7071067811865476,0.0,44550.0,7117.2,46205.0,126.05051914936914,15.049555301666276,7819.104999999999,36979.63250000001,19301.9,12791.0,2055.0,2432.43,913574.6,1056.36,1.4108781,2018
2022-11-07 20:00:00+00:00,12.672683,80.46928043999999,0.5981809144059166,-0.8013610881746764,2495545.0,53.0,0.5000000000000001,-0.8660254037844386,1.0,47650.0,6071.9,30805.0,179.01824777316085,11.28499992688497,5675.0525,32371.955,17924.75,18487.0,3408.0,0.0,0.0,10463.59,8.35667,2022
2023-04-02 03:00:00+00:00,7.6232905,89.55725625000001,-0.012910296075009,0.999916658654738,1508365.0,50.35,0.7071067811865476,0.7071067811865476,0.0,39100.0,7117.2,36250.0,370.0110709214297,11.757611221737326,4590.035,16935.689999999995,6537.475,11185.0,4269.0,0.0,0.0,6763.23,7.063841,2023
2018-05-28 04:00:00+00:00,15.061172,15.1252596,-0.8287700871745035,0.5595892624101769,1791003.0,22.4,0.5000000000000001,0.8660254037844386,1.0,39150.0,4076.8,43675.0,363.79667266992266,13.95191673437755,8741.26,51202.89,20129.9,15867.0,6587.0,0.85,2731.17,1244.22,1.0749611,2018
2021-03-30 16:00:00+00:00,18.792393,46.29497964,0.0387222808921744,0.9992500112396836,961615.0,18.75,-0.5000000000000004,-0.8660254037844385,1.0,47350.0,6111.4,42624.0,247.2979945665446,13.339944468604202,9325.2175,53631.7575,14801.7,19905.0,4964.0,4917.18,1517756.5,1493.73,2.799915,2021
2021-10-08 17:00:00+00:00,15.967119,46.29497964,0.1244792638867886,-0.9922222094179324,2373290.0,79.78,-0.2588190451025206,-0.9659258262890684,1.0,51850.0,7117.2,42452.0,233.1994443833944,14.69966650009154,9664.0725,53096.75,22861.7,22750.0,3716.0,1843.77,287786.72,3790.42,4.4680705,2021
2023-09-21 17:00:00+00:00,17.008905,89.55725625000001,-0.1670516255021195,-0.9859481499638304,2809675.0,39.57,-0.2588190451025206,-0.9659258262890684,1.0,47350.0,5008.0,39395.0,198.1240264309764,20.139499876234265,9347.2125,44351.8625,16490.775,22112.0,3780.0,733.92,346105.75,8293.34,5.7823715,2023
2020-05-20 17:00:00+00:00,21.701038,17.2389636,-0.7554933140726803,0.6551563572090853,2355412.0,3.95,-0.2588190451025206,-0.9659258262890684,1.0,44550.0,4106.7,39945.0,282.56594713064715,17.605708042780538,8421.592499999999,53070.065,18457.3,19909.0,6625.0,2225.14,1377342.6,1577.4,1.9153101,2020
2019-01-05 00:00:00+00:00,2.6656597,22.79031588,0.9962981749346078,0.0859647987374464,2186488.0,21.58333333333333,1.0,0.0,0.0,70300.0,6125.5,54315.0,191.39674375254373,5.725222190221152,8676.81,17334.3875,22477.3,12934.0,3236.0,0.0,0.0,2081.43,2.5019042,2019
2019-06-20 04:00:00+00:00,15.019078,22.79031588,-0.980469160361632,0.1966728897935764,2172242.0,10.23,0.5000000000000001,0.8660254037844386,1.0,39700.0,7117.2,43768.0,369.27935706145706,18.819500207900983,8139.884999999999,32991.207500000004,21684.1,19456.0,6082.0,2.78,4276.5347,1485.41,3.0759022,2019
2022-12-20 00:00:00+00:00,10.303161,80.46928043999999,0.9821256058680004,-0.1882267098432448,2142607.0,104.7,1.0,0.0,1.0,55000.0,7117.2,41190.0,208.25266973879584,6.443833351135255,5532.7475,17043.237499999996,11654.3,14554.0,3081.0,0.0,0.0,12428.87,8.706929,2022
2023-01-31 00:00:00+00:00,4.1107674,89.55725625000001,0.8609610158889943,0.5086709438521044,1741224.0,57.65,1.0,0.0,1.0,63250.0,7117.2,43870.0,252.06795749588576,5.100000020530488,7307.337500000001,15687.6325,17545.375,14738.0,3649.0,0.0,0.0,3077.45,4.4747605,2023
2023-02-01 01:00:00+00:00,5.430715,89.55725625000001,0.8520775211013093,0.5234156073655503,1741224.0,60.0,0.9659258262890684,0.2588190451025207,1.0,60450.0,7117.2,44660.0,242.3281760908978,5.485333369837865,5464.362499999999,10323.722500000003,16697.975,14906.0,3203.0,0.0,0.0,5768.76,4.9229994,2023
2021-05-21 07:00:00+00:00,12.616426,46.29497964,-0.7554933140726803,0.6551563572090853,1413451.0,24.8,-0.2588190451025208,0.9659258262890684,1.0,52500.0,5068.5,42100.0,511.4441907610908,12.746166600121391,4921.157500000001,26520.29500000001,20179.4,20146.0,6816.0,1049.2,713050.5,7628.35,7.4944816,2021
2018-08-11 19:00:00+00:00,21.436012,15.1252596,-0.7666588193001592,-0.6420547132365636,2837239.0,23.26666666666667,0.2588190451025203,-0.9659258262890684,0.0,38750.0,7117.2,38380.0,166.3698987789988,18.850250124931325,8555.705,45064.17,25052.7,15273.0,3727.0,3.1,176563.69,762.88,0.9800142,2018
2022-07-15 10:00:00+00:00,23.755732,80.46928043999999,-0.973118337233262,-0.2303056702306119,2462110.0,154.25,-0.8660254037844387,0.4999999999999999,1.0,50100.0,7117.2,25950.0,147.32695785510785,23.1623331705729,6438.735000000001,23850.455,21193.325,22411.0,2873.0,9491.98,2590868.0,1801.18,2.1328237,2022
2019-03-16 10:00:00+00:00,11.299307,22.79031588,0.276096973097469,0.9611297838723007,1157528.0,15.033333333333331,-0.8660254037844387,0.4999999999999999,0.0,55400.0,7117.2,47095.0,557.54943992674,9.4621665875117,7130.8975,31182.21,20132.2,15348.0,5566.0,4071.01,1315000.4,8967.88,7.222999,2019
2022-12-21 12:00:00+00:00,11.496825,80.46928043999999,0.9852201067560606,-0.1712931441814778,2142607.0,94.6,-1.0,1.2246467991473532e-16,1.0,61150.0,7117.2,41300.0,224.19761767153943,7.818333466847736,7619.65,49057.985,11213.5,22811.0,4230.0,3812.96,605010.25,9434.84,6.4711547,2022
2018-01-02 18:00:00+00:00,9.508287,15.1252596,0.9994074007397048,0.0344216116227457,1577489.0,19.15,-1.8369701987210292e-16,-1.0,1.0,69300.0,7117.2,57670.0,597.1518004273504,7.064833323160809,9660.9525,52939.57999999999,21126.9,20705.0,6461.0,0.0,0.0,7670.32,8.96939,2018
2021-07-15 19:00:00+00:00,19.047688,46.29497964,-0.973118337233262,-0.2303056702306119,2463983.0,34.0,0.2588190451025203,-0.9659258262890684,1.0,44700.0,7117.2,39776.0,774.9607192918193,17.588833451271043,6709.52,44244.715,20327.6,20503.0,5802.0,1029.07,312127.88,5226.2,4.488069,2021
2021-02-08 17:00:00+00:00,4.033263,46.29497964,0.7829801036770629,0.6220467484408675,1726279.0,20.8,-0.2588190451025206,-0.9659258262890684,1.0,75550.0,7117.2,48610.0,939.8042476800975,7.689166744550069,10529.38,49315.91249999999,15991.0,24773.0,7198.0,0.0,118802.6,1889.78,1.7384819,2021
2019-04-12 15:00:00+00:00,11.416622,22.79031588,-0.18399835165768,0.9829265519799822,932025.0,15.94,-0.7071067811865477,-0.7071067811865475,1.0,51900.0,6071.9,46670.0,245.8336132885633,12.035444471571182,8920.41,46659.8725,20925.8,21391.0,4176.0,4339.86,1901631.5,2481.68,3.3466918,2019
2023-12-12 04:00:00+00:00,10.470593,89.55725625000001,0.9469877530760752,-0.3212696616923651,2806027.0,34.55,0.5000000000000001,0.8660254037844386,1.0,46800.0,7117.2,44985.0,980.6964629148628,9.341221915351024,7978.8525,45204.0025,11192.75,16359.0,5653.0,0.0,0.0,6189.67,6.387947,2023
2019-09-30 22:00:00+00:00,15.823825,22.79031588,-0.0129102960750088,-0.999916658654738,2648638.0,8.23,0.8660254037844384,-0.5000000000000004,1.0,44450.0,7117.2,41230.0,141.7030962962963,17.44916685422262,6017.78,31255.1,21347.4,15703.0,2371.0,0.0,0.0,4975.31,5.971576,2019
2023-03-11 03:00:00+00:00,7.3022795,89.55725625000001,0.3576982388331257,0.9338372288229252,1351720.0,49.88333333333333,0.7071067811865476,0.7071067811865476,0.0,47400.0,7117.2,37052.0,324.4446526835484,9.938333193461109,7673.469999999999,18609.302500000005,5566.725,13621.0,3867.0,0.0,0.0,3716.06,5.112138,2023
2023-05-20 17:00:00+00:00,16.150959,89.55725625000001,-0.7441039398713604,0.6680638642135338,2051871.0,28.6,-0.2588190451025206,-0.9659258262890684,0.0,40100.0,5110.1,36224.0,329.03107782587784,14.18938896391129,4910.6225,27570.0325,8331.95,15576.0,5114.0,2437.78,892791.4,4989.63,5.8537836,2023
2019-03-07 11:00:00+00:00,9.934677,22.79031588,0.4211008707960896,0.907013812802636,1161979.0,16.92,-0.9659258262890682,0.258819045102521,1.0,65050.0,7117.2,51711.0,280.1937352869353,8.868125160535175,7646.950000000001,21692.16250000001,23238.9,20955.0,4808.0,4042.32,1601915.1,10661.31,8.7897005,2019
2020-04-10 14:00:00+00:00,18.65296,17.2389636,-0.167051625502119,0.9859481499638304,1513412.0,7.05,-0.8660254037844386,-0.5000000000000001,1.0,39250.0,7030.4,42460.0,193.522282010582,13.998874982198096,5455.5725,25056.77,10461.3,11491.0,3593.0,5899.46,2411082.8,1540.87,2.2086852,2020
2022-09-07 05:00:00+00:00,16.92899,80.46928043999999,-0.3975428142825566,-0.9175836260593934,2240533.0,208.3,0.2588190451025207,0.9659258262890684,1.0,43400.0,7117.2,26166.0,141.2186374061124,20.32916704813639,8380.6975,47797.4025,22517.5,20828.0,2300.0,0.0,84.12991,2837.59,3.8459134,2022
2018-12-27 04:00:00+00:00,3.3905332,15.1252596,0.9976303053065856,-0.0688024268023197,2164121.0,23.33,0.5000000000000001,0.8660254037844386,1.0,60400.0,6071.9,57455.0,410.115022975173,7.837388833363851,8320.750000000002,30683.557500000003,19542.4,10459.0,4855.0,0.0,0.0,1029.71,1.592724,2018
2021-10-01 06:00:00+00:00,11.645808,46.29497964,0.0043035382962438,-0.99999073973619,2330764.0,87.6,6.123233995736766e-17,1.0,1.0,51300.0,7117.2,42842.0,171.36243636548636,15.974388758341476,7240.470000000001,35521.57749999999,26791.8,23208.0,2934.0,0.0,9710.934,5648.67,4.514503,2021
2019-07-03 22:00:00+00:00,18.901464,22.79031588,-0.9996666485105112,-0.0258184402271328,2572658.0,10.27,0.8660254037844384,-0.5000000000000004,1.0,47200.0,7117.2,43750.0,280.122791005291,22.612749576568607,7694.9875,36268.2125,22501.7,20491.0,4953.0,0.0,0.0,5034.25,5.4274745,2019
2018-10-12 02:00:00+00:00,15.26658,15.1252596,0.1924515819708299,-0.9813064702716092,2476781.0,25.35,0.8660254037844387,0.4999999999999999,1.0,37300.0,7117.2,42940.0,125.77950207570206,15.718166669209795,6991.955,35368.189999999995,14334.7,14885.0,1785.0,0.0,0.0,3424.73,6.5213275,2018
2021-06-17 09:00:00+00:00,21.164337,46.29497964,-0.969009825724406,0.2470221804809359,2002076.0,28.6,-0.7071067811865475,0.7071067811865476,1.0,54300.0,5068.5,40475.0,319.10995779405783,20.54533354441323,7900.040000000001,28183.77000000001,21457.2,22313.0,5476.0,3313.71,1536597.6,2457.7,1.003694,2021
2019-09-16 19:00:00+00:00,19.729668,22.79031588,-0.2511900638848195,-0.9679377830240642,2689334.0,11.2,0.2588190451025203,-0.9659258262890684,1.0,48450.0,7117.2,41605.0,165.23323663003666,20.111541430155448,9687.145,46313.490000000005,30110.6,21592.0,2885.0,0.0,4083.9438,1747.7,3.1463985,2019
2023-09-21 12:00:00+00:00,18.370285,89.55725625000001,-0.1670516255021195,-0.9859481499638304,2809675.0,39.57,-1.0,1.2246467991473532e-16,1.0,48100.0,5008.0,39395.0,198.1240264309764,20.46938901477391,8233.662499999999,20891.425000000003,6340.2750000000015,20596.0,2941.0,7146.55,1413812.5,8482.96,5.3292527,2023
2019-12-03 03:00:00+00:00,3.9820368,22.79031588,0.8860706215341378,-0.4635502709028512,2815166.0,15.02,0.7071067811865476,0.7071067811865476,1.0,60500.0,5008.0,44520.0,499.41807035002034,8.610125144322712,8993.342499999999,42233.5125,14206.5,14092.0,5703.0,0.0,0.0,2785.99,3.874753,2019
2022-08-08 05:00:00+00:00,16.908983,80.46928043999999,-0.798779372886365,-0.6016240632249223,2280964.0,192.3,0.2588190451025207,0.9659258262890684,1.0,37600.0,7117.2,26099.0,122.3574742100492,19.787083069483423,8172.935,47718.7175,21109.8,15226.0,2337.0,158.48,20399.195,3779.44,4.5798097,2022
2018-03-19 08:00:00+00:00,2.3760626,15.1252596,0.2261156855082882,0.9741004551724204,643391.0,20.65,-0.4999999999999998,0.8660254037844387,1.0,77400.0,6071.9,48490.0,553.8767951453897,6.359833359718319,9579.0875,58369.70000000001,21924.3,24977.0,6512.0,1667.79,520191.25,1029.71,2.662646,2018
2022-08-08 02:00:00+00:00,17.80539,80.46928043999999,-0.798779372886365,-0.6016240632249223,2280964.0,192.3,0.8660254037844387,0.4999999999999999,1.0,32600.0,7117.2,26099.0,122.3574742100492,20.56741666793821,6928.145,37435.9725,16264.975,11826.0,1924.0,0.0,0.0,4414.82,4.7036767,2022
2020-10-28 01:00:00+00:00,11.089349,17.2389636,0.467359217158002,-0.8840675099433637,3041148.0,14.15,0.9659258262890684,0.2588190451025207,1.0,48250.0,6125.5,45217.0,371.1030715710216,11.302583456039423,5605.1325,12156.464999999997,15971.4,13277.0,4948.0,0.0,0.0,7763.7,6.992457,2020
2021-03-23 09:00:00+00:00,7.714234,46.29497964,0.1585593851031345,0.9873494423939864,994654.0,18.5,-0.7071067811865475,0.7071067811865476,1.0,67450.0,6111.4,45240.0,277.9656127391128,6.897055625915525,8774.765,51347.455,23377.3,20785.0,5135.0,5256.99,1345004.0,1109.65,0.92383116,2021
2019-12-17 02:00:00+00:00,9.892739,22.79031588,0.9711000518829505,-0.2386727660059499,2652638.0,13.2,0.8660254037844387,0.4999999999999999,1.0,52250.0,6071.9,41825.0,677.7147895400897,8.640374898910519,8197.6175,35065.652500000004,17598.0,13994.0,6704.0,0.0,0.0,7281.61,4.4110503,2019
2021-08-24 21:00:00+00:00,17.835344,46.29497964,-0.6050560696488494,-0.7961828637826154,2612909.0,45.6,0.7071067811865474,-0.7071067811865477,1.0,46550.0,7117.2,43072.0,248.9943825396826,20.144277784559467,7625.1575,43303.43,19512.5,17706.0,3500.0,0.0,0.0,6187.08,6.2730336,2021
2023-04-10 21:00:00+00:00,11.706213,89.55725625000001,-0.1500553983446526,0.9886775902323404,1545065.0,44.306,0.7071067811865474,-0.7071067811865477,0.0,44750.0,7117.2,34615.0,250.32774245247504,13.442499849531387,4526.302499999999,7607.557500000003,15088.25,11598.0,3516.0,0.0,0.0,9397.07,6.2427926,2023
2023-08-03 08:00:00+00:00,17.959538,89.55725625000001,-0.847540922892831,-0.5307300481619335,2985265.0,30.0,-0.4999999999999998,0.8660254037844387,1.0,44150.0,7117.2,33016.0,190.1331316128316,21.19516637590193,5014.7725,8116.832499999997,9466.775,17971.0,2984.0,5539.53,808143.0,8877.95,6.5221677,2023
2021-09-13 11:00:00+00:00,22.090145,46.29497964,-0.300819807635668,-0.9536809966304456,2394175.0,61.5,-0.9659258262890682,0.258819045102521,1.0,51700.0,7117.2,43672.0,189.3416721204721,20.43949985504149,8121.2275,39235.9475,20765.5,20318.0,2652.0,6408.23,1973865.5,1009.78,2.5146446,2021
2019-11-11 12:00:00+00:00,8.938433,22.79031588,0.6518989958787125,-0.7583058084785625,2954760.0,14.6,-1.0,1.2246467991473532e-16,0.0,61100.0,4002.2,43040.0,357.3974565120065,10.442791660626732,6763.42,40453.045000000006,21917.6,22839.0,5908.0,2542.25,899793.94,6585.65,4.594055,2019
2020-04-22 22:00:00+00:00,12.319803,17.2389636,-0.3657225234972692,0.9307239310379792,1670557.0,6.05,0.8660254037844384,-0.5000000000000004,1.0,44450.0,5910.1,41575.0,262.6538834961336,14.456624984741202,5915.8825,26002.4725,19862.2,12763.0,5578.0,0.0,0.0,2473.13,2.938843,2020
2018-10-25 09:00:00+00:00,13.190365,15.1252596,0.4054257283599965,-0.914127988185334,2474033.0,24.45,-0.7071067811865475,0.7071067811865476,1.0,57700.0,7117.2,45170.0,120.01043848188849,13.719444486829984,11044.165,35415.277500000004,26954.2,21986.0,2058.0,2236.67,797295.56,937.08,1.8978472,2018
2020-11-30 04:00:00+00:00,3.9176705,17.2389636,0.8695893893466109,-0.4937755501599773,2674858.0,15.2,0.5000000000000001,0.8660254037844386,1.0,57900.0,7117.2,50945.0,169.01593256003258,6.659444623523289,8751.4725,46778.0775,18680.8,13685.0,2495.0,0.0,0.0,1457.41,1.6831963,2020
2022-04-17 10:00:00+00:00,14.055504,80.46928043999999,-0.2678143051621742,0.9634705485641488,1229508.0,96.5,-0.8660254037844387,0.4999999999999999,0.0,40500.0,7006.5,31838.0,236.1256757020757,13.317388905419229,4361.6,11080.99500000001,8131.6,7188.0,3995.0,8126.67,2361221.2,2726.58,1.8958027,2022
2018-04-20 03:00:00+00:00,11.666449,15.1252596,-0.3171912885891059,0.9483615800121716,642271.0,19.63,0.7071067811865476,0.7071067811865476,1.0,38050.0,5066.1,44620.0,364.3274732419843,11.604749997456857,8549.67,43167.215,16348.2,15432.0,6351.0,0.0,0.0,905.82,1.3116457,2018
2020-09-06 13:00:00+00:00,19.410301,17.2389636,-0.3975428142825566,-0.9175836260593934,2975651.0,11.426666666666668,-0.9659258262890684,-0.2588190451025203,0.0,37350.0,6121.4,33385.0,181.50243724053723,17.656199900309257,5917.52,23175.5125,7531.4000000000015,10490.0,2693.0,5765.7,2031102.2,1373.71,3.3882535,2020
2018-02-24 09:00:00+00:00,1.7897029,15.1252596,0.5842981736283684,0.811539059007361,1101070.0,26.2,-0.7071067811865475,0.7071067811865476,0.0,76250.0,6053.3,52400.0,527.5108148419482,4.578250070412952,7728.3525,29114.4425,28754.4,21108.0,7171.0,2076.38,678288.7,4149.6,5.0276837,2018
2019-01-04 12:00:00+00:00,4.959771,22.79031588,0.9976303053065856,0.0688024268023198,2186488.0,22.05,-1.0,1.2246467991473532e-16,1.0,79250.0,6450.5,56375.0,216.61157146927144,5.248500068982439,10458.705,33779.332500000004,29953.3,17304.0,4758.0,3001.12,992858.75,1458.06,2.3248427,2019
2018-04-05 00:00:00+00:00,8.978061,15.1252596,-0.0645084494493162,0.9979171608653922,597380.0,19.08,1.0,0.0,1.0,53450.0,6071.9,46655.0,503.2806767828878,9.206416646639502,6480.287499999999,31446.9125,18797.8,15024.0,6097.0,0.0,0.0,6699.19,6.541048,2018
2019-10-04 18:00:00+00:00,15.394791,22.79031588,0.055916990100603,-0.9984354211555644,2648638.0,11.25,-1.8369701987210292e-16,-1.0,1.0,51200.0,7117.2,43310.0,156.6180280830281,16.31154195467633,9629.3575,44391.78,28013.4,22287.0,2921.0,0.0,29701.908,5812.61,6.3047643,2019
2019-07-07 21:00:00+00:00,19.536955,22.79031588,-0.9955213724144752,-0.0945367498171993,2572658.0,11.643333333333334,0.7071067811865474,-0.7071067811865477,0.0,48050.0,7117.2,41916.0,267.7200666463166,23.604999860127784,8049.999999999999,33816.9575,21317.3,18260.0,4826.0,0.0,1163.8373,2553.98,3.047923,2019
2019-09-26 21:00:00+00:00,16.697037,22.79031588,-0.0816763953304228,-0.99665890175417,2650572.0,10.18,0.7071067811865474,-0.7071067811865477,1.0,46850.0,7117.2,41740.0,154.330685999186,17.775500059127808,7134.4625,30262.307500000003,23633.9,17575.0,2449.0,0.0,0.0,4506.16,6.658651,2019
2020-09-20 02:00:00+00:00,16.402012,17.2389636,-0.1670516255021195,-0.9859481499638304,2855432.0,11.286666666666669,0.8660254037844387,0.4999999999999999,0.0,31900.0,7117.2,35260.0,144.98546978021977,18.29226659138997,5796.205,27491.775,15695.7,12123.0,2170.0,0.0,0.0,1623.83,1.0007024,2020
2023-10-12 01:00:00+00:00,16.139767,89.55725625000001,0.1924515819708299,-0.9813064702716092,2613447.0,48.65,0.9659258262890684,0.2588190451025207,1.0,35550.0,4395.8,40670.0,143.22867205017204,17.498888810475673,5929.96,18494.375,17969.975,14288.0,1923.0,0.0,0.0,5648.68,4.165734,2023
2020-05-20 11:00:00+00:00,20.622942,17.2389636,-0.7554933140726803,0.6551563572090853,2355412.0,3.95,-0.9659258262890682,0.258819045102521,1.0,49050.0,4106.7,38350.0,282.56594713064715,16.469000101089488,6593.77,37941.2425,19258.8,17393.0,6419.0,6958.25,2863831.8,1560.45,1.8603474,2020
2019-09-25 01:00:00+00:00,15.5205765,22.79031588,-0.0988201387328721,-0.9951053111006974,2650572.0,10.15,0.9659258262890684,0.2588190451025207,1.0,37050.0,7117.2,40910.0,149.15406483516483,17.604875246683733,6165.4925,34503.774999999994,17021.2,14471.0,1929.0,0.0,0.0,6052.61,6.772305,2019
2022-10-07 16:00:00+00:00,18.207626,80.46928043999999,0.1073813466641621,-0.994217906893952,2313405.0,105.0,-0.5000000000000004,-0.8660254037844385,1.0,45700.0,6111.4,28010.0,216.8753104416517,16.253500620524058,6793.6525,47352.78,18751.9,20387.0,3248.0,1815.75,659725.4,1582.1,1.836555,2022
2021-09-16 17:00:00+00:00,19.153936,46.29497964,-0.2511900638848195,-0.9679377830240642,2394175.0,60.85,-0.2588190451025206,-0.9659258262890684,1.0,50200.0,7117.2,43916.0,230.63263506308508,20.590500407748777,10213.3675,45901.97750000001,24964.4,24136.0,4321.0,2252.04,515705.47,1143.11,2.2320397,2021
2019-09-25 11:00:00+00:00,17.64802,22.79031588,-0.0988201387328721,-0.9951053111006974,2650572.0,10.15,-0.9659258262890682,0.258819045102521,1.0,53200.0,7117.2,40910.0,149.15406483516483,17.73362517356872,7771.8,47452.55,23398.6,21279.0,2420.0,3671.02,1283614.2,7855.2,6.6197467,2019
2018-05-27 21:00:00+00:00,17.025686,15.1252596,-0.8190148866680798,0.5737722679043249,1497111.0,22.200000000000003,0.7071067811865474,-0.7071067811865477,0.0,45900.0,4076.8,42765.0,347.68381180301185,14.739583492279063,8264.687499999998,37542.3225,21173.2,14369.0,7361.0,0.0,153.88445,1991.74,1.5380669,2018
2022-08-08 16:00:00+00:00,26.590595,80.46928043999999,-0.798779372886365,-0.6016240632249223,2280964.0,192.3,-0.5000000000000004,-0.8660254037844385,1.0,45800.0,7117.2,27308.0,122.3574742100492,24.044416586558008,7243.754999999999,45327.177500000005,17668.9,18719.0,2300.0,5474.97,1858006.0,4514.68,4.28968,2022
2020-02-24 15:00:00+00:00,13.360708,17.2389636,0.5842981736283684,0.811539059007361,2008603.0,9.22,-0.7071067811865477,-0.7071067811865475,1.0,58350.0,7117.2,50174.0,348.4166926536427,9.27083317438761,7512.164999999999,39258.0875,21479.7,23401.0,5018.0,2679.58,999954.0,10905.17,7.997635,2020
2020-02-10 23:00:00+00:00,9.007526,17.2389636,0.7611042586607746,0.6486295610349815,2174132.0,8.88,0.9659258262890684,-0.2588190451025207,1.0,60000.0,6745.3,51110.0,448.28551367521374,9.262916604677836,6334.635,10596.060000000003,18639.0,16320.0,5147.0,0.0,0.0,14131.44,12.019986,2020
2018-02-11 21:00:00+00:00,4.877776,15.1252596,0.7498264012045687,0.6616346182422783,1416974.0,18.016666666666666,0.7071067811865474,-0.7071067811865477,0.0,68050.0,7117.2,57360.0,458.0003100794781,5.379083434740704,9117.0325,38421.45,22919.9,15910.0,5363.0,0.0,0.0,4667.23,7.062617,2018
2022-06-02 16:00:00+00:00,21.630516,80.46928043999999,-0.8738071036110806,0.4862727071086904,2156969.0,83.5,-0.5000000000000004,-0.8660254037844385,1.0,48000.0,6113.8,29775.0,197.0432372608872,20.082888709174263,7570.0475,43044.8225,17459.1,13423.0,4573.0,4909.59,1829258.9,1979.22,2.2254767,2022
2020-12-02 03:00:00+00:00,5.473174,17.2389636,0.8860706215341378,-0.4635502709028512,2674858.0,14.8,0.7071067811865476,0.7071067811865476,1.0,56800.0,6989.9,50035.0,189.5830939356939,6.632944398456149,8633.21,48712.8475,12241.4,15598.0,2790.0,0.0,0.0,3918.88,5.0997305,2020
2019-09-26 05:00:00+00:00,15.531944,22.79031588,-0.0816763953304228,-0.99665890175417,2650572.0,10.18,0.2588190451025207,0.9659258262890684,1.0,47450.0,7117.2,40910.0,154.330685999186,17.455083370208744,8712.9475,51390.7475,26533.5,21618.0,2378.0,0.0,0.0,3723.56,6.549781,2019
2020-04-15 07:00:00+00:00,8.759543,17.2389636,-0.2511900638848191,0.9679377830240644,1551504.0,6.85,-0.2588190451025208,0.9659258262890684,1.0,45050.0,5973.1,43255.0,194.47138978428976,12.854749997456889,7098.875,28411.6975,16754.4,12991.0,4996.0,2140.46,662385.94,4362.53,5.8585067,2020
2019-05-16 08:00:00+00:00,12.555491,22.79031588,-0.6963762255968722,0.717676913675962,1254728.0,13.4,-0.4999999999999998,0.8660254037844387,1.0,54400.0,5122.1,46855.0,256.4857698616199,14.262333234151193,8150.842500000001,42785.9825,24662.3,21669.0,5951.0,3858.05,1474181.8,1998.73,3.2226489,2019
2021-12-22 09:00:00+00:00,3.0514898,46.29497964,0.9880226656636976,-0.154308820664281,1928190.0,166.75,-0.7071067811865475,0.7071067811865476,1.0,80750.0,6105.9,44595.0,249.3570315628816,4.876555497033728,10780.8375,55082.9625,26303.8,26636.0,5279.0,1493.61,252903.53,3137.44,4.6633554,2021
2020-09-06 05:00:00+00:00,14.008794,17.2389636,-0.3975428142825566,-0.9175836260593934,2975651.0,11.426666666666668,0.2588190451025207,0.9659258262890684,0.0,31250.0,6121.4,32990.0,181.50243724053723,17.188133176167813,6878.0975,25876.335,11001.3,11778.0,2715.0,0.0,104.6318,1483.1,3.0483563,2020
2020-09-06 14:00:00+00:00,19.606007,17.2389636,-0.3975428142825566,-0.9175836260593934,2975651.0,11.426666666666668,-0.8660254037844386,-0.5000000000000001,0.0,36550.0,6121.4,33385.0,181.50243724053723,17.862699572245273,6206.577499999999,26539.02,7006.9000000000015,11429.0,2690.0,5095.42,1846318.9,1531.93,3.6251576,2020
2018-10-20 10:00:00+00:00,15.164629,15.1252596,0.3253420847119803,-0.9455963874271424,2504641.0,25.85,-0.8660254037844387,0.4999999999999999,0.0,47350.0,7117.2,42860.0,128.8757015873016,15.682111369238994,8128.540000000001,39472.7325,17486.5,14054.0,1906.0,3277.98,1247175.6,1462.17,2.9197443,2018
2019-02-10 08:00:00+00:00,8.049451,22.79031588,0.7611042586607746,0.6486295610349815,1474810.0,18.27,-0.4999999999999998,0.8660254037844387,0.0,57000.0,7117.2,54890.0,302.7917402523403,7.278777837753296,7851.395,22037.82250000001,14317.4,15682.0,4168.0,501.4,70220.98,11133.75,8.5968895,2019
2019-03-20 14:00:00+00:00,11.517573,22.79031588,0.2093146459630487,0.9778483415056568,1135050.0,15.08,-0.8660254037844386,-0.5000000000000001,1.0,58050.0,7117.2,49320.0,419.9042623321124,9.098277727762849,10279.2,44818.12,20054.4,21592.0,5425.0,4137.0,1866180.6,1354.91,2.2531781,2019
2021-06-19 17:00:00+00:00,21.51283,46.29497964,-0.9769384927771816,0.2135209154397961,2002076.0,29.633333333333333,-0.2588190451025206,-0.9659258262890684,0.0,42900.0,5068.5,37455.0,323.3423067562068,21.617777718438024,7210.345,44665.14,15808.6,19711.0,6204.0,2673.55,1035706.25,1976.5,1.3940378,2021
2022-05-29 05:00:00+00:00,11.3411255,80.46928043999999,-0.8382797052177741,0.5452404385406513,1954315.0,84.83333333333333,0.2588190451025207,0.9659258262890684,0.0,32900.0,5122.1,27105.0,175.1397263939764,17.518833054436595,5935.3325,24369.507500000003,13135.5,12918.0,3596.0,570.54,99252.41,3392.89,4.538312,2022
2023-05-23 14:00:00+00:00,17.633936,89.55725625000001,-0.7775971469736267,0.6287628145958347,2200163.0,29.45,-0.8660254037844386,-0.5000000000000001,1.0,43300.0,6121.4,37395.0,306.81707489177484,16.11205556657578,3715.022499999999,15347.905,8673.7,16298.0,4518.0,8415.4,2236010.0,6931.95,4.7806845,2023
2021-02-24 04:00:00+00:00,9.184768,46.29497964,0.5842981736283684,0.811539059007361,1515570.0,16.25,0.5000000000000001,0.8660254037844386,1.0,49450.0,6113.8,44925.0,375.0799197191697,9.157416741053266,6305.032499999999,28429.8475,13574.3,16151.0,4787.0,0.0,0.0,6410.5,6.5394835,2021
2023-04-24 09:00:00+00:00,11.533456,89.55725625000001,-0.3816892202666589,0.9242907221930932,1591705.0,39.8,-0.7071067811865475,0.7071067811865476,1.0,51650.0,6105.9,36717.0,294.2144922318423,13.499999947018091,5493.864999999999,20831.435,6954.474999999999,12902.0,4980.0,7850.35,1428936.0,4333.27,5.7023416,2023
2023-02-21 19:00:00+00:00,9.302325,89.55725625000001,0.6254105729852463,0.7802958510707755,1443310.0,48.78,0.2588190451025203,-0.9659258262890684,1.0,60150.0,7117.2,41375.0,181.1008328265937,9.576611280441298,10431.185,56731.61,31698.2,21757.0,4104.0,0.0,0.021880342,2202.9,1.5893722,2023
2023-11-30 23:00:00+00:00,6.793044,89.55725625000001,0.8609610158889941,-0.5086709438521049,2883329.0,40.85,0.9659258262890684,-0.2588190451025207,1.0,59400.0,6125.5,42780.0,668.7240457190957,9.25266663233439,9250.0175,47562.125,14797.3,16287.0,5886.0,0.0,0.0,2010.33,0.42003113,2023
2021-05-18 20:00:00+00:00,11.531426,46.29497964,-0.7206671495538609,0.6932812268869777,1413451.0,25.65,0.5000000000000001,-0.8660254037844386,1.0,49100.0,5068.5,42205.0,547.4125999796499,12.792888906266958,8783.002499999999,50948.4675,19453.1,18006.0,7167.0,79.88,20151.488,2167.94,5.1713395,2021
2021-03-01 16:00:00+00:00,11.929475,46.29497964,0.5123714121284237,0.8587639582758029,1386764.0,16.35,-0.5000000000000004,-0.8660254037844385,1.0,56350.0,7117.2,40215.0,318.2302287749288,9.692833423614507,9533.1975,58509.1675,18917.3,21283.0,6567.0,1442.72,987375.9,2982.75,4.963294,2021
2019-06-05 14:00:00+00:00,17.779978,22.79031588,-0.8977433935342337,0.440518784350495,1701147.0,10.65,-0.8660254037844386,-0.5000000000000001,1.0,49550.0,5402.1,44775.0,295.3014167277167,17.024583578109723,9318.475,37930.2225,16007.7,21773.0,5925.0,4162.01,2169674.8,2562.0,2.3295894,2019
2019-07-11 06:00:00+00:00,17.640537,22.79031588,-0.9866579328916572,-0.1628070129385164,2673159.0,12.75,6.123233995736766e-17,1.0,1.0,47950.0,7117.2,43808.0,209.47688111518107,21.9268333117167,8894.574999999999,55833.325,28180.2,24049.0,4211.0,1108.73,320016.6,833.08,1.1752226,2019
2018-03-10 21:00:00+00:00,10.484639,15.1252596,0.373719714790469,0.9275416835791966,665128.0,22.08333333333333,0.7071067811865474,-0.7071067811865477,0.0,52300.0,6071.9,49925.0,412.341111448017,8.63783331712086,9493.54,49470.005,17086.4,15756.0,6046.0,0.0,0.0,2899.74,6.0942717,2018
2020-12-24 18:00:00+00:00,6.420099,17.2389636,0.9946708199115212,-0.1031016974474354,2473628.0,17.63,-1.8369701987210292e-16,-1.0,1.0,61250.0,7117.2,52110.0,407.3001143060642,8.330000029669868,7097.545000000001,33270.63249999999,22815.5,16708.0,6006.0,0.0,0.0,8610.32,6.7689466,2020
2018-05-27 20:00:00+00:00,17.606613,15.1252596,-0.8190148866680798,0.5737722679043249,1497111.0,22.200000000000003,0.5000000000000001,-0.8660254037844386,0.0,42350.0,4076.8,42765.0,347.68381180301185,14.874916712443037,8699.605,41652.2975,22999.5,15645.0,7258.0,0.0,36504.812,1728.86,1.4846334,2018
2022-12-10 00:00:00+00:00,3.7645698,80.46928043999999,0.935367949313148,-0.3536761221763721,2374305.0,139.13333333333333,1.0,0.0,0.0,61600.0,7117.2,40725.0,205.27261362735493,6.334249973297119,8782.1175,44174.895,9978.25,13134.0,3520.0,0.0,0.0,1237.63,2.700223,2022
2019-11-11 04:00:00+00:00,6.0240827,22.79031588,0.6518989958787125,-0.7583058084785625,2954760.0,14.6,0.5000000000000001,0.8660254037844386,0.0,51000.0,4002.2,43040.0,357.3974565120065,10.483333230018609,6208.905,39019.9975,13175.2,13157.0,4721.0,0.0,0.0,4413.17,2.7287073,2019
2020-11-25 01:00:00+00:00,7.1476917,17.2389636,0.8239230057575542,-0.5667017562911177,2929262.0,14.02,0.9659258262890684,0.2588190451025207,1.0,57850.0,7117.2,51662.0,183.0314709605209,8.083083391189577,6392.4400000000005,34131.1125,18902.3,14528.0,2460.0,0.0,0.0,6165.88,5.118273,2020
2019-03-20 19:00:00+00:00,9.061057,22.79031588,0.2093146459630487,0.9778483415056568,1135050.0,15.08,0.2588190451025203,-0.9659258262890684,1.0,65100.0,7117.2,49320.0,419.9042623321124,9.442389011383058,10852.0775,57003.69,25056.4,23552.0,6533.0,0.0,5681.231,1594.53,2.7571979,2019
2018-06-03 01:00:00+00:00,15.044693,15.1252596,-0.8820480249558534,0.4711595076738641,1791003.0,22.05,0.9659258262890684,0.2588190451025207,0.0,34100.0,4676.8,43778.0,412.40282262922256,14.505749861399352,7268.332499999999,39955.5425,17821.6,11588.0,7342.0,0.0,0.0,1308.43,1.8042655,2018
2021-03-20 16:00:00+00:00,7.8775325,46.29497964,0.2093146459630487,0.9778483415056568,1154107.0,18.016666666666666,-0.5000000000000004,-0.8660254037844385,0.0,53700.0,6111.4,44405.0,326.34500592185594,8.534222231970888,8891.2425,41074.545,5745.200000000001,15457.0,4971.0,2611.27,1180615.2,4600.05,5.7399087,2021
2022-05-23 09:00:00+00:00,17.71265,80.46928043999999,-0.7775971469736267,0.6287628145958347,1954315.0,81.0,-0.7071067811865475,0.7071067811865476,1.0,51050.0,5122.1,28145.0,227.6560926739927,19.06222237481011,8483.775000000001,28438.795000000013,16726.0,20017.0,5565.0,4642.12,1453685.5,4619.34,2.8343527,2022
2023-12-16 14:00:00+00:00,9.415518,89.55725625000001,0.9668478136052776,-0.2553532951161872,2806027.0,32.550000000000004,-0.8660254037844386,-0.5000000000000001,0.0,56800.0,7117.2,47160.0,992.0816639730642,9.324888759189184,8295.7325,24910.707500000008,13241.375,15632.0,6271.0,4348.56,785931.0,2256.48,0.32050973,2023
2023-03-08 16:00:00+00:00,11.00095,89.55725625000001,0.4054257283599973,0.9141279881853336,1351720.0,42.95,-0.5000000000000004,-0.8660254037844385,1.0,55250.0,7117.2,37597.0,198.3812032763533,9.055389059914498,9811.3025,56530.7,8747.3,22917.0,3350.0,1427.54,558791.44,11492.27,7.5567455,2023
2019-04-08 15:00:00+00:00,12.977203,22.79031588,-0.1159345995955004,0.9932568492674144,932025.0,15.88,-0.7071067811865477,-0.7071067811865475,1.0,54300.0,6071.9,48610.0,266.84579183964183,11.101000150044747,9553.055,40217.64750000001,19415.9,20988.0,4642.0,2591.45,1584647.9,722.36,1.9593649,2019
2022-03-26 01:00:00+00:00,8.082135,80.46928043999999,0.107381346664163,0.994217906893952,1369050.0,101.66666666666669,0.9659258262890684,0.2588190451025207,0.0,47200.0,6053.3,31585.0,189.38260966625964,10.65516665246752,6610.1900000000005,34603.4225,15265.7,14038.0,2722.0,0.0,0.0,5900.44,6.450549,2022
2021-02-21 12:00:00+00:00,12.858648,46.29497964,0.6254105729852463,0.7802958510707755,1533892.0,16.16,-1.0,1.2246467991473532e-16,0.0,53100.0,6113.8,43005.0,408.267239010989,8.648583253224695,5628.352500000001,23329.27,14685.3,11461.0,4932.0,5324.16,1488478.0,6956.48,5.5752177,2021
2023-05-23 10:00:00+00:00,16.432497,89.55725625000001,-0.7775971469736267,0.6287628145958347,2200163.0,29.45,-0.8660254037844387,0.4999999999999999,1.0,47500.0,6121.4,37395.0,306.81707489177484,15.419222089979366,3794.685,22055.135,9581.325,14570.0,4554.0,8438.35,2093071.4,5470.22,4.459578,2023
2021-06-18 05:00:00+00:00,17.56439,46.29497964,-0.973118337233262,0.2303056702306122,2002076.0,29.55,0.2588190451025207,0.9659258262890684,1.0,43900.0,5068.5,38675.0,320.9149567155067,18.4898887210422,8957.95,47595.3475,23529.6,21254.0,6114.0,4.55,100358.39,1937.86,1.1492122,2021
2021-05-31 02:00:00+00:00,12.4630165,46.29497964,-0.8565509959010036,0.5160623910158528,1628356.0,25.5,0.8660254037844387,0.4999999999999999,1.0,34150.0,5068.5,39945.0,301.22184851444854,15.177444352044,6201.75,37613.2125,16128.1,10916.0,5477.0,0.0,0.0,3719.82,4.3104386,2021
2018-01-02 13:00:00+00:00,9.646494,15.1252596,0.9994074007397048,0.0344216116227457,1577489.0,19.15,-0.9659258262890684,-0.2588190451025203,1.0,66550.0,7117.2,56880.0,597.1518004273504,6.792250116666156,10139.5825,53072.57000000001,17219.7,17454.0,6390.0,1369.26,522018.75,5353.48,7.840359,2018
2021-03-30 15:00:00+00:00,19.041443,46.29497964,0.0387222808921744,0.9992500112396836,961615.0,18.75,-0.7071067811865477,-0.7071067811865475,1.0,46500.0,6111.4,42624.0,247.2979945665446,13.290277851952434,8541.12,44033.2125,13999.9,19615.0,4496.0,6352.78,2064179.8,1456.97,2.8892653,2021
2023-08-15 12:00:00+00:00,23.448736,89.55725625000001,-0.7206671495538611,-0.6932812268869775,2870892.0,36.3,-1.0,1.2246467991473532e-16,0.0,38350.0,7043.3,34414.0,182.91149704739703,23.18116664886475,3113.26,23154.85,5803.1500000000015,6979.0,2489.0,9357.26,2370297.5,1064.87,1.3207983,2023
2018-03-23 12:00:00+00:00,8.520158,15.1252596,0.1585593851031345,0.9873494423939864,643391.0,19.6,-1.0,1.2246467991473532e-16,1.0,72800.0,6071.9,48565.0,473.5583820467598,6.213416735331217,9513.0575,63410.2775,21335.7,20142.0,5829.0,3654.46,1568499.9,3261.56,3.7627347,2018
2022-10-18 01:00:00+00:00,15.333222,80.46928043999999,0.2926003356333479,-0.9562348265919058,2315468.0,72.5,0.9659258262890684,0.2588190451025207,1.0,36350.0,5066.1,29189.0,157.90778255689554,16.47091682751971,7159.35,40256.465,11800.25,13564.0,1802.0,0.0,0.0,2071.05,2.7287574,2022
2020-06-17 12:00:00+00:00,17.76016,17.2389636,-0.973118337233262,0.2303056702306122,2837466.0,5.1,-1.0,1.2246467991473532e-16,1.0,50050.0,5102.5,32600.0,318.1608174806675,16.18079999287923,7965.48,40779.47,18140.3,18982.0,6274.0,5141.12,2224223.5,1250.17,2.6288767,2020
2023-02-21 20:00:00+00:00,8.878242,89.55725625000001,0.6254105729852463,0.7802958510707755,1443310.0,48.78,0.5000000000000001,-0.8660254037844386,1.0,56200.0,7117.2,41375.0,181.1008328265937,9.511777745352852,9786.97,54279.2475,30532.025,20167.0,3414.0,0.0,0.0,2759.03,1.7846185,2023
2023-05-20 12:00:00+00:00,16.188286,89.55725625000001,-0.7441039398713604,0.6680638642135338,2051871.0,28.6,-1.0,1.2246467991473532e-16,0.0,40550.0,5110.1,35496.0,329.03107782587784,13.925722122192406,2034.085000000001,3814.5075,4087.75,12666.0,3924.0,8881.49,2191617.5,4800.19,5.7731876,2023
2020-12-20 18:00:00+00:00,8.614096,17.2389636,0.9852201067560606,-0.1712931441814778,2454326.0,16.493333333333332,-1.8369701987210292e-16,-1.0,0.0,61700.0,7117.2,52010.0,339.5592379324379,8.140055656433105,7822.73,37758.485,23296.2,17861.0,5407.0,0.0,0.0,5132.29,4.5089817,2020
2023-12-16 01:00:00+00:00,6.37907,89.55725625000001,0.9668478136052776,-0.2553532951161872,2806027.0,32.550000000000004,0.9659258262890684,0.2588190451025207,0.0,53600.0,7117.2,46263.0,992.0816639730642,9.473000102572971,6879.910000000001,21765.3825,13653.075,13758.0,5799.0,0.0,0.0,2384.6,1.5682219,2023
2022-08-14 11:00:00+00:00,23.982845,80.46928043999999,-0.7324940716135788,-0.6807734094770164,2280964.0,216.0,-0.9659258262890682,0.258819045102521,0.0,42100.0,7117.2,26011.0,115.44113513986017,23.117417017618816,4184.655000000001,9305.7875,9001.625,7856.0,1847.0,6477.31,2077829.4,2335.01,1.7743961,2022
2019-06-08 01:00:00+00:00,12.369693,22.79031588,-0.9192859697186104,0.3935902766564671,1701147.0,11.176666666666668,0.9659258262890684,0.2588190451025207,0.0,36300.0,5797.1,38424.0,293.3886838624339,15.683333237965908,4371.765,12678.7725,18485.4,14669.0,4906.0,0.0,0.0,10169.44,6.460006,2019
2020-05-01 16:00:00+00:00,14.349568,17.2389636,-0.5049610547215204,0.8631421280499114,1740867.0,5.25,-0.5000000000000004,-0.8660254037844385,0.0,37400.0,5110.1,37350.0,279.5630402930403,14.356499830881756,6613.84,30660.19,1830.0999999999983,9584.0,5560.0,2163.87,1260223.9,6922.61,8.092479,2020
2019-05-21 15:00:00+00:00,16.3995,22.79031588,-0.7554933140726803,0.6551563572090853,1324928.0,12.8,-0.7071067811865477,-0.7071067811865475,1.0,49300.0,5122.1,46735.0,401.39208544973536,14.647555563184966,8366.6325,39619.73,23276.6,21025.0,6051.0,3994.11,1971886.4,2788.19,3.5661244,2019
2022-02-05 23:00:00+00:00,5.5376596,80.46928043999999,0.8140460935082179,0.5808002734538008,1747271.0,79.63333333333334,0.9659258262890684,-0.2588190451025207,0.0,62150.0,7117.2,46271.0,224.8418583435084,6.803888863987395,5462.885,9019.764999999992,16731.5,14029.0,3054.0,0.0,0.0,10430.99,6.7871437,2022
2023-03-14 00:00:00+00:00,10.013746,89.55725625000001,0.3090169943749474,0.9510565162951536,1437424.0,45.63,1.0,0.0,1.0,44760.0,7117.2,36200.0,451.92836806180935,11.1573887401157,3855.827500000001,9027.809999999998,6110.724999999999,13861.0,5308.0,0.0,0.0,15912.31,9.136458,2023
2021-09-12 10:00:00+00:00,20.378365,46.29497964,-0.3171912885891059,-0.9483615800121716,2471418.0,60.34333333333333,-0.8660254037844387,0.4999999999999999,0.0,42950.0,7117.2,42917.0,184.52991023606023,20.076499621073424,6548.7425,22883.96,13962.6,11256.0,2184.0,5288.92,1803435.0,483.39,0.5985088,2021
2023-07-01 02:00:00+00:00,16.315063,89.55725625000001,-0.9999629591162656,0.0086069968886886,2932525.0,36.71666666666667,0.8660254037844387,0.4999999999999999,0.0,31900.0,7117.2,35923.0,234.23975800865804,19.6066664059957,4152.5725,26013.627499999995,15278.425,14513.0,4549.0,0.0,0.0,7228.0,6.036971,2023
2023-03-30 11:00:00+00:00,14.001231,89.55725625000001,0.0387222808921744,0.9992500112396836,1508365.0,42.85,-0.9659258262890682,0.258819045102521,1.0,48550.0,7117.2,36798.0,324.37625913378093,12.760555585225411,3983.324999999998,14117.990000000003,2538.3499999999985,17952.0,3955.0,7935.29,1905852.0,11604.11,7.145084,2023
2022-10-18 09:00:00+00:00,17.36101,80.46928043999999,0.2926003356333479,-0.9562348265919058,2315468.0,72.5,-0.7071067811865475,0.7071067811865476,1.0,49200.0,5066.1,29189.0,157.90778255689554,16.248166640599557,8780.975,48513.515,10349.5,19578.0,2022.0,4570.14,851795.5,1855.69,3.7686868,2022
2021-03-23 19:00:00+00:00,8.738949,46.29497964,0.1585593851031345,0.9873494423939864,994654.0,18.5,0.2588190451025203,-0.9659258262890684,1.0,65250.0,6111.4,45240.0,277.9656127391128,9.353722360399033,8824.12,55795.55,31712.9,22798.0,6068.0,0.0,11025.504,866.11,1.0060654,2021
2021-05-24 10:00:00+00:00,13.017766,46.29497964,-0.7883050558305252,0.615284599963328,1509465.0,24.8,-0.8660254037844387,0.4999999999999999,0.0,46350.0,5068.5,39475.0,473.9394152625152,12.387166765001078,5537.7175,8021.130000000005,13103.9,19883.0,6350.0,4531.6,1646179.6,6968.54,5.8244033,2021
2019-03-28 23:00:00+00:00,7.5692034,22.79031588,0.0730951298980775,0.9973249731081556,1064149.0,14.2,0.9659258262890684,-0.2588190451025207,1.0,56100.0,7117.2,50170.0,236.8978658526659,10.601944287617997,9442.3825,43725.0125,19170.6,15805.0,3706.0,0.0,0.0,3260.85,3.8566835,2019
2021-11-06 19:00:00+00:00,8.422817,46.29497964,0.5842981736283683,-0.8115390590073611,2349925.0,74.37666666666667,0.2588190451025203,-0.9659258262890684,0.0,60950.0,6121.4,41480.0,213.21113846153844,10.418055375417074,6730.255,24066.025,17307.4,18639.0,3436.0,0.0,0.0,4234.34,3.4249678,2021
2021-02-28 15:00:00+00:00,10.75892,46.29497964,0.5270777086423722,0.8498170915275278,1515570.0,16.166666666666668,-0.7071067811865477,-0.7071067811865475,0.0,46350.0,7117.2,40215.0,323.39998667073667,9.537916660308836,6850.857499999999,39164.6125,11253.2,12313.0,4580.0,3126.12,1393241.1,5824.76,5.6614285,2021
2023-12-10 12:00:00+00:00,11.9257555,89.55725625000001,0.935367949313148,-0.3536761221763721,2789836.0,36.9,-1.0,1.2246467991473532e-16,0.0,54350.0,6125.5,44390.0,708.7674495430497,8.536333243052164,5580.605,17204.455,6526.849999999999,12734.0,5773.0,4353.5,750273.75,14319.23,8.024501,2023
2022-04-05 17:00:00+00:00,11.16571,80.46928043999999,-0.0645084494493162,0.9979171608653922,1197120.0,108.72,-0.2588190451025206,-0.9659258262890684,1.0,61150.0,6021.6,33095.0,230.21333549043555,9.271888732910158,8253.339999999998,48546.8425,25937.7,21702.0,4816.0,2921.5,665514.4,4711.36,4.0376725,2022
2022-04-02 03:00:00+00:00,2.2603188,80.46928043999999,-0.012910296075009,0.999916658654738,1334846.0,110.61,0.7071067811865476,0.7071067811865476,0.0,54500.0,6041.6,31340.0,218.9799258038258,8.291999989085726,6556.68,25609.9025,10934.6,13785.0,3362.0,0.0,0.0,8089.56,6.918859,2022
2021-12-29 19:00:00+00:00,12.195443,46.29497964,0.9994074007397048,-0.0344216116227458,2029801.0,95.9,0.2588190451025203,-0.9659258262890684,1.0,56250.0,6105.9,44045.0,624.2802876678875,8.379333204693264,6049.610000000001,37988.4525,23228.6,17546.0,6344.0,0.0,0.0,11493.99,7.5212045,2021
2018-05-09 19:00:00+00:00,15.016516,15.1252596,-0.6050560696488488,0.7961828637826158,1101932.0,20.6,0.2588190451025203,-0.9659258262890684,1.0,45050.0,5066.1,42000.0,381.5686341111564,13.51174998283387,9698.482499999998,52466.1325,23927.1,21428.0,7151.0,18.88,119077.74,2655.92,3.9377112,2018
2019-11-11 01:00:00+00:00,5.777587,22.79031588,0.6518989958787125,-0.7583058084785625,2954760.0,14.6,0.9659258262890684,0.2588190451025207,0.0,55050.0,4002.2,42875.0,357.3974565120065,10.599208235740656,6897.3775000000005,33576.33500000001,11729.9,11227.0,4708.0,0.0,0.0,3056.84,2.4038851,2019
2020-08-16 12:00:00+00:00,23.14488,17.2389636,-0.6963762255968724,-0.7176769136759618,3013309.0,7.3,-1.0,1.2246467991473532e-16,0.0,39850.0,7117.2,35479.0,156.62754430199428,20.64176705678307,6005.8525,14935.28,13635.0,7658.0,2359.0,4762.94,2330128.5,1948.39,1.5972098,2020
2019-07-03 08:00:00+00:00,20.133764,22.79031588,-0.9996666485105112,-0.0258184402271328,2572658.0,10.27,-0.4999999999999998,0.8660254037844387,1.0,54350.0,7117.2,43750.0,291.655588970289,21.46991674105324,8624.77,38329.43250000001,28142.6,26103.0,5088.0,4122.61,1544287.0,2928.46,3.9866982,2019
2018-12-17 05:00:00+00:00,5.8502545,15.1252596,0.9711000518829505,-0.2386727660059499,2085932.0,24.55,0.2588190451025207,0.9659258262890684,1.0,65050.0,6121.4,55655.0,243.3956222832724,7.15994432237413,9446.3025,57117.81,19613.4,18498.0,3806.0,0.0,0.0,4837.35,5.940647,2018
2023-10-07 19:00:00+00:00,17.995638,89.55725625000001,0.1073813466641621,-0.994217906893952,2705939.0,35.53333333333333,0.2588190451025203,-0.9659258262890684,0.0,39600.0,6053.3,39215.0,153.85373576793577,17.8122222688463,5039.625,20679.04,23404.75,15421.0,2487.0,0.0,0.0,2579.03,0.93335783,2023
2020-11-05 04:00:00+00:00,6.970743,17.2389636,0.5842981736283683,-0.8115390590073611,3088786.0,14.4,0.5000000000000001,0.8660254037844386,1.0,52600.0,6125.5,47742.0,240.5404167684168,10.15370829900104,8829.4025,39550.255000000005,9630.5,15150.0,3584.0,0.0,0.0,3430.67,4.9120984,2020
2022-10-24 00:00:00+00:00,16.186625,80.46928043999999,0.3896304495307877,-0.9209712877166348,2419163.0,30.5,1.0,0.0,1.0,35000.0,5066.1,32105.0,205.68505190703016,15.7019166946411,3071.2275,20672.0525,11416.1,10879.0,3072.0,0.0,0.0,12120.96,7.868451,2022
2019-08-05 05:00:00+00:00,17.998323,22.79031588,-0.8287700871745037,-0.5595892624101767,2749841.0,10.07,0.2588190451025207,0.9659258262890684,1.0,39650.0,7117.2,40970.0,165.3196974969475,22.311374902725248,7962.15,51374.1275,24967.8,16626.0,2807.0,90.79,20244.021,1425.12,3.1966674,2019
2023-06-12 08:00:00+00:00,19.627136,89.55725625000001,-0.9441875088341992,0.3294084822245304,2708825.0,29.3,-0.4999999999999998,0.8660254037844387,1.0,47500.0,5118.0,33020.0,246.03121998556995,18.863722430335148,5556.2475,21975.125,15366.775,17717.0,5156.0,6241.03,1441410.1,1016.16,1.1310086,2023
2018-04-27 23:00:00+00:00,11.4561615,15.1252596,-0.4288919379124835,0.9033558023246844,811033.0,20.15,0.9659258262890684,-0.2588190451025207,0.0,43550.0,5066.1,47602.0,353.7316765477321,11.476499915122991,7550.929999999999,34710.6675,19360.9,14336.0,7154.0,0.0,0.0,5215.47,3.4161546,2018
2021-10-03 02:00:00+00:00,16.496101,46.29497964,0.0387222808921739,-0.9992500112396836,2330764.0,88.8,0.8660254037844387,0.4999999999999999,0.0,33250.0,7117.2,39347.0,167.13998561253558,16.606889141930466,3994.062500000001,2109.125,8362.4,11742.0,1813.0,0.0,0.0,11471.02,6.97612,2021
2023-01-15 11:00:00+00:00,7.733095,89.55725625000001,0.9668478136052776,0.255353295116187,2347129.0,57.93333333333333,-0.9659258262890682,0.258819045102521,0.0,57050.0,7117.2,40752.0,383.52720653871097,7.219083269437153,4483.272499999999,7763.340000000004,8765.325,14239.0,4979.0,4060.6,710790.44,15875.0,8.8037405,2023
2019-06-08 10:00:00+00:00,16.243784,22.79031588,-0.9192859697186104,0.3935902766564671,1701147.0,11.176666666666668,-0.8660254037844387,0.4999999999999999,0.0,45300.0,6113.8,36039.0,293.3886838624339,15.69466678301495,4682.9725,-1253.2000000000116,18173.9,14008.0,5290.0,5635.91,2291695.5,7515.3,4.615166,2019
2023-12-06 00:00:00+00:00,5.073716,89.55725625000001,0.9088176373395028,-0.4171936026123169,2789836.0,39.0,1.0,0.0,1.0,58750.0,6125.5,45505.0,615.1474013227513,7.764777766333687,7488.365,32733.805,20984.8,15512.0,5529.0,0.0,0.0,3813.87,2.9052083,2023
2022-12-20 08:00:00+00:00,10.059621,80.46928043999999,0.9821256058680004,-0.1882267098432448,2142607.0,104.7,-0.4999999999999998,0.8660254037844387,1.0,65450.0,7117.2,41190.0,208.25266973879584,6.56125005086263,7775.5825,36293.26,20289.25,26953.0,4110.0,179.73,26877.9,12126.25,7.139342,2022
2018-04-20 21:00:00+00:00,15.120877,15.1252596,-0.3171912885891059,0.9483615800121716,642271.0,19.63,0.7071067811865474,-0.7071067811865477,1.0,48450.0,5066.1,44830.0,364.3274732419843,13.333916823069252,9278.3575,46591.635,19831.6,16331.0,6937.0,0.0,0.0,1825.86,2.6665637,2018
2023-05-16 07:00:00+00:00,11.098583,89.55725625000001,-0.6963762255968722,0.717676913675962,2051871.0,31.63,-0.2588190451025208,0.9659258262890684,1.0,50700.0,4104.3,36835.0,399.4254152717653,13.723610930972642,6643.705,27442.925000000003,4105.924999999999,20886.0,5956.0,4410.49,760005.44,5904.37,6.477634,2023
2022-02-08 09:00:00+00:00,6.7767367,80.46928043999999,0.7829801036770629,0.6220467484408675,1729375.0,75.7,-0.7071067811865475,0.7071067811865476,1.0,73700.0,7117.2,45896.0,311.2079174399675,6.537499957614476,8809.625,28986.7725,22584.1,22707.0,4763.0,2863.17,423041.22,3286.04,2.511447,2022
2021-11-04 08:00:00+00:00,7.2240086,46.29497964,0.5560174366570438,-0.8311706263658084,2349925.0,72.4,-0.4999999999999998,0.8660254037844387,1.0,65900.0,6121.4,43725.0,254.57706908831904,11.149000088373812,8933.8675,60222.43500000001,21021.1,25017.0,4301.0,765.88,210526.5,2498.57,4.678422,2021
2022-04-02 21:00:00+00:00,3.3290546,80.46928043999999,-0.012910296075009,0.999916658654738,1334846.0,110.61,0.7071067811865474,-0.7071067811865477,0.0,64200.0,6041.6,31745.0,218.9799258038258,7.970222300953325,7801.65,37258.4075,16314.9,13799.0,4243.0,0.0,0.0,5689.55,5.318881,2022
2021-06-15 12:00:00+00:00,24.115114,46.29497964,-0.9599326896597444,0.2802306751992163,2002076.0,27.95,-1.0,1.2246467991473532e-16,1.0,52750.0,5068.5,39675.0,319.0895127798128,21.58661121792264,6520.619999999999,34509.359999999986,21849.4,20787.0,4978.0,7361.14,3057290.8,478.07,1.7067244,2021
2023-06-12 06:00:00+00:00,17.319714,89.55725625000001,-0.9441875088341992,0.3294084822245304,2708825.0,29.3,6.123233995736766e-17,1.0,1.0,44150.0,5118.0,33020.0,246.03121998556995,18.76294464535185,7207.5925,35615.2725,21461.825,18586.0,5724.0,1945.09,446202.56,1386.73,1.3342769,2023
2021-10-15 19:00:00+00:00,12.274212,46.29497964,0.2428497220959349,-0.9700639218515072,2385992.0,87.0,0.2588190451025203,-0.9659258262890684,1.0,51850.0,6796.4,44045.0,154.1777475783476,13.442500114440934,9464.1625,43637.295,25752.5,20817.0,2302.0,0.0,0.0,1725.77,2.394319,2021
2023-10-20 08:00:00+00:00,14.517026,89.55725625000001,0.3253420847119803,-0.9455963874271424,2620085.0,46.0,-0.4999999999999998,0.8660254037844387,1.0,48550.0,4765.8,43010.0,223.5362332907833,16.67922210693359,8638.8075,26188.625,4685.2750000000015,23581.0,3493.0,1527.82,182551.77,5172.94,4.6438146,2023
2021-03-01 21:00:00+00:00,7.777634,46.29497964,0.5123714121284237,0.8587639582758029,1386764.0,16.35,0.7071067811865474,-0.7071067811865477,1.0,57650.0,7117.2,40495.0,318.2302287749288,8.927833398183198,8432.535,50930.67,22092.8,17730.0,6140.0,0.0,0.0,4987.21,5.7976327,2021
2020-09-22 22:00:00+00:00,16.390635,17.2389636,-0.1330147065341963,-0.9911140639934546,2821249.0,11.32,0.8660254037844384,-0.5000000000000004,1.0,42300.0,7117.2,37225.0,165.87788597883596,18.18750025431316,7315.575000000001,40499.130000000005,21225.4,15947.0,2555.0,0.0,0.0,2408.19,4.0073457,2020
2022-03-05 03:00:00+00:00,3.7065876,80.46928043999999,0.4520722039323043,0.8919813464595485,1604668.0,211.0,0.7071067811865476,0.7071067811865476,0.0,52750.0,7117.2,43170.0,241.6865841473341,8.51261112425062,8558.032500000001,41589.4475,15304.5,14630.0,3854.0,0.0,0.0,2544.81,3.2989922,2022
2021-10-23 00:00:00+00:00,9.178688,46.29497964,0.3737197147904684,-0.9275416835791968,2356588.0,87.7,1.0,0.0,0.0,47600.0,6121.4,38610.0,154.2810107244607,13.054944621192083,7854.1025,16527.33,14551.9,14169.0,2388.0,0.0,0.0,2068.37,1.7234542,2021
2022-09-03 14:00:00+00:00,22.384895,80.46928043999999,-0.4597327394521046,-0.888057322629493,2244154.0,199.52,-0.8660254037844386,-0.5000000000000001,0.0,40600.0,7117.2,23311.0,127.13238503626002,21.09933344523112,6985.107499999999,21139.445,9747.725,14135.0,1625.0,6333.23,1784412.6,2697.87,3.386477,2022
2020-01-13 16:00:00+00:00,8.699058,17.2389636,0.9750645322571948,0.2219215130041655,2652974.0,12.0,-0.5000000000000004,-0.8660254037844385,1.0,68650.0,7117.2,54801.0,275.5675491859992,7.505624969800313,9580.7975,51525.07,27514.6,26113.0,5818.0,78.27,215606.66,8816.91,8.227131,2020
2022-03-26 14:00:00+00:00,15.404376,80.46928043999999,0.107381346664163,0.994217906893952,1369050.0,101.66666666666669,-0.8660254037844386,-0.5000000000000001,0.0,43300.0,6053.3,29875.0,189.38260966625964,11.2214443948534,3994.272499999999,26792.007500000003,16114.6,11894.0,2543.0,6579.8,2220895.2,5515.87,6.174681,2022
2019-06-22 01:00:00+00:00,14.227601,22.79031588,-0.986657932891657,0.1628070129385171,2172242.0,10.133333333333336,0.9659258262890684,0.2588190451025207,0.0,36400.0,7117.2,43658.0,361.5156054945055,18.330583333969123,7298.4425,33869.192500000005,18653.7,16268.0,5609.0,0.0,0.0,2592.49,2.8802662,2019
2018-09-16 08:00:00+00:00,17.365763,15.1252596,-0.2511900638848195,-0.9679377830240642,2678886.0,27.45,-0.4999999999999998,0.8660254037844387,0.0,39900.0,7117.2,44255.0,138.93950136345137,15.912233575185144,7173.36,33276.94,21186.7,13448.0,2122.0,2170.12,785562.2,1291.66,2.2890317,2018
2020-11-15 01:00:00+00:00,12.246601,17.2389636,0.7146733860429608,-0.6994583270516471,3035130.0,14.086666666666666,0.9659258262890684,0.2588190451025207,0.0,43550.0,6125.5,46865.0,168.3407878917379,11.143041690190644,4561.195,14097.030000000002,11720.2,11219.0,2554.0,0.0,0.0,9530.88,7.872927,2020
2022-08-09 08:00:00+00:00,22.228891,80.46928043999999,-0.7883050558305256,-0.6152845999633274,2280964.0,190.0,-0.4999999999999998,0.8660254037844387,1.0,44800.0,7117.2,26888.0,120.84214573944575,20.7027497291565,6025.84,32828.2025,17349.85,14947.0,2074.0,6468.78,1406632.8,3485.95,4.4368305,2022
2019-10-29 07:00:00+00:00,10.889536,22.79031588,0.467359217158002,-0.8840675099433637,2851394.0,10.32,-0.2588190451025208,0.9659258262890684,1.0,56450.0,6111.4,41035.0,259.7466869352869,13.492041508356742,9585.5425,55836.45,26756.4,23215.0,4657.0,31.12,25403.47,3055.36,2.7958505,2019
2020-11-15 23:00:00+00:00,11.96886,17.2389636,0.7146733860429608,-0.6994583270516471,3035130.0,14.086666666666666,0.9659258262890684,-0.2588190451025207,1.0,48300.0,6125.5,48395.0,196.9505172161172,11.330333550771078,4906.6025,9595.559999999998,15685.8,11986.0,2628.0,0.0,0.0,11623.99,7.7843866,2020
2020-09-22 01:00:00+00:00,15.31658,17.2389636,-0.1330147065341963,-0.9911140639934546,2821249.0,11.32,0.9659258262890684,0.2588190451025207,1.0,35600.0,7117.2,37115.0,161.88203909238908,18.039233334859208,7669.5525,39901.82000000001,20370.4,14708.0,2395.0,0.0,0.0,1043.15,1.4368896,2020
2018-03-31 23:00:00+00:00,6.3772044,15.1252596,0.0215160974362222,0.9997685019798908,586044.0,19.59,0.9659258262890684,-0.2588190451025207,0.0,56750.0,6071.9,45555.0,526.0717559060281,7.215416630109152,8649.8625,34947.42,17890.7,10847.0,6192.0,0.0,0.0,4205.92,6.359913,2018
2022-02-05 16:00:00+00:00,8.85823,80.46928043999999,0.8140460935082179,0.5808002734538008,1747271.0,79.63333333333334,-0.5000000000000004,-0.8660254037844385,0.0,57200.0,7117.2,46271.0,243.3844269230769,7.107277843687271,7329.2,24301.8525,16265.3,18385.0,3583.0,508.06,480202.44,6214.63,5.313031,2022
2019-06-08 18:00:00+00:00,17.415173,22.79031588,-0.9192859697186104,0.3935902766564671,1701147.0,11.176666666666668,-1.8369701987210292e-16,-1.0,0.0,40450.0,6113.8,37509.0,293.3886838624339,16.674333492914833,6265.030000000001,26850.295,16264.1,16841.0,5897.0,825.59,772182.5,2724.23,2.5287669,2019
2021-07-14 07:00:00+00:00,15.737711,46.29497964,-0.9769384927771816,-0.2135209154397959,2463983.0,33.9,-0.2588190451025208,0.9659258262890684,0.0,37800.0,7117.2,40770.0,705.8594924908425,17.11458341280619,7257.395000000001,49352.23,18286.3,24497.0,5370.0,1062.43,529043.75,4139.29,5.6276956,2021
2018-06-22 06:00:00+00:00,14.899972,15.1252596,-0.986657932891657,0.1628070129385171,2562038.0,21.8,6.123233995736766e-17,1.0,1.0,48850.0,5068.5,44565.0,318.8915045991046,15.43729178110758,8859.029999999999,39204.4175,25306.8,24417.0,6807.0,1008.58,492773.56,2359.4,3.910538,2018
2021-11-22 20:00:00+00:00,6.635933,46.29497964,0.7829801036770624,-0.622046748440868,2119853.0,84.35,0.5000000000000001,-0.8660254037844386,1.0,65900.0,4046.2,43775.0,151.91822814407817,8.294222195943195,9535.3725,45569.2525,23314.0,21047.0,2332.0,0.0,0.0,8015.79,7.647537,2021
2023-10-23 01:00:00+00:00,11.980115,89.55725625000001,0.3737197147904684,-0.9275416835791968,2730776.0,49.35,0.9659258262890684,0.2588190451025207,1.0,34600.0,4215.8,41335.0,182.5081702908203,14.787277486589238,6692.5175,29758.9675,10283.575,10898.0,2402.0,0.0,0.0,5461.61,5.2911167,2023
2020-05-16 02:00:00+00:00,9.380523,17.2389636,-0.7086266782644596,0.705583610107178,2184713.0,4.6866666666666665,0.8660254037844387,0.4999999999999999,0.0,36250.0,5110.1,34080.0,379.4813314000814,13.848375002543134,6808.0225,26879.312500000004,11734.7,11827.0,6803.0,0.0,0.0,2823.17,3.8948812,2020
2023-08-17 19:00:00+00:00,22.97149,89.55725625000001,-0.6963762255968724,-0.7176769136759618,2870892.0,33.4,0.2588190451025203,-0.9659258262890684,1.0,42250.0,7043.3,38428.0,188.4442695785696,23.733444001939585,8152.155,37034.18,25354.875,17015.0,3526.0,0.95,135570.42,1734.82,2.5410821,2023
2021-12-05 05:00:00+00:00,4.938328,46.29497964,0.9015016841318838,-0.4327755925504317,2024972.0,88.11333333333333,0.2588190451025207,0.9659258262890684,0.0,54300.0,4296.2,41290.0,403.89402905982905,6.599444402588737,6947.139999999999,26911.707500000004,5945.5,13801.0,4467.0,0.0,0.0,6619.39,7.712744,2021
2018-02-24 16:00:00+00:00,5.4632993,15.1252596,0.5842981736283684,0.811539059007361,1101070.0,26.2,-0.5000000000000004,-0.8660254037844385,0.0,64950.0,6053.3,53060.0,527.5108148419482,5.774083336194355,8390.6925,38369.035,25187.1,18738.0,6162.0,654.7,812324.5,5555.64,5.5613813,2018
2019-11-04 20:00:00+00:00,11.105006,22.79031588,0.5560174366570438,-0.8311706263658084,2986771.0,13.05,0.5000000000000001,-0.8660254037844386,1.0,54350.0,5047.5,39945.0,426.0825935897435,12.81762496630347,9103.31,48778.490000000005,17847.0,19345.0,6391.0,0.0,0.0,7670.94,7.0610056,2019
2018-06-06 12:00:00+00:00,19.086754,15.1252596,-0.9051931898913974,0.4250003399695541,2062657.0,21.6,-1.0,1.2246467991473532e-16,1.0,53350.0,4076.8,44070.0,476.7221895197395,15.06600010395048,8179.3125,41183.465,25128.5,21242.0,7301.0,3375.12,2282801.0,533.42,0.4586932,2018
2022-06-07 23:00:00+00:00,15.793619,80.46928043999999,-0.9123747579707272,0.4093559588156217,2345706.0,79.0,0.9659258262890684,-0.2588190451025207,1.0,39800.0,6113.8,29125.0,217.6186673585673,19.22066635555693,6540.725,36473.4025,18935.025,16151.0,3736.0,0.0,0.0,3000.31,4.3512645,2022
2018-09-08 07:00:00+00:00,14.994316,15.1252596,-0.3816892202666594,-0.924290722193093,2718547.0,28.526666666666667,-0.2588190451025208,0.9659258262890684,0.0,41600.0,7117.2,43946.0,158.6232873829874,15.602400080362957,8224.432499999999,33868.7,22931.5,17386.0,2316.0,1185.42,426950.7,952.94,0.93835145,2018
2018-09-12 02:00:00+00:00,16.603,15.1252596,-0.3171912885891059,-0.9483615800121716,2678886.0,27.6,0.8660254037844387,0.4999999999999999,1.0,37150.0,7117.2,47700.0,158.20817232397235,17.519699923197418,7260.832499999999,40706.65,20671.5,15903.0,2489.0,0.0,0.0,1075.92,0.6926514,2018
2022-01-08 09:00:00+00:00,5.976121,80.46928043999999,0.9905324521322229,0.1372787721132647,2152112.0,84.33333333333334,-0.7071067811865475,0.7071067811865476,0.0,68900.0,6105.9,45879.0,477.185658038258,6.315889014138116,7604.76,40259.785,14002.5,16321.0,5949.0,1161.24,195135.14,8113.53,7.7161455,2022
2020-12-11 15:00:00+00:00,8.908901,17.2389636,0.9469877530760752,-0.3212696616923651,2521048.0,15.93,-0.7071067811865477,-0.7071067811865475,1.0,67850.0,7117.2,48935.0,290.0256063085064,6.893277830547756,10423.6775,45690.56249999999,15073.6,26119.0,4513.0,430.81,287054.34,7605.46,5.5344934,2020
2023-06-12 01:00:00+00:00,16.495932,89.55725625000001,-0.9441875088341992,0.3294084822245304,2708825.0,29.3,0.9659258262890684,0.2588190451025207,1.0,32600.0,5118.0,33020.0,246.03121998556995,19.230610582563624,6358.77,25653.13,17995.025,11375.0,4739.0,0.0,0.0,1664.19,1.677621,2023
2023-10-05 11:00:00+00:00,18.863245,89.55725625000001,0.0730951298980768,-0.9973249731081556,2705939.0,28.45,-0.9659258262890682,0.258819045102521,1.0,49150.0,6923.0,41706.0,151.73741301291304,18.418166478474944,8023.2225,20455.995000000003,12610.75,17151.0,2021.0,10636.29,1799980.5,752.08,1.5178118,2023
2019-10-12 02:00:00+00:00,14.006841,22.79031588,0.1924515819708299,-0.9813064702716092,2625151.0,9.933333333333334,0.8660254037844387,0.4999999999999999,0.0,35800.0,6111.4,42140.0,193.5955656084656,15.646625200907415,5651.3125,12248.932499999995,15148.9,13574.0,2400.0,0.0,0.0,6623.77,4.77317,2019
2020-01-11 18:00:00+00:00,6.4673285,17.2389636,0.9821256058680006,0.1882267098432442,2742325.0,11.866666666666667,-1.8369701987210292e-16,-1.0,0.0,67400.0,7117.2,53641.0,297.2119056573057,7.957041541735331,8102.262499999999,32940.1375,31232.7,20199.0,4954.0,0.0,20.567522,3558.38,3.685036,2020
2018-06-24 22:00:00+00:00,16.928614,15.1252596,-0.99167731989929,0.1287481774525808,2562038.0,21.666666666666668,0.8660254037844384,-0.5000000000000004,1.0,41850.0,5068.5,41650.0,282.97298097273097,16.27387515703837,7660.1375,39807.05,21763.7,13111.0,6503.0,0.0,0.0,2248.98,4.3875365,2018
2023-10-23 08:00:00+00:00,12.758306,89.55725625000001,0.3737197147904684,-0.9275416835791968,2730776.0,49.35,-0.4999999999999998,0.8660254037844387,1.0,49750.0,4065.8,41335.0,182.5081702908203,14.782389005025236,8637.532500000001,43656.0625,17412.5,20747.0,3517.0,1628.31,271339.9,7682.93,4.9728885,2023
2021-04-20 22:00:00+00:00,9.40885,46.29497964,-0.3171912885891059,0.9483615800121716,874649.0,21.55,0.8660254037844384,-0.5000000000000004,1.0,52400.0,6111.4,39485.0,188.3049757020757,11.71094444062974,9079.35,44889.26,23087.6,15580.0,3158.0,0.0,0.0,1739.85,2.160413,2021
2018-10-20 22:00:00+00:00,12.27768,15.1252596,0.3253420847119803,-0.9455963874271424,2504641.0,25.85,0.8660254037844384,-0.5000000000000004,0.0,44800.0,7117.2,43775.0,126.05051914936914,15.13599983851115,8120.315,39848.7125,16250.7,13173.0,1912.0,0.0,0.0,2561.13,3.3177586,2018
2021-01-08 16:00:00+00:00,2.7267423,46.29497964,0.9905324521322229,0.1372787721132647,2407326.0,20.45,-0.5000000000000004,-0.8660254037844385,1.0,79750.0,7117.2,52290.0,322.2362004884005,4.247833291689554,12203.845,58517.595,27301.7,25769.0,6502.0,69.47,210837.97,1246.49,2.564836,2021
2018-03-07 02:00:00+00:00,5.2355886,15.1252596,0.4211008707960896,0.907013812802636,665128.0,18.8,0.8660254037844387,0.4999999999999999,1.0,59750.0,6071.9,51555.0,452.01484390629946,6.150333344936372,9131.4125,55198.345,14599.6,14900.0,5290.0,0.0,0.0,3474.68,5.18351,2018
2021-07-23 04:00:00+00:00,17.527538,46.29497964,-0.9322892131745134,-0.3617137307297674,2538196.0,35.65,0.5000000000000001,0.8660254037844386,1.0,40600.0,7117.2,42225.0,570.8221203093202,19.61016662915548,7788.0075,50375.22,22232.6,20060.0,5232.0,0.0,294.2687,3120.34,2.9336944,2021
2020-04-27 06:00:00+00:00,10.929822,17.2389636,-0.4443781781046132,0.895839290734909,1740867.0,6.13,6.123233995736766e-17,1.0,1.0,40850.0,5887.1,39500.0,230.62826465201465,15.389666795730587,7480.817499999999,44673.965,18577.7,16585.0,5368.0,542.12,224636.23,1576.87,1.8679761,2020
2021-10-08 08:00:00+00:00,12.669244,46.29497964,0.1244792638867886,-0.9922222094179324,2373290.0,79.78,-0.4999999999999998,0.8660254037844387,1.0,55000.0,7117.2,42452.0,233.1994443833944,13.986222320132777,8983.64,52613.675,20000.3,22645.0,3573.0,557.36,595435.94,3122.55,3.6049523,2021
2023-05-23 07:00:00+00:00,14.439017,89.55725625000001,-0.7775971469736267,0.6287628145958347,2200163.0,29.45,-0.2588190451025208,0.9659258262890684,1.0,46400.0,6121.4,37395.0,306.81707489177484,15.033555613623728,5819.052500000001,30590.775,12696.0,18523.0,5266.0,3705.03,770259.8,4857.4,4.996735,2023
2018-03-07 21:00:00+00:00,6.0508685,15.1252596,0.4211008707960896,0.907013812802636,665128.0,18.8,0.7071067811865474,-0.7071067811865477,1.0,66150.0,6071.9,51555.0,452.01484390629946,6.521416584650674,9806.0,59930.7625,28309.0,19773.0,6177.0,0.0,0.0,4195.15,6.064144,2018
2023-07-28 03:00:00+00:00,17.614668,89.55725625000001,-0.8977433935342338,-0.4405187843504948,3000966.0,26.0,0.7071067811865476,0.7071067811865476,1.0,34050.0,7117.2,35720.0,206.49344275354275,21.933888647291365,5805.4225,29206.8725,20054.65,15831.0,3091.0,0.0,0.0,3684.12,4.380532,2023
2019-04-02 19:00:00+00:00,9.778736,22.79031588,-0.012910296075009,0.999916658654738,984486.0,13.75,0.2588190451025203,-0.9659258262890684,1.0,57650.0,7117.2,46375.0,228.32173251933256,11.944111188252762,10005.5825,36794.2775,28199.9,21521.0,4945.0,0.0,23304.314,4242.89,5.029727,2019
2021-06-11 09:00:00+00:00,20.35078,46.29497964,-0.938377391740864,0.3456123126707335,1803076.0,28.0,-0.7071067811865475,0.7071067811865476,1.0,51200.0,4076.8,40695.0,387.08386294261294,18.47738859388561,6374.987500000001,33693.48,17325.5,19827.0,5931.0,4824.17,1962605.8,951.7,1.4614798,2021
2021-10-03 13:00:00+00:00,16.67188,46.29497964,0.0387222808921739,-0.9992500112396836,2330764.0,88.8,-0.9659258262890684,-0.2588190451025203,0.0,40150.0,7117.2,41362.0,167.13998561253558,16.46644470426772,5794.2300000000005,9843.4075,9112.9,12158.0,2266.0,4071.73,1149981.6,7798.18,5.809342,2021
2023-09-25 10:00:00+00:00,18.99222,89.55725625000001,-0.0988201387328721,-0.9951053111006974,2776356.0,44.35,-0.8660254037844387,0.4999999999999999,1.0,48300.0,5983.0,39926.0,185.0064315628816,17.759444289737278,6169.460000000001,14615.877500000002,9039.5,15879.0,2645.0,10285.48,1833269.1,893.86,0.92819643,2023
2018-05-23 23:00:00+00:00,14.57049,15.1252596,-0.7775971469736267,0.6287628145958347,1497111.0,22.8,0.9659258262890684,-0.2588190451025207,1.0,42550.0,5068.5,46135.0,369.8716421448922,13.826416730880748,7222.897500000001,34791.5125,21265.3,15845.0,6954.0,0.0,0.0,909.61,2.3989005,2018
2021-11-01 14:00:00+00:00,12.923288,46.29497964,0.5123714121284235,-0.858763958275803,2349925.0,64.4,-0.8660254037844386,-0.5000000000000001,0.0,44700.0,6121.4,42770.0,215.43800586080587,12.801111221313478,5431.6475,31910.855,5765.4000000000015,13658.0,3230.0,2838.28,876648.7,6976.76,6.9120064,2021
2018-12-17 07:00:00+00:00,5.76877,15.1252596,0.9711000518829505,-0.2386727660059499,2085932.0,24.55,-0.2588190451025208,0.9659258262890684,1.0,75700.0,6121.4,55655.0,243.3956222832724,7.083333492279053,10723.5775,64697.115,29141.5,27354.0,5305.0,0.0,54.022564,4423.59,5.5833473,2018
2022-07-21 22:00:00+00:00,20.328478,80.46928043999999,-0.9441875088341996,-0.3294084822245298,2382772.0,150.5,0.8660254037844384,-0.5000000000000004,1.0,45600.0,7117.2,27255.0,152.4938493080993,23.99675035476683,7507.0625,39797.37,21372.7,20442.0,2760.0,0.0,0.0,1895.28,2.1733744,2022
2021-03-08 10:00:00+00:00,6.6944838,46.29497964,0.4054257283599973,0.9141279881853336,1176034.0,16.85,-0.8660254037844387,0.4999999999999999,1.0,68800.0,7117.2,44770.0,289.9873139397639,7.824166695276897,9779.2175,41531.16499999999,23616.3,21854.0,6160.0,4924.64,1191819.2,1371.13,3.3127759,2021
2021-11-22 02:00:00+00:00,6.6177063,46.29497964,0.7829801036770624,-0.622046748440868,2119853.0,84.35,0.8660254037844387,0.4999999999999999,1.0,53150.0,4046.2,43665.0,151.91822814407817,8.571999894248114,5323.28,35595.9225,15450.2,11705.0,1999.0,0.0,0.0,5751.29,6.162135,2021
2019-11-09 12:00:00+00:00,9.259922,22.79031588,0.6254105729852464,-0.7802958510707755,2986771.0,14.666666666666666,-1.0,1.2246467991473532e-16,0.0,61650.0,4002.2,42205.0,432.0396421245421,11.06258312861123,7655.527499999999,38286.9375,15361.1,16298.0,6217.0,3209.87,1010858.1,3461.67,4.6089454,2019
2019-09-08 13:00:00+00:00,17.479721,22.79031588,-0.3816892202666594,-0.924290722193093,2718854.0,9.48,-0.9659258262890684,-0.2588190451025203,0.0,38600.0,7117.2,41036.0,163.53680085877087,18.57125027974446,6277.3550000000005,36942.535,17719.5,10890.0,2179.0,5352.01,2110580.5,2492.32,3.214295,2019
2022-10-28 11:00:00+00:00,19.799982,80.46928043999999,0.4520722039323045,-0.8919813464595484,2419163.0,33.82,-0.9659258262890682,0.258819045102521,1.0,48500.0,5066.1,30305.0,200.79569442361185,15.1679166952769,4780.1625,37416.81250000001,11041.275,17129.0,2990.0,6842.45,1320541.5,5039.25,3.5724156,2022
2020-03-02 22:00:00+00:00,5.8180776,17.2389636,0.4825077417612184,0.8758917051442429,1864482.0,9.4,0.8660254037844384,-0.5000000000000004,1.0,67450.0,7117.2,49529.0,517.6880435286935,8.47475004196167,8484.2175,43194.372500000005,14612.1,16877.0,6455.0,0.0,0.0,6557.97,8.958249,2020
2020-01-13 09:00:00+00:00,5.8549814,17.2389636,0.9750645322571948,0.2219215130041655,2652974.0,12.0,-0.7071067811865475,0.7071067811865476,1.0,74900.0,7117.2,54676.0,275.5675491859992,7.149166723092401,9635.830000000002,50894.45,30799.2,26295.0,5859.0,1226.29,215550.23,3703.7,5.7182336,2020
2018-06-22 08:00:00+00:00,16.7614,15.1252596,-0.986657932891657,0.1628070129385171,2562038.0,21.8,-0.4999999999999998,0.8660254037844387,1.0,52100.0,5068.5,44565.0,318.8915045991046,15.470708290735868,8434.9825,34899.9075,26258.5,25406.0,6902.0,3218.96,1549042.1,2825.69,4.2710557,2018
2023-03-11 16:00:00+00:00,10.916647,89.55725625000001,0.3576982388331257,0.9338372288229252,1351720.0,49.88333333333333,-0.5000000000000004,-0.8660254037844385,0.0,49450.0,7117.2,36567.0,324.4446526835484,10.694666783014924,9010.495,36679.635,2617.05,14613.0,5662.0,1900.35,585597.3,4225.26,5.8418517,2023
2019-03-28 19:00:00+00:00,10.264097,22.79031588,0.0730951298980775,0.9973249731081556,1064149.0,14.2,0.2588190451025203,-0.9659258262890684,1.0,60550.0,7117.2,51045.0,246.73619965404967,10.568666776021317,10913.7375,58729.115000000005,25912.0,23063.0,5762.0,0.0,18835.473,2263.73,3.8574042,2019
2018-06-06 19:00:00+00:00,18.068743,15.1252596,-0.9051931898913974,0.4250003399695541,2062657.0,21.6,0.2588190451025203,-0.9659258262890684,1.0,45450.0,5068.5,44070.0,476.7221895197395,15.33474993705749,9052.375,51618.605,26192.4,20699.0,7826.0,114.99,266215.34,623.75,0.8220256,2018
2021-07-14 14:00:00+00:00,18.927454,46.29497964,-0.9769384927771816,-0.2135209154397959,2463983.0,33.9,-0.8660254037844386,-0.5000000000000001,0.0,38150.0,7117.2,40770.0,705.8594924908425,17.552541216214514,6422.865000000001,36981.31,14577.6,23840.0,5500.0,5161.49,1837386.1,5240.96,5.283223,2021
2022-06-06 13:00:00+00:00,20.35502,80.46928043999999,-0.9051931898913974,0.4250003399695541,2345706.0,79.25,-0.9659258262890684,-0.2588190451025203,0.0,41000.0,6113.8,29162.0,196.48394820919825,19.93138885498045,3200.8375,5236.172500000001,12311.025,19886.0,3758.0,7853.4,2178700.0,2978.21,4.2222567,2022
2019-05-29 21:00:00+00:00,13.501078,22.79031588,-0.8382797052177741,0.5452404385406513,1481998.0,11.75,0.7071067811865474,-0.7071067811865477,1.0,49650.0,5122.1,44195.0,338.40830645095645,14.740666813320589,8205.84,36089.9325,19213.2,16994.0,6321.0,0.0,133.3388,2387.06,3.1676934,2019
2018-12-23 22:00:00+00:00,10.130704,15.1252596,0.9905324521322229,-0.1372787721132651,2085932.0,24.19333333333333,0.8660254037844384,-0.5000000000000004,0.0,54700.0,5268.1,53125.0,407.8773824786324,10.047749996185305,8963.1,37931.05,25213.9,12733.0,5137.0,0.0,0.0,7015.06,4.599013,2018
2018-06-03 23:00:00+00:00,16.251896,15.1252596,-0.8820480249558534,0.4711595076738641,1791003.0,22.05,0.9659258262890684,-0.2588190451025207,1.0,39200.0,4676.8,43778.0,410.0838156695157,14.762999931971198,7480.005,42634.0775,17496.4,12950.0,7168.0,0.0,0.0,1999.42,1.8481721,2018
2023-06-12 23:00:00+00:00,17.205162,89.55725625000001,-0.9441875088341992,0.3294084822245304,2708825.0,29.3,0.9659258262890684,-0.2588190451025207,1.0,37850.0,5118.0,31690.0,258.7901182539683,19.34011136160956,5476.985,26661.5,19482.375,14953.0,4934.0,0.0,0.0,3199.78,2.3137534,2023
2018-06-03 06:00:00+00:00,15.964306,15.1252596,-0.8820480249558534,0.4711595076738641,1791003.0,22.05,6.123233995736766e-17,1.0,0.0,34050.0,4676.8,43778.0,412.40282262922256,14.023249824841816,7447.4675,37653.125,17500.9,12091.0,7192.0,852.49,436402.47,1526.51,2.4419875,2018
2019-10-29 17:00:00+00:00,13.136561,22.79031588,0.467359217158002,-0.8840675099433637,2851394.0,10.32,-0.2588190451025206,-0.9659258262890684,1.0,60450.0,6111.4,41035.0,259.7466869352869,13.768041610717766,10217.4325,59333.5125,28944.8,25474.0,5538.0,0.06,59727.645,3622.03,2.451293,2019
2018-11-16 07:00:00+00:00,9.00622,15.1252596,0.7146733860429608,-0.6994583270516471,2472229.0,25.7,-0.2588190451025208,0.9659258262890684,1.0,63050.0,5110.1,44860.0,150.04932464387468,10.790833155314106,11277.0,55781.045,28584.7,24145.0,2962.0,0.1,7009.761,1222.81,4.0017023,2018
2019-01-07 20:00:00+00:00,5.997199,22.79031588,0.9927487224577402,0.1202080448993527,2055622.0,20.65,0.5000000000000001,-0.8660254037844386,1.0,73650.0,7117.2,56490.0,190.7600421245421,5.482916712760922,8784.369999999999,24328.009999999995,28536.1,21167.0,3768.0,0.0,0.0,5718.26,4.1917243,2019
2020-12-24 19:00:00+00:00,6.1383386,17.2389636,0.9946708199115212,-0.1031016974474354,2473628.0,17.63,0.2588190451025203,-0.9659258262890684,1.0,58100.0,7117.2,52110.0,407.3001143060642,8.224499861399332,6585.352499999999,31263.425,21208.0,15074.0,5651.0,0.0,0.0,8275.07,6.879455,2020
2023-10-07 08:00:00+00:00,15.738338,89.55725625000001,0.1073813466641621,-0.994217906893952,2705939.0,35.53333333333333,-0.4999999999999998,0.8660254037844387,0.0,41550.0,5948.0,39215.0,153.85373576793577,17.2048332956102,3892.122500000001,14570.262499999995,10221.675,13790.0,2135.0,4256.67,634092.06,2783.66,1.7736367,2023
2022-07-15 09:00:00+00:00,22.749975,80.46928043999999,-0.973118337233262,-0.2303056702306119,2462110.0,154.25,-0.7071067811865475,0.7071067811865476,1.0,48450.0,7117.2,25950.0,147.32695785510785,22.89374987284344,6745.045,25509.8675,20368.25,23255.0,2878.0,8311.22,2135102.5,1724.45,2.1058128,2022
2020-03-05 19:00:00+00:00,7.954877,17.2389636,0.436651231956064,0.8996308696522433,1864482.0,9.4,0.2588190451025203,-0.9659258262890684,1.0,69450.0,7117.2,47704.0,693.3990552096052,8.501666585604351,8948.665,43435.1625,18588.3,23989.0,7097.0,0.0,290.85538,9796.41,6.7026987,2020
2019-01-06 07:00:00+00:00,3.687811,22.79031588,0.9946708199115212,0.1031016974474348,2186488.0,21.116666666666667,-0.2588190451025208,0.9659258262890684,0.0,63950.0,7117.2,55580.0,174.84359765974767,5.521888865364922,8444.43,37508.145,16132.9,11856.0,2546.0,0.0,16.344616,2315.62,4.2301292,2019
2022-12-20 03:00:00+00:00,10.104209,80.46928043999999,0.9821256058680004,-0.1882267098432448,2142607.0,104.7,0.7071067811865476,0.7071067811865476,1.0,50950.0,7117.2,41190.0,208.25266973879584,6.416500012079874,4780.502499999999,20354.2975,10804.6,14363.0,2882.0,0.0,0.0,12943.65,8.215655,2022
2022-08-14 15:00:00+00:00,24.821611,80.46928043999999,-0.7324940716135788,-0.6807734094770164,2280964.0,216.0,-0.7071067811865477,-0.7071067811865475,0.0,37850.0,7117.2,26011.0,115.44113513986017,23.288582960764543,5298.445,22833.512500000004,7943.75,10044.0,2062.0,5080.23,1783153.8,4391.39,2.115338,2022
2020-05-20 01:00:00+00:00,13.47237,17.2389636,-0.7554933140726803,0.6551563572090853,2355412.0,3.95,0.9659258262890684,0.2588190451025207,1.0,35900.0,4106.7,39030.0,282.56594713064715,16.493750015894584,7219.865,40023.905,16249.2,13508.0,5768.0,0.0,0.0,3014.57,3.3687255,2020
2023-03-28 04:00:00+00:00,4.2361135,89.55725625000001,0.0730951298980775,0.9973249731081556,1508365.0,41.72,0.5000000000000001,0.8660254037844386,1.0,53950.0,7117.2,35888.0,332.5341836313445,10.920944664213389,9083.565,39899.285,20932.625,18136.0,5019.0,0.0,0.0,4318.41,2.6874266,2023
2018-02-24 06:00:00+00:00,-0.036056586,15.1252596,0.5842981736283684,0.811539059007361,1101070.0,26.2,6.123233995736766e-17,1.0,0.0,70950.0,6053.3,52400.0,527.5108148419482,4.650333384672801,8029.985000000001,38708.07,25144.2,18385.0,6410.0,0.0,0.0,4153.78,5.0744762,2018
2022-12-20 17:00:00+00:00,10.768301,80.46928043999999,0.9821256058680004,-0.1882267098432448,2142607.0,104.7,-0.2588190451025206,-0.9659258262890684,1.0,64850.0,7117.2,41300.0,208.25266973879584,7.245000044504801,10333.4775,40683.45999999999,20506.325,25194.0,5281.0,0.0,6588.0396,8236.85,5.6926613,2022
2019-01-07 13:00:00+00:00,7.295459,22.79031588,0.9927487224577402,0.1202080448993527,2055622.0,20.65,-0.9659258262890684,-0.2588190451025203,1.0,80550.0,7117.2,56490.0,190.7600421245421,5.453416784604391,10558.5625,47964.38,23351.1,23389.0,4061.0,2292.66,756179.2,2657.73,3.1425292,2019
2020-10-16 23:00:00+00:00,8.875596,17.2389636,0.276096973097468,-0.961129783872301,3019708.0,14.77,0.9659258262890684,-0.2588190451025207,0.0,50550.0,6125.5,44540.0,237.85621127391127,11.56203343073527,7939.465,40130.9025,21465.3,13829.0,4356.0,0.0,0.0,1844.3,1.9557421,2020
2019-05-23 09:00:00+00:00,16.759996,22.79031588,-0.7775971469736267,0.6287628145958347,1324928.0,12.45,-0.7071067811865475,0.7071067811865476,1.0,52500.0,5122.1,45825.0,393.704944973545,15.745083808898926,8236.3475,32784.1175,26452.6,21095.0,5883.0,5002.97,2045145.9,507.64,1.0380849,2019
2020-11-08 19:00:00+00:00,12.844315,17.2389636,0.6254105729852464,-0.7802958510707755,3088786.0,13.826666666666668,0.2588190451025203,-0.9659258262890684,0.0,50450.0,6125.5,49248.0,209.5911729141229,11.775124867757151,8219.3125,46842.945,20453.7,16354.0,4394.0,0.0,0.0,4198.52,4.9506454,2020
2019-01-04 05:00:00+00:00,1.4845283,22.79031588,0.9976303053065856,0.0688024268023198,2186488.0,22.05,0.2588190451025207,0.9659258262890684,1.0,69250.0,6450.5,56375.0,216.61157146927144,5.93272238307529,9566.885,34160.5425,22651.4,14920.0,3267.0,0.0,0.0,2156.72,3.7530782,2019
2018-01-13 11:00:00+00:00,6.2091594,15.1252596,0.9750645322571948,0.2219215130041655,1719409.0,19.4,-0.9659258262890682,0.258819045102521,0.0,68650.0,7117.2,55035.0,701.8764592592593,6.212499896685282,10428.6125,52950.98,28020.9,16330.0,6092.0,2472.79,738722.8,2512.09,4.1701,2018
2020-05-01 04:00:00+00:00,10.508217,17.2389636,-0.5049610547215204,0.8631421280499114,1740867.0,5.25,0.5000000000000001,0.8660254037844386,0.0,34200.0,5110.1,37350.0,279.5630402930403,13.739083131154382,5753.827499999999,16805.967500000002,5731.0,7920.0,4971.0,0.0,0.72205126,6107.93,7.592158,2020
2019-05-21 08:00:00+00:00,12.951939,22.79031588,-0.7554933140726803,0.6551563572090853,1324928.0,12.8,-0.4999999999999998,0.8660254037844387,1.0,54700.0,5122.1,46735.0,401.39208544973536,13.92000007629397,8717.4725,43522.287500000006,26385.9,22055.0,6352.0,3145.75,1239642.1,1511.87,3.606505,2019
2022-07-21 02:00:00+00:00,18.63638,80.46928043999999,-0.9441875088341996,-0.3294084822245298,2382772.0,150.5,0.8660254037844387,0.4999999999999999,1.0,38500.0,7117.2,28170.0,151.18897646520145,22.677249749501566,6065.705,35253.42,18969.975,17746.0,2539.0,0.0,0.0,1933.95,2.59716,2022
2019-06-20 08:00:00+00:00,17.103827,22.79031588,-0.980469160361632,0.1966728897935764,2172242.0,10.23,-0.4999999999999998,0.8660254037844387,1.0,51800.0,7117.2,43768.0,369.27935706145706,18.785499890645333,8777.9125,31648.34,25434.8,24646.0,6370.0,2906.13,1297703.8,2009.82,2.604044,2019
2021-05-24 12:00:00+00:00,13.5702,46.29497964,-0.7883050558305252,0.615284599963328,1509465.0,24.8,-1.0,1.2246467991473532e-16,0.0,42600.0,5068.5,39475.0,473.9394152625152,12.747722307840988,5243.040000000001,10152.942499999996,12314.4,20825.0,5954.0,5369.75,2090302.9,8850.94,6.9553366,2021
2021-02-28 00:00:00+00:00,5.7979293,46.29497964,0.5270777086423722,0.8498170915275278,1515570.0,16.166666666666668,1.0,0.0,0.0,55050.0,7117.2,41125.0,323.39998667073667,8.514999866485583,8376.9325,38264.8075,14370.0,11506.0,5462.0,0.0,0.0,6260.97,5.958732,2021
2023-10-21 17:00:00+00:00,13.812987,89.55725625000001,0.3415707691678551,-0.9398560579418956,2620085.0,47.11666666666667,-0.2588190451025206,-0.9659258262890684,0.0,45000.0,4765.8,39411.0,210.02117656787647,16.14899990293714,4795.695000000001,29254.5925,20629.775,17476.0,3803.0,28.38,99402.79,15558.39,6.3955755,2023
2022-02-08 19:00:00+00:00,7.8885636,80.46928043999999,0.7829801036770629,0.6220467484408675,1729375.0,75.7,0.2588190451025203,-0.9659258262890684,1.0,69450.0,7117.2,46051.0,311.2079174399675,7.162055439419217,8564.5375,37966.485,30214.0,23109.0,5038.0,0.0,0.0,2014.13,2.5491548,2022
2018-10-20 18:00:00+00:00,14.4497595,15.1252596,0.3253420847119803,-0.9455963874271424,2504641.0,25.85,-1.8369701987210292e-16,-1.0,0.0,46600.0,7117.2,43775.0,128.8757015873016,15.49175016085306,9497.6875,49161.825,20341.7,18123.0,2217.0,0.0,2871.5322,1957.39,3.7764783,2018
2023-12-10 15:00:00+00:00,11.907048,89.55725625000001,0.935367949313148,-0.3536761221763721,2789836.0,36.9,-0.7071067811865477,-0.7071067811865475,0.0,51000.0,6125.5,44390.0,708.7674495430497,8.71866692437066,6042.745000000001,23533.0625,9830.425,15642.0,5537.0,867.0,313912.16,16085.97,8.510122,2023
2019-12-19 18:00:00+00:00,11.346584,22.79031588,0.9787400799669153,-0.2051044998686192,2652638.0,13.18,-1.8369701987210292e-16,-1.0,1.0,64250.0,6071.9,48510.0,592.1941550264551,9.023958285649618,8909.5075,44202.82999999999,21679.7,23592.0,6960.0,0.0,0.0,10554.69,9.283269,2019
2019-03-28 13:00:00+00:00,12.6421795,22.79031588,0.0730951298980775,0.9973249731081556,1064149.0,14.2,-0.9659258262890684,-0.2588190451025203,1.0,57950.0,7117.2,51045.0,246.73619965404967,9.889388932122127,9721.537500000002,52694.3325,20218.2,20011.0,4143.0,5071.03,2375781.0,1759.14,3.4606903,2019
2021-05-18 03:00:00+00:00,9.685671,46.29497964,-0.7206671495538609,0.6932812268869777,1413451.0,25.65,0.7071067811865476,0.7071067811865476,1.0,42400.0,5068.5,40070.0,547.4125999796499,12.240277767181402,6804.969999999999,39880.2975,18276.0,13562.0,6583.0,0.0,0.0,4410.27,4.5605903,2021
2019-12-10 10:00:00+00:00,6.92697,22.79031588,0.935367949313148,-0.3536761221763721,2657645.0,13.65,-0.8660254037844387,0.4999999999999999,1.0,73400.0,6071.9,46836.0,374.9090846153846,8.01712510983149,9091.4425,49302.967500000006,26462.2,23535.0,6580.0,2282.86,605936.4,6501.58,3.7913532,2019
2018-09-12 09:00:00+00:00,20.737722,15.1252596,-0.3171912885891059,-0.9483615800121716,2678886.0,27.6,-0.7071067811865475,0.7071067811865476,1.0,53900.0,7117.2,48510.0,158.20817232397235,17.445566685994464,9883.6725,45657.355,28817.1,22903.0,2790.0,3183.96,1321919.8,535.49,0.5590369,2018
2023-03-28 13:00:00+00:00,11.992309,89.55725625000001,0.0730951298980775,0.9973249731081556,1508365.0,41.72,-0.9659258262890684,-0.2588190451025203,1.0,52050.0,7117.2,35888.0,332.5341836313445,12.119499789343926,6479.3525,32126.882500000007,6562.674999999999,16451.0,4253.0,10788.77,2192607.0,5068.17,4.798352,2023
2019-09-28 19:00:00+00:00,16.446901,22.79031588,-0.0473213883224323,-0.9988797155850336,2650572.0,9.01,0.2588190451025203,-0.9659258262890684,0.0,41450.0,7117.2,38665.0,149.07255805860805,17.637666384379074,6611.46,19783.7075,25015.8,17424.0,2203.0,0.0,43.082394,3355.12,5.5129676,2019
2022-07-15 11:00:00+00:00,24.59647,80.46928043999999,-0.973118337233262,-0.2303056702306119,2462110.0,154.25,-0.9659258262890682,0.258819045102521,1.0,50200.0,7117.2,25950.0,147.32695785510785,23.48566659291586,6386.0025000000005,22766.410000000003,21853.275,22555.0,2979.0,10010.54,2866146.8,1877.97,2.0014412,2022
2021-06-11 16:00:00+00:00,22.426712,46.29497964,-0.938377391740864,0.3456123126707335,1803076.0,28.0,-0.5000000000000004,-0.8660254037844385,1.0,48000.0,4076.8,40695.0,387.08386294261294,21.129444652133525,6656.842499999999,42972.990000000005,15089.5,20334.0,6289.0,5084.92,1684380.6,1905.78,2.528796,2021
2020-09-29 03:00:00+00:00,12.058762,17.2389636,-0.0129102960750088,-0.999916658654738,2801270.0,12.55,0.7071067811865476,0.7071067811865476,1.0,40150.0,7065.5,40000.0,201.43937043142043,13.314599863688148,7796.9924999999985,44310.6975,18828.0,14243.0,2975.0,0.0,0.0,2282.93,2.7255807,2020
2018-04-27 01:00:00+00:00,9.039994,15.1252596,-0.4288919379124835,0.9033558023246844,811033.0,20.15,0.9659258262890684,0.2588190451025207,1.0,41300.0,5066.1,47205.0,346.83731434676434,11.319250067075073,7759.585,37463.27250000001,18725.2,14629.0,6604.0,0.0,0.0,1140.88,1.9749348,2018
2023-08-15 23:00:00+00:00,18.985195,89.55725625000001,-0.7206671495538611,-0.6932812268869775,2870892.0,36.3,0.9659258262890684,-0.2588190451025207,1.0,34850.0,7043.3,34414.0,186.7472103267104,22.885721948411724,6728.0275,35488.310000000005,17431.85,11145.0,2955.0,0.0,0.0,1359.27,2.0694726,2023
2020-06-17 11:00:00+00:00,17.433887,17.2389636,-0.973118337233262,0.2303056702306122,2837466.0,5.1,-0.9659258262890682,0.258819045102521,1.0,51850.0,5102.5,32600.0,318.1608174806675,16.04493338267008,7886.782499999999,41174.175,19261.4,17881.0,6414.0,5160.45,2202768.5,1227.24,2.589196,2020
2021-06-01 21:00:00+00:00,16.617353,46.29497964,-0.865307254363206,0.5012418134457758,1628356.0,26.13,0.7071067811865474,-0.7071067811865477,1.0,47700.0,5068.5,41185.0,307.2450815425316,17.611666467454693,7070.965,40146.6425,23093.2,14992.0,5896.0,0.0,399.38187,3789.01,3.259808,2021
2023-09-19 23:00:00+00:00,16.816015,89.55725625000001,-0.2008905551306352,-0.97961369164549,2809675.0,37.55,0.9659258262890684,-0.2588190451025207,1.0,37800.0,7028.3,41110.0,197.06849400414404,20.92022217644585,4305.6875,8959.8975,19480.575,15131.0,2973.0,0.0,0.0,6104.25,6.020341,2023
2023-06-04 02:00:00+00:00,13.93751,89.55725625000001,-0.8900275764346767,0.4559066935084588,2404082.0,26.9,0.8660254037844387,0.4999999999999999,0.0,29350.0,5118.0,32600.0,265.39857676767684,17.576944933997257,4280.4225,29029.2925,16541.475,9626.0,5063.0,0.0,0.0,5238.95,4.040925,2023
2022-03-23 16:00:00+00:00,14.196267,80.46928043999999,0.1585593851031345,0.9873494423939864,1369050.0,109.0,-0.5000000000000004,-0.8660254037844385,1.0,48850.0,6053.3,33435.0,208.0700429385429,10.834166712231102,9551.905,57400.1475,14713.7,20806.0,4080.0,3092.98,1364715.4,2087.11,3.6746242,2022
2023-10-21 22:00:00+00:00,12.116167,89.55725625000001,0.3415707691678551,-0.9398560579418956,2620085.0,47.11666666666667,0.8660254037844384,-0.5000000000000004,0.0,40600.0,4765.8,40185.0,177.24896810966814,15.588944488101546,3232.129999999999,12848.414999999994,18787.7,12353.0,3580.0,0.0,0.0,12015.98,5.9680433,2023
2018-04-21 16:00:00+00:00,20.778656,15.1252596,-0.3334687789181868,0.9427611433904208,642271.0,19.686666666666667,-0.5000000000000004,-0.8660254037844385,0.0,40650.0,5066.1,44830.0,363.6343643309365,14.6738330523173,8318.65,50246.0825,17723.0,14954.0,6839.0,2362.79,1702929.5,839.77,1.6962801,2018
2021-12-29 17:00:00+00:00,12.429085,46.29497964,0.9994074007397048,-0.0344216116227458,2029801.0,95.9,-0.2588190451025206,-0.9659258262890684,1.0,58100.0,6105.9,45135.0,624.2802876678875,8.347111066182451,7131.602499999999,46348.815,22084.2,19174.0,6347.0,0.0,12304.629,12480.72,7.917934,2021
2020-11-30 08:00:00+00:00,4.0055914,17.2389636,0.8695893893466109,-0.4937755501599773,2674858.0,15.2,-0.4999999999999998,0.8660254037844387,1.0,74150.0,7117.2,50945.0,169.01593256003258,6.16238882806566,10743.545,57345.76,27926.6,24991.0,4782.0,287.47,84882.38,1197.68,0.9957995,2020
2020-10-16 01:00:00+00:00,8.466622,17.2389636,0.276096973097468,-0.961129783872301,3019708.0,14.77,0.9659258262890684,0.2588190451025207,1.0,48400.0,6125.5,44650.0,254.05487973137977,11.52216669718425,7187.7375,35569.517499999994,15927.2,13418.0,3354.0,0.0,0.0,3466.57,4.1929593,2020
2020-01-19 00:00:00+00:00,4.069675,17.2389636,0.9469877530760752,0.3212696616923644,2652974.0,10.75,1.0,0.0,0.0,62550.0,7117.2,48930.0,234.3086422059422,7.624208192030591,7525.575000000001,32837.8375,13744.9,12412.0,3534.0,0.0,0.0,3356.15,4.7509747,2020
2020-08-24 15:00:00+00:00,22.21683,17.2389636,-0.5912614448635782,-0.8064799463209447,2955316.0,8.02,-0.7071067811865477,-0.7071067811865475,1.0,45300.0,7117.2,36040.0,148.5478214082214,20.69029992421468,8311.91,42706.91249999999,21795.9,19136.0,3196.0,4287.49,1792658.4,2732.84,3.2410598,2020
2019-09-17 08:00:00+00:00,17.885744,22.79031588,-0.2344913895704105,-0.9721181966290612,2689334.0,9.7,-0.4999999999999998,0.8660254037844387,1.0,52450.0,7117.2,40872.0,162.0039731990232,19.484000047047928,9193.6675,31166.295,28167.3,23409.0,2548.0,2713.94,787655.56,1311.71,2.4585767,2019
2019-12-01 12:00:00+00:00,7.6034102,22.79031588,0.8695893893466109,-0.4937755501599773,2815568.0,15.503333333333334,-1.0,1.2246467991473532e-16,0.0,63450.0,5008.0,43260.0,502.6855621693122,9.446291764577232,8922.592499999999,46149.01,20378.7,15918.0,6263.0,2070.87,723929.75,3184.29,3.6074295,2019
2019-08-21 22:00:00+00:00,17.152061,22.79031588,-0.64534811322955,-0.7638886127905429,2777986.0,9.93,0.8660254037844384,-0.5000000000000004,1.0,41900.0,7117.2,39733.0,297.4389771062271,20.274625460306787,8136.967500000001,39562.6125,19466.7,14656.0,4101.0,0.0,0.0,2336.46,2.2011817,2019
2019-05-29 19:00:00+00:00,15.015271,22.79031588,-0.8382797052177741,0.5452404385406513,1481998.0,11.75,0.2588190451025203,-0.9659258262890684,1.0,45350.0,5122.1,44195.0,338.40830645095645,14.855888790554468,8631.422499999999,47467.2475,22298.4,20665.0,6547.0,114.36,230199.62,2412.04,3.5829031,2019
2020-12-24 05:00:00+00:00,8.079375,17.2389636,0.9946708199115212,-0.1031016974474354,2473628.0,17.63,0.2588190451025207,0.9659258262890684,1.0,49050.0,7117.2,52130.0,407.3001143060642,8.427944448259142,5544.36,17779.792499999996,17523.6,13095.0,4762.0,0.0,0.0,10251.34,5.479947,2020
2020-05-20 03:00:00+00:00,12.593673,17.2389636,-0.7554933140726803,0.6551563572090853,2355412.0,3.95,0.7071067811865476,0.7071067811865476,1.0,35750.0,4106.7,39030.0,282.56594713064715,16.232333660125732,7492.642499999999,44414.915,17093.2,13493.0,5715.0,0.0,0.0,2672.28,3.0856633,2020
2023-12-16 06:00:00+00:00,5.5063977,89.55725625000001,0.9668478136052776,-0.2553532951161872,2806027.0,32.550000000000004,6.123233995736766e-17,1.0,0.0,54100.0,7117.2,47160.0,992.0816639730642,9.333110915289984,7168.249999999999,23159.12,17875.1,17912.0,5620.0,0.0,0.0,2869.08,0.9961704,2023
2020-06-10 18:00:00+00:00,15.427707,17.2389636,-0.938377391740864,0.3456123126707335,2775806.0,4.57,-1.8369701987210292e-16,-1.0,1.0,45200.0,5102.5,34470.0,281.76802024827026,16.97958342234292,8472.38,45561.6175,20850.6,20295.0,6483.0,664.49,500689.53,1443.62,2.3108637,2020
2019-09-04 11:00:00+00:00,21.472378,22.79031588,-0.4443781781046134,-0.8958392907349089,2718854.0,7.5,-0.9659258262890682,0.258819045102521,1.0,53550.0,7117.2,40890.0,172.32718691493693,20.08454179763791,7669.38,27459.757500000007,27259.9,20807.0,2505.0,5849.07,2266031.2,3147.32,3.4082637,2019
2019-08-21 11:00:00+00:00,20.989077,22.79031588,-0.64534811322955,-0.7638886127905429,2777986.0,9.93,-0.9659258262890682,0.258819045102521,1.0,49350.0,7117.2,39733.0,290.43141223036224,19.809250036875408,8134.6975,36777.7,24631.3,15430.0,4179.0,6011.49,2532979.0,1180.57,1.3416045,2019
2021-10-15 09:00:00+00:00,12.524069,46.29497964,0.2428497220959349,-0.9700639218515072,2385992.0,87.0,-0.7071067811865475,0.7071067811865476,1.0,58200.0,6796.4,44045.0,154.1777475783476,12.587388753890986,8821.6775,32859.9725,19890.8,19934.0,2453.0,1876.76,903757.56,1215.02,1.363551,2021
2021-03-30 22:00:00+00:00,11.745513,46.29497964,0.0387222808921744,0.9992500112396836,961615.0,18.75,0.8660254037844384,-0.5000000000000004,1.0,48050.0,6111.4,42624.0,256.5943834961335,11.73166677686904,8607.907500000001,44147.45,15619.6,15305.0,4382.0,0.0,0.0,2618.71,3.6058526,2021
2022-03-07 03:00:00+00:00,1.8882678,80.46928043999999,0.4211008707960896,0.907013812802636,1420843.0,227.0,0.7071067811865476,0.7071067811865476,1.0,56400.0,7117.2,42760.0,236.381658038258,7.652666582001579,7755.25,45528.66499999999,18516.8,12783.0,3347.0,0.0,0.0,4330.92,4.85143,2022
2018-08-13 12:00:00+00:00,21.500275,15.1252596,-0.7441039398713605,-0.6680638642135336,2869444.0,23.6,-1.0,1.2246467991473532e-16,1.0,46950.0,7117.2,39430.0,174.2924036223036,18.59650003910064,8268.064999999999,45183.5,27454.0,12877.0,3479.0,3258.68,1951035.8,3286.58,4.1180387,2018
2023-12-29 15:00:00+00:00,10.739718,89.55725625000001,0.9994074007397048,-0.0344216116227458,2795844.0,31.85,-0.7071067811865477,-0.7071067811865475,1.0,54150.0,7117.2,43140.0,480.4434224627225,8.5663332939148,5841.4225,14958.612500000005,25290.05,15670.0,5505.0,1012.67,361191.97,12257.48,6.6197796,2023
2023-10-07 21:00:00+00:00,16.727337,89.55725625000001,0.1073813466641621,-0.994217906893952,2705939.0,35.53333333333333,0.7071067811865474,-0.7071067811865477,0.0,40650.0,6053.3,39215.0,153.85373576793577,17.582611295911992,4711.8025,16760.407499999998,20077.075,13259.0,2191.0,0.0,0.0,3571.19,1.0530711,2023
2023-12-10 00:00:00+00:00,10.160811,89.55725625000001,0.935367949313148,-0.3536761221763721,2789836.0,36.9,1.0,0.0,0.0,51550.0,6125.5,44400.0,708.7674495430497,8.470111105177134,3833.2075,6191.3825,11383.225,12511.0,5736.0,0.0,0.0,14893.39,9.319047,2023
2023-05-14 06:00:00+00:00,10.866501,89.55725625000001,-0.6712599575675313,0.7412220108485958,1952971.0,32.233333333333334,6.123233995736766e-17,1.0,0.0,35150.0,5110.1,35140.0,385.9499112313612,14.579999817742229,4844.555,23829.1325,5557.1,11235.0,5539.0,1502.32,336865.2,2856.54,3.8835282,2023
2022-06-07 02:00:00+00:00,15.119659,80.46928043999999,-0.9123747579707272,0.4093559588156217,2345706.0,79.0,0.8660254037844387,0.4999999999999999,1.0,34050.0,6113.8,29125.0,209.5169253154253,19.318666987948973,6525.492499999999,27389.48,18007.85,14781.0,3716.0,0.0,0.0,2450.17,4.0694118,2022
2021-02-28 03:00:00+00:00,4.849006,46.29497964,0.5270777086423722,0.8498170915275278,1515570.0,16.166666666666668,0.7071067811865476,0.7071067811865476,0.0,50150.0,7117.2,41125.0,323.39998667073667,8.196916659673056,7865.9675,36982.9075,13622.6,10994.0,4722.0,0.0,0.0,5629.89,5.8216686,2021
2023-06-29 08:00:00+00:00,20.158478,89.55725625000001,-0.99907411510223,0.0430222330045305,2932525.0,34.45,-0.4999999999999998,0.8660254037844387,1.0,48450.0,7117.2,35428.0,218.17985149110143,20.971166822645376,7494.9825,31289.9475,13868.675,20961.0,4408.0,6870.71,1257693.4,1085.31,2.1508074,2023
2019-09-17 09:00:00+00:00,19.106781,22.79031588,-0.2344913895704105,-0.9721181966290612,2689334.0,9.7,-0.7071067811865475,0.7071067811865476,1.0,53100.0,7117.2,40872.0,162.0039731990232,19.59404158592225,8854.1875,27900.435,27430.0,22825.0,2314.0,4134.0,1279250.6,1284.74,2.4947617,2019
2019-03-07 07:00:00+00:00,7.8196926,22.79031588,0.4211008707960896,0.907013812802636,1161979.0,16.92,-0.2588190451025208,0.9659258262890684,1.0,66000.0,7117.2,52551.0,280.1937352869353,8.766708334287008,8618.144999999999,30373.807499999995,24492.2,24217.0,5284.0,352.29,45451.38,9739.41,9.014785,2019
2021-03-09 20:00:00+00:00,6.0314765,46.29497964,0.3896304495307879,0.9209712877166346,1176034.0,17.38,0.5000000000000001,-0.8660254037844386,1.0,63700.0,7117.2,44375.0,295.8309887464388,8.147250096003214,10178.3575,55257.165,29044.0,20862.0,6299.0,0.0,0.0,2436.85,2.498857,2021
2020-04-22 21:00:00+00:00,12.927885,17.2389636,-0.3657225234972692,0.9307239310379792,1670557.0,6.05,0.7071067811865474,-0.7071067811865477,1.0,46450.0,5926.1,41575.0,256.25944804639806,14.474333286285397,6303.302500000001,26449.2475,21323.5,14642.0,5810.0,0.0,0.0,2676.41,2.9525955,2020
2020-05-21 04:00:00+00:00,13.192437,17.2389636,-0.766658819300159,0.6420547132365637,2355412.0,3.1,0.5000000000000001,0.8660254037844386,0.0,32200.0,4106.7,36610.0,256.07985417175416,16.996416409810365,7199.405000000001,33462.8,18791.6,15348.0,5311.0,0.12,1450.4479,1952.28,0.93650734,2020
2019-07-10 23:00:00+00:00,18.23514,22.79031588,-0.9893142039703664,-0.1457991969198744,2673159.0,12.5,0.9659258262890684,-0.2588190451025207,1.0,41950.0,7117.2,43808.0,209.47688111518107,22.6463333765666,7601.05,42125.8275,23045.1,17917.0,3622.0,0.0,0.0,1138.24,0.87720317,2019
2021-01-24 01:00:00+00:00,3.9360232,46.29497964,0.9158642882672872,0.401487989205973,1924342.0,20.816666666666663,0.9659258262890684,0.2588190451025207,0.0,62350.0,7117.2,51355.0,657.9433835368334,5.709333300590514,6361.282499999999,37970.7975,5534.0,12021.0,5945.0,0.0,0.0,3014.69,4.7632833,2021
2019-03-03 00:00:00+00:00,8.667649,22.79031588,0.4825077417612184,0.8758917051442429,1227480.0,17.493333333333336,1.0,0.0,0.0,52500.0,7117.2,48326.0,246.4107850834352,8.842541853586832,6313.5725,13491.015,17638.9,12554.0,3861.0,0.0,0.0,8084.71,6.9615006,2019
2023-12-10 19:00:00+00:00,11.274502,89.55725625000001,0.935367949313148,-0.3536761221763721,2789836.0,36.9,0.2588190451025203,-0.9659258262890684,0.0,55450.0,6125.5,43710.0,708.7674495430497,8.82099978129069,5653.067500000001,25440.58,16714.05,17222.0,5831.0,0.0,0.0,15649.11,9.373051,2023
2020-09-20 05:00:00+00:00,15.841299,17.2389636,-0.1670516255021195,-0.9859481499638304,2855432.0,11.286666666666669,0.2588190451025207,0.9659258262890684,0.0,32800.0,7117.2,35260.0,144.98546978021977,18.02103322347003,6397.6425,29354.1775,16129.4,12481.0,2234.0,0.0,0.0,1509.16,1.438119,2020
2021-04-11 08:00:00+00:00,8.185002,46.29497964,-0.167051625502119,0.9859481499638304,998746.0,20.366666666666667,-0.4999999999999998,0.8660254037844387,0.0,50850.0,6111.4,38735.0,210.8307806267806,10.227777904934358,5971.3775,22078.654999999995,14162.1,13906.0,3283.0,1238.25,655501.7,4520.17,2.8272476,2021
2021-10-23 04:00:00+00:00,8.244712,46.29497964,0.3737197147904684,-0.9275416835791968,2356588.0,87.7,0.5000000000000001,0.8660254037844386,0.0,45600.0,6121.4,39910.0,154.2810107244607,12.783666875627311,8235.4725,23499.615000000005,16598.2,15047.0,2120.0,0.0,0.0,1465.63,0.6855402,2021
2018-06-24 03:00:00+00:00,14.081151,15.1252596,-0.99167731989929,0.1287481774525808,2562038.0,21.666666666666668,0.7071067811865476,0.7071067811865476,0.0,31700.0,5068.5,39535.0,294.2393981277981,15.41941658655801,6824.264999999999,31537.890000000007,18782.6,12258.0,5769.0,0.0,0.0,1722.61,3.738647,2018
2018-01-02 00:00:00+00:00,7.625761,15.1252596,0.9994074007397048,0.0344216116227457,1577489.0,19.15,1.0,0.0,1.0,55200.0,7117.2,53430.0,597.1518004273504,6.39241667588552,6744.362499999999,34537.26,8098.5,9653.0,5756.0,0.0,0.0,8181.69,9.404735,2018
2020-08-26 08:00:00+00:00,19.634378,17.2389636,-0.5631507242749187,-0.8263541987239094,2955316.0,8.8,-0.4999999999999998,0.8660254037844387,1.0,48450.0,7117.2,34905.0,136.4520593610094,19.375599733988444,7154.955,10910.8425,25750.6,19703.0,2357.0,3362.74,931215.25,8005.01,6.110779,2020
2020-04-12 15:00:00+00:00,17.52066,17.2389636,-0.2008905551306352,0.97961369164549,1513412.0,7.115,-0.7071067811865477,-0.7071067811865475,0.0,33450.0,7017.4,39660.0,185.84303848188847,14.76608316103618,6743.95,24737.975,9793.5,7487.0,3932.0,3907.47,1856892.5,2194.21,2.1402617,2020
2021-03-23 00:00:00+00:00,5.09645,46.29497964,0.1585593851031345,0.9873494423939864,994654.0,18.5,1.0,0.0,1.0,60100.0,6111.4,45240.0,277.9656127391128,7.564944373236763,8206.1125,39896.11750000001,18906.0,14709.0,4029.0,0.0,0.0,1863.55,1.3171954,2021
2020-06-12 08:00:00+00:00,15.429694,17.2389636,-0.9497178427914318,0.3131070409358265,2775806.0,4.95,-0.4999999999999998,0.8660254037844387,1.0,49150.0,4847.2,33555.0,306.71613398453405,16.097166538238522,5946.1275,29000.46,10736.3,18332.0,6119.0,3038.2,1156390.1,4563.73,3.366641,2020
2023-02-26 21:00:00+00:00,2.5615933,89.55725625000001,0.5560174366570445,0.831170626365808,1443310.0,49.5,0.7071067811865474,-0.7071067811865477,0.0,59050.0,6121.4,38865.0,186.63625028658944,8.197333269649064,6304.3625,40344.17,12089.625,13758.0,2686.0,0.0,0.0,12653.77,8.876294,2023
2021-12-22 10:00:00+00:00,3.9704099,46.29497964,0.9880226656636976,-0.154308820664281,1928190.0,166.75,-0.8660254037844387,0.4999999999999999,1.0,79950.0,6105.9,44595.0,249.3570315628816,4.8882221856878845,10533.73,52745.955,25235.7,26281.0,4883.0,3096.29,573037.25,2938.35,4.1226745,2021
2021-02-08 06:00:00+00:00,2.8769941,46.29497964,0.7829801036770629,0.6220467484408675,1726279.0,20.8,6.123233995736766e-17,1.0,1.0,71700.0,7117.2,48065.0,939.8042476800975,7.269416689872742,9412.0975,37167.6375,15228.0,21467.0,6977.0,0.0,0.0,1185.13,0.7733944,2021
2021-03-23 11:00:00+00:00,9.861446,46.29497964,0.1585593851031345,0.9873494423939864,994654.0,18.5,-0.9659258262890682,0.258819045102521,1.0,65750.0,6111.4,45240.0,277.9656127391128,7.557055632273356,8119.344999999999,51402.44,21551.8,19252.0,4673.0,7085.96,2169886.0,917.85,1.0131826,2021
2021-08-12 21:00:00+00:00,20.716984,46.29497964,-0.7554933140726804,-0.655156357209085,2658935.0,45.6,0.7071067811865474,-0.7071067811865477,1.0,45700.0,7117.2,39504.0,361.20164242979246,20.46458307902017,8275.2625,43747.4975,22591.7,15355.0,4961.0,0.0,0.0,1949.4,1.9278113,2021
2023-02-01 03:00:00+00:00,5.3215137,89.55725625000001,0.8520775211013093,0.5234156073655503,1741224.0,60.0,0.7071067811865476,0.7071067811865476,1.0,57050.0,7117.2,44660.0,242.3281760908978,5.440888947910731,5255.5825,11138.897500000006,16164.95,15291.0,2963.0,0.0,0.0,6081.91,5.0925984,2023
2020-12-18 01:00:00+00:00,7.7857013,17.2389636,0.9787400799669153,-0.2051044998686192,2454326.0,15.68,0.9659258262890684,0.2588190451025207,1.0,55700.0,7117.2,49895.0,391.8756596052096,7.411277770996096,6279.38,29652.43,20019.7,14721.0,5165.0,0.0,0.0,4848.89,5.7154284,2020
2020-12-18 19:00:00+00:00,9.060972,17.2389636,0.9787400799669153,-0.2051044998686192,2454326.0,15.68,0.2588190451025203,-0.9659258262890684,1.0,63750.0,7117.2,51085.0,391.8756596052096,7.539777676264447,7765.530000000001,39004.6875,26841.6,23548.0,5677.0,0.0,0.0,7811.28,8.061795,2020
2021-08-13 02:00:00+00:00,18.394123,46.29497964,-0.7441039398713605,-0.6680638642135336,2658935.0,44.25,0.8660254037844387,0.4999999999999999,1.0,33600.0,7117.2,39504.0,342.91751648351647,19.582583506902058,6857.5525,39899.5375,20255.3,11931.0,4690.0,0.0,0.0,1535.32,1.6539366,2021
2022-11-07 13:00:00+00:00,15.72261,80.46928043999999,0.5981809144059166,-0.8013610881746764,2495545.0,53.0,-0.9659258262890684,-0.2588190451025203,1.0,51050.0,6071.9,30805.0,179.01824777316085,11.033250133196532,6283.2975,34292.55750000001,9524.0,19412.0,2898.0,6308.95,1155169.2,10452.44,6.965208,2022
2021-11-04 18:00:00+00:00,8.367617,46.29497964,0.5560174366570438,-0.8311706263658084,2349925.0,72.4,-1.8369701987210292e-16,-1.0,1.0,67500.0,6121.4,43725.0,254.57706908831904,11.334833198123516,9234.66,49789.62749999999,24649.7,24983.0,4398.0,0.0,38.903248,3152.7,4.868,2021
2018-08-13 20:00:00+00:00,19.437853,15.1252596,-0.7441039398713605,-0.6680638642135336,2869444.0,23.6,0.5000000000000001,-0.8660254037844386,1.0,43100.0,7117.2,41395.0,174.2924036223036,18.330750226974487,8791.970000000001,49040.87,25235.5,15257.0,3948.0,0.0,6085.361,2469.59,4.4998813,2018
2020-06-10 04:00:00+00:00,11.423716,17.2389636,-0.938377391740864,0.3456123126707335,2775806.0,4.57,0.5000000000000001,0.8660254037844386,1.0,38300.0,5102.5,34470.0,281.76802024827026,16.212708393732708,8204.0425,45947.8875,18443.3,15486.0,5937.0,3.41,2904.9216,1551.98,2.8724077,2020
2020-12-02 04:00:00+00:00,5.3594055,17.2389636,0.8860706215341378,-0.4635502709028512,2674858.0,14.8,0.5000000000000001,0.8660254037844386,1.0,58500.0,6989.9,50035.0,189.5830939356939,6.6161111990610735,9155.0725,51595.380000000005,12559.9,16510.0,2894.0,0.0,0.0,3606.67,5.0069914,2020
2018-09-10 02:00:00+00:00,15.849631,15.1252596,-0.3496474552512282,-0.9368813462954316,2678886.0,29.18,0.8660254037844387,0.4999999999999999,1.0,34300.0,7117.2,46357.0,161.7952796092796,17.250533485412596,7168.1275000000005,37798.39750000001,19315.6,13058.0,2352.0,0.0,0.0,1710.21,2.1125615,2018
2023-10-27 07:00:00+00:00,11.733677,89.55725625000001,0.436651231956063,-0.8996308696522438,2730776.0,47.25,-0.2588190451025208,0.9659258262890684,1.0,51000.0,5061.6,42505.0,355.60076366041363,12.743888854980478,9340.36,47560.3875,10655.3,22887.0,5077.0,123.12,37729.105,8432.8,7.419079,2023
2021-01-21 19:00:00+00:00,8.895545,46.29497964,0.9353679493131484,0.3536761221763715,1924342.0,19.75,0.2588190451025203,-0.9659258262890684,1.0,70050.0,7117.2,49465.0,481.3634416157916,6.093833287556966,10607.365,31682.10000000001,21398.4,24082.0,6141.0,0.0,0.0,12247.35,8.252019,2021
2018-07-21 03:00:00+00:00,16.861795,15.1252596,-0.9441875088341996,-0.3294084822245298,2788177.0,22.043333333333333,0.7071067811865476,0.7071067811865476,0.0,35650.0,7117.2,40205.0,195.0570777370777,18.95269991556804,7010.3125,42163.935,19917.2,17143.0,3507.0,0.0,0.0,1316.16,2.3748186,2018
2023-11-30 08:00:00+00:00,6.451947,89.55725625000001,0.8609610158889941,-0.5086709438521049,2883329.0,40.85,-0.4999999999999998,0.8660254037844387,1.0,68850.0,6125.5,43750.0,511.7346074795575,8.995111041598856,10755.93,61910.91500000001,17416.275,25906.0,6215.0,250.91,42695.57,3523.07,1.5326104,2023
2023-11-30 00:00:00+00:00,6.3198833,89.55725625000001,0.8609610158889941,-0.5086709438521049,2883329.0,40.85,1.0,0.0,1.0,57450.0,6125.5,43750.0,511.7346074795575,8.99655564626058,8775.28,42851.955,9840.775,15453.0,5825.0,0.0,0.0,2564.42,2.3629136,2023
2020-06-20 11:00:00+00:00,19.523275,17.2389636,-0.9837092937736096,0.1797665857255624,2837466.0,5.373333333333333,-0.9659258262890682,0.258819045102521,0.0,44250.0,6105.9,32775.0,340.5260545787545,16.426766331990553,5921.0625,18962.275,17147.5,9941.0,5546.0,6604.0,2536463.5,1026.81,2.0608807,2020
2023-12-29 21:00:00+00:00,8.953486,89.55725625000001,0.9994074007397048,-0.0344216116227458,2795844.0,31.85,0.7071067811865474,-0.7071067811865477,1.0,52800.0,7117.2,43140.0,480.4434224627225,8.651555432213677,4845.7525,7790.645000000004,27867.9,12633.0,5532.0,0.0,0.0,10211.74,6.0770774,2023
2018-02-11 03:00:00+00:00,4.442449,15.1252596,0.7498264012045687,0.6616346182422783,1416974.0,18.016666666666666,0.7071067811865476,0.7071067811865476,0.0,61550.0,7117.2,57360.0,458.0003100794781,4.870749950408936,6628.332499999999,27337.582500000004,14871.7,12065.0,4699.0,0.0,0.0,7401.07,6.5360775,2018
2019-06-26 22:00:00+00:00,21.822496,22.79031588,-0.9955213724144752,0.0945367498171995,2394994.0,9.4,0.8660254037844384,-0.5000000000000004,1.0,48850.0,7117.2,44288.0,311.65298180708186,22.588749965031923,6819.994999999999,27762.46,21657.5,20165.0,5586.0,0.0,0.0,5430.0,4.3791647,2019
2020-04-15 00:00:00+00:00,7.8762155,17.2389636,-0.2511900638848191,0.9679377830240644,1551504.0,6.85,1.0,0.0,1.0,41650.0,5973.1,43255.0,194.47138978428976,13.690999945004773,6908.005,26160.827500000003,13360.4,9222.0,4663.0,0.0,0.0,4754.78,5.808418,2020
2019-10-11 22:00:00+00:00,14.923075,22.79031588,0.1755314904214277,-0.9844738167520924,2625151.0,9.35,0.8660254037844384,-0.5000000000000004,0.0,45450.0,6111.4,42140.0,193.5955656084656,15.739541927973432,5927.41,11415.494999999995,18627.4,15350.0,2687.0,0.0,0.0,6863.0,5.7770367,2019
2019-06-26 10:00:00+00:00,25.500158,22.79031588,-0.9955213724144752,0.0945367498171995,2394994.0,9.4,-0.8660254037844387,0.4999999999999999,1.0,56950.0,7117.2,44293.0,321.8205930606431,21.37333345413209,8189.855,27707.87000000001,25356.0,27434.0,6007.0,5603.17,2544699.5,3071.55,3.7824957,2019
2018-11-25 13:00:00+00:00,8.816601,15.1252596,0.8140460935082175,-0.5808002734538013,2331922.0,24.65,-0.9659258262890684,-0.2588190451025203,0.0,59550.0,5110.1,47225.0,183.27015508750503,7.981083353360493,9051.0375,43323.575,19672.5,14571.0,2883.0,1585.48,748903.7,3474.16,1.6756488,2018
2023-07-01 21:00:00+00:00,18.32501,89.55725625000001,-0.9999629591162656,0.0086069968886886,2932525.0,36.71666666666667,0.7071067811865474,-0.7071067811865477,0.0,40200.0,7117.2,35813.0,234.23975800865804,19.751944224039708,6145.3075,22499.555000000008,16457.675,15157.0,5018.0,0.0,1410.2318,5583.78,6.168192,2023
2021-12-05 07:00:00+00:00,4.8245125,46.29497964,0.9015016841318838,-0.4327755925504317,2024972.0,88.11333333333333,-0.2588190451025208,0.9659258262890684,0.0,57750.0,4296.2,41290.0,403.89402905982905,6.566166785028244,7998.6075,33571.42,7331.5999999999985,15031.0,4572.0,0.0,536.44037,6671.62,7.434292,2021
2019-10-29 08:00:00+00:00,11.391439,22.79031588,0.467359217158002,-0.8840675099433637,2851394.0,10.32,-0.4999999999999998,0.8660254037844387,1.0,58600.0,6111.4,41035.0,259.7466869352869,13.468874891599029,9522.1875,53649.98999999999,26819.4,24225.0,4754.0,607.22,204724.14,3107.31,2.7735558,2019
2020-05-07 11:00:00+00:00,18.397366,17.2389636,-0.5912614448635781,0.8064799463209448,1977501.0,5.25,-0.9659258262890682,0.258819045102521,1.0,47700.0,5110.1,36770.0,330.4840163614164,15.408249855041504,5921.34,24682.6575,15828.2,13660.0,6508.0,6478.68,2832556.5,714.22,2.474375,2020
2021-12-07 06:00:00+00:00,5.621561,46.29497964,0.9158642882672872,-0.4014879892059729,2059628.0,96.7,6.123233995736766e-17,1.0,1.0,73650.0,4796.2,42975.0,402.69278133903134,6.383388890160454,10319.015,51278.04499999999,16695.4,23104.0,5384.0,0.0,0.0,5055.49,5.066084,2021
2022-05-29 18:00:00+00:00,16.26558,80.46928043999999,-0.8382797052177741,0.5452404385406513,1954315.0,84.83333333333333,-1.8369701987210292e-16,-1.0,0.0,40800.0,5122.1,27510.0,175.1397263939764,18.64333364698621,7631.68,40108.2925,16247.4,15940.0,4208.0,1443.19,784713.94,3492.52,3.8701653,2022
2020-08-24 07:00:00+00:00,16.949417,17.2389636,-0.5912614448635782,-0.8064799463209447,2955316.0,8.02,-0.2588190451025208,0.9659258262890684,1.0,45650.0,7117.2,36040.0,148.5478214082214,18.4276667912801,8411.275,42121.79000000001,20595.5,18365.0,2833.0,1906.16,487046.97,1912.48,2.6979809,2020
2023-06-04 10:00:00+00:00,19.569933,89.55725625000001,-0.8900275764346767,0.4559066935084588,2404082.0,26.9,-0.8660254037844387,0.4999999999999999,0.0,40750.0,5118.0,31560.0,265.39857676767684,17.744777944352894,987.3750000000008,4385.69999999999,5298.025,8059.0,4285.0,9819.98,2515110.8,3106.45,3.4602873,2023
2023-10-07 15:00:00+00:00,22.688599,89.55725625000001,0.1073813466641621,-0.994217906893952,2705939.0,35.53333333333333,-0.7071067811865477,-0.7071067811865475,0.0,38500.0,6053.3,39215.0,153.85373576793577,18.00199959013197,4264.74,23755.265,9957.275,13964.0,1721.0,6291.94,1395268.8,1662.71,1.4959636,2023
2022-02-03 22:00:00+00:00,7.522042,80.46928043999999,0.8335557718385699,0.5524353131676196,1747271.0,77.6,0.8660254037844384,-0.5000000000000004,1.0,65750.0,7117.2,48656.0,258.3570488807489,6.551222178671096,8003.1325,39392.4675,22750.1,17304.0,3614.0,0.0,0.0,3170.17,4.8887987,2022
2023-07-15 07:00:00+00:00,20.557535,89.55725625000001,-0.973118337233262,-0.2303056702306119,3007664.0,25.433333333333334,-0.2588190451025208,0.9659258262890684,0.0,40200.0,7117.2,32925.0,198.0631917526917,22.428722063700377,4326.92,11065.125000000007,11204.0,19205.0,3371.0,3759.93,738110.06,7816.91,5.3612833,2023
2023-11-06 02:00:00+00:00,9.752631,89.55725625000001,0.5842981736283683,-0.8115390590073611,2847567.0,41.3,0.8660254037844387,0.4999999999999999,1.0,40250.0,5061.6,35584.0,599.8595026695527,9.048666636149088,3544.7075,-581.0949999999939,8142.475,10874.0,5292.0,0.0,0.0,9995.23,8.195538,2023
2018-03-23 03:00:00+00:00,4.693986,15.1252596,0.1585593851031345,0.9873494423939864,643391.0,19.6,0.7071067811865476,0.7071067811865476,1.0,61750.0,6071.9,48565.0,473.5583820467598,6.117416600386303,8692.417500000001,54967.0575,14777.4,14962.0,5030.0,0.0,0.0,3501.1,4.7774997,2018
2023-05-16 17:00:00+00:00,14.088245,89.55725625000001,-0.6963762255968722,0.717676913675962,2051871.0,31.63,-0.2588190451025206,-0.9659258262890684,1.0,48300.0,4104.3,37090.0,399.4254152717653,14.178000185224732,8005.6925,30132.835000000003,7014.75,19186.0,6112.0,3749.55,1074989.5,7920.12,6.725336,2023
2021-09-08 13:00:00+00:00,24.1243,46.29497964,-0.3816892202666594,-0.924290722193093,2471418.0,54.75,-0.9659258262890684,-0.2588190451025203,1.0,51950.0,7117.2,44456.0,199.97613860398857,21.572555647956,6844.63,33942.88,17076.4,21629.0,2586.0,6249.2,2141500.5,3429.31,2.8291807,2021
2020-09-04 11:00:00+00:00,22.710228,17.2389636,-0.4288919379124841,-0.9033558023246842,2975651.0,11.68,-0.9659258262890682,0.258819045102521,1.0,51450.0,6961.9,33920.0,212.88713021978023,17.97640012105304,8586.475,27634.64,21236.3,17126.0,3371.0,6478.96,2275788.2,1045.22,1.5808301,2020
2022-07-27 20:00:00+00:00,20.213852,80.46928043999999,-0.9051931898913976,-0.4250003399695539,2312574.0,209.5,0.5000000000000001,-0.8660254037844386,1.0,46000.0,7117.2,24885.0,140.7987118131868,22.082333564758315,7948.795,45210.8425,25839.925,22445.0,2825.0,0.0,30722.582,2971.47,2.6204934,2022
2018-08-02 11:00:00+00:00,26.2576,15.1252596,-0.8565509959010037,-0.5160623910158526,2817640.0,22.15,-0.9659258262890682,0.258819045102521,1.0,54650.0,7117.2,41614.0,174.12910502645502,20.122499942779527,7593.200000000001,48009.0425,30806.9,25997.0,3336.0,4865.36,2753402.0,958.19,1.4908788,2018
2021-10-08 16:00:00+00:00,16.963581,46.29497964,0.1244792638867886,-0.9922222094179324,2373290.0,79.78,-0.5000000000000004,-0.8660254037844385,1.0,48350.0,7117.2,42452.0,233.1994443833944,14.718222194247785,9592.97,53948.1175,19374.6,21703.0,3544.0,4046.04,764668.56,3611.31,4.209444,2021
2020-05-01 11:00:00+00:00,13.733247,17.2389636,-0.5049610547215204,0.8631421280499114,1740867.0,5.25,-0.9659258262890682,0.258819045102521,0.0,43600.0,5110.1,37350.0,279.5630402930403,13.99233345190686,5075.2675,11179.7025,1376.7000000000007,5978.0,4879.0,3924.7,1852608.4,6933.37,7.5110006,2020
2021-03-23 12:00:00+00:00,10.605701,46.29497964,0.1585593851031345,0.9873494423939864,994654.0,18.5,-1.0,1.2246467991473532e-16,1.0,64800.0,6111.4,45240.0,277.9656127391128,8.089389006296797,7937.144999999999,50666.67749999999,20982.1,19407.0,4248.0,7203.52,2346404.8,826.17,1.0451801,2021
2022-07-21 05:00:00+00:00,18.146177,80.46928043999999,-0.9441875088341996,-0.3294084822245298,2382772.0,150.5,0.2588190451025207,0.9659258262890684,1.0,44600.0,7117.2,28170.0,151.18897646520145,22.148582935333245,6000.37,46628.4525,23401.4,22608.0,3030.0,424.07,47809.355,1495.86,1.9184535,2022
2019-01-09 13:00:00+00:00,6.2393885,22.79031588,0.9880226656636976,0.1543088206642811,2055622.0,21.13,-0.9659258262890684,-0.2588190451025203,1.0,77100.0,7117.2,56070.0,196.092464000814,6.317666649818419,9529.87,30116.7125,22100.2,24634.0,3639.0,2130.94,826027.4,7335.61,7.8229194,2019
2018-04-05 17:00:00+00:00,11.56191,15.1252596,-0.0645084494493162,0.9979171608653922,597380.0,19.08,-0.2588190451025206,-0.9659258262890684,1.0,59250.0,6071.9,46655.0,503.2806767828878,10.420500040054309,10471.2125,42133.27249999999,22948.9,24643.0,7002.0,715.83,857175.4,920.06,1.4716462,2018
2018-11-25 09:00:00+00:00,7.310967,15.1252596,0.8140460935082175,-0.5808002734538013,2331922.0,24.65,-0.7071067811865475,0.7071067811865476,0.0,60250.0,5110.1,47225.0,183.27015508750503,7.995111227035522,9402.305,44635.7075,19886.1,15428.0,3040.0,826.53,278820.53,2699.97,0.6670057,2018
2019-12-08 03:00:00+00:00,8.513638,22.79031588,0.9226395488404876,-0.3856634062436074,2815166.0,13.886666666666668,0.7071067811865476,0.7071067811865476,0.0,49650.0,6071.9,46626.0,318.8489647130648,8.14329171180725,5571.382499999999,7195.354999999996,16112.9,11520.0,4101.0,0.0,0.0,8934.32,7.741499,2019
2021-03-10 06:00:00+00:00,3.2885473,46.29497964,0.373719714790469,0.9275416835791966,1176034.0,17.85,6.123233995736766e-17,1.0,1.0,68850.0,7117.2,44375.0,287.33732464387464,6.527166763941447,8577.4375,54475.74250000001,26701.2,21832.0,6295.0,0.55,370.60922,3914.57,3.608278,2021
2022-08-08 10:00:00+00:00,24.221283,80.46928043999999,-0.798779372886365,-0.6016240632249223,2280964.0,192.3,-0.8660254037844387,0.4999999999999999,1.0,48000.0,7117.2,26099.0,122.3574742100492,21.44766664505005,5320.217500000001,28434.612500000003,17296.6,15088.0,1860.0,9837.57,2472463.0,3272.44,3.9051824,2022
2018-07-08 03:00:00+00:00,17.329172,15.1252596,-0.993746580436178,-0.1116590071216944,2829080.0,22.496666666666663,0.7071067811865476,0.7071067811865476,0.0,33550.0,6071.9,37980.0,245.5467685185185,18.867166455586744,6976.1375,34686.1375,17401.5,13495.0,4227.0,0.0,0.0,1498.83,3.5503016,2018
2020-03-02 13:00:00+00:00,8.271042,17.2389636,0.4825077417612184,0.8758917051442429,1864482.0,9.4,-0.9659258262890684,-0.2588190451025203,1.0,69200.0,7117.2,49529.0,517.6880435286935,8.704499959945684,9513.8625,50915.75749999999,10003.1,23898.0,6892.0,2992.19,1238072.4,5959.11,7.839791,2020
2019-05-29 07:00:00+00:00,11.93714,22.79031588,-0.8382797052177741,0.5452404385406513,1481998.0,11.75,-0.2588190451025208,0.9659258262890684,1.0,52350.0,5122.1,45222.0,338.40830645095645,14.67766650517781,9352.195,45580.77250000001,20910.5,23329.0,6798.0,2379.97,842564.06,1581.75,3.3549695,2019
2022-10-22 17:00:00+00:00,17.417395,80.46928043999999,0.3576982388331254,-0.9338372288229252,2315468.0,44.0,-0.2588190451025206,-0.9659258262890684,0.0,43050.0,5066.1,31190.0,200.7180950407081,16.533166885375973,9101.5,47526.7075,10988.35,17509.0,3813.0,18.12,96629.234,2976.87,5.911161,2022
2021-04-28 20:00:00+00:00,11.070503,46.29497964,-0.4443781781046132,0.895839290734909,940614.0,21.9,0.5000000000000001,-0.8660254037844386,1.0,48350.0,6761.4,40325.0,181.5832967032967,12.8295555114746,7297.900000000001,38502.995,24038.8,18083.0,4252.0,1.92,3107.0522,2173.11,1.5264468,2021
2019-09-16 02:00:00+00:00,16.135838,22.79031588,-0.2511900638848195,-0.9679377830240642,2689334.0,11.2,0.8660254037844387,0.4999999999999999,1.0,34750.0,7117.2,41605.0,165.23323663003666,19.5164165496826,7266.7875,31142.347500000003,18946.1,12365.0,2050.0,0.0,0.0,1161.64,1.4736017,2019
2022-03-05 22:00:00+00:00,4.706076,80.46928043999999,0.4520722039323043,0.8919813464595485,1604668.0,211.0,0.8660254037844384,-0.5000000000000004,0.0,61800.0,7117.2,43170.0,241.6865841473341,8.492611143324106,8185.909999999999,45232.825,19703.1,14134.0,4562.0,0.0,0.0,2575.28,4.9523983,2022
2019-02-12 04:00:00+00:00,3.3082387,22.79031588,0.7383263540031065,0.6744436188329455,1446619.0,17.45,0.5000000000000001,0.8660254037844386,1.0,64100.0,7117.2,55920.0,371.13760754985753,7.130166716045804,9712.7075,32210.76,21011.2,15939.0,4600.0,0.0,0.0,1434.22,2.0061817,2019
2023-07-13 03:00:00+00:00,16.687248,89.55725625000001,-0.980469160361632,-0.1966728897935762,3007664.0,26.1,0.7071067811865476,0.7071067811865476,1.0,36700.0,7117.2,33735.0,220.8787837662338,22.633444892035584,5995.9275,34180.485,19696.475,17692.0,3361.0,0.0,0.0,2553.93,3.7268279,2023
2020-12-01 02:00:00+00:00,5.832768,17.2389636,0.8779600847008878,-0.478733840115789,2674858.0,14.82,0.8660254037844387,0.4999999999999999,1.0,58900.0,7049.9,50945.0,177.72149926739928,6.315388838450114,6197.1775,32013.272500000003,17918.9,14693.0,2418.0,0.0,0.0,6838.24,4.183695,2020
2022-03-09 16:00:00+00:00,11.840729,80.46928043999999,0.3896304495307879,0.9209712877166346,1420843.0,149.75,-0.5000000000000004,-0.8660254037844385,1.0,58000.0,7117.2,43170.0,228.0852643060643,8.425333380699158,9504.7875,56975.43000000001,15401.2,23605.0,4333.0,1905.44,838596.1,4967.14,5.781468,2022
2023-07-10 06:00:00+00:00,19.214836,89.55725625000001,-0.9893142039703664,-0.1457991969198744,3007664.0,31.33,6.123233995736766e-17,1.0,1.0,44950.0,7117.2,34350.0,187.0689268879269,22.985888799031603,7206.965000000001,38982.6075,22755.05,21591.0,3763.0,2481.78,425228.88,1134.84,1.377761,2023
2019-06-27 03:00:00+00:00,19.320116,22.79031588,-0.9970011699250152,0.077386479233463,2394994.0,9.13,0.7071067811865476,0.7071067811865476,1.0,40450.0,6628.3,45793.0,311.65298180708186,21.93766633669536,6823.225,29721.525,18928.0,18089.0,5440.0,0.0,0.0,5135.69,4.5409207,2019
2018-03-02 20:00:00+00:00,4.4284253,15.1252596,0.4975132889071806,0.8674563547295969,812004.0,28.5,0.5000000000000001,-0.8660254037844386,1.0,74700.0,6071.9,52950.0,415.3625589268757,5.333833356698356,10325.485,56683.87749999999,21510.8,22469.0,6791.0,0.0,0.0,4132.12,5.2862244,2018
2020-08-16 01:00:00+00:00,18.432331,17.2389636,-0.6963762255968724,-0.7176769136759618,3013309.0,7.3,0.9659258262890684,0.2588190451025207,0.0,32700.0,7117.2,35479.0,156.62754430199428,20.73243319193522,6691.102500000001,30517.5325,14039.8,9462.0,2537.0,0.0,0.0,1557.93,0.10331804,2020
2021-08-29 10:00:00+00:00,18.330023,46.29497964,-0.5343725582809793,-0.8452490573530629,2612909.0,48.675,-0.8660254037844387,0.4999999999999999,0.0,42100.0,7117.2,42597.0,205.88411866096865,19.071888393825983,5917.8775000000005,31807.437500000004,13714.6,9703.0,2743.0,6033.29,1739847.1,2833.71,3.5237684,2021
2020-07-04 19:00:00+00:00,20.471498,17.2389636,-0.9981855344718586,-0.0602132773657927,2972388.0,5.1433333333333335,0.2588190451025203,-0.9659258262890684,0.0,38300.0,7117.2,31066.0,267.93673933658937,19.00716692606608,5989.297500000001,21672.1325,20861.0,17416.0,4800.0,160.31,263400.12,5700.0,5.8217993,2020
2018-10-01 14:00:00+00:00,14.55409,15.1252596,0.0043035382962438,-0.99999073973619,2533385.0,27.2,-0.8660254037844386,-0.5000000000000001,1.0,50500.0,7117.2,43625.0,137.6831902726903,15.916000127792383,7981.189999999999,40537.61,17319.5,24001.0,2220.0,3500.93,1510002.0,6139.75,7.2086177,2018
2020-01-03 18:00:00+00:00,8.020024,17.2389636,0.998666816288476,0.0516196672232537,2780215.0,12.73,-1.8369701987210292e-16,-1.0,1.0,71600.0,7117.2,52740.0,420.9734006105006,7.616916755835215,9797.375,32079.560000000005,29425.8,18447.0,6641.0,0.0,0.13128205,4786.39,4.9224052,2020
2021-07-15 05:00:00+00:00,15.331388,46.29497964,-0.973118337233262,-0.2303056702306119,2463983.0,34.0,0.2588190451025207,0.9659258262890684,1.0,42250.0,7117.2,40510.0,774.9607192918193,16.810208479563393,6224.980000000001,48931.9675,19006.3,21266.0,5567.0,0.75,43669.574,6754.82,4.23304,2021
2020-01-16 12:00:00+00:00,11.28218,17.2389636,0.9623090774541486,0.2719581575341055,2652974.0,11.05,-1.0,1.2246467991473532e-16,1.0,69350.0,7117.2,52770.0,271.0948997354497,7.726916710535685,8477.5375,49977.045,22387.7,23068.0,4512.0,3362.71,983000.44,7307.55,7.827136,2020
2018-10-25 02:00:00+00:00,11.716486,15.1252596,0.4054257283599965,-0.914127988185334,2474033.0,24.45,0.8660254037844387,0.4999999999999999,1.0,41150.0,7117.2,45065.0,120.01043848188849,13.849999904632574,7778.812499999999,22211.122500000005,19330.2,14505.0,1702.0,0.0,0.0,1788.43,2.3139007,2018
2019-09-08 06:00:00+00:00,12.230642,22.79031588,-0.3816892202666594,-0.924290722193093,2718854.0,9.48,6.123233995736766e-17,1.0,0.0,35650.0,7117.2,40886.0,163.53680085877087,17.901124715805057,6896.9,38231.7,15205.7,12531.0,2157.0,214.33,48750.934,2146.02,3.7655482,2019
2019-06-03 23:00:00+00:00,15.3626375,22.79031588,-0.8820480249558534,0.4711595076738641,1701147.0,10.13,0.9659258262890684,-0.2588190451025207,1.0,41200.0,5122.1,43919.0,286.9590525030525,18.17249989509581,7740.2925,39506.8475,19448.1,14642.0,5577.0,0.0,0.0,969.87,1.8096615,2019
2020-03-13 07:00:00+00:00,7.068493,17.2389636,0.3090169943749474,0.9510565162951536,1816423.0,9.4,-0.2588190451025208,0.9659258262890684,1.0,65250.0,7117.2,44709.0,672.766164163614,9.4095834493637,7635.68,21762.4525,22985.0,21039.0,7484.0,633.2,93280.91,5965.3,4.3990192,2020
2021-06-11 06:00:00+00:00,16.92268,46.29497964,-0.938377391740864,0.3456123126707335,1803076.0,28.0,6.123233995736766e-17,1.0,1.0,47850.0,4076.8,40695.0,387.08386294261294,17.51827780405681,7896.679999999999,45350.27750000001,20887.9,20787.0,6562.0,458.96,470983.03,1343.79,1.4290361,2021
2019-12-17 03:00:00+00:00,9.899982,22.79031588,0.9711000518829505,-0.2386727660059499,2652638.0,13.2,0.7071067811865476,0.7071067811865476,1.0,51050.0,6071.9,41825.0,677.7147895400897,8.632208188374834,8115.570000000001,35383.4975,18173.8,14333.0,6695.0,0.0,0.0,7529.59,4.1858654,2019
2023-05-23 12:00:00+00:00,17.317858,89.55725625000001,-0.7775971469736267,0.6287628145958347,2200163.0,29.45,-1.0,1.2246467991473532e-16,1.0,46200.0,6121.4,37395.0,306.81707489177484,15.842999617258684,3168.7875000000004,14920.902500000004,9365.175,14967.0,4366.0,9491.64,2440397.5,6213.23,4.581598,2023
2019-11-11 11:00:00+00:00,8.523128,22.79031588,0.6518989958787125,-0.7583058084785625,2954760.0,14.6,-0.9659258262890682,0.258819045102521,0.0,61150.0,4002.2,43040.0,357.3974565120065,10.376708467801397,6606.285,39796.27500000001,22830.0,22579.0,5756.0,2400.19,811582.1,6720.79,3.9857147,2019
2020-05-13 05:00:00+00:00,9.403459,17.2389636,-0.6712599575675313,0.7412220108485958,2184713.0,5.1,0.2588190451025207,0.9659258262890684,1.0,44550.0,5110.1,38100.0,397.01524910459904,13.883833130200692,7789.5425,49705.2925,18983.4,16506.0,7208.0,120.91,48295.21,3603.66,4.4756145,2020
2020-11-25 03:00:00+00:00,7.017963,17.2389636,0.8239230057575542,-0.5667017562911177,2929262.0,14.02,0.7071067811865476,0.7071067811865476,1.0,54200.0,7117.2,51662.0,183.0314709605209,8.063041607538862,6401.08,35954.38250000001,18818.1,14599.0,2499.0,0.0,0.0,5896.41,4.8268514,2020
2018-06-22 13:00:00+00:00,20.007896,15.1252596,-0.986657932891657,0.1628070129385171,2562038.0,21.8,-0.9659258262890684,-0.2588190451025203,1.0,50400.0,5068.5,44565.0,318.8915045991046,17.043416976928732,7941.1925,28608.005000000005,24795.5,24287.0,6348.0,4860.0,2904815.0,3526.89,4.5190916,2018
2020-04-10 08:00:00+00:00,13.522019,17.2389636,-0.167051625502119,0.9859481499638304,1513412.0,7.05,-0.4999999999999998,0.8660254037844387,1.0,42750.0,7030.4,42460.0,193.522282010582,12.900916973749784,6060.4125,25815.225,13876.4,12015.0,4447.0,3827.73,1159612.5,1772.18,2.9626343,2020
2019-09-16 14:00:00+00:00,23.40738,22.79031588,-0.2511900638848195,-0.9679377830240642,2689334.0,11.2,-0.8660254037844386,-0.5000000000000001,1.0,50850.0,7117.2,41605.0,165.23323663003666,20.39237467447918,9791.3975,45370.9975,25094.4,21454.0,2495.0,4794.25,1814868.6,1184.48,1.7785074,2019
2022-07-21 14:00:00+00:00,25.234716,80.46928043999999,-0.9441875088341996,-0.3294084822245298,2382772.0,150.5,-0.8660254037844386,-0.5000000000000001,1.0,52000.0,7117.2,27255.0,151.18897646520145,24.51558319727581,4913.4025,32408.72500000001,19844.7,24900.0,2701.0,8558.21,2558060.0,1311.25,1.5259323,2022
2018-10-21 22:00:00+00:00,12.2827215,15.1252596,0.3415707691678551,-0.9398560579418956,2504641.0,25.4,0.8660254037844384,-0.5000000000000004,1.0,44950.0,7117.2,46385.0,122.87092553927552,14.735499938329069,7838.725,33392.125,18204.3,12382.0,1951.0,0.0,0.0,3613.61,4.6738195,2018
2020-12-04 14:00:00+00:00,6.3132467,17.2389636,0.9015016841318838,-0.4327755925504317,2674858.0,14.65,-0.8660254037844386,-0.5000000000000001,1.0,67950.0,7117.2,48345.0,190.70266339031343,6.681500116984046,7970.6175,47144.625,17977.3,27316.0,4244.0,1520.29,580536.7,5393.5,4.428655,2020
2020-11-30 19:00:00+00:00,6.1778784,17.2389636,0.8695893893466109,-0.4937755501599773,2674858.0,15.2,0.2588190451025203,-0.9659258262890684,1.0,72050.0,7049.9,50945.0,169.01593256003258,6.573388841417103,8325.4625,42840.64,29103.8,22341.0,4081.0,0.0,0.0,3985.18,2.6853156,2020
2021-05-06 11:00:00+00:00,12.4482,46.29497964,-0.5631507242749186,0.8263541987239096,1047965.0,24.98,-0.9659258262890682,0.258819045102521,1.0,56150.0,7117.2,38710.0,253.30065927960925,11.998000038994675,8942.0875,36710.545,15417.0,17683.0,5082.0,4600.55,1783823.6,4656.36,4.8011117,2021
2019-04-08 08:00:00+00:00,9.51766,22.79031588,-0.1159345995955004,0.9932568492674144,932025.0,15.88,-0.4999999999999998,0.8660254037844387,1.0,63650.0,6071.9,48560.0,266.84579183964183,10.795500040054318,10301.6825,42087.7225,25256.9,21492.0,5261.0,2411.8,834635.94,742.41,1.7533952,2019
2022-09-07 06:00:00+00:00,17.091204,80.46928043999999,-0.3975428142825566,-0.9175836260593934,2240533.0,208.3,6.123233995736766e-17,1.0,1.0,45900.0,7117.2,26166.0,141.2186374061124,20.23383299509685,8210.4375,48104.1975,22373.775,22671.0,2630.0,294.44,56081.855,2956.32,3.9074874,2022
2021-03-23 20:00:00+00:00,7.6460185,46.29497964,0.1585593851031345,0.9873494423939864,994654.0,18.5,0.5000000000000001,-0.8660254037844386,1.0,61400.0,6111.4,45240.0,277.9656127391128,9.080166657765702,8382.4575,51627.515,31214.3,21129.0,5546.0,0.0,0.0,928.29,1.2429664,2021
2022-04-16 02:00:00+00:00,10.156778,80.46928043999999,-0.2511900638848191,0.9679377830240644,1229508.0,99.025,0.8660254037844387,0.4999999999999999,0.0,36850.0,7046.5,31666.0,256.01031890516884,13.052111254798035,6953.435,31899.69,14226.7,12335.0,4637.0,0.0,0.0,3401.54,3.062423,2022
2023-08-15 06:00:00+00:00,18.333618,89.55725625000001,-0.7206671495538611,-0.6932812268869775,2870892.0,36.3,6.123233995736766e-17,1.0,0.0,32550.0,7043.3,33803.0,182.91149704739703,22.643500434027786,5766.874999999999,38848.005000000005,15412.625,10108.0,3132.0,1001.82,171569.45,1392.05,1.2256848,2023
2018-10-06 09:00:00+00:00,16.375048,15.1252596,0.0902516100310407,-0.9959189961471792,2533385.0,27.2,-0.7071067811865475,0.7071067811865476,0.0,45700.0,7117.2,39970.0,130.83137065527066,15.917444652981237,7644.685,35060.095,20270.7,18408.0,2198.0,2552.23,969590.0,2827.54,2.0280273,2018
2018-08-26 07:00:00+00:00,14.253734,15.1252596,-0.5772916165517278,-0.8165380514459157,2837907.0,25.45,-0.2588190451025208,0.9659258262890684,0.0,34700.0,7117.2,31855.0,148.39552541717543,16.39760026931761,7090.5025,30173.2725,19909.6,12004.0,2344.0,1362.17,506833.34,1468.69,1.7914141,2018
2020-12-26 01:00:00+00:00,3.1186037,17.2389636,0.9976303053065856,-0.0688024268023197,2473628.0,17.985,0.9659258262890684,0.2588190451025207,0.0,58050.0,7117.2,51315.0,389.6436301180301,6.296388891008168,6316.2300000000005,28322.9675,9400.0,8053.0,4860.0,0.0,0.0,3525.56,5.6456027,2020
2020-12-04 04:00:00+00:00,5.6541395,17.2389636,0.9015016841318838,-0.4327755925504317,2674858.0,14.65,0.5000000000000001,0.8660254037844386,1.0,57200.0,7117.2,49255.0,190.70266339031343,6.349444495307073,5989.2975,22072.1775,9737.6,16920.0,2327.0,0.0,0.0,10733.98,5.5791183,2020
2023-04-07 13:00:00+00:00,12.64295,89.55725625000001,-0.0988201387328714,0.9951053111006976,1512237.0,44.024,-0.9659258262890684,-0.2588190451025203,1.0,49600.0,7117.2,36720.0,293.67998515486124,12.235055473115692,6221.985000000001,21621.79,591.3499999999985,17090.0,3806.0,10329.71,2341635.8,1238.27,0.73785144,2023
2022-11-24 07:00:00+00:00,8.465043,80.46928043999999,0.8039279618328213,-0.5947266869607633,2518920.0,118.0,-0.2588190451025208,0.9659258262890684,1.0,62100.0,6071.9,34069.0,247.18651651400128,8.441916584968567,7657.445,53714.302500000005,21578.375,24864.0,4726.0,0.0,3131.0112,6991.7,6.129618,2022
2020-12-24 22:00:00+00:00,5.43737,17.2389636,0.9946708199115212,-0.1031016974474354,2473628.0,17.63,0.8660254037844384,-0.5000000000000004,1.0,58950.0,7117.2,52110.0,407.3001143060642,7.8853332731458865,6524.4375,27277.2975,14628.0,12139.0,5271.0,0.0,0.0,7472.64,6.579158,2020
2019-06-25 06:00:00+00:00,19.15092,22.79031588,-0.993746580436178,0.1116590071216946,2394994.0,9.13,6.123233995736766e-17,1.0,1.0,50700.0,7117.2,45843.0,326.0912268823769,19.843083381652843,9039.3825,39067.025,27642.4,25483.0,6003.0,1058.84,463442.34,2377.54,1.8711447,2019
2021-12-29 21:00:00+00:00,12.083139,46.29497964,0.9994074007397048,-0.0344216116227458,2029801.0,95.9,0.7071067811865474,-0.7071067811865477,1.0,50900.0,6105.9,44045.0,624.2802876678875,8.381888813442652,5946.0075,29500.57,21076.2,14660.0,6021.0,0.0,0.0,10214.42,7.274126,2021
2022-03-05 08:00:00+00:00,4.303315,80.46928043999999,0.4520722039323043,0.8919813464595485,1604668.0,211.0,-0.4999999999999998,0.8660254037844387,0.0,61350.0,7117.2,43170.0,241.6865841473341,8.302611165576508,8471.3025,36636.19499999999,17918.5,18100.0,4851.0,2269.08,379859.28,2018.14,3.6965272,2022
2023-10-20 06:00:00+00:00,14.370724,89.55725625000001,0.3253420847119803,-0.9455963874271424,2620085.0,46.0,6.123233995736766e-17,1.0,1.0,47000.0,4765.8,43010.0,223.5362332907833,16.75572225782607,8639.71,26739.1975,9830.9,23610.0,3264.0,0.0,161.69572,4312.75,4.3357806,2023
2020-10-16 10:00:00+00:00,10.65,17.2389636,0.276096973097468,-0.961129783872301,3019708.0,14.77,-0.8660254037844387,0.4999999999999999,1.0,63600.0,6125.5,44650.0,254.05487973137977,11.442799886067704,8797.220000000001,55400.0125,20002.9,21869.0,4767.0,3811.34,1006068.1,2237.16,3.1530468,2020
2023-06-28 06:00:00+00:00,17.470613,89.55725625000001,-0.9981855344718586,0.060213277365793,2932525.0,34.63,6.123233995736766e-17,1.0,1.0,44650.0,7117.2,35835.0,214.9882595478596,20.47883298661974,8359.79,39419.915,19982.675,23288.0,4733.0,2429.74,402212.8,1577.96,1.520624,2023
2022-09-07 13:00:00+00:00,22.098125,80.46928043999999,-0.3975428142825566,-0.9175836260593934,2240533.0,208.3,-0.9659258262890684,-0.2588190451025203,1.0,50050.0,7117.2,26396.0,141.2186374061124,21.08666706085205,6724.100000000001,38475.735,10771.25,21293.0,2341.0,6616.07,1979534.2,3317.79,4.3404107,2022
2019-11-17 10:00:00+00:00,6.416268,22.79031588,0.7266075247685657,-0.6870527672236668,2954760.0,14.896666666666668,-0.8660254037844387,0.4999999999999999,0.0,64950.0,5008.0,40950.0,302.503591982092,9.104291717211396,9098.6525,41737.037500000006,16408.5,14526.0,4750.0,2033.89,586794.25,1509.82,1.6873996,2019
2019-12-08 10:00:00+00:00,9.99581,22.79031588,0.9226395488404876,-0.3856634062436074,2815166.0,13.886666666666668,-0.8660254037844387,0.4999999999999999,0.0,58500.0,6071.9,46626.0,318.8489647130648,8.160333375136055,7101.34,8376.600000000006,20204.3,14669.0,4858.0,1810.34,425488.6,10743.44,7.2388043,2019
2019-12-14 13:00:00+00:00,10.788286,22.79031588,0.9574851883550392,-0.288482432880609,2657645.0,12.866666666666667,-0.9659258262890684,-0.2588190451025203,0.0,59500.0,6071.9,45980.0,731.039821062271,8.477124929428104,7239.957499999999,17795.787500000006,15746.8,16605.0,6516.0,1701.72,718506.56,10759.84,9.659004,2019
2021-04-11 02:00:00+00:00,8.021807,46.29497964,-0.167051625502119,0.9859481499638304,998746.0,20.366666666666667,0.8660254037844387,0.4999999999999999,0.0,42800.0,6111.4,37855.0,210.8307806267806,10.4722777472602,5389.515,17651.597499999993,14659.2,11303.0,2926.0,0.0,0.0,3736.87,1.2172077,2021
2020-12-28 07:00:00+00:00,4.7192974,17.2389636,0.9994074007397048,-0.0344216116227458,2532396.0,18.695,-0.2588190451025208,0.9659258262890684,1.0,69750.0,7117.2,50935.0,399.8442234228734,5.44777782758077,7961.929999999999,41455.745,13896.1,16453.0,5521.0,0.0,12.252992,6316.63,7.7206798,2020
2019-11-11 00:00:00+00:00,5.7528124,22.79031588,0.6518989958787125,-0.7583058084785625,2954760.0,14.6,1.0,0.0,0.0,56000.0,4002.2,42875.0,357.3974565120065,10.643000006675727,7319.4675,33887.03,12366.2,11442.0,5023.0,0.0,0.0,2763.82,2.2527528,2019
2020-04-10 16:00:00+00:00,18.354635,17.2389636,-0.167051625502119,0.9859481499638304,1513412.0,7.05,-0.5000000000000004,-0.8660254037844385,1.0,38950.0,7030.4,43790.0,193.522282010582,14.19924990336101,7071.2225,39344.7275,12018.7,13709.0,4087.0,3056.19,1508503.4,1765.86,1.8797381,2020
2022-05-28 13:00:00+00:00,19.494308,80.46928043999999,-0.8287700871745035,0.5595892624101769,1954315.0,82.66666666666667,-0.9659258262890684,-0.2588190451025203,0.0,40950.0,5122.1,27105.0,186.52801994302,18.511222203572604,4004.81,760.9100000000035,7677.075000000001,13326.0,3720.0,9896.09,2924119.8,3553.17,4.0718985,2022
2023-12-10 18:00:00+00:00,11.304343,89.55725625000001,0.935367949313148,-0.3536761221763721,2789836.0,36.9,-1.8369701987210292e-16,-1.0,0.0,57850.0,6125.5,43710.0,708.7674495430497,8.793111165364586,5972.4825,26945.085,16083.875,17701.0,5780.0,0.0,0.0,16141.17,9.12504,2023
2019-03-28 21:00:00+00:00,8.735376,22.79031588,0.0730951298980775,0.9973249731081556,1064149.0,14.2,0.7071067811865474,-0.7071067811865477,1.0,55250.0,7117.2,51480.0,246.73619965404967,10.615499920315203,10168.675,52123.57,22842.7,18891.0,4666.0,0.0,0.0,2932.02,3.8893259,2019
2018-04-30 01:00:00+00:00,9.344548,15.1252596,-0.4749510720670499,0.8800122039735357,1002365.0,20.78,0.9659258262890684,0.2588190451025207,1.0,40100.0,5066.1,44377.0,383.0218438836883,10.004499991734829,6405.305,20233.2275,14199.8,11052.0,6492.0,0.0,0.0,5158.25,3.188032,2018
2022-11-28 15:00:00+00:00,9.838938,80.46928043999999,0.8429415373547827,-0.5380051715383,2462887.0,125.5,-0.7071067811865477,-0.7071067811865475,1.0,59850.0,7117.2,34828.0,203.61916190685324,8.616166551907849,10356.18,55748.41500000001,10315.025,24736.0,4650.0,934.9,347115.62,3891.43,4.4346943,2022
2022-04-21 08:00:00+00:00,10.5943365,80.46928043999999,-0.3334687789181868,0.9427611433904208,1338623.0,95.97,-0.4999999999999998,0.8660254037844387,1.0,52750.0,6986.5,32013.0,240.59830362230363,12.329499933454724,6224.51,38947.2025,11546.9,22498.0,5584.0,3244.34,945783.9,2469.46,2.662907,2022
2019-12-14 07:00:00+00:00,8.774166,22.79031588,0.9574851883550392,-0.288482432880609,2657645.0,12.866666666666667,-0.2588190451025208,0.9659258262890684,0.0,58550.0,6071.9,45375.0,731.039821062271,8.340416709582012,7179.4175000000005,27475.3675,13457.7,19594.0,6365.0,0.0,130.97572,11705.6,11.268648,2019
2018-04-14 18:00:00+00:00,13.203469,15.1252596,-0.2177232303965317,0.9760105506323684,616931.0,19.9,-1.8369701987210292e-16,-1.0,0.0,46700.0,5066.1,44865.0,431.4565738253516,10.461499889691677,9402.81,54477.09,23871.1,17697.0,6795.0,139.47,361629.22,575.34,1.5198063,2018
2021-06-30 16:00:00+00:00,19.163359,46.29497964,-0.9996666485105112,0.025818440227133,2310252.0,35.5,-0.5000000000000004,-0.8660254037844385,1.0,47600.0,7117.2,41060.0,452.6864943833944,18.52866689364117,9024.1825,47376.615,19096.4,25088.0,6178.0,4900.32,1544584.5,1699.87,3.5267475,2021
2018-10-19 01:00:00+00:00,12.96988,15.1252596,0.3090169943749472,-0.9510565162951536,2504641.0,26.3,0.9659258262890684,0.2588190451025207,1.0,38700.0,7117.2,46095.0,129.3032557183557,15.68833351135253,7474.0475,41035.455,15355.1,14474.0,1708.0,0.0,0.0,2481.95,5.200162,2018
2023-10-25 22:00:00+00:00,13.846314,89.55725625000001,0.4054257283599965,-0.914127988185334,2730776.0,49.3,0.8660254037844384,-0.5000000000000004,1.0,44250.0,4065.8,41335.0,282.64253465608465,14.707999918195943,7736.125000000001,24350.435000000005,7555.6,14715.0,4619.0,0.0,0.0,6391.45,6.146592,2023
2023-03-28 19:00:00+00:00,10.562217,89.55725625000001,0.0730951298980775,0.9973249731081556,1508365.0,41.72,0.2588190451025203,-0.9659258262890684,1.0,50600.0,7117.2,35888.0,332.5341836313445,12.102555645836713,7645.2425,47868.605,22849.55,19711.0,5365.0,0.0,12084.206,5306.33,5.1016355,2023
2019-04-28 00:00:00+00:00,8.669445,22.79031588,-0.4443781781046132,0.895839290734909,1004280.0,14.48,1.0,0.0,0.0,45100.0,6125.5,44875.0,267.9755582417582,12.927333434422817,5821.737499999999,25868.515,14915.8,10570.0,4553.0,0.0,0.0,5049.5,6.2449245,2019
2021-04-19 22:00:00+00:00,8.342694,46.29497964,-0.3008198076356675,0.9536809966304456,874649.0,21.52,0.8660254037844384,-0.5000000000000004,1.0,53150.0,6111.4,38325.0,186.43072846967848,11.328777684105768,8935.140000000001,42146.43749999999,21866.9,14980.0,3227.0,0.0,0.0,1095.89,1.2457305,2021
2020-01-27 17:00:00+00:00,8.468242,17.2389636,0.893918596519257,0.4482293417404106,2194236.0,10.48,-0.2588190451025206,-0.9659258262890684,1.0,75550.0,7117.2,51975.0,253.13572344322336,7.120458384354907,11293.7575,51715.15000000001,22930.4,26294.0,5545.0,0.0,51324.543,7773.32,8.517481,2020
2021-05-18 17:00:00+00:00,13.611432,46.29497964,-0.7206671495538609,0.6932812268869777,1413451.0,25.65,-0.2588190451025206,-0.9659258262890684,1.0,51300.0,5068.5,42205.0,547.4125999796499,13.124111175537116,8491.015,54357.075,14579.9,20692.0,7158.0,2964.27,998471.9,2590.15,5.0700464,2021
2023-02-26 04:00:00+00:00,3.1181967,89.55725625000001,0.5560174366570445,0.831170626365808,1443310.0,49.5,0.5000000000000001,0.8660254037844386,0.0,49700.0,6121.4,38865.0,186.63625028658944,8.832666741477114,5915.879999999999,26590.83,10173.8,11250.0,2426.0,0.0,0.0,8543.58,6.3657784,2023
2020-09-29 05:00:00+00:00,11.949455,17.2389636,-0.0129102960750088,-0.999916658654738,2801270.0,12.55,0.2588190451025207,0.9659258262890684,1.0,51800.0,7065.5,40000.0,201.43937043142043,13.216066519419355,9953.340000000002,56682.16,24027.9,20191.0,3875.0,0.0,0.0,2142.18,2.3466573,2020
2021-05-08 21:00:00+00:00,14.812704,46.29497964,-0.5912614448635781,0.8064799463209448,1047965.0,24.27,0.7071067811865474,-0.7071067811865477,0.0,45550.0,7117.2,35736.0,361.9414256817256,15.408722241719571,6361.5575,20156.7425,12449.0,13421.0,6233.0,0.0,0.0,5382.2,5.9391007,2021
2021-02-26 09:00:00+00:00,8.267441,46.29497964,0.5560174366570445,0.831170626365808,1515570.0,15.8,-0.7071067811865475,0.7071067811865476,1.0,63650.0,6113.8,44925.0,362.0434265160765,8.605166594187416,9122.6825,43503.67249999999,24119.9,21579.0,6433.0,3029.63,702939.94,1488.31,2.4598453,2021
2018-04-30 10:00:00+00:00,10.639749,15.1252596,-0.4749510720670499,0.8800122039735357,1002365.0,20.78,-0.8660254037844387,0.4999999999999999,1.0,54500.0,5066.1,44377.0,383.0218438836883,9.680833220481874,7455.8775,24759.780000000013,22605.2,13194.0,7279.0,3503.3,1761949.2,6487.37,3.3058965,2018
2018-03-02 08:00:00+00:00,3.0031366,15.1252596,0.4975132889071806,0.8674563547295969,812004.0,28.5,-0.4999999999999998,0.8660254037844387,1.0,84100.0,7117.2,52950.0,415.3625589268757,4.556750059127807,10513.55,52232.39,27600.9,28853.0,7105.0,980.55,234555.03,6924.14,1.4479653,2018
2023-01-18 03:00:00+00:00,2.1058912,89.55725625000001,0.9523775757303976,0.304921224656289,2331058.0,61.9,0.7071067811865476,0.7071067811865476,1.0,58500.0,7117.2,43670.0,502.932324953951,6.076333363850914,7288.144999999999,43584.815,6270.0,14763.0,4943.0,0.0,0.0,4576.26,5.9275837,2023
2019-12-14 05:00:00+00:00,8.746099,22.79031588,0.9574851883550392,-0.288482432880609,2657645.0,12.866666666666667,0.2588190451025207,0.9659258262890684,0.0,53700.0,6071.9,45375.0,731.039821062271,8.350000003973644,6316.0225,22960.9975,10289.8,15817.0,6028.0,0.0,0.0,12790.51,11.298358,2019
2019-11-17 13:00:00+00:00,7.652873,22.79031588,0.7266075247685657,-0.6870527672236668,2954760.0,14.896666666666668,-0.9659258262890684,-0.2588190451025203,0.0,62450.0,5008.0,40950.0,302.503591982092,9.226833383242283,8973.44,39179.915,15831.3,13347.0,4539.0,2485.56,790155.0,1380.09,2.5530126,2019
2018-12-27 03:00:00+00:00,3.4653502,15.1252596,0.9976303053065856,-0.0688024268023197,2164121.0,23.33,0.7071067811865476,0.7071067811865476,1.0,58900.0,6071.9,57455.0,410.115022975173,7.883111317952474,8000.472499999999,27741.965000000004,18918.3,9527.0,4809.0,0.0,0.0,1064.38,1.654139,2018
2019-10-04 14:00:00+00:00,16.609934,22.79031588,0.055916990100603,-0.9984354211555644,2648638.0,11.25,-0.8660254037844386,-0.5000000000000001,1.0,47800.0,7117.2,43310.0,156.6180280830281,16.370249946912125,8138.6975,47151.82,23143.9,21155.0,2118.0,2937.5,1124063.5,7390.47,6.7957506,2019
2018-12-27 01:00:00+00:00,3.700573,15.1252596,0.9976303053065856,-0.0688024268023197,2164121.0,23.33,0.9659258262890684,0.2588190451025207,1.0,62700.0,6071.9,57455.0,410.115022975173,7.955000109142728,8163.152500000001,26133.902500000004,19525.1,9425.0,5045.0,0.0,0.0,1322.48,1.753083,2018
2020-12-18 10:00:00+00:00,8.881221,17.2389636,0.9787400799669153,-0.2051044998686192,2454326.0,15.68,-0.8660254037844387,0.4999999999999999,1.0,68300.0,7117.2,51225.0,391.8756596052096,6.824555529488458,8120.327499999999,44424.69,26365.4,24702.0,6037.0,1699.3,442103.9,6151.12,6.2000637,2020
2023-06-07 09:00:00+00:00,19.301004,89.55725625000001,-0.9123747579707272,0.4093559588156217,2579634.0,25.25,-0.7071067811865475,0.7071067811865476,1.0,46850.0,5118.0,32600.0,258.46369615199615,18.16755570305718,4356.827499999999,32274.48,18152.15,17533.0,5177.0,9608.5,1874568.9,2899.44,3.710021,2023
2022-12-10 01:00:00+00:00,3.607055,80.46928043999999,0.935367949313148,-0.3536761221763721,2374305.0,139.13333333333333,0.9659258262890684,0.2588190451025207,0.0,60700.0,7117.2,40725.0,205.27261362735493,6.2820834318796805,8466.8825,43919.83,8518.25,12672.0,3262.0,0.0,0.0,1337.73,2.7501915,2022
2023-12-03 08:00:00+00:00,1.9867544,89.55725625000001,0.8860706215341378,-0.4635502709028512,2883329.0,41.14666666666667,-0.4999999999999998,0.8660254037844387,0.0,63750.0,6125.5,42080.0,768.5370854016355,7.354333506690128,6527.887499999999,41547.3925,13351.15,13915.0,5285.0,478.23,79095.49,8189.13,3.7627065,2023
2021-08-24 18:00:00+00:00,20.369228,46.29497964,-0.6050560696488494,-0.7961828637826154,2612909.0,45.6,-1.8369701987210292e-16,-1.0,1.0,45700.0,7117.2,43072.0,248.9943825396826,20.504055870903844,7761.41,51764.36750000001,22024.5,21967.0,3991.0,1785.06,456930.5,7433.3,6.0075254,2021
2023-03-08 04:00:00+00:00,6.49963,89.55725625000001,0.4054257283599973,0.9141279881853336,1351720.0,42.95,0.5000000000000001,0.8660254037844386,1.0,53600.0,7117.2,37031.0,198.3812032763533,7.739555504586959,8177.9425,44284.76,8353.9,16107.0,2387.0,0.0,0.0,10191.84,5.5502725,2023
2020-05-07 23:00:00+00:00,13.745222,17.2389636,-0.5912614448635781,0.8064799463209448,1977501.0,5.25,0.9659258262890684,-0.2588190451025207,0.0,39800.0,5110.1,38665.0,312.6313776963777,15.898416360219327,7657.0775,41258.65,14424.2,12946.0,6922.0,0.0,0.0,2434.56,3.3401947,2020
2018-05-08 07:00:00+00:00,14.660577,15.1252596,-0.5912614448635781,0.8064799463209448,1101932.0,20.7,-0.2588190451025208,0.9659258262890684,0.0,39900.0,5066.1,42000.0,347.0228135101524,12.75208318233489,9566.64,44100.32250000001,27258.7,22562.0,6550.0,1513.9,790325.6,962.53,1.3706987,2018
2020-05-16 06:00:00+00:00,10.423667,17.2389636,-0.7086266782644596,0.705583610107178,2184713.0,4.6866666666666665,6.123233995736766e-17,1.0,0.0,38850.0,5110.1,34530.0,379.4813314000814,13.576500058174112,6757.860000000001,23725.015000000007,12325.6,12737.0,7006.0,969.57,378094.2,2098.94,3.5386522,2020
2022-11-18 23:00:00+00:00,7.5314784,80.46928043999999,0.7383263540031063,-0.6744436188329457,2499746.0,105.0,0.9659258262890684,-0.2588190451025207,0.0,50600.0,6071.9,32039.0,241.7420987156965,10.835749983787522,7308.9575,32950.165,9254.85,14031.0,3883.0,0.0,0.0,3019.8,4.98619,2022
2018-03-27 11:00:00+00:00,9.953654,15.1252596,0.0902516100310411,0.995918996147179,586044.0,18.63,-0.9659258262890682,0.258819045102521,1.0,68850.0,6071.9,46385.0,370.7129280378059,7.276916543642681,9744.177499999998,58169.14499999999,21166.8,18727.0,5356.0,2392.37,1316906.1,5500.97,6.282938,2018
2018-03-10 14:00:00+00:00,13.029011,15.1252596,0.373719714790469,0.9275416835791966,665128.0,22.08333333333333,-0.8660254037844386,-0.5000000000000001,0.0,51050.0,6071.9,49925.0,412.341111448017,8.505833347638447,8883.2,50509.6725,14088.3,16107.0,5800.0,2171.97,1253544.2,3841.77,5.9046865,2018
2019-01-09 14:00:00+00:00,6.151311,22.79031588,0.9880226656636976,0.1543088206642811,2055622.0,21.13,-0.8660254037844386,-0.5000000000000001,1.0,74400.0,7117.2,56070.0,196.092464000814,6.347166617711384,9809.8175,32456.97000000001,21230.2,25927.0,3579.0,1527.33,710391.3,7225.05,8.085381,2019
2021-12-05 21:00:00+00:00,5.2293878,46.29497964,0.9015016841318838,-0.4327755925504317,2024972.0,88.11333333333333,0.7071067811865474,-0.7071067811865477,0.0,63450.0,4526.2,42975.0,403.89402905982905,6.507500145170423,8520.8025,43770.205,15549.8,15730.0,4615.0,0.0,0.0,4740.01,6.551466,2021
2018-02-11 15:00:00+00:00,7.0075173,15.1252596,0.7498264012045687,0.6616346182422783,1416974.0,18.016666666666666,-0.7071067811865477,-0.7071067811865475,0.0,62100.0,7117.2,57360.0,458.0003100794781,5.57349999745687,8279.210000000001,34492.7375,15331.2,14466.0,4813.0,1046.01,727151.94,5379.25,7.364725,2018
2023-04-24 23:00:00+00:00,9.868988,89.55725625000001,-0.3816892202666589,0.9242907221930932,1591705.0,39.8,0.9659258262890684,-0.2588190451025207,1.0,43650.0,6105.9,36717.0,296.5828007455507,13.7534441418118,7190.115,21021.680000000004,17191.175,11147.0,4603.0,0.0,0.0,2622.52,3.1611462,2023
2023-08-27 18:00:00+00:00,17.901098,89.55725625000001,-0.5631507242749187,-0.8263541987239094,2829706.0,35.650000000000006,-1.8369701987210292e-16,-1.0,0.0,39150.0,7043.3,36273.0,219.44742895252887,21.39377721150717,7636.59,38976.775,10758.425,17492.0,3715.0,384.75,288889.56,4903.16,6.134344,2023
2023-07-10 12:00:00+00:00,25.319904,89.55725625000001,-0.9893142039703664,-0.1457991969198744,3007664.0,31.33,-1.0,1.2246467991473532e-16,1.0,50800.0,7117.2,34350.0,187.0689268879269,24.06433327992758,4626.84,15749.580000000002,15303.525,20420.0,2659.0,12344.22,2863006.2,1782.71,2.856522,2023
2019-09-17 10:00:00+00:00,20.202267,22.79031588,-0.2344913895704105,-0.9721181966290612,2689334.0,9.7,-0.8660254037844387,0.4999999999999999,1.0,53750.0,7117.2,40872.0,162.0039731990232,19.74708342552185,8353.307499999999,24197.545,27367.2,21026.0,2241.0,5139.27,1723390.1,1443.53,2.4024773,2019
2023-12-12 13:00:00+00:00,12.072882,89.55725625000001,0.9469877530760752,-0.3212696616923651,2806027.0,34.55,-0.9659258262890684,-0.2588190451025203,1.0,56100.0,7117.2,45100.0,980.6964629148628,9.632333013746477,8757.365,58948.71499999999,10106.65,24791.0,5935.0,3773.27,584165.5,12855.43,7.626437,2023
2020-05-01 18:00:00+00:00,13.551469,17.2389636,-0.5049610547215204,0.8631421280499114,1740867.0,5.25,-1.8369701987210292e-16,-1.0,0.0,40550.0,5110.1,37350.0,279.5630402930403,14.302458246548982,7248.32,36540.36750000001,8930.1,12300.0,5933.0,369.19,449950.3,5374.88,7.661427,2020
2023-10-26 12:00:00+00:00,15.006259,89.55725625000001,0.4211008707960891,-0.9070138128026362,2730776.0,48.2,-1.0,1.2246467991473532e-16,1.0,51050.0,4065.8,40425.0,282.64253465608465,14.64000013139512,8337.615000000002,47109.3125,5083.799999999999,20862.0,4656.0,5037.47,779068.06,8531.51,6.3675632,2023
2023-09-19 09:00:00+00:00,18.262081,89.55725625000001,-0.2008905551306352,-0.97961369164549,2809675.0,37.55,-0.7071067811865475,0.7071067811865476,1.0,48600.0,7028.3,40900.0,203.1401278702779,20.881055619981552,3858.072500000001,11880.524999999994,13635.425,21139.0,2971.0,6881.57,1146137.6,5896.37,6.2459373,2023
2020-12-07 09:00:00+00:00,4.6678514,17.2389636,0.9226395488404876,-0.3856634062436074,2521048.0,14.15,-0.7071067811865475,0.7071067811865476,1.0,76500.0,6632.3,48865.0,214.65901092796088,6.113611194822522,11443.425,43994.3425,11304.6,20584.0,5242.0,845.29,206107.02,1123.0,3.1696339,2020
2018-03-02 16:00:00+00:00,6.0241876,15.1252596,0.4975132889071806,0.8674563547295969,812004.0,28.5,-0.5000000000000004,-0.8660254037844385,1.0,72150.0,6071.9,52950.0,415.3625589268757,5.545999964078268,10643.2125,61341.68749999999,19777.9,27822.0,6419.0,886.64,706080.06,3604.11,3.7580893,2018
2019-12-08 05:00:00+00:00,8.487942,22.79031588,0.9226395488404876,-0.3856634062436074,2815166.0,13.886666666666668,0.2588190451025207,0.9659258262890684,0.0,50050.0,6071.9,46626.0,318.8489647130648,8.136375049750011,5734.8875,4949.330000000002,16122.8,12450.0,3920.0,0.0,0.0,9891.31,7.8956203,2019
2023-04-24 19:00:00+00:00,11.664934,89.55725625000001,-0.3816892202666589,0.9242907221930932,1591705.0,39.8,0.2588190451025203,-0.9659258262890684,1.0,47500.0,6105.9,36717.0,294.2144922318423,14.043944358825678,8535.587500000001,32710.535000000003,23061.325,15634.0,5851.0,0.73,86420.79,4085.03,4.5615926,2023
2023-05-22 15:00:00+00:00,18.914318,89.55725625000001,-0.766658819300159,0.6420547132365637,2200163.0,28.3,-0.7071067811865477,-0.7071067811865475,1.0,42050.0,6121.4,37395.0,313.31412604617606,15.80549981858995,5583.2575,32919.1675,10776.225,16775.0,4982.0,5909.79,2002617.0,3478.74,4.3487983,2023
2018-12-17 19:00:00+00:00,7.0951924,15.1252596,0.9711000518829505,-0.2386727660059499,2085932.0,24.55,0.2588190451025203,-0.9659258262890684,1.0,75600.0,6121.4,55980.0,243.3956222832724,7.292083263397217,10734.0875,57901.41,31531.8,24381.0,5262.0,0.0,0.0,3648.31,4.645688,2018
2019-01-04 19:00:00+00:00,3.3544388,22.79031588,0.9976303053065856,0.0688024268023198,2186488.0,22.05,0.2588190451025203,-0.9659258262890684,1.0,77250.0,6265.5,56375.0,216.61157146927144,5.138499935468038,10169.160000000002,30653.575000000004,33113.0,20077.0,4893.0,0.0,0.0,2278.27,2.6636384,2019
2019-03-07 14:00:00+00:00,10.65042,22.79031588,0.4211008707960896,0.907013812802636,1161979.0,16.92,-0.8660254037844386,-0.5000000000000001,1.0,60200.0,7117.2,51711.0,280.1937352869353,9.017000039418532,7791.69,21137.9375,22700.4,23109.0,4632.0,3223.14,1637600.6,10209.49,8.584169,2019
2018-03-10 20:00:00+00:00,10.752376,15.1252596,0.373719714790469,0.9275416835791966,665128.0,22.08333333333333,0.5000000000000001,-0.8660254037844386,0.0,53000.0,6071.9,49925.0,412.341111448017,8.707166671752946,9339.9,50131.19,18584.3,17053.0,6117.0,0.0,0.0,2861.57,6.101158,2018
2018-11-16 12:00:00+00:00,11.96502,15.1252596,0.7146733860429608,-0.6994583270516471,2472229.0,25.7,-1.0,1.2246467991473532e-16,1.0,61800.0,5110.1,45770.0,150.04932464387468,10.886916557947798,10297.9675,48793.86,26724.4,21721.0,2834.0,3107.19,1145428.2,1052.99,3.8929143,2018
2022-02-08 06:00:00+00:00,5.05203,80.46928043999999,0.7829801036770629,0.6220467484408675,1729375.0,75.7,6.123233995736766e-17,1.0,1.0,70850.0,7117.2,45896.0,311.2079174399675,6.653833236959247,8454.4125,30905.429999999986,26395.5,23003.0,5116.0,0.0,0.0,4059.96,2.3859825,2022
2018-03-07 07:00:00+00:00,4.9427958,15.1252596,0.4211008707960896,0.907013812802636,665128.0,18.8,-0.2588190451025208,0.9659258262890684,1.0,71800.0,6071.9,51555.0,452.01484390629946,5.912499964237213,11405.2675,75347.965,25599.9,26477.0,6662.0,296.98,58940.957,4309.05,5.938207,2018
2019-03-20 11:00:00+00:00,10.246952,22.79031588,0.2093146459630487,0.9778483415056568,1135050.0,15.08,-0.9659258262890682,0.258819045102521,1.0,64250.0,7117.2,49320.0,419.9042623321124,8.90958335002263,9928.495,37155.6225,21681.4,19811.0,5756.0,5030.99,1910759.9,1219.66,1.7430227,2019
2021-01-17 21:00:00+00:00,4.4603457,46.29497964,0.9574851883550392,0.288482432880609,2081829.0,19.48333333333333,0.7071067811865474,-0.7071067811865477,0.0,66200.0,7117.2,53205.0,469.3765722629223,5.428666710853577,9145.357500000002,44159.605,28401.1,16218.0,5430.0,0.0,0.0,2372.89,4.0962276,2021
2018-03-02 22:00:00+00:00,4.1513333,15.1252596,0.4975132889071806,0.8674563547295969,812004.0,28.5,0.8660254037844384,-0.5000000000000004,1.0,76750.0,6071.9,52950.0,415.3625589268757,5.223166644573212,10776.232499999998,52710.38249999999,16927.1,18457.0,6699.0,0.0,0.0,4482.28,5.034081,2018
2023-01-29 21:00:00+00:00,2.9052343,89.55725625000001,0.8779600847008882,0.4787338401157884,1860943.0,55.43333333333333,0.7071067811865474,-0.7071067811865477,0.0,67250.0,7117.2,43310.0,251.8009174601565,5.249944365686841,6074.84,16278.3125,23533.025,15210.0,3390.0,0.0,0.0,3965.6,3.011556,2023
2021-02-01 13:00:00+00:00,9.3840275,46.29497964,0.8520775211013093,0.5234156073655503,1859154.0,17.5,-0.9659258262890684,-0.2588190451025203,1.0,65700.0,7117.2,50016.0,1155.258171275946,8.171000083287556,11407.1375,59116.1275,12794.1,23210.0,6791.0,2380.96,669304.25,5880.74,7.053493,2021
2018-07-31 03:00:00+00:00,18.762363,15.1252596,-0.8738071036110809,-0.4862727071086898,2817640.0,22.05,0.7071067811865476,0.7071067811865476,1.0,37600.0,7117.2,43505.0,175.92209395604397,20.30043347676592,7639.9975,46501.375,22233.6,18314.0,3376.0,0.0,0.0,1282.87,1.9995178,2018
2019-01-04 01:00:00+00:00,2.037677,22.79031588,0.9976303053065856,0.0688024268023198,2186488.0,22.05,0.9659258262890684,0.2588190451025207,1.0,68050.0,6205.2,56375.0,216.61157146927144,6.133666753768921,9025.89,32894.947499999995,19896.9,12050.0,3158.0,0.0,0.0,2285.46,3.5486097,2019
2023-08-03 03:00:00+00:00,17.208824,89.55725625000001,-0.847540922892831,-0.5307300481619335,2985265.0,30.0,0.7071067811865476,0.7071067811865476,1.0,32550.0,7117.2,33016.0,190.1331316128316,21.536222245958104,3264.9975,13264.322499999997,15094.675,14791.0,2680.0,0.0,0.0,13980.94,7.343132,2023
2018-04-21 21:00:00+00:00,15.357311,15.1252596,-0.3334687789181868,0.9427611433904208,642271.0,19.686666666666667,0.7071067811865474,-0.7071067811865477,0.0,46800.0,5066.1,45800.0,363.6343643309365,13.593666394551596,8290.5,46309.19,20430.2,13958.0,6781.0,0.0,0.0,1443.3,2.4932384,2018
2021-09-10 05:00:00+00:00,17.258528,46.29497964,-0.3496474552512282,-0.9368813462954316,2471418.0,58.03,0.2588190451025207,0.9659258262890684,1.0,46900.0,6053.3,42964.0,201.2386805046805,20.551333321465364,9195.4625,54342.7925,25412.5,21535.0,3354.0,0.0,18.182564,1761.43,2.41808,2021
2023-05-20 03:00:00+00:00,11.02714,89.55725625000001,-0.7441039398713604,0.6680638642135338,2051871.0,28.6,0.7071067811865476,0.7071067811865476,0.0,32900.0,5110.1,35491.0,329.03107782587784,13.511611408657496,4828.035,22510.7575,9553.35,12705.0,4672.0,0.0,0.0,5268.12,6.0611634,2023
2019-11-09 07:00:00+00:00,5.968009,22.79031588,0.6254105729852464,-0.7802958510707755,2986771.0,14.666666666666666,-0.2588190451025208,0.9659258262890684,0.0,58050.0,4002.2,40895.0,432.0396421245421,10.980333129564924,7722.3675,42841.975000000006,14867.3,17966.0,6214.0,6.38,15012.409,2329.62,4.0388803,2019
2023-09-21 03:00:00+00:00,16.616066,89.55725625000001,-0.1670516255021195,-0.9859481499638304,2809675.0,39.57,0.7071067811865476,0.7071067811865476,1.0,35650.0,5008.0,40520.0,198.1240264309764,20.346444712744816,4515.469999999999,21094.875,10330.125,15422.0,2519.0,0.0,0.0,7651.86,5.393751,2023
2018-11-16 01:00:00+00:00,9.800527,15.1252596,0.7146733860429608,-0.6994583270516471,2472229.0,25.7,0.9659258262890684,0.2588190451025207,1.0,51100.0,5110.1,44860.0,150.04932464387468,11.018111069997152,8550.980000000001,37994.33,20354.6,14624.0,2328.0,0.0,0.0,1481.05,3.142604,2018
2020-11-08 10:00:00+00:00,13.710174,17.2389636,0.6254105729852464,-0.7802958510707755,3088786.0,13.826666666666668,-0.8660254037844387,0.4999999999999999,0.0,48300.0,6125.5,48333.0,209.5911729141229,11.408666650454196,6891.91,35905.5125,13783.0,11555.0,3305.0,2486.77,883639.44,3704.87,4.176352,2020
2020-06-20 14:00:00+00:00,20.605507,17.2389636,-0.9837092937736096,0.1797665857255624,2837466.0,5.373333333333333,-0.8660254037844386,-0.5000000000000001,0.0,38700.0,6105.9,32775.0,340.5260545787545,17.319167073567705,5951.827499999999,21718.6425,13724.3,10640.0,5322.0,5652.17,2407029.8,1373.08,2.6597295,2020
2019-03-20 08:00:00+00:00,6.700985,22.79031588,0.2093146459630487,0.9778483415056568,1135050.0,15.08,-0.4999999999999998,0.8660254037844387,1.0,69000.0,7117.2,49320.0,419.9042623321124,8.69220850865046,10576.9225,41294.7275,24108.1,23557.0,6231.0,2378.25,641475.06,1310.09,1.6427768,2019
2019-04-26 05:00:00+00:00,8.358287,22.79031588,-0.4132786077829042,0.9106046300942162,1004280.0,14.3,0.2588190451025207,0.9659258262890684,1.0,52700.0,7038.5,47165.0,293.74963793243785,12.814666509628289,9340.62,47261.692500000005,20171.7,16651.0,5991.0,21.17,9347.326,2200.81,5.117705,2019
2022-03-23 00:00:00+00:00,7.353507,80.46928043999999,0.1585593851031345,0.9873494423939864,1369050.0,109.0,1.0,0.0,1.0,51200.0,6053.3,33435.0,208.0700429385429,10.138833072450405,8172.750000000001,46827.465,10880.0,14727.0,2674.0,0.0,0.0,3469.38,5.580193,2022
2020-01-11 20:00:00+00:00,5.611271,17.2389636,0.9821256058680006,0.1882267098432442,2742325.0,11.866666666666667,0.5000000000000001,-0.8660254037844386,0.0,61850.0,7117.2,54676.0,297.2119056573057,7.814083317915598,7023.650000000001,25720.44,31497.7,17497.0,4197.0,0.0,0.0,3863.7,3.9097297,2020
2020-07-28 03:00:00+00:00,18.646343,17.2389636,-0.8900275764346768,-0.4559066935084586,3100546.0,4.68,0.7071067811865476,0.7071067811865476,1.0,37000.0,7117.2,34815.0,176.11558345543347,20.399600283304828,6837.235000000001,23260.165,20899.9,16187.0,2809.0,0.0,0.0,3727.29,3.9016752,2020
2018-02-16 20:00:00+00:00,7.2590756,15.1252596,0.6901733882429719,0.7236440382959124,1194343.0,18.23,0.5000000000000001,-0.8660254037844386,1.0,66750.0,7117.2,56895.0,538.9052955094289,6.6791666746139535,10862.65,61764.31750000001,32501.1,22053.0,6319.0,0.0,0.0,2220.7,2.3765879,2018
2022-11-07 04:00:00+00:00,10.830531,80.46928043999999,0.5981809144059166,-0.8013610881746764,2495545.0,53.0,0.5000000000000001,0.8660254037844386,1.0,39350.0,6071.9,30805.0,179.01824777316085,10.841083407402024,4858.5650000000005,20280.295,14185.275,12704.0,2710.0,0.0,0.0,9753.78,6.9501133,2022
2021-02-26 07:00:00+00:00,6.233303,46.29497964,0.5560174366570445,0.831170626365808,1515570.0,15.8,-0.2588190451025208,0.9659258262890684,1.0,63350.0,6113.8,44925.0,362.0434265160765,8.666250069936114,9998.6625,50718.135,25101.1,23215.0,6727.0,264.2,28860.258,1463.55,2.7457576,2021
2019-03-20 18:00:00+00:00,10.052174,22.79031588,0.2093146459630487,0.9778483415056568,1135050.0,15.08,-1.8369701987210292e-16,-1.0,1.0,65350.0,7117.2,49320.0,419.9042623321124,9.42161104414197,11241.7525,60012.9725,22887.7,25020.0,6583.0,0.29,175043.12,1508.75,2.6582468,2019
2021-10-15 06:00:00+00:00,8.863533,46.29497964,0.2428497220959349,-0.9700639218515072,2385992.0,87.0,6.123233995736766e-17,1.0,1.0,59350.0,6796.4,44045.0,154.1777475783476,12.575722376505546,8526.220000000001,36333.55,26282.5,23143.0,3124.0,0.0,1314.3083,1673.39,1.8205988,2021
2022-07-25 18:00:00+00:00,23.442396,80.46928043999999,-0.9192859697186104,-0.3935902766564669,2312574.0,168.57,-1.8369701987210292e-16,-1.0,1.0,50600.0,7117.2,24992.0,148.19598463573462,22.629999796549484,5625.219999999999,39339.5075,21233.8,25558.0,3251.0,1032.09,708691.1,8246.71,5.926755,2022
2020-05-17 06:00:00+00:00,10.851786,17.2389636,-0.7206671495538609,0.6932812268869777,2184713.0,4.593333333333334,6.123233995736766e-17,1.0,0.0,34550.0,5110.1,34635.0,331.5456115588116,14.00729203224182,6256.672500000001,16199.417500000003,10925.9,10114.0,6143.0,1098.42,413357.25,1910.23,3.2596653,2020
2018-05-28 13:00:00+00:00,19.98854,15.1252596,-0.8287700871745035,0.5595892624101769,1791003.0,22.4,-0.9659258262890684,-0.2588190451025203,1.0,50750.0,4076.8,44565.0,363.79667266992266,14.608749787012716,8861.7125,43066.075,23166.6,21474.0,6901.0,3156.1,2215790.0,1493.35,1.6251343,2018
2018-04-14 00:00:00+00:00,9.031798,15.1252596,-0.2177232303965317,0.9760105506323684,616931.0,19.9,1.0,0.0,0.0,49150.0,5066.1,45895.0,431.4565738253516,9.595666686693814,8009.905,36198.37,22993.2,13924.0,5928.0,0.0,0.0,1603.71,1.4324205,2018
2019-12-23 18:00:00+00:00,9.018621,22.79031588,0.9905324521322229,-0.1372787721132651,2804309.0,11.38,-1.8369701987210292e-16,-1.0,1.0,66100.0,7117.2,48810.0,826.6352026251526,8.968083381652832,7901.53,34684.42,23395.8,17134.0,7391.0,0.0,0.0,6077.13,6.582784,2019
2021-07-15 01:00:00+00:00,15.693004,46.29497964,-0.973118337233262,-0.2303056702306119,2463983.0,34.0,0.9659258262890684,0.2588190451025207,1.0,35550.0,7117.2,40510.0,774.9607192918193,17.051583488782253,4782.1075,36851.295,14874.2,15781.0,5438.0,0.0,0.0,6706.46,4.476671,2021
2021-03-20 02:00:00+00:00,2.9793131,46.29497964,0.2093146459630487,0.9778483415056568,1154107.0,18.016666666666666,0.8660254037844387,0.4999999999999999,0.0,57550.0,6111.4,43600.0,326.34500592185594,6.99422221713596,8023.897500000001,41281.1725,8871.5,13713.0,5248.0,0.0,0.0,4873.46,6.5498447,2021
2021-05-31 20:00:00+00:00,17.364029,46.29497964,-0.8565509959010036,0.5160623910158528,1628356.0,25.5,0.5000000000000001,-0.8660254037844386,1.0,45100.0,5068.5,40860.0,301.22184851444854,17.44122219085695,7768.755000000001,45965.0825,23378.1,17416.0,6393.0,182.44,52863.695,3588.15,4.5056386,2021
2021-09-08 16:00:00+00:00,23.729023,46.29497964,-0.3816892202666594,-0.924290722193093,2471418.0,54.75,-0.5000000000000004,-0.8660254037844385,1.0,49950.0,7117.2,44456.0,199.97613860398857,21.74705600738525,8689.0975,52431.195,18823.6,22920.0,3214.0,3724.9,1087365.8,3252.58,2.3228488,2021
2022-06-07 19:00:00+00:00,18.61959,80.46928043999999,-0.9123747579707272,0.4093559588156217,2345706.0,79.0,0.2588190451025203,-0.9659258262890684,1.0,44600.0,6113.8,29125.0,209.5169253154253,19.661610815260136,8790.410000000002,47261.98,23554.225,20593.0,5252.0,246.58,243227.02,2798.75,4.1145415,2022
2020-11-30 12:00:00+00:00,7.3409796,17.2389636,0.8695893893466109,-0.4937755501599773,2674858.0,15.2,-1.0,1.2246467991473532e-16,1.0,72400.0,7056.9,50945.0,169.01593256003258,6.322777801089816,10090.875,49469.6275,25437.2,22263.0,4334.0,4126.76,1103367.9,1314.47,0.9721634,2020
2021-02-21 05:00:00+00:00,8.81522,46.29497964,0.6254105729852463,0.7802958510707755,1533892.0,16.16,0.2588190451025207,0.9659258262890684,0.0,46900.0,6113.8,43120.0,408.267239010989,8.265000104904173,6060.6925,21013.67,10197.7,12696.0,4649.0,0.0,0.0,8007.2,6.4437523,2021
2022-08-13 05:00:00+00:00,18.472027,80.46928043999999,-0.7441039398713605,-0.6680638642135336,2280964.0,210.5,0.2588190451025207,0.9659258262890684,0.0,32700.0,7117.2,26291.0,114.89604756539754,21.609249750773124,6515.612499999999,35156.02250000001,20391.775,12046.0,1760.0,85.34,12909.008,3639.82,2.1380765,2022
2023-11-26 05:00:00+00:00,3.4610033,89.55725625000001,0.8239230057575542,-0.5667017562911177,2932723.0,44.9,0.2588190451025207,0.9659258262890684,0.0,51850.0,6125.5,43285.0,466.7725746753247,8.44005578094058,7107.320000000001,32350.78,18834.3,12874.0,5031.0,0.0,0.0,2845.89,1.6693598,2023
2019-12-12 20:00:00+00:00,7.353916,22.79031588,0.9469877530760752,-0.3212696616923651,2657645.0,13.4,0.5000000000000001,-0.8660254037844386,1.0,68050.0,6071.9,45635.0,419.57166910866914,7.982749998569488,7861.977500000001,41453.6375,20020.1,23595.0,6321.0,0.0,0.0,11022.15,8.2547655,2019
2019-09-30 18:00:00+00:00,17.77345,22.79031588,-0.0129102960750088,-0.999916658654738,2648638.0,8.23,-1.8369701987210292e-16,-1.0,1.0,51300.0,7117.2,41230.0,144.81617696377697,17.72016652425129,9533.465,41648.22,28452.6,22862.0,3150.0,0.0,40588.32,2327.36,4.7281175,2019
2023-12-29 03:00:00+00:00,8.844766,89.55725625000001,0.9994074007397048,-0.0344216116227458,2795844.0,31.85,0.7071067811865476,0.7071067811865476,1.0,45150.0,7117.2,43950.0,480.4434224627225,8.351222356160486,3309.6800000000003,1632.114999999998,17677.5,9488.0,5263.0,0.0,0.0,12485.14,7.1489673,2023
2021-02-24 01:00:00+00:00,9.828084,46.29497964,0.5842981736283684,0.811539059007361,1515570.0,16.25,0.9659258262890684,0.2588190451025207,1.0,51000.0,6113.8,44925.0,375.0799197191697,9.33125011126201,5803.7875,24268.835000000003,13182.2,14296.0,4696.0,0.0,0.0,7335.19,6.9090343,2021
2020-04-15 03:00:00+00:00,6.775793,17.2389636,-0.2511900638848191,0.9679377830240644,1551504.0,6.85,0.7071067811865476,0.7071067811865476,1.0,37850.0,5973.1,43255.0,194.47138978428976,13.315166433652236,7082.4025,30275.0925,12913.5,9879.0,4309.0,0.0,0.0,4662.58,5.696234,2020
2020-05-13 16:00:00+00:00,13.398383,17.2389636,-0.6712599575675313,0.7412220108485958,2184713.0,5.1,-0.5000000000000004,-0.8660254037844385,1.0,45150.0,5110.1,39010.0,397.01524910459904,14.286499937375378,6064.8825,48174.885,18191.6,17812.0,7418.0,2434.63,1290565.2,5953.11,3.900265,2020
2020-11-25 16:00:00+00:00,10.261278,17.2389636,0.8239230057575542,-0.5667017562911177,2929262.0,14.02,-0.5000000000000004,-0.8660254037844385,1.0,64400.0,7117.2,51662.0,183.0314709605209,8.850250005722046,10560.21,57782.6525,26413.3,25803.0,4433.0,95.7,143483.28,3595.74,2.694246,2020
2021-06-18 18:00:00+00:00,21.822327,46.29497964,-0.973118337233262,0.2303056702306122,2002076.0,29.55,-1.8369701987210292e-16,-1.0,1.0,45200.0,5068.5,37455.0,320.9149567155067,21.996999846564403,7828.4575,46318.065,21050.7,22819.0,6425.0,1985.27,676747.44,1611.2,0.42423728,2021
2023-12-04 16:00:00+00:00,7.297382,89.55725625000001,0.893918596519257,-0.4482293417404106,2789836.0,39.75,-0.5000000000000004,-0.8660254037844385,1.0,68800.0,6125.5,45485.0,678.6125370851371,7.406555546654594,10532.955,46466.302500000005,20426.45,25767.0,5754.0,66.01,118900.49,14734.35,4.328083,2023
2020-10-12 14:00:00+00:00,13.19522,17.2389636,0.209314645963048,-0.9778483415056568,3019708.0,13.68,-0.8660254037844386,-0.5000000000000001,1.0,54050.0,6125.5,42805.0,267.5914591168091,12.764499727884932,8877.3375,54043.235,8213.8,21086.0,3841.0,3893.99,1151426.0,2581.13,4.0164,2020
2023-12-06 04:00:00+00:00,4.348578,89.55725625000001,0.9088176373395028,-0.4171936026123169,2789836.0,39.0,0.5000000000000001,0.8660254037844386,1.0,57150.0,6125.5,45505.0,615.1474013227513,7.742777771419949,7946.522499999999,39613.7475,18800.0,16453.0,5369.0,0.0,0.0,3076.75,2.0837455,2023
2021-03-30 11:00:00+00:00,17.013733,46.29497964,0.0387222808921744,0.9992500112396836,961615.0,18.75,-0.9659258262890682,0.258819045102521,1.0,53300.0,6111.4,42624.0,247.2979945665446,11.386111259460444,6740.952499999999,26723.80750000001,16367.8,17251.0,4087.0,6861.35,2506788.5,1864.39,3.180909,2021
2022-05-23 01:00:00+00:00,16.074528,80.46928043999999,-0.7775971469736267,0.6287628145958347,1954315.0,81.0,0.9659258262890684,0.2588190451025207,1.0,34500.0,5122.1,29475.0,227.6560926739927,19.437222162882467,7095.610000000001,26830.59,13578.2,11863.0,4596.0,0.0,0.0,3108.79,1.4175181,2022
2018-09-08 10:00:00+00:00,19.678288,15.1252596,-0.3816892202666594,-0.924290722193093,2718547.0,28.526666666666667,-0.8660254037844387,0.4999999999999999,0.0,45800.0,7117.2,44876.0,158.6232873829874,16.398000081380207,7549.095000000001,25540.612500000003,24197.7,14288.0,2460.0,4328.54,1960261.2,535.13,1.3123147,2018
2021-09-16 19:00:00+00:00,17.541212,46.29497964,-0.2511900638848195,-0.9679377830240642,2394175.0,60.85,0.2588190451025203,-0.9659258262890684,1.0,47100.0,7117.2,43916.0,230.63263506308508,20.47916698455812,9894.57,43504.8275,28206.6,22272.0,4062.0,10.07,4387.7744,1167.4,2.124551,2021
2020-01-09 20:00:00+00:00,8.898264,17.2389636,0.9880226656636976,0.1543088206642811,2742325.0,11.8,0.5000000000000001,-0.8660254037844386,1.0,61501.0,7117.2,50766.0,323.16063396418394,8.114166617393494,8042.3175,35571.03749999999,31621.7,23133.0,5325.0,0.0,0.0,11530.7,6.4541507,2020
2020-10-16 20:00:00+00:00,9.727155,17.2389636,0.276096973097468,-0.961129783872301,3019708.0,14.77,0.5000000000000001,-0.8660254037844386,1.0,54500.0,6125.5,44650.0,254.05487973137977,11.677499993642172,9126.5025,50308.18000000001,25923.7,17935.0,4844.0,0.0,0.0,2249.76,2.6738484,2020
2020-04-06 01:00:00+00:00,10.2792845,17.2389636,-0.0988201387328714,0.9951053111006976,1513412.0,7.13,0.9659258262890684,0.2588190451025207,1.0,38850.0,7117.2,42245.0,203.0502775946276,11.813499887784324,4895.68,16810.710000000003,12756.4,8282.0,3083.0,0.0,0.0,7311.36,4.737054,2020
2019-05-29 10:00:00+00:00,14.6036,22.79031588,-0.8382797052177741,0.5452404385406513,1481998.0,11.75,-0.8660254037844387,0.4999999999999999,1.0,53000.0,5122.1,45222.0,338.40830645095645,15.09508339564005,8283.9575,40662.76999999999,19668.5,21016.0,6410.0,5481.09,2086926.1,1789.39,3.372951,2019
2020-05-12 13:00:00+00:00,12.929225,17.2389636,-0.6584015846980488,0.7526668275320085,2184713.0,5.13,-0.9659258262890684,-0.2588190451025203,1.0,47100.0,5110.1,39430.0,403.70426674806674,14.294999996821073,6690.572499999999,22253.97,20452.1,17533.0,6940.0,4775.41,2346507.5,2533.62,2.5332985,2020
2019-07-07 09:00:00+00:00,20.864527,22.79031588,-0.9955213724144752,-0.0945367498171993,2572658.0,11.643333333333334,-0.7071067811865475,0.7071067811865476,0.0,43600.0,7117.2,41053.0,267.7200666463166,22.765500068664533,6912.8025,20543.525,21803.1,14268.0,4556.0,4891.07,1815026.0,1290.36,1.8891712,2019
2018-02-24 01:00:00+00:00,0.789994,15.1252596,0.5842981736283684,0.811539059007361,1101070.0,26.2,0.9659258262890684,0.2588190451025207,0.0,71150.0,6053.3,52400.0,527.5108148419482,4.91300008694331,8153.110000000001,40186.68,23835.0,15272.0,6140.0,0.0,0.0,3738.98,4.714282,2018
2019-04-08 19:00:00+00:00,10.713252,22.79031588,-0.1159345995955004,0.9932568492674144,932025.0,15.88,0.2588190451025203,-0.9659258262890684,1.0,58200.0,6071.9,48610.0,266.84579183964183,11.132666693793402,10133.44,40107.3625,25770.3,21328.0,5080.0,0.0,37739.63,1131.0,0.9193289,2019
2023-10-26 04:00:00+00:00,13.594735,89.55725625000001,0.4211008707960891,-0.9070138128026362,2730776.0,48.2,0.5000000000000001,0.8660254037844386,1.0,41800.0,4065.8,40425.0,282.64253465608465,14.635611322191023,8604.395,38551.345,8285.6,17718.0,4100.0,0.0,0.0,5393.63,6.087275,2023
2022-09-03 18:00:00+00:00,20.861269,80.46928043999999,-0.4597327394521046,-0.888057322629493,2244154.0,199.52,-1.8369701987210292e-16,-1.0,0.0,41050.0,7117.2,23311.0,127.13238503626002,21.641166528065973,8491.712500000001,32070.1225,19034.575,16906.0,2283.0,175.39,270012.25,1662.16,2.3682826,2022
2021-06-30 11:00:00+00:00,18.174465,46.29497964,-0.9996666485105112,0.025818440227133,2310252.0,35.5,-0.9659258262890682,0.258819045102521,1.0,52750.0,7117.2,41060.0,452.6864943833944,17.905250151952092,8805.42,41085.990000000005,19974.5,23191.0,5896.0,5780.18,2150286.0,1537.97,3.0506644,2021
2022-07-15 23:00:00+00:00,19.678198,80.46928043999999,-0.973118337233262,-0.2303056702306119,2462110.0,154.25,0.9659258262890684,-0.2588190451025207,0.0,40450.0,7117.2,25950.0,139.1708654253154,23.846499919891336,7164.21,32531.975,21734.575,18056.0,2684.0,0.0,0.0,2664.07,3.024708,2022
2019-12-17 13:00:00+00:00,11.653692,22.79031588,0.9711000518829505,-0.2386727660059499,2652638.0,13.2,-0.9659258262890684,-0.2588190451025203,1.0,64500.0,6071.9,41825.0,677.7147895400897,8.780999978383385,9651.1475,44309.59749999999,27819.4,25493.0,7112.0,1506.05,631222.25,6076.72,3.9804945,2019
2023-07-15 23:00:00+00:00,18.2018,89.55725625000001,-0.973118337233262,-0.2303056702306119,3007664.0,25.433333333333334,0.9659258262890684,-0.2588190451025207,0.0,36400.0,7117.2,32925.0,183.62440041810044,22.79544427659777,3953.155,17273.737500000003,16306.85,15152.0,3232.0,0.0,0.0,9500.47,5.6823683,2023
2018-04-14 11:00:00+00:00,13.187497,15.1252596,-0.2177232303965317,0.9760105506323684,616931.0,19.9,-0.9659258262890682,0.258819045102521,0.0,51800.0,5066.1,44865.0,431.4565738253516,9.839416662851956,7770.285,28928.9975,23783.5,11541.0,6130.0,3257.01,2097238.8,709.24,1.5096303,2018
2022-03-23 15:00:00+00:00,14.391831,80.46928043999999,0.1585593851031345,0.9873494423939864,1369050.0,109.0,-0.7071067811865477,-0.7071067811865475,1.0,49700.0,6053.3,33435.0,208.0700429385429,10.806222253375566,8312.5075,48748.6475,13569.6,20277.0,3236.0,5361.97,1876645.2,2155.91,3.846649,2022
2020-04-23 05:00:00+00:00,9.787044,17.2389636,-0.3816892202666589,0.9242907221930932,1670557.0,5.65,0.2588190451025207,0.9659258262890684,1.0,40150.0,5910.1,41575.0,262.6538834961336,14.23687497774758,6614.955,44214.787500000006,19374.6,14760.0,5141.0,23.59,11647.781,1930.77,1.8132905,2020
2019-09-30 11:00:00+00:00,18.6958,22.79031588,-0.0129102960750088,-0.999916658654738,2648638.0,8.23,-0.9659258262890682,0.258819045102521,1.0,52600.0,7117.2,42430.0,144.81617696377697,17.52304156621299,8376.605,13404.464999999997,25180.7,19878.0,2450.0,4560.49,1551122.1,2024.14,4.217863,2019
2019-11-04 05:00:00+00:00,11.130531,22.79031588,0.5560174366570438,-0.8311706263658084,2986771.0,13.05,0.2588190451025207,0.9659258262890684,1.0,47850.0,5047.5,39990.0,426.0825935897435,12.804333329200734,8145.755,42832.075,8964.7,16134.0,6025.0,0.0,0.0,7329.18,8.8431,2019
2018-08-13 02:00:00+00:00,18.412926,15.1252596,-0.7441039398713605,-0.6680638642135336,2869444.0,23.6,0.8660254037844387,0.4999999999999999,1.0,32450.0,7117.2,39430.0,174.2924036223036,19.47370014190673,7201.7300000000005,38855.4025,19487.7,11195.0,3100.0,0.0,0.0,2175.85,3.7974772,2018
2021-09-12 08:00:00+00:00,17.670938,46.29497964,-0.3171912885891059,-0.9483615800121716,2471418.0,60.34333333333333,-0.4999999999999998,0.8660254037844387,0.0,39450.0,7117.2,42002.0,184.52991023606023,19.687055322859024,7015.762499999999,27415.029999999995,15842.6,12172.0,2208.0,1579.7,818059.9,990.63,0.72578925,2021
2022-09-03 22:00:00+00:00,17.966663,80.46928043999999,-0.4597327394521046,-0.888057322629493,2244154.0,199.52,0.8660254037844384,-0.5000000000000004,0.0,39000.0,7117.2,23311.0,120.51565635198132,20.746083577473968,7566.905000000001,21578.195,16842.275,13534.0,1798.0,0.0,0.0,1521.99,3.0797834,2022
2023-05-23 05:00:00+00:00,13.180818,89.55725625000001,-0.7775971469736267,0.6287628145958347,2200163.0,29.45,0.2588190451025207,0.9659258262890684,1.0,42100.0,6121.4,37395.0,306.81707489177484,14.970333152347155,6283.619999999999,35495.145,16430.4,18688.0,5424.0,422.31,64588.54,4722.06,4.8989944,2023
2018-06-06 00:00:00+00:00,15.096725,15.1252596,-0.9051931898913974,0.4250003399695541,2062657.0,21.6,1.0,0.0,1.0,40500.0,4076.8,42760.0,476.7221895197395,14.82966669400534,7559.29,40116.3225,20145.7,15216.0,7374.0,0.0,0.0,1766.74,1.4779514,2018
2018-01-11 01:00:00+00:00,5.961923,15.1252596,0.9821256058680006,0.1882267098432442,1719409.0,19.27,0.9659258262890684,0.2588190451025207,1.0,60550.0,6053.3,57480.0,807.2189843711844,6.965999921162924,9351.0425,54578.5225,11763.7,13882.0,5787.0,0.0,0.0,1883.0,2.9574323,2018
2020-04-10 06:00:00+00:00,9.817848,17.2389636,-0.167051625502119,0.9859481499638304,1513412.0,7.05,6.123233995736766e-17,1.0,1.0,41300.0,7030.4,42460.0,193.522282010582,12.901708443959542,7166.570000000001,34005.76,11666.9,13571.0,4835.0,453.62,109839.75,3079.89,3.5711782,2020
2020-10-19 21:00:00+00:00,12.418325,17.2389636,0.3253420847119803,-0.9455963874271424,2956736.0,15.0,0.7071067811865474,-0.7071067811865477,1.0,55950.0,6125.5,44320.0,222.30273547008548,11.710233338673907,6798.1825,33301.0975,13073.3,16129.0,3557.0,0.0,0.0,8540.39,8.325627,2020
2020-11-17 08:00:00+00:00,9.684764,17.2389636,0.7383263540031063,-0.6744436188329457,3012185.0,13.45,-0.4999999999999998,0.8660254037844387,1.0,61000.0,6125.5,49310.0,215.03522452177447,10.167666673660282,8484.0375,39505.8575,26594.9,23228.0,4729.0,383.64,146541.27,3590.16,3.032018,2020
2020-09-06 08:00:00+00:00,16.286373,17.2389636,-0.3975428142825566,-0.9175836260593934,2975651.0,11.426666666666668,-0.4999999999999998,0.8660254037844387,0.0,37800.0,6121.4,32990.0,181.50243724053723,17.1766335805257,6743.202499999999,24243.2,8740.5,11068.0,2695.0,3205.03,810946.56,1138.67,2.7554798,2020
2023-07-13 15:00:00+00:00,22.752523,89.55725625000001,-0.980469160361632,-0.1966728897935762,3007664.0,26.1,-0.7071067811865477,-0.7071067811865475,1.0,47200.0,7117.2,34280.0,220.8787837662338,23.195166481865787,4855.365000000002,22812.275,16564.475,24145.0,3613.0,8224.82,2127088.0,3312.7,3.5541253,2023
2023-01-18 22:00:00+00:00,2.392399,89.55725625000001,0.9523775757303976,0.304921224656289,2331058.0,61.9,0.8660254037844384,-0.5000000000000004,1.0,68150.0,7117.2,42520.0,502.932324953951,5.552250107129416,6707.280000000001,36480.57,14417.825,17394.0,5781.0,0.0,0.0,5170.14,6.579323,2023
2018-02-14 16:00:00+00:00,6.7698727,15.1252596,0.7146733860429609,0.699458327051647,1194343.0,18.23,-0.5000000000000004,-0.8660254037844385,1.0,75850.0,7117.2,56895.0,451.88809377515486,5.424333333969116,10870.765,65871.725,22115.8,26659.0,5843.0,315.01,334819.47,5706.05,5.2613144,2018
2018-09-16 01:00:00+00:00,14.673559,15.1252596,-0.2511900638848195,-0.9679377830240642,2678886.0,27.45,0.9659258262890684,0.2588190451025207,0.0,34700.0,7117.2,44825.0,138.93950136345137,16.522399965922034,6925.28,39321.685000000005,19439.5,12457.0,1901.0,0.0,0.0,1749.78,2.3998046,2018
2023-12-10 03:00:00+00:00,9.689041,89.55725625000001,0.935367949313148,-0.3536761221763721,2789836.0,36.9,0.7071067811865476,0.7071067811865476,0.0,46100.0,6125.5,44920.0,708.7674495430497,8.431000020768908,3202.9,7163.745000000003,9072.5,11569.0,5560.0,0.0,0.0,13256.84,8.241774,2023
2023-09-21 21:00:00+00:00,15.166997,89.55725625000001,-0.1670516255021195,-0.9859481499638304,2809675.0,39.57,0.7071067811865474,-0.7071067811865477,1.0,44200.0,6071.9,39640.0,198.1240264309764,20.09883313708836,7566.102499999999,30457.22,14783.675,17166.0,3651.0,0.0,0.0,9116.84,5.5953774,2023
2020-12-26 18:00:00+00:00,4.5775633,17.2389636,0.9976303053065856,-0.0688024268023197,2473628.0,17.985,-1.8369701987210292e-16,-1.0,0.0,69000.0,7117.2,51315.0,389.6436301180301,6.217833307054305,5735.547500000001,10765.462500000009,22942.0,14730.0,5401.0,0.0,0.0,8745.35,5.3982973,2020
2022-12-18 03:00:00+00:00,1.6197478,80.46928043999999,0.9750645322571948,-0.2219215130041658,2190805.0,110.5,0.7071067811865476,0.7071067811865476,0.0,63400.0,7117.2,41185.0,238.29207203086773,5.31758334239324,7077.99,27824.705,12854.475,10661.0,4108.0,0.0,0.0,6653.47,5.048007,2022
2020-05-24 05:00:00+00:00,11.004665,17.2389636,-0.7987793728863647,0.6016240632249229,2355412.0,4.015000000000001,0.2588190451025207,0.9659258262890684,0.0,30600.0,4106.7,30122.0,236.902925091575,16.294416427612315,4861.977500000001,8809.434999999994,8791.4,9552.0,4441.0,314.74,96405.07,2632.5,3.3225071,2020
2019-09-25 04:00:00+00:00,15.07901,22.79031588,-0.0988201387328721,-0.9951053111006974,2650572.0,10.15,0.5000000000000001,0.8660254037844386,1.0,40400.0,7117.2,40910.0,149.15406483516483,17.483041524887092,7728.5075,48027.0775,20203.7,18299.0,2165.0,0.0,0.0,6023.56,6.643068,2019
2023-10-20 22:00:00+00:00,13.510301,89.55725625000001,0.3253420847119803,-0.9455963874271424,2620085.0,46.0,0.8660254037844384,-0.5000000000000004,0.0,42200.0,4765.8,41680.0,210.02117656787647,16.08727804819743,6587.672500000001,17341.6125,8627.825,14489.0,3432.0,0.0,0.0,11928.77,7.7173243,2023
2020-06-09 13:00:00+00:00,15.997732,17.2389636,-0.9322892131745132,0.3617137307297676,2775806.0,4.65,-0.9659258262890684,-0.2588190451025203,1.0,47450.0,5102.5,34470.0,254.64873469678463,16.970874786376946,7144.76,45010.365000000005,13328.3,18900.0,5637.0,5276.45,2233193.8,2359.42,3.5602949,2020
2018-12-17 00:00:00+00:00,6.3442554,15.1252596,0.9711000518829505,-0.2386727660059499,2085932.0,24.55,1.0,0.0,1.0,62450.0,6121.4,55655.0,243.3956222832724,7.384888966878255,8201.5925,44934.545,14492.2,13752.0,3080.0,0.0,0.0,5463.55,6.1481137,2018
2018-07-31 19:00:00+00:00,23.73356,15.1252596,-0.8738071036110809,-0.4862727071086898,2817640.0,22.05,0.2588190451025203,-0.9659258262890684,1.0,46050.0,7117.2,44300.0,175.92209395604397,20.519708633422866,8845.702500000001,56128.8075,27004.2,26052.0,4100.0,30.1,243568.14,1426.12,2.9499722,2018
2021-03-20 04:00:00+00:00,2.4426982,46.29497964,0.2093146459630487,0.9778483415056568,1154107.0,18.016666666666666,0.5000000000000001,0.8660254037844386,0.0,56950.0,6111.4,44285.0,326.34500592185594,6.818611118528577,8332.695000000002,41669.735,8415.5,14084.0,5118.0,0.0,0.0,4349.18,6.34138,2021
2019-09-26 06:00:00+00:00,15.533152,22.79031588,-0.0816763953304228,-0.99665890175417,2650572.0,10.18,6.123233995736766e-17,1.0,1.0,49900.0,7117.2,40910.0,154.330685999186,17.43416666984559,8763.2425,51627.105,27633.7,23493.0,2661.0,12.81,9941.902,3742.47,6.497456,2019
2020-01-11 12:00:00+00:00,8.330681,17.2389636,0.9821256058680006,0.1882267098432442,2742325.0,11.866666666666667,-1.0,1.2246467991473532e-16,0.0,64550.0,7117.2,53496.0,297.2119056573057,7.947833359241485,7608.204999999999,34068.16,24811.9,14958.0,4219.0,3490.99,971964.94,3653.85,3.7011085,2020
2018-02-14 03:00:00+00:00,2.131328,15.1252596,0.7146733860429609,0.699458327051647,1194343.0,18.23,0.7071067811865476,0.7071067811865476,1.0,68700.0,7117.2,56895.0,451.88809377515486,4.800666630268096,8709.1675,52410.4575,13987.3,15039.0,5107.0,0.0,0.0,1880.72,2.9849308,2018
2021-08-24 01:00:00+00:00,16.396065,46.29497964,-0.6050560696488494,-0.7961828637826154,2612909.0,45.6,0.9659258262890684,0.2588190451025207,1.0,35950.0,7117.2,43377.0,248.9943825396826,18.11470842361449,6205.7725,33225.927500000005,13840.9,14532.0,3116.0,0.0,0.0,3954.59,5.2779117,2021
2018-05-23 15:00:00+00:00,18.954298,15.1252596,-0.7775971469736267,0.6287628145958347,1497111.0,22.8,-0.7071067811865477,-0.7071067811865475,1.0,48600.0,5068.5,46135.0,368.8641185185186,14.763249874115,8765.79,46489.0725,25487.0,21806.0,7130.0,3172.03,2061375.4,866.64,2.0805843,2018
2019-11-07 10:00:00+00:00,9.463384,22.79031588,0.5981809144059166,-0.8013610881746764,2986771.0,14.38,-0.8660254037844387,0.4999999999999999,1.0,63750.0,5047.5,40040.0,473.74174088319097,12.028083443641655,10264.8775,47089.1675,19456.9,23122.0,6357.0,2124.1,756977.56,7977.54,6.03386,2019
2019-08-29 15:00:00+00:00,24.234003,22.79031588,-0.5343725582809793,-0.8452490573530629,2760250.0,9.9,-0.7071067811865477,-0.7071067811865475,1.0,51000.0,6196.9,40695.0,202.36205404965403,22.396416743596408,9287.44,48658.96000000001,27418.3,23267.0,3578.0,3801.02,1888261.8,952.82,1.8456093,2019
2019-02-12 10:00:00+00:00,6.125839,22.79031588,0.7383263540031065,0.6744436188329455,1446619.0,17.45,-0.8660254037844387,0.4999999999999999,1.0,77700.0,7117.2,55920.0,371.13760754985753,7.060277726915146,11056.065,50253.6225,29799.8,22788.0,5641.0,3017.24,942151.06,1708.38,1.4290493,2019
2023-07-10 00:00:00+00:00,19.3698,89.55725625000001,-0.9893142039703664,-0.1457991969198744,3007664.0,31.33,1.0,0.0,1.0,36400.0,7117.2,35680.0,187.0689268879269,23.5914444393582,6660.987499999999,29355.9625,18669.4,13470.0,3193.0,0.0,0.0,1526.63,1.595515,2023
2018-06-24 13:00:00+00:00,21.329199,15.1252596,-0.99167731989929,0.1287481774525808,2562038.0,21.666666666666668,-0.9659258262890684,-0.2588190451025203,0.0,37750.0,5068.5,40320.0,294.2393981277981,16.973541498184197,6464.85,32682.425,20977.2,10325.0,5667.0,4498.77,2830794.8,1479.81,2.9390507,2018
2022-10-07 18:00:00+00:00,16.03373,80.46928043999999,0.1073813466641621,-0.994217906893952,2313405.0,105.0,-1.8369701987210292e-16,-1.0,1.0,48750.0,6111.4,28010.0,216.8753104416517,16.131250143051158,6648.422500000001,44728.55,24478.0,20844.0,3216.0,0.0,21552.137,1838.08,1.8778478,2022
2022-01-08 07:00:00+00:00,5.264004,80.46928043999999,0.9905324521322229,0.1372787721132647,2152112.0,84.33333333333334,-0.2588190451025208,0.9659258262890684,0.0,65550.0,6105.9,45879.0,477.185658038258,6.300944520367518,8066.582499999999,39444.4325,15633.6,16610.0,5755.0,0.0,18.357607,6493.6,7.4763117,2022
2021-04-10 10:00:00+00:00,10.374656,46.29497964,-0.1500553983446526,0.9886775902323404,998746.0,19.933333333333334,-0.8660254037844387,0.4999999999999999,0.0,53700.0,6111.4,38605.0,211.56035614570607,10.770833386315232,7636.045,38232.14,20767.5,14333.0,3512.0,3387.39,1204206.5,4847.46,2.196018,2021
2018-01-26 22:00:00+00:00,6.0075893,15.1252596,0.901501684131884,0.4327755925504312,1704964.0,17.4,0.8660254037844384,-0.5000000000000004,1.0,67400.0,7117.2,58695.0,1024.5126239824992,7.427750070889791,10881.195,60993.69,19619.7,17625.0,6412.0,0.0,0.0,1434.23,3.4567087,2018
2022-01-08 22:00:00+00:00,6.6901875,80.46928043999999,0.9905324521322229,0.1372787721132647,2152112.0,84.33333333333334,0.8660254037844384,-0.5000000000000004,0.0,64650.0,6105.9,47525.0,477.185658038258,6.65077781677246,6018.647500000001,18366.8925,12313.1,13321.0,5330.0,0.0,0.0,14377.92,9.125811,2022
2018-06-24 19:00:00+00:00,19.792053,15.1252596,-0.99167731989929,0.1287481774525808,2562038.0,21.666666666666668,0.2588190451025203,-0.9659258262890684,0.0,39300.0,5068.5,41650.0,294.2393981277981,17.018208185831703,8323.19,44658.3625,23789.7,15756.0,6517.0,160.29,413220.16,2256.12,4.049253,2018
2021-10-03 20:00:00+00:00,13.923941,46.29497964,0.0387222808921739,-0.9992500112396836,2330764.0,88.8,0.5000000000000001,-0.8660254037844386,0.0,41900.0,7117.2,41362.0,167.13998561253558,16.203777790069562,6065.929999999999,25977.3225,15794.7,14540.0,3620.0,0.0,0.0,5115.3,4.524587,2021
2023-08-27 13:00:00+00:00,18.81644,89.55725625000001,-0.5631507242749187,-0.8263541987239094,2829706.0,35.650000000000006,-0.9659258262890684,-0.2588190451025203,0.0,37900.0,6883.5,36273.0,219.44742895252887,21.390944586859817,2955.9575000000004,27380.5775,-5862.6500000000015,13444.0,2907.0,8675.22,1597328.0,5229.3,5.5205045,2023
2020-10-19 09:00:00+00:00,11.512767,17.2389636,0.3253420847119803,-0.9455963874271424,2956736.0,15.0,-0.7071067811865475,0.7071067811865476,1.0,63600.0,6125.5,44320.0,222.30273547008548,10.694600073496508,9191.8325,51361.24250000001,15001.5,20499.0,4842.0,3108.37,885128.44,3748.79,5.2463303,2020
2019-04-12 11:00:00+00:00,10.227282,22.79031588,-0.18399835165768,0.9829265519799822,932025.0,15.94,-0.9659258262890682,0.258819045102521,1.0,61650.0,6071.9,46670.0,245.8336132885633,11.158666610717766,8697.5875,41499.72749999999,22979.5,20809.0,4104.0,6152.4,2352001.5,2047.48,3.071429,2019
2023-03-08 12:00:00+00:00,10.437764,89.55725625000001,0.4054257283599973,0.9141279881853336,1351720.0,42.95,-1.0,1.2246467991473532e-16,1.0,59350.0,7117.2,37597.0,198.3812032763533,8.117889020178055,9006.3175,53847.845,5394.200000000001,20440.0,2951.0,5468.13,1112707.5,13373.37,7.0867534,2023
2023-02-26 00:00:00+00:00,4.12109,89.55725625000001,0.5560174366570445,0.831170626365808,1443310.0,49.5,1.0,0.0,0.0,53700.0,6121.4,38865.0,186.63625028658944,9.067888869179637,7018.58,25464.255,13641.775,11465.0,2378.0,0.0,0.0,8642.59,5.671646,2023
2018-03-31 16:00:00+00:00,9.13699,15.1252596,0.0215160974362222,0.9997685019798908,586044.0,19.59,-0.5000000000000004,-0.8660254037844385,0.0,54750.0,6071.9,45555.0,519.771500897662,7.674583196640016,8790.369999999999,44711.285,11996.5,15820.0,6292.0,1632.18,1155469.1,3596.92,7.6012535,2018
2023-10-26 05:00:00+00:00,13.545211,89.55725625000001,0.4211008707960891,-0.9070138128026362,2730776.0,48.2,0.2588190451025207,0.9659258262890684,1.0,47450.0,4065.8,40425.0,282.64253465608465,14.606278048621276,9423.982499999998,44207.845,11837.6,21214.0,4340.0,0.0,0.0,5553.05,6.0732603,2023
2020-09-27 09:00:00+00:00,11.587762,17.2389636,-0.0473213883224323,-0.9988797155850336,2821249.0,12.023333333333332,-0.7071067811865475,0.7071067811865476,0.0,44900.0,7085.5,36495.0,220.13670993081,13.23173348108926,5188.305000000001,32980.5325,7709.799999999999,9859.0,3870.0,3108.34,807110.9,11647.07,6.106776,2020
2019-08-21 23:00:00+00:00,16.592834,22.79031588,-0.64534811322955,-0.7638886127905429,2777986.0,9.93,0.9659258262890684,-0.2588190451025207,1.0,38400.0,7117.2,39733.0,297.4389771062271,20.200333595275858,7805.7975,37474.35250000001,17866.2,13676.0,3774.0,0.0,0.0,2372.95,2.0265272,2019
2023-07-13 21:00:00+00:00,18.855997,89.55725625000001,-0.980469160361632,-0.1966728897935762,3007664.0,26.1,0.7071067811865474,-0.7071067811865477,1.0,46550.0,7117.2,35260.0,220.8787837662338,22.90261056688099,6559.2625,40552.4625,26696.175,21161.0,4630.0,0.0,417.34564,1413.9,1.2389928,2023
2023-06-22 14:00:00+00:00,22.268019,89.55725625000001,-0.986657932891657,0.1628070129385171,2827813.0,34.25,-0.8660254037844386,-0.5000000000000001,1.0,47200.0,5118.0,35205.0,266.76241924001926,20.071722030639645,7358.235000000001,36630.1575,10272.4,21799.0,5090.0,7301.1,2077841.1,6635.89,2.8433158,2023
2019-07-05 01:00:00+00:00,18.255764,22.79031588,-0.9981855344718586,-0.0602132773657927,2572658.0,11.13,0.9659258262890684,0.2588190451025207,1.0,39400.0,7117.2,44660.0,273.5517756003255,22.548332850138344,7517.6175,29282.1175,21814.2,17529.0,4452.0,0.0,0.0,2175.08,2.1738744,2019
2021-05-18 14:00:00+00:00,14.3044615,46.29497964,-0.7206671495538609,0.6932812268869777,1413451.0,25.65,-0.8660254037844386,-0.5000000000000001,1.0,49000.0,5068.5,41565.0,547.4125999796499,12.932111263275152,7440.2750000000015,40960.4175,9726.1,19626.0,6481.0,5335.56,2085430.1,2621.51,4.606493,2021
2019-12-01 22:00:00+00:00,5.7693048,22.79031588,0.8695893893466109,-0.4937755501599773,2815568.0,15.503333333333334,0.8660254037844384,-0.5000000000000004,0.0,64700.0,5008.0,43260.0,502.6855621693122,9.426583250363668,8496.9025,41640.915,19243.8,13774.0,6345.0,0.0,0.0,3728.89,5.661281,2019
2019-12-23 11:00:00+00:00,9.582748,22.79031588,0.9905324521322229,-0.1372787721132651,2804309.0,11.38,-0.9659258262890682,0.258819045102521,1.0,63800.0,7117.2,47640.0,826.6352026251526,8.862499992052715,6980.474999999999,31409.285,18248.4,14630.0,7110.0,2303.83,684073.06,9387.97,8.197121,2019
2018-09-08 11:00:00+00:00,20.522442,15.1252596,-0.3816892202666594,-0.924290722193093,2718547.0,28.526666666666667,-0.9659258262890682,0.258819045102521,0.0,46150.0,7117.2,44876.0,158.6232873829874,15.753499746322616,7341.4375,23444.77,24288.5,13110.0,2333.0,4719.28,2223972.8,544.17,1.6443665,2018
2019-03-28 10:00:00+00:00,10.736644,22.79031588,0.0730951298980775,0.9973249731081556,1064149.0,14.2,-0.8660254037844387,0.4999999999999999,1.0,60800.0,7117.2,51045.0,246.73619965404967,9.81904168923694,9938.1825,51121.91500000001,21618.7,20053.0,4808.0,4897.71,1965038.9,1477.62,3.4541025,2019
2021-11-22 06:00:00+00:00,6.326113,46.29497964,0.7829801036770624,-0.622046748440868,2119853.0,84.35,6.123233995736766e-17,1.0,1.0,67650.0,4046.2,43665.0,151.91822814407817,8.44716657532586,8707.805,55881.975,23174.6,22241.0,2188.0,0.0,0.0,7055.04,7.0244803,2021
2018-10-01 18:00:00+00:00,12.367462,15.1252596,0.0043035382962438,-0.99999073973619,2533385.0,27.2,-1.8369701987210292e-16,-1.0,1.0,54350.0,7117.2,43625.0,137.6831902726903,15.426416794459032,9505.295000000002,44915.045,22038.4,23350.0,2647.0,0.0,45323.094,5330.56,6.909963,2018
2022-05-29 00:00:00+00:00,12.957875,80.46928043999999,-0.8382797052177741,0.5452404385406513,1954315.0,84.83333333333333,1.0,0.0,0.0,36900.0,5122.1,27105.0,175.1397263939764,18.09500005510117,6223.98,25226.6775,12718.7,13379.0,3825.0,0.0,0.0,3993.66,4.8207107,2022
2022-06-07 12:00:00+00:00,19.80793,80.46928043999999,-0.9123747579707272,0.4093559588156217,2345706.0,79.0,-1.0,1.2246467991473532e-16,1.0,50500.0,6113.8,29125.0,209.5169253154253,19.38211123148601,8079.3225,27220.075,15746.325,20385.0,3649.0,8270.74,2436992.5,5306.39,4.6783137,2022
2019-06-08 09:00:00+00:00,15.445472,22.79031588,-0.9192859697186104,0.3935902766564671,1701147.0,11.176666666666668,-0.7071067811865475,0.7071067811865476,0.0,43750.0,6113.8,36844.0,293.3886838624339,15.547166426976515,4935.552500000002,2212.445,18513.1,15541.0,5258.0,5009.55,1893791.9,7729.17,5.503741,2019
2021-02-08 20:00:00+00:00,3.195413,46.29497964,0.7829801036770629,0.6220467484408675,1726279.0,20.8,0.5000000000000001,-0.8660254037844386,1.0,71400.0,7117.2,48610.0,939.8042476800975,7.494583249092102,8936.442500000001,44120.5375,18043.0,20642.0,7224.0,0.0,0.0,1924.69,1.3903892,2021
2021-04-19 20:00:00+00:00,9.7481,46.29497964,-0.3008198076356675,0.9536809966304456,874649.0,21.52,0.5000000000000001,-0.8660254037844386,1.0,53400.0,6111.4,38325.0,186.4205871591372,11.935333198971206,9591.375000000002,47366.6125,25207.2,18630.0,3908.0,0.0,425.66016,1206.74,1.3341262,2021
2022-06-05 02:00:00+00:00,16.109303,80.46928043999999,-0.8977433935342337,0.440518784350495,2156969.0,80.3125,0.8660254037844387,0.4999999999999999,0.0,32200.0,6113.8,26230.0,195.9685617012617,19.770222557915567,4948.84,25007.28,16280.725,12102.0,3832.0,0.0,0.0,2515.8,0.26479572,2022
2020-08-26 22:00:00+00:00,18.176908,17.2389636,-0.5631507242749187,-0.8263541987239094,2955316.0,8.8,0.8660254037844384,-0.5000000000000004,1.0,43250.0,7117.2,35050.0,136.9073120879121,19.775699869791666,7767.2725,11624.9775,24416.9,16635.0,2478.0,0.0,0.0,1752.8,2.559907,2020
2018-04-14 04:00:00+00:00,8.435664,15.1252596,-0.2177232303965317,0.9760105506323684,616931.0,19.9,0.5000000000000001,0.8660254037844386,0.0,44000.0,5066.1,45895.0,431.4565738253516,9.350833336512242,8260.865,40369.1675,22710.7,14503.0,5856.0,0.0,0.0,1425.6,1.3556318,2018
2023-10-25 21:00:00+00:00,13.8589325,89.55725625000001,0.4054257283599965,-0.914127988185334,2730776.0,49.3,0.7071067811865474,-0.7071067811865477,1.0,47500.0,4065.8,41335.0,255.1913876142376,14.742666721343989,7815.525,30614.7325,9329.025,16318.0,4658.0,0.0,0.0,7484.6,6.381921,2023
2020-04-15 05:00:00+00:00,6.415247,17.2389636,-0.2511900638848191,0.9679377830240644,1551504.0,6.85,0.2588190451025207,0.9659258262890684,1.0,41250.0,5973.1,43255.0,194.47138978428976,13.033666928609222,7141.775000000001,38515.9125,16127.4,12641.0,4793.0,2.22,2577.5698,4733.16,5.912417,2020
2019-05-16 17:00:00+00:00,15.200383,22.79031588,-0.6963762255968722,0.717676913675962,1254728.0,13.4,-0.2588190451025206,-0.9659258262890684,1.0,50550.0,5122.1,46855.0,256.4857698616199,14.8464446597629,8522.09,42787.9225,16319.0,21131.0,5914.0,1804.86,918573.75,2353.18,2.6985648,2019
2023-12-26 18:00:00+00:00,7.9612675,89.55725625000001,0.9962981749346076,-0.0859647987374467,2795844.0,33.84,-1.8369701987210292e-16,-1.0,1.0,57500.0,7117.2,42225.0,583.5379536445037,9.005777835845949,9628.9875,14568.447499999997,28271.45,14215.0,6349.0,0.0,0.0,2864.26,2.8083463,2023
2018-01-02 21:00:00+00:00,9.787483,15.1252596,0.9994074007397048,0.0344216116227457,1577489.0,19.15,0.7071067811865474,-0.7071067811865477,1.0,61000.0,7117.2,57670.0,597.1518004273504,7.163583397865295,8760.5825,38455.9175,17909.0,15367.0,6158.0,0.0,0.0,7405.08,10.344629,2018
2023-06-28 18:00:00+00:00,22.511003,89.55725625000001,-0.9981855344718586,0.060213277365793,2932525.0,34.63,-1.8369701987210292e-16,-1.0,1.0,45350.0,7117.2,35822.0,214.9882595478596,21.959889094034832,7626.907499999999,49352.185000000005,22811.7,23589.0,5319.0,1786.84,728569.94,1452.82,2.4668374,2023
2020-08-24 17:00:00+00:00,21.825115,17.2389636,-0.5912614448635782,-0.8064799463209447,2955316.0,8.02,-0.2588190451025206,-0.9659258262890684,1.0,46700.0,7117.2,36040.0,148.5478214082214,20.6136666615804,8988.525,50981.0125,23621.8,20039.0,3674.0,1344.87,849458.56,2055.59,2.8054578,2020
2019-09-26 15:00:00+00:00,19.73048,22.79031588,-0.0816763953304228,-0.99665890175417,2650572.0,10.18,-0.7071067811865477,-0.7071067811865475,1.0,47850.0,7117.2,41740.0,154.330685999186,18.094499508539847,8213.205,45822.77250000001,23904.0,20886.0,2503.0,2595.41,1087048.1,5943.38,6.8226357,2019
2021-03-23 15:00:00+00:00,11.936963,46.29497964,0.1585593851031345,0.9873494423939864,994654.0,18.5,-0.7071067811865477,-0.7071067811865475,1.0,57500.0,6111.4,45240.0,277.9656127391128,9.522499932183166,8182.3925,54192.325,19046.1,22123.0,4414.0,4591.73,1799854.9,808.91,0.92550033,2021
2018-03-19 11:00:00+00:00,3.963326,15.1252596,0.2261156855082882,0.9741004551724204,643391.0,20.65,-0.9659258262890682,0.258819045102521,1.0,76300.0,6071.9,48490.0,553.8767951453897,6.5590833425521815,8373.9725,55961.5725,20206.3,23097.0,6607.0,3561.87,1637865.6,1455.71,3.106317,2018
2022-02-17 03:00:00+00:00,10.204746,80.46928043999999,0.6776147890466889,0.7354170229639855,1697421.0,72.0,0.7071067811865476,0.7071067811865476,1.0,50350.0,7117.2,45966.0,356.2878187627188,8.14977791574266,5105.662499999999,13236.625,13387.7,15758.0,4388.0,0.0,0.0,15161.78,11.180524,2022
2021-08-24 06:00:00+00:00,15.745919,46.29497964,-0.6050560696488494,-0.7961828637826154,2612909.0,45.6,6.123233995736766e-17,1.0,1.0,44750.0,7117.2,43377.0,248.9943825396826,17.57579183578492,8078.125,46864.9625,18611.2,19711.0,3633.0,5.41,137014.5,3984.17,5.5258007,2021
2020-09-01 05:00:00+00:00,12.942047,17.2389636,-0.4749510720670502,-0.8800122039735356,2975651.0,10.7,0.2588190451025207,0.9659258262890684,1.0,42500.0,7117.2,33145.0,259.7084399674399,16.462200037638365,9574.125,52530.7425,24688.3,19087.0,3582.0,0.0,503.48856,1606.98,1.955674,2020
2022-09-03 09:00:00+00:00,19.535847,80.46928043999999,-0.4597327394521046,-0.888057322629493,2244154.0,199.52,-0.7071067811865475,0.7071067811865476,0.0,42100.0,7117.2,22401.0,127.13238503626002,19.974750041961684,6657.630000000001,16454.015000000007,14432.6,14494.0,1655.0,5333.1,1248193.0,1576.57,2.7064197,2022
2021-11-04 09:00:00+00:00,8.00369,46.29497964,0.5560174366570438,-0.8311706263658084,2349925.0,72.4,-0.7071067811865475,0.7071067811865476,1.0,65550.0,6121.4,43725.0,254.57706908831904,11.121777825885363,8507.7975,59389.965,18380.9,24294.0,4288.0,2129.15,550963.7,2459.75,4.6907387,2021
2021-04-09 06:00:00+00:00,6.0322204,46.29497964,-0.1330147065341959,0.9911140639934548,998746.0,19.5,6.123233995736766e-17,1.0,1.0,63450.0,6111.4,39520.0,213.76978142043143,9.237888918982602,9023.3825,31523.072499999995,25564.7,21716.0,4883.0,0.0,79667.984,3990.56,3.4993525,2021
2019-04-02 08:00:00+00:00,10.093939,22.79031588,-0.012910296075009,0.999916658654738,984486.0,13.75,-0.4999999999999998,0.8660254037844387,1.0,59250.0,7117.2,46375.0,228.32173251933256,11.633749961853027,9977.4275,32481.0625,29481.4,21807.0,4965.0,1974.91,783212.25,3303.45,3.3739014,2019
2020-07-04 12:00:00+00:00,21.046722,17.2389636,-0.9981855344718586,-0.0602132773657927,2972388.0,5.1433333333333335,-1.0,1.2246467991473532e-16,0.0,41700.0,7117.2,31066.0,267.93673933658937,18.317066891988137,4951.025,4648.43499999999,17815.4,12707.0,4517.0,5986.97,2306825.5,7855.97,5.715007,2020
2019-06-08 00:00:00+00:00,12.685889,22.79031588,-0.9192859697186104,0.3935902766564671,1701147.0,11.176666666666668,1.0,0.0,0.0,38900.0,5797.1,38424.0,293.3886838624339,15.79091652234395,4485.4725,13451.205000000002,19148.6,15120.0,4962.0,0.0,0.0,10469.92,6.5216093,2019
2020-12-04 23:00:00+00:00,4.0082483,17.2389636,0.9015016841318838,-0.4327755925504317,2674858.0,14.65,0.9659258262890684,-0.2588190451025207,0.0,64650.0,7117.2,48345.0,194.06620752950755,6.235722144444783,7979.517500000001,42470.3325,15734.5,16727.0,3272.0,0.0,0.0,4436.57,3.8288193,2020
2019-10-21 06:00:00+00:00,11.470217,22.79031588,0.3415707691678551,-0.9398560579418956,2771196.0,10.1,6.123233995736766e-17,1.0,1.0,55650.0,6111.4,40270.0,310.39916695156694,14.36883342266085,9274.4525,49503.675,29049.4,23163.0,4696.0,0.0,230.26872,2995.83,0.09413861,2019
2021-10-07 02:00:00+00:00,11.146171,46.29497964,0.1073813466641621,-0.994217906893952,2373290.0,91.9,0.8660254037844387,0.4999999999999999,1.0,39900.0,7117.2,41182.0,249.29626265771265,14.313944657643638,7327.454999999999,47492.675,17777.5,14260.0,3704.0,0.0,0.0,2382.65,2.1561077,2021
2020-07-04 16:00:00+00:00,21.89904,17.2389636,-0.9981855344718586,-0.0602132773657927,2972388.0,5.1433333333333335,-0.5000000000000004,-0.8660254037844385,0.0,39250.0,7117.2,31066.0,267.93673933658937,19.123033205668108,5766.6975,19448.31,16282.3,16518.0,4603.0,3199.83,1509900.2,6790.14,6.166957,2020
2019-05-23 01:00:00+00:00,11.162666,22.79031588,-0.7775971469736267,0.6287628145958347,1324928.0,12.45,0.9659258262890684,0.2588190451025207,1.0,39600.0,5122.1,46735.0,393.704944973545,15.92025001843771,7301.9875,34995.8475,20564.9,14221.0,5079.0,0.0,0.0,1090.34,0.6394285,2019
2021-12-28 17:00:00+00:00,10.933409,46.29497964,0.998666816288476,-0.0516196672232541,2029801.0,97.72,-0.2588190451025206,-0.9659258262890684,1.0,60350.0,6105.9,45027.0,392.2437576109076,7.7150554921891965,6542.920000000001,36771.7525,14758.0,19835.0,6690.0,0.0,10850.024,12898.98,9.753825,2021
2018-10-25 12:00:00+00:00,15.58888,15.1252596,0.4054257283599965,-0.914127988185334,2474033.0,24.45,-1.0,1.2246467991473532e-16,1.0,54750.0,7117.2,44910.0,120.01043848188849,13.504166762034108,10578.9775,32129.652500000004,25219.4,20236.0,2058.0,4015.27,1561234.5,842.54,1.6749043,2018
2023-12-12 07:00:00+00:00,10.392151,89.55725625000001,0.9469877530760752,-0.3212696616923651,2806027.0,34.55,-0.2588190451025208,0.9659258262890684,1.0,59400.0,7117.2,44985.0,980.6964629148628,9.379889064364964,10151.4825,61603.4525,19904.525,25720.0,5916.0,0.0,169.57265,8023.82,6.616842,2023
2018-12-27 05:00:00+00:00,3.2993016,15.1252596,0.9976303053065856,-0.0688024268023197,2164121.0,23.33,0.2588190451025207,0.9659258262890684,1.0,63300.0,6071.9,57455.0,410.115022975173,7.791444540023804,8994.7775,37374.842500000006,22187.5,12679.0,4867.0,0.0,0.0,995.21,1.5345889,2018
2021-05-21 21:00:00+00:00,11.503323,46.29497964,-0.7554933140726803,0.6551563572090853,1413451.0,24.8,0.7071067811865474,-0.7071067811865477,1.0,49450.0,5068.5,40765.0,511.4441907610908,13.064111126793764,5574.282500000001,26211.68,17241.9,15628.0,6820.0,0.0,10.196239,10434.38,6.8332577,2021
2023-06-22 07:00:00+00:00,19.238699,89.55725625000001,-0.986657932891657,0.1628070129385171,2827813.0,34.25,-0.2588190451025208,0.9659258262890684,1.0,47600.0,5118.0,35205.0,266.76241924001926,19.86577818128799,8252.570000000002,41498.155,14821.5,21471.0,5639.0,3046.81,747831.06,3318.6,1.462019,2023
2022-04-02 12:00:00+00:00,5.190962,80.46928043999999,-0.012910296075009,0.999916658654738,1334846.0,110.61,-1.0,1.2246467991473532e-16,0.0,61400.0,6041.6,30435.0,218.9799258038258,8.21794431739382,5521.069999999999,24799.915,4073.7999999999993,12434.0,3507.0,6852.86,2100153.8,8590.66,6.7044764,2022
2023-12-06 05:00:00+00:00,4.1773243,89.55725625000001,0.9088176373395028,-0.4171936026123169,2789836.0,39.0,0.2588190451025207,0.9659258262890684,1.0,61600.0,6125.5,45505.0,615.1474013227513,7.726111200120712,9028.785,46905.695,19845.75,19986.0,5429.0,0.0,0.0,2739.85,1.8450619,2023
2020-03-05 13:00:00+00:00,9.374715,17.2389636,0.436651231956064,0.8996308696522433,1864482.0,9.4,-0.9659258262890684,-0.2588190451025203,1.0,67500.0,7117.2,47704.0,693.3990552096052,8.351124882698059,9733.2375,52789.59,10259.8,22987.0,6951.0,2644.94,883896.3,7730.3,4.5341554,2020
2019-03-02 23:00:00+00:00,8.908243,22.79031588,0.4975132889071806,0.8674563547295969,1227480.0,17.456666666666667,0.9659258262890684,-0.2588190451025207,0.0,55450.0,7117.2,50116.0,246.4107850834352,8.758833461337623,6821.999999999999,16556.747499999998,19112.9,13566.0,4099.0,0.0,0.0,7867.84,6.987884,2019
2018-11-25 21:00:00+00:00,6.8338547,15.1252596,0.8140460935082175,-0.5808002734538013,2331922.0,24.65,0.7071067811865474,-0.7071067811865477,0.0,60150.0,5110.1,47905.0,183.27015508750503,8.105666677157084,9161.495,38319.535,22500.0,15349.0,3001.0,0.0,0.0,2344.87,1.8256444,2018
2022-10-23 20:00:00+00:00,16.908682,80.46928043999999,0.3737197147904684,-0.9275416835791968,2315468.0,37.25,0.5000000000000001,-0.8660254037844386,0.0,38800.0,5066.1,32105.0,195.0747454597737,16.072083234787,5215.1675000000005,27224.0125,13852.375,13345.0,2659.0,0.0,0.0,11796.06,8.13004,2022
2021-11-01 23:00:00+00:00,9.451703,46.29497964,0.5123714121284235,-0.858763958275803,2349925.0,64.4,0.9659258262890684,-0.2588190451025207,1.0,49200.0,6121.4,43545.0,246.5344431623932,12.486888938479936,6651.3275,35430.0675,8940.3,11971.0,3539.0,0.0,0.0,4404.02,6.5975027,2021
2022-08-08 14:00:00+00:00,26.633158,80.46928043999999,-0.798779372886365,-0.6016240632249223,2280964.0,192.3,-0.8660254037844386,-0.5000000000000001,1.0,46150.0,7117.2,25988.0,122.3574742100492,23.82041676839192,5766.72,33484.21000000001,16911.65,17431.0,1842.0,9220.42,2716750.5,4230.23,3.8756263,2022
2022-04-21 18:00:00+00:00,13.243756,80.46928043999999,-0.3334687789181868,0.9427611433904208,1338623.0,95.97,-1.8369701987210292e-16,-1.0,1.0,49700.0,6986.5,32013.0,240.59830362230363,13.180166721344,7163.232499999999,40272.215,20551.7,22077.0,6095.0,322.63,400308.72,4190.21,4.25856,2022
2021-03-01 05:00:00+00:00,4.6692166,46.29497964,0.5123714121284237,0.8587639582758029,1386764.0,16.35,0.2588190451025207,0.9659258262890684,1.0,59750.0,7117.2,40215.0,318.2302287749288,7.881083408991497,8804.265,53004.815,16441.1,15909.0,5914.0,0.0,0.0,4254.8,5.569711,2021
2020-06-20 00:00:00+00:00,14.310612,17.2389636,-0.9837092937736096,0.1797665857255624,2837466.0,5.373333333333333,1.0,0.0,0.0,37350.0,5102.5,33505.0,340.5260545787545,16.171466382344562,6344.217500000001,29696.6475,18411.6,12742.0,6132.0,0.0,0.0,1307.67,2.8112462,2020
2020-09-04 23:00:00+00:00,17.562346,17.2389636,-0.4288919379124841,-0.9033558023246842,2975651.0,11.68,0.9659258262890684,-0.2588190451025207,0.0,39550.0,6366.1,33880.0,194.52988211233207,18.278999773661297,7248.990000000001,31268.1675,17909.7,14571.0,2864.0,0.0,0.0,2199.32,1.6788552,2020
2019-04-02 15:00:00+00:00,12.373026,22.79031588,-0.012910296075009,0.999916658654738,984486.0,13.75,-0.7071067811865477,-0.7071067811865475,1.0,53250.0,7117.2,46375.0,228.32173251933256,12.080111185709638,9361.7125,35230.7575,23037.7,21657.0,3981.0,2249.44,1604670.6,6795.82,5.6876802,2019
2022-07-27 08:00:00+00:00,19.173153,80.46928043999999,-0.9051931898913976,-0.4250003399695539,2312574.0,209.5,-0.4999999999999998,0.8660254037844387,1.0,50300.0,7117.2,25615.0,140.7987118131868,19.792166233062723,6018.4625,34563.93,20078.175,24513.0,2769.0,6751.38,1221607.0,1918.04,2.363232,2022
2019-03-29 15:00:00+00:00,14.7045965,22.79031588,0.0559169901006032,0.9984354211555644,1064149.0,14.68,-0.7071067811865477,-0.7071067811865475,1.0,49850.0,7117.2,50170.0,236.8978658526659,10.672944280836315,9350.005,45154.705,19561.0,20187.0,3816.0,3362.75,1922758.6,1793.24,2.6937418,2019
2022-02-08 13:00:00+00:00,10.58116,80.46928043999999,0.7829801036770629,0.6220467484408675,1729375.0,75.7,-0.9659258262890684,-0.2588190451025203,1.0,66800.0,7117.2,46051.0,311.2079174399675,6.848222123252024,7888.657499999999,29060.925,18201.1,21590.0,3878.0,5370.65,1295394.0,2925.12,2.8522613,2022
2021-09-08 10:00:00+00:00,22.46597,46.29497964,-0.3816892202666594,-0.924290722193093,2471418.0,54.75,-0.8660254037844387,0.4999999999999999,1.0,53850.0,7117.2,45356.0,199.97613860398857,20.877610630459248,6805.49,32974.4425,18878.7,19498.0,2645.0,4845.54,1816836.5,3367.33,2.824273,2021
2020-12-01 10:00:00+00:00,7.2737346,17.2389636,0.8779600847008878,-0.478733840115789,2674858.0,14.82,-0.8660254037844387,0.4999999999999999,1.0,72700.0,7049.9,50035.0,177.72149926739928,6.5563332769605855,8438.765,60500.93,23671.1,25714.0,4414.0,1723.44,432732.78,7347.85,4.640693,2020
2022-07-04 11:00:00+00:00,21.630564,80.46928043999999,-0.99907411510223,-0.0430222330045303,2469618.0,162.6,-0.9659258262890682,0.258819045102521,1.0,52400.0,7117.2,28380.0,194.1288931827432,20.44991652170816,7031.8675,26320.8475,16797.45,22740.0,3893.0,8743.32,2654287.0,936.98,2.209109,2022
2020-12-07 04:00:00+00:00,4.1242633,17.2389636,0.9226395488404876,-0.3856634062436074,2521048.0,14.15,0.5000000000000001,0.8660254037844386,1.0,60250.0,7117.2,47955.0,214.65901092796088,6.128166702058581,8829.529999999999,31945.3575,5757.4,13011.0,2767.0,0.0,0.0,1042.78,3.618819,2020
2022-07-04 16:00:00+00:00,22.783537,80.46928043999999,-0.99907411510223,-0.0430222330045303,2469618.0,162.6,-0.5000000000000004,-0.8660254037844385,1.0,48550.0,7117.2,28380.0,194.1288931827432,21.937916755676262,7567.809999999999,37521.875,15594.15,25103.0,4075.0,5168.39,1864041.6,2312.05,3.30376,2022
2023-08-03 22:00:00+00:00,16.646988,89.55725625000001,-0.847540922892831,-0.5307300481619335,2985265.0,30.0,0.8660254037844384,-0.5000000000000004,1.0,38850.0,7117.2,32416.0,189.72849656269656,21.2321115069919,7099.97,23816.685,14871.5,15410.0,3724.0,0.0,0.0,3842.68,5.935828,2023
2022-10-23 02:00:00+00:00,15.60282,80.46928043999999,0.3737197147904684,-0.9275416835791968,2315468.0,37.25,0.8660254037844387,0.4999999999999999,0.0,31800.0,5066.1,31190.0,195.0747454597737,15.618000348409034,5016.532499999999,36097.1725,3882.4249999999993,10865.0,2425.0,0.0,0.0,7044.22,6.396873,2022
2019-03-03 20:00:00+00:00,11.351146,22.79031588,0.4825077417612184,0.8758917051442429,1227480.0,17.493333333333336,0.5000000000000001,-0.8660254037844386,0.0,52850.0,7117.2,45666.0,246.4107850834352,9.21472236845229,7060.4675,17558.307500000003,18505.6,16965.0,4672.0,0.0,0.0,9794.84,9.868274,2019
2023-10-05 00:00:00+00:00,13.688635,89.55725625000001,0.0730951298980768,-0.9973249731081556,2705939.0,28.45,1.0,0.0,1.0,37800.0,6943.0,39926.0,151.73741301291304,18.346277978685155,5201.8150000000005,13755.567500000005,19769.45,14073.0,1978.0,0.0,0.0,2132.79,1.0776715,2023
2018-04-21 01:00:00+00:00,12.850055,15.1252596,-0.3334687789181868,0.9427611433904208,642271.0,19.686666666666667,0.9659258262890684,0.2588190451025207,0.0,37850.0,5066.1,43520.0,363.6343643309365,12.42716658115387,7638.18,40245.03,15795.2,13596.0,6321.0,0.0,0.0,1795.47,2.5538049,2018
2022-02-03 19:00:00+00:00,8.198172,80.46928043999999,0.8335557718385699,0.5524353131676196,1747271.0,77.6,0.2588190451025203,-0.9659258262890684,1.0,70550.0,7117.2,48656.0,258.3570488807489,6.621833403905234,9254.5025,49933.615000000005,30352.9,23007.0,5258.0,0.0,0.0,2554.07,4.3699102,2022
2021-02-21 01:00:00+00:00,9.735562,46.29497964,0.6254105729852463,0.7802958510707755,1533892.0,16.16,0.9659258262890684,0.2588190451025207,0.0,50650.0,6113.8,44035.0,408.267239010989,8.474416812260943,5546.9375,18158.895,9738.4,11684.0,4470.0,0.0,0.0,8073.86,6.4556365,2021
2019-12-08 23:00:00+00:00,8.822088,22.79031588,0.9226395488404876,-0.3856634062436074,2815166.0,13.886666666666668,0.9659258262890684,-0.2588190451025207,1.0,57650.0,6071.9,46727.0,323.56171847781843,8.434791604677836,6055.405000000001,8777.4375,17351.4,12001.0,4343.0,0.0,0.0,12744.27,10.520542,2019
2021-06-11 01:00:00+00:00,16.096727,46.29497964,-0.938377391740864,0.3456123126707335,1803076.0,28.0,0.9659258262890684,0.2588190451025207,1.0,37800.0,4076.8,40695.0,387.08386294261294,18.23799991607665,7060.1625,43188.067500000005,15913.9,14513.0,6097.0,0.0,0.0,1793.76,1.8759265,2021
2021-09-16 01:00:00+00:00,16.775656,46.29497964,-0.2511900638848195,-0.9679377830240642,2394175.0,60.85,0.9659258262890684,0.2588190451025207,1.0,37050.0,7117.2,43131.0,230.63263506308508,20.12172253926597,7654.450000000001,32126.2575,20405.9,16018.0,2482.0,0.0,0.0,965.25,1.994447,2021
2019-08-05 04:00:00+00:00,18.078257,22.79031588,-0.8287700871745037,-0.5595892624101767,2749841.0,10.07,0.5000000000000001,0.8660254037844386,1.0,37150.0,7117.2,40970.0,165.3196974969475,22.37516689300537,7373.1025,47230.955,22981.3,14376.0,2598.0,0.0,1.1815385,1519.45,3.2217133,2019
2020-09-29 10:00:00+00:00,15.322456,17.2389636,-0.0129102960750088,-0.999916658654738,2801270.0,12.55,-0.8660254037844387,0.4999999999999999,1.0,57150.0,7065.5,40000.0,201.43937043142043,13.567000039418536,9034.14,49038.9325,21043.9,21532.0,3585.0,3884.96,1099701.9,1755.02,1.9954424,2020
2018-06-06 18:00:00+00:00,18.704891,15.1252596,-0.9051931898913974,0.4250003399695541,2062657.0,21.6,-1.8369701987210292e-16,-1.0,1.0,47750.0,4076.8,44070.0,476.7221895197395,15.474416812260946,9128.48,55484.17,25357.9,20720.0,7866.0,576.69,625710.9,586.45,0.8532574,2018
2018-10-06 18:00:00+00:00,15.856777,15.1252596,0.0902516100310407,-0.9959189961471792,2533385.0,27.2,-1.8369701987210292e-16,-1.0,0.0,46700.0,7117.2,39970.0,130.83137065527066,16.213333845138507,8692.54,45068.145,21216.9,18220.0,2307.0,0.0,18577.79,2860.1,2.9043334,2018
2022-08-24 11:00:00+00:00,25.866665,80.46928043999999,-0.6050560696488494,-0.7961828637826154,2250959.0,293.0,-0.9659258262890682,0.258819045102521,1.0,52200.0,7117.2,25146.0,146.15470664335666,22.159250259399407,7090.8625,29564.9225,17194.025,15017.0,2187.0,9703.86,2397812.5,825.45,1.74366,2022
2023-07-15 06:00:00+00:00,19.758114,89.55725625000001,-0.973118337233262,-0.2303056702306119,3007664.0,25.433333333333334,6.123233995736766e-17,1.0,0.0,37100.0,7117.2,33835.0,198.0631917526917,22.360166549682607,4759.9825,13520.460000000006,14970.125,18285.0,3257.0,1764.45,351956.7,6941.16,5.3739614,2023
2021-02-01 04:00:00+00:00,7.7616186,46.29497964,0.8520775211013093,0.5234156073655503,1859154.0,17.5,0.5000000000000001,0.8660254037844386,1.0,53750.0,7117.2,49366.0,1155.258171275946,8.006250143051146,9083.92,36818.567500000005,6000.5,13504.0,6191.0,0.0,0.0,4722.76,5.9307165,2021
2020-06-10 20:00:00+00:00,14.332505,17.2389636,-0.938377391740864,0.3456123126707335,2775806.0,4.57,0.5000000000000001,-0.8660254037844386,1.0,43800.0,5102.5,34470.0,281.76802024827026,16.87908307711284,8499.890000000001,39343.435,22880.4,18452.0,6417.0,0.04,36505.273,1344.42,1.4972781,2020
2019-12-23 23:00:00+00:00,8.693888,22.79031588,0.9905324521322229,-0.1372787721132651,2804309.0,11.38,0.9659258262890684,-0.2588190451025207,1.0,59000.0,7117.2,48915.0,844.2380986161985,8.926833311716717,6950.5025,17895.242500000008,15766.0,10323.0,7188.0,0.0,0.0,5367.88,6.5186577,2019
2020-10-19 10:00:00+00:00,12.948001,17.2389636,0.3253420847119803,-0.9455963874271424,2956736.0,15.0,-0.8660254037844387,0.4999999999999999,1.0,63150.0,6125.5,44320.0,222.30273547008548,10.870666631062845,8571.545,48481.61,13400.1,18640.0,4664.0,4339.05,1289126.0,4041.3,5.406016,2020
2022-02-05 20:00:00+00:00,6.2951274,80.46928043999999,0.8140460935082179,0.5808002734538008,1747271.0,79.63333333333334,0.5000000000000001,-0.8660254037844386,0.0,60900.0,7117.2,46271.0,243.3844269230769,6.9124445385403135,5916.084999999999,14649.7425,22298.2,17835.0,3696.0,0.0,0.0,8726.9,6.0118165,2022
2022-03-07 20:00:00+00:00,4.6151576,80.46928043999999,0.4211008707960896,0.907013812802636,1420843.0,227.0,0.5000000000000001,-0.8660254037844386,1.0,65300.0,7117.2,42760.0,236.381658038258,7.924222350120544,8590.697499999998,56319.725000000006,24965.2,21453.0,5168.0,0.0,0.0,5803.26,5.8549747,2022
2018-02-12 17:00:00+00:00,4.216234,15.1252596,0.7383263540031065,0.6744436188329455,1194343.0,18.05,-0.2588190451025206,-0.9659258262890684,1.0,79350.0,7117.2,57025.0,456.7611198621852,5.771666685740154,11905.7275,66057.125,28243.2,26832.0,6543.0,0.33,235294.6,2073.27,4.1507564,2018
2022-10-23 05:00:00+00:00,15.492667,80.46928043999999,0.3737197147904684,-0.9275416835791968,2315468.0,37.25,0.2588190451025207,0.9659258262890684,0.0,33250.0,5066.1,32093.0,195.0747454597737,15.50016665458678,4863.2275,39191.505000000005,5199.75,12038.0,2415.0,0.0,0.0,7463.2,6.9027762,2022
2019-07-07 22:00:00+00:00,18.764492,22.79031588,-0.9955213724144752,-0.0945367498171993,2572658.0,11.643333333333334,0.8660254037844384,-0.5000000000000004,1.0,43550.0,7117.2,43036.0,262.7812875050875,23.475166638692222,7672.4425,33102.645000000004,19431.6,15705.0,4672.0,0.0,0.0,2103.17,2.670827,2019
2021-09-10 14:00:00+00:00,21.045916,46.29497964,-0.3496474552512282,-0.9368813462954316,2471418.0,58.03,-0.8660254037844386,-0.5000000000000001,1.0,48050.0,6053.3,42964.0,201.2386805046805,21.175222820705827,8076.3075,46973.79,19908.2,21909.0,3077.0,5084.31,1643848.5,2531.74,3.0811145,2021
2021-06-19 06:00:00+00:00,17.749866,46.29497964,-0.9769384927771816,0.2135209154397961,2002076.0,29.633333333333333,6.123233995736766e-17,1.0,0.0,38700.0,5068.5,37350.0,323.3423067562068,17.923666530185276,6722.160000000001,26985.985,20766.0,17666.0,5939.0,360.93,404557.5,1387.91,1.2704532,2021
2018-06-19 19:00:00+00:00,21.117811,15.1252596,-0.9769384927771816,0.2135209154397961,2562038.0,22.13,0.2588190451025203,-0.9659258262890684,1.0,45600.0,5068.5,44535.0,381.09660807895807,16.769083579381316,8875.5375,60939.575,25766.1,23119.0,6921.0,170.65,365063.84,1214.59,1.8814261,2018
2020-03-02 01:00:00+00:00,7.3771896,17.2389636,0.4825077417612184,0.8758917051442429,1864482.0,9.4,0.9659258262890684,0.2588190451025207,1.0,56600.0,7117.2,49014.0,517.6880435286935,8.724208354949953,6048.0175,24574.54,6391.799999999999,11547.0,5752.0,0.0,0.0,6991.98,6.974451,2020
2018-06-19 16:00:00+00:00,22.589094,15.1252596,-0.9769384927771816,0.2135209154397961,2562038.0,22.13,-0.5000000000000004,-0.8660254037844385,1.0,49050.0,5068.5,44535.0,381.09660807895807,17.094083627065032,9619.8675,58950.55499999999,24692.2,23254.0,7044.0,2810.87,1761520.5,881.23,1.4298745,2018
2019-07-07 20:00:00+00:00,20.402512,22.79031588,-0.9955213724144752,-0.0945367498171993,2572658.0,11.643333333333334,0.5000000000000001,-0.8660254037844386,0.0,44900.0,7117.2,41916.0,267.7200666463166,23.73633321126304,8270.4325,35856.1275,23349.5,19632.0,4992.0,0.0,69196.84,2499.2,3.0922203,2019
2021-12-09 09:00:00+00:00,5.0311747,46.29497964,0.9291414114031744,-0.3697245428906732,2059628.0,101.25,-0.7071067811865475,0.7071067811865476,1.0,77250.0,5042.0,42975.0,500.3966844932845,6.2318333122465335,9471.364999999998,63551.8325,18043.3,27116.0,6150.0,1295.91,237676.86,6032.48,6.288481,2021
2021-08-29 16:00:00+00:00,19.806198,46.29497964,-0.5343725582809793,-0.8452490573530629,2612909.0,48.675,-0.5000000000000004,-0.8660254037844385,0.0,38750.0,7117.2,43927.0,205.88411866096865,20.249055544535327,6058.182500000001,35197.015,14876.0,13127.0,2754.0,5210.94,1201118.5,3790.51,4.178656,2021
2022-02-03 04:00:00+00:00,6.3572817,80.46928043999999,0.8335557718385699,0.5524353131676196,1747271.0,77.6,0.5000000000000001,0.8660254037844386,1.0,58000.0,7117.2,48656.0,258.3570488807489,6.3139999641312485,7203.6325,38517.2475,21096.6,16775.0,3166.0,0.0,0.0,2365.52,2.7196958,2022
2023-07-01 00:00:00+00:00,16.706131,89.55725625000001,-0.9999629591162656,0.0086069968886886,2932525.0,36.71666666666667,1.0,0.0,0.0,35500.0,7117.2,36838.0,234.23975800865804,19.731610933939617,4435.009999999999,28851.2325,16115.15,14567.0,4771.0,0.0,0.0,7235.86,5.9641166,2023
2018-08-11 13:00:00+00:00,23.1806,15.1252596,-0.7666588193001592,-0.6420547132365636,2837239.0,23.26666666666667,-0.9659258262890684,-0.2588190451025203,0.0,40100.0,7117.2,38271.0,166.3698987789988,18.21812522411349,6568.41,16504.697499999995,22600.1,12318.0,2869.0,4779.96,2433658.2,751.04,1.9660542,2018
2023-11-30 20:00:00+00:00,7.0078955,89.55725625000001,0.8609610158889941,-0.5086709438521049,2883329.0,40.85,0.5000000000000001,-0.8660254037844386,1.0,64100.0,6125.5,44080.0,511.7346074795575,9.219999949137366,10069.4425,54765.9225,22540.425,20878.0,6303.0,0.0,0.0,2825.97,0.6332172,2023
2023-06-07 18:00:00+00:00,20.990465,89.55725625000001,-0.9123747579707272,0.4093559588156217,2579634.0,25.25,-1.8369701987210292e-16,-1.0,1.0,44150.0,5118.0,32600.0,258.46369615199615,19.296388626098626,6131.9475,48286.7175,21992.175,18590.0,6132.0,1641.22,669020.75,4684.69,3.448139,2023
2019-09-16 06:00:00+00:00,15.52303,22.79031588,-0.2511900638848195,-0.9679377830240642,2689334.0,11.2,6.123233995736766e-17,1.0,1.0,48250.0,7117.2,41605.0,165.23323663003666,19.18883307774862,9892.3675,49752.995,26892.4,22472.0,2691.0,101.69,36807.527,729.88,1.3290298,2019
2023-06-07 11:00:00+00:00,20.97828,89.55725625000001,-0.9123747579707272,0.4093559588156217,2579634.0,25.25,-0.9659258262890682,0.258819045102521,1.0,48800.0,5118.0,32600.0,258.46369615199615,18.62533325619168,3152.404999999999,27752.810000000005,17048.575,15151.0,4878.0,11806.74,2555292.0,3224.55,3.573721,2023
2023-06-07 20:00:00+00:00,18.983753,89.55725625000001,-0.9123747579707272,0.4093559588156217,2579634.0,25.25,0.5000000000000001,-0.8660254037844386,1.0,42950.0,5118.0,32600.0,258.46369615199615,19.159167077806234,6440.9225,43928.84,22295.925,17743.0,5854.0,0.01,54150.83,5017.81,4.0868053,2023
2018-06-15 08:00:00+00:00,16.828804,15.1252596,-0.9599326896597444,0.2802306751992163,2343672.0,21.88,-0.4999999999999998,0.8660254037844387,1.0,51400.0,5068.5,42570.0,568.1747268213269,13.919583559036264,9455.7375,56944.7975,25292.2,22647.0,7804.0,2497.23,1211539.9,1057.81,2.2152808,2018
2023-10-30 19:00:00+00:00,12.381599,89.55725625000001,0.4825077417612184,-0.875891705144243,2856838.0,48.0,0.2588190451025203,-0.9659258262890684,1.0,51350.0,5061.6,38139.0,335.9872818422318,12.96983353296917,9441.0875,46090.3275,17394.325,20283.0,5564.0,0.0,0.0,8016.94,6.588225,2023
2023-12-16 07:00:00+00:00,5.380503,89.55725625000001,0.9668478136052776,-0.2553532951161872,2806027.0,32.550000000000004,-0.2588190451025208,0.9659258262890684,0.0,56300.0,7117.2,47160.0,992.0816639730642,9.30022218492296,7721.302500000001,24996.86,19351.925,18653.0,5711.0,0.0,118.39453,2852.19,0.7461742,2023
2023-07-01 01:00:00+00:00,16.512896,89.55725625000001,-0.9999629591162656,0.0086069968886886,2932525.0,36.71666666666667,0.9659258262890684,0.2588190451025207,0.0,33050.0,7117.2,35923.0,234.23975800865804,19.65588887532551,4178.094999999999,27120.48,15622.85,14589.0,4650.0,0.0,0.0,7232.08,6.0262628,2023
2019-07-05 17:00:00+00:00,26.080519,22.79031588,-0.9981855344718586,-0.0602132773657927,2572658.0,11.13,-0.2588190451025206,-0.9659258262890684,1.0,51600.0,7117.2,44660.0,273.5517756003255,23.666583379109703,8769.5425,45698.5975,26906.3,24825.0,5412.0,2066.04,1512011.1,892.02,1.0821395,2019
2018-12-17 22:00:00+00:00,6.410541,15.1252596,0.9711000518829505,-0.2386727660059499,2085932.0,24.55,0.8660254037844384,-0.5000000000000004,1.0,71550.0,6121.4,55980.0,243.3956222832724,7.197166760762531,9775.04,47576.3175,22807.5,18302.0,4439.0,0.0,0.0,4080.44,5.433827,2018
2018-11-12 09:00:00+00:00,12.8185005,15.1252596,0.6648553979642859,-0.7469720876965558,2472229.0,25.5,-0.7071067811865475,0.7071067811865476,1.0,60300.0,5110.1,45755.0,185.55618150183147,10.918388843536356,10957.665,52082.6375,29478.3,24681.0,3038.0,1112.6,403441.22,4815.11,5.001482,2018
2023-07-15 12:00:00+00:00,23.097458,89.55725625000001,-0.973118337233262,-0.2303056702306119,3007664.0,25.433333333333334,-1.0,1.2246467991473532e-16,0.0,43850.0,7117.2,32925.0,198.0631917526917,23.15561061435276,2331.0200000000004,2298.122500000005,6009.4000000000015,17022.0,2792.0,9512.39,2323500.2,11672.52,6.4225755,2023
2020-12-07 02:00:00+00:00,4.108535,17.2389636,0.9226395488404876,-0.3856634062436074,2521048.0,14.15,0.8660254037844387,0.4999999999999999,1.0,59900.0,7117.2,49255.0,214.65901092796088,6.134277741114299,8421.175,28977.9725,6204.0,12226.0,2567.0,0.0,0.0,1049.41,3.3300087,2020
2018-04-21 18:00:00+00:00,19.097208,15.1252596,-0.3334687789181868,0.9427611433904208,642271.0,19.686666666666667,-1.8369701987210292e-16,-1.0,0.0,42150.0,5066.1,44830.0,363.6343643309365,14.430499792098985,8819.415,53876.29,20696.0,16999.0,6984.0,245.75,511277.12,812.75,1.6695906,2018
2019-09-25 00:00:00+00:00,15.692181,22.79031588,-0.0988201387328721,-0.9951053111006974,2650572.0,10.15,1.0,0.0,1.0,39800.0,7117.2,40910.0,149.15406483516483,17.633541504542045,6163.045,33698.55499999999,17150.6,14492.0,1926.0,0.0,0.0,6138.78,6.707931,2019
2023-09-09 15:00:00+00:00,27.273378,89.55725625000001,-0.3657225234972692,-0.9307239310379792,2865844.0,35.56666666666666,-0.7071067811865477,-0.7071067811865475,0.0,43750.0,7043.3,40185.0,184.0074502960003,22.89338917202421,6015.0875,29034.255,6971.549999999999,14591.0,2311.0,8178.76,1870232.9,1117.4,1.0408658,2023
2018-08-26 17:00:00+00:00,20.838139,15.1252596,-0.5772916165517278,-0.8165380514459157,2837907.0,25.45,-0.2588190451025206,-0.9659258262890684,0.0,39200.0,7117.2,33425.0,148.39552541717543,17.510375022888187,7154.630000000001,49279.3825,21480.6,15483.0,2698.0,939.85,784467.75,3457.59,4.213918,2018
2020-01-13 05:00:00+00:00,5.101129,17.2389636,0.9750645322571948,0.2219215130041655,2652974.0,12.0,0.2588190451025207,0.9659258262890684,1.0,64400.0,7117.2,54676.0,275.5675491859992,7.241499980290731,8741.525,42051.1425,23308.6,17721.0,3662.0,0.0,0.0,2722.73,4.569275,2020
2021-03-09 18:00:00+00:00,7.28976,46.29497964,0.3896304495307879,0.9209712877166346,1176034.0,17.38,-1.8369701987210292e-16,-1.0,1.0,70650.0,7117.2,44375.0,295.8309887464388,8.593750079472857,11370.5975,62284.1425,28634.7,24135.0,6544.0,0.0,97951.77,2504.24,2.6670427,2021
2018-06-15 02:00:00+00:00,14.273628,15.1252596,-0.9599326896597444,0.2802306751992163,2343672.0,21.88,0.8660254037844387,0.4999999999999999,1.0,36700.0,5068.5,42570.0,568.1747268213269,14.103999932607003,7953.019999999999,46416.5175,19230.2,15681.0,7540.0,0.0,0.0,1483.75,3.149544,2018
2021-03-30 13:00:00+00:00,18.503025,46.29497964,0.0387222808921744,0.9992500112396836,961615.0,18.75,-0.9659258262890684,-0.2588190451025203,1.0,48900.0,6111.4,42624.0,247.2979945665446,12.619722366333017,6982.115,30276.07,13732.6,18798.0,4074.0,7546.05,2676162.8,1382.54,3.087154,2021
2022-09-03 08:00:00+00:00,18.571903,80.46928043999999,-0.4597327394521046,-0.888057322629493,2244154.0,199.52,-0.4999999999999998,0.8660254037844387,0.0,41100.0,7117.2,22401.0,127.13238503626002,19.972166220347084,6962.14,20650.4275,16218.325,15546.0,1702.0,3698.22,775365.8,1610.48,2.4223955,2022
2018-05-17 15:00:00+00:00,16.345444,15.1252596,-0.7086266782644596,0.705583610107178,1327826.0,22.3,-0.7071067811865477,-0.7071067811865475,1.0,48500.0,6071.9,46605.0,466.3796659137158,12.811333100001006,7808.565000000001,44663.375,20582.8,20754.0,7824.0,3274.35,2156670.5,3005.48,3.9574945,2018
2019-06-05 02:00:00+00:00,14.293893,22.79031588,-0.8977433935342337,0.440518784350495,1701147.0,10.65,0.8660254037844387,0.4999999999999999,1.0,36200.0,5122.1,44660.0,295.3014167277167,18.09299993515015,7094.915,28058.2525,16369.3,14723.0,5248.0,0.0,0.0,2217.08,2.9592798,2019
2018-03-19 02:00:00+00:00,2.0569632,15.1252596,0.2261156855082882,0.9741004551724204,643391.0,20.65,0.8660254037844387,0.4999999999999999,1.0,60700.0,6071.9,47680.0,553.8767951453897,6.825333277384438,7362.6625,37126.125,13122.7,11729.0,5750.0,0.0,0.0,1906.19,2.1848493,2018
2020-10-19 02:00:00+00:00,8.585391,17.2389636,0.3253420847119803,-0.9455963874271424,2956736.0,15.0,0.8660254037844387,0.4999999999999999,1.0,45300.0,6125.5,45210.0,222.30273547008548,10.996066824595127,7257.712500000001,35412.3825,12068.6,10954.0,3234.0,0.0,0.0,1855.19,3.2589188,2020
2018-01-02 01:00:00+00:00,7.466365,15.1252596,0.9994074007397048,0.0344216116227457,1577489.0,19.15,0.9659258262890684,0.2588190451025207,1.0,54950.0,7117.2,53430.0,597.1518004273504,6.401333332061769,6230.1225,33627.262500000004,7313.1,9339.0,5871.0,0.0,0.0,7594.81,9.056784,2018
2021-10-15 00:00:00+00:00,9.763316,46.29497964,0.2428497220959349,-0.9700639218515072,2385992.0,87.0,1.0,0.0,1.0,47300.0,6796.4,44045.0,154.1777475783476,13.151444435119638,5445.4575,20296.972500000003,18639.6,14209.0,1811.0,0.0,0.0,1889.84,2.1551683,2021
2022-04-05 18:00:00+00:00,10.603922,80.46928043999999,-0.0645084494493162,0.9979171608653922,1197120.0,108.72,-1.8369701987210292e-16,-1.0,1.0,62400.0,6021.6,33095.0,230.21333549043555,9.214111116197374,8310.087500000001,47200.6425,28512.7,22186.0,4825.0,1165.69,255353.4,4671.74,4.099478,2022
2020-01-16 20:00:00+00:00,9.062646,17.2389636,0.9623090774541486,0.2719581575341055,2652974.0,11.05,0.5000000000000001,-0.8660254037844386,1.0,63800.0,7117.2,52515.0,271.0948997354497,7.913000146547956,7477.262500000001,37451.6525,26881.7,22116.0,4592.0,0.0,0.0,9334.4,7.3509326,2020
2019-01-10 21:00:00+00:00,2.921647,22.79031588,0.9852201067560606,0.1712931441814776,2055622.0,21.93,0.7071067811865474,-0.7071067811865477,1.0,74800.0,7117.2,55405.0,202.6334960724461,5.739916602770485,10992.925,53086.5825,25364.5,19372.0,4165.0,0.0,0.0,2762.06,5.007049,2019
2021-12-28 10:00:00+00:00,11.040493,46.29497964,0.998666816288476,-0.0516196672232541,2029801.0,97.72,-0.8660254037844387,0.4999999999999999,1.0,59350.0,6105.9,45505.0,392.2437576109076,7.324666817982989,6216.73,35016.745,9844.3,19864.0,6001.0,1622.66,286312.03,13426.87,9.668175,2021
2019-09-28 07:00:00+00:00,15.045351,22.79031588,-0.0473213883224323,-0.9988797155850336,2650572.0,9.01,-0.2588190451025208,0.9659258262890684,0.0,41650.0,7117.2,38665.0,149.07255805860805,17.29566685358683,6306.282499999999,21724.465,23945.5,17627.0,2281.0,647.81,183975.95,5606.58,5.7570796,2019
2018-02-07 01:00:00+00:00,1.446315,15.1252596,0.7935716089521474,0.6084768701151261,1416974.0,18.35,0.9659258262890684,0.2588190451025207,1.0,72550.0,7117.2,56295.0,618.0039719265816,5.35775007804235,9112.0725,55048.24,18618.2,14831.0,5558.0,0.0,0.0,3310.2,5.5680366,2018
2023-08-03 09:00:00+00:00,18.457563,89.55725625000001,-0.847540922892831,-0.5307300481619335,2985265.0,30.0,-0.7071067811865475,0.7071067811865476,1.0,45200.0,7117.2,33016.0,190.1331316128316,21.271833419799787,5539.727499999999,6222.724999999999,8488.3,17237.0,2840.0,7389.13,1185919.2,8009.05,6.393369,2023
2018-07-21 17:00:00+00:00,21.662756,15.1252596,-0.9441875088341996,-0.3294084822245298,2788177.0,22.043333333333333,-0.2588190451025206,-0.9659258262890684,0.0,43250.0,7117.2,40205.0,195.0570777370777,18.67095820109048,7497.3725,50723.42,22445.4,21640.0,4453.0,1346.29,1057060.1,1208.16,2.8234239,2018
2020-05-01 12:00:00+00:00,14.017958,17.2389636,-0.5049610547215204,0.8631421280499114,1740867.0,5.25,-1.0,1.2246467991473532e-16,0.0,40600.0,5110.1,37350.0,279.5630402930403,14.129416743914277,5339.539999999999,11132.247499999998,1121.5,6422.0,4790.0,4033.02,1986056.6,7463.69,7.8099313,2020
2018-06-22 09:00:00+00:00,17.628094,15.1252596,-0.986657932891657,0.1628070129385171,2562038.0,21.8,-0.7071067811865475,0.7071067811865476,1.0,52450.0,5068.5,44565.0,318.8915045991046,15.67783347765603,8378.535,34303.50499999999,26316.1,25324.0,6760.0,4127.47,2042680.5,3059.76,4.3590474,2018
2020-09-29 07:00:00+00:00,12.391636,17.2389636,-0.0129102960750088,-0.999916658654738,2801270.0,12.55,-0.2588190451025208,0.9659258262890684,1.0,55750.0,7065.5,40000.0,201.43937043142043,13.17629998524984,10117.985,53529.5025,24429.2,23285.0,3762.0,564.03,138463.36,1949.1,2.0882328,2020
2021-05-31 00:00:00+00:00,13.385458,46.29497964,-0.8565509959010036,0.5160623910158528,1628356.0,25.5,1.0,0.0,1.0,37750.0,5068.5,39945.0,301.22184851444854,15.58661111195883,5870.89,34640.5225,15528.3,10940.0,5249.0,0.0,0.0,3601.44,4.424215,2021
2021-03-09 01:00:00+00:00,3.9871063,46.29497964,0.3896304495307879,0.9209712877166346,1176034.0,17.38,0.9659258262890684,0.2588190451025207,1.0,60550.0,7117.2,44375.0,295.8309887464388,7.601499875386554,7275.42,40279.86,16063.1,14181.0,4624.0,0.0,0.0,2384.54,2.8902557,2021
2020-04-29 02:00:00+00:00,10.297961,17.2389636,-0.4749510720670499,0.8800122039735357,1740867.0,5.65,0.8660254037844387,0.4999999999999999,1.0,36850.0,5110.1,38885.0,277.70011953601954,14.729875167210905,6674.9725,33453.575000000004,10957.3,11749.0,5081.0,0.0,0.0,5138.52,5.1553783,2020
2020-04-15 22:00:00+00:00,11.381649,17.2389636,-0.2511900638848191,0.9679377830240644,1551504.0,6.85,0.8660254037844384,-0.5000000000000004,1.0,44350.0,5963.1,43765.0,196.59217905982908,13.996916651725783,7019.985000000001,31221.345,13905.0,11429.0,5137.0,0.0,0.0,4713.12,5.626194,2020
2022-08-09 06:00:00+00:00,18.866512,80.46928043999999,-0.7883050558305256,-0.6152845999633274,2280964.0,190.0,6.123233995736766e-17,1.0,1.0,40800.0,7117.2,26778.0,120.84214573944575,19.926167170206693,7561.950000000001,43661.3925,19841.175,15735.0,2111.0,1473.57,265813.03,3867.58,4.8130865,2022
2019-07-05 23:00:00+00:00,19.71515,22.79031588,-0.9981855344718586,-0.0602132773657927,2572658.0,11.13,0.9659258262890684,-0.2588190451025207,0.0,43300.0,7117.2,42630.0,269.7066611111111,23.3849999109904,7774.304999999999,39815.145,24404.9,19454.0,4854.0,0.0,0.0,1693.85,1.334391,2019
2019-06-20 22:00:00+00:00,15.520885,22.79031588,-0.980469160361632,0.1966728897935764,2172242.0,10.23,0.8660254037844384,-0.5000000000000004,1.0,45200.0,7117.2,43768.0,367.8459155474154,19.103666941324875,7929.405000000001,38530.035,20590.8,19445.0,6082.0,0.0,0.0,1473.56,2.551144,2019
2022-02-17 17:00:00+00:00,11.486127,80.46928043999999,0.6776147890466889,0.7354170229639855,1697421.0,72.0,-0.2588190451025206,-0.9659258262890684,1.0,62250.0,7117.2,45012.0,356.2878187627188,8.900277773539221,8918.41,27937.31,25389.7,25922.0,6367.0,8.08,221648.3,5653.37,6.835984,2022
2018-03-19 00:00:00+00:00,2.4747171,15.1252596,0.2261156855082882,0.9741004551724204,643391.0,20.65,1.0,0.0,1.0,63850.0,6071.9,47680.0,553.8767951453897,6.970999995867411,7612.3225,34483.90999999999,14927.5,11977.0,5929.0,0.0,0.0,2270.52,2.3920522,2018
2018-11-12 20:00:00+00:00,12.240044,15.1252596,0.6648553979642859,-0.7469720876965558,2472229.0,25.5,0.5000000000000001,-0.8660254037844386,1.0,56400.0,5110.1,45755.0,185.55618150183147,11.453583399454766,9365.597500000002,41877.6075,32067.4,20557.0,3197.0,0.0,0.0,3780.63,4.1543393,2018
2022-06-07 20:00:00+00:00,17.610935,80.46928043999999,-0.9123747579707272,0.4093559588156217,2345706.0,79.0,0.5000000000000001,-0.8660254037844386,1.0,44450.0,6113.8,29125.0,209.5169253154253,19.55283323923746,8726.517499999998,44854.64,22980.625,19546.0,5007.0,0.0,32482.703,2615.15,4.008073,2022
2019-12-10 18:00:00+00:00,6.8451304,22.79031588,0.935367949313148,-0.3536761221763721,2657645.0,13.65,-1.8369701987210292e-16,-1.0,1.0,76850.0,6071.9,46886.0,374.9090846153846,8.08049996693929,8943.474999999999,43416.3025,29533.6,24763.0,6682.0,0.0,0.0,9249.24,5.137668,2019
2019-06-26 01:00:00+00:00,19.532887,22.79031588,-0.9955213724144752,0.0945367498171995,2394994.0,9.4,0.9659258262890684,0.2588190451025207,1.0,38900.0,7117.2,44453.0,321.8205930606431,21.05783343315125,7488.862499999999,35953.5425,18993.0,16847.0,5123.0,0.0,0.0,2541.5,3.2381732,2019
2020-12-01 04:00:00+00:00,5.8961954,17.2389636,0.8779600847008878,-0.478733840115789,2674858.0,14.82,0.5000000000000001,0.8660254037844386,1.0,59800.0,7049.9,50945.0,177.72149926739928,6.347055620617336,6569.932499999999,38235.0925,18011.6,15955.0,2426.0,0.0,0.0,7044.98,4.4361234,2020
2019-04-12 10:00:00+00:00,9.572085,22.79031588,-0.18399835165768,0.9829265519799822,932025.0,15.94,-0.8660254037844387,0.4999999999999999,1.0,62350.0,6071.9,46670.0,245.8336132885633,11.321499983469646,8740.85,41910.4975,23649.0,21122.0,4374.0,5620.71,2070794.4,1937.47,3.2084138,2019
2021-10-01 12:00:00+00:00,18.059874,46.29497964,0.0043035382962438,-0.99999073973619,2330764.0,87.6,-1.0,1.2246467991473532e-16,1.0,50550.0,7117.2,43602.0,171.36243636548636,16.39616674847073,5895.3025,19888.972500000003,19205.5,19064.0,1879.0,6082.27,1786969.8,6269.71,3.9246018,2021
2020-12-24 06:00:00+00:00,7.9102426,17.2389636,0.9946708199115212,-0.1031016974474354,2473628.0,17.63,6.123233995736766e-17,1.0,1.0,52800.0,7117.2,52130.0,407.3001143060642,8.398444440629746,5892.3575,21670.0775,19542.1,15335.0,5136.0,0.0,0.0,10459.73,5.4244876,2020
2019-05-23 06:00:00+00:00,12.250757,22.79031588,-0.7775971469736267,0.6287628145958347,1324928.0,12.45,6.123233995736766e-17,1.0,1.0,51250.0,5122.1,45825.0,393.704944973545,15.633583307266234,9264.695,43284.0,27733.1,22358.0,6315.0,1156.9,450852.3,1054.24,0.98699003,2019
2019-10-21 05:00:00+00:00,11.5493145,22.79031588,0.3415707691678551,-0.9398560579418956,2771196.0,10.1,0.2588190451025207,0.9659258262890684,1.0,51900.0,6111.4,40270.0,310.39916695156694,14.423083543777476,9192.802500000002,49386.775,26886.7,21004.0,4577.0,0.0,0.0,3216.02,0.25891763,2019
2023-07-13 13:00:00+00:00,22.295305,89.55725625000001,-0.980469160361632,-0.1966728897935762,3007664.0,26.1,-0.9659258262890684,-0.2588190451025203,1.0,49900.0,7117.2,34280.0,220.8787837662338,23.047722180684392,4489.07,13295.2825,16093.075,23132.0,3297.0,10966.2,2562255.2,3657.63,3.745171,2023
2021-05-21 14:00:00+00:00,14.986007,46.29497964,-0.7554933140726803,0.6551563572090853,1413451.0,24.8,-0.8660254037844386,-0.5000000000000001,1.0,47100.0,5068.5,40765.0,511.4441907610908,13.665444586012102,3425.4175000000005,16338.120000000004,9297.3,18782.0,6104.0,4394.87,2004681.2,11884.63,8.671946,2021
2023-01-08 01:00:00+00:00,8.981113,89.55725625000001,0.9905324521322229,0.1372787721132647,2327857.0,70.87333333333333,0.9659258262890684,0.2588190451025207,0.0,47350.0,7117.2,39922.0,274.3717643087991,8.43133326371511,4072.08,16457.609999999997,5359.75,10132.0,3433.0,0.0,0.0,10468.36,8.092264,2023
2021-07-23 15:00:00+00:00,25.189028,46.29497964,-0.9322892131745134,-0.3617137307297674,2538196.0,35.65,-0.7071067811865477,-0.7071067811865475,1.0,49350.0,7117.2,43525.0,570.8221203093202,21.833542108535763,5611.905000000001,42556.5625,15450.7,22899.0,5252.0,6409.85,2207101.8,3966.75,1.0903835,2021
2019-11-04 13:00:00+00:00,13.46156,22.79031588,0.5560174366570438,-0.8311706263658084,2986771.0,13.05,-0.9659258262890684,-0.2588190451025203,1.0,57400.0,5047.5,41100.0,426.0825935897435,12.966291666030887,8875.6125,51780.5175,12527.1,21415.0,6203.0,2521.3,980554.94,7855.19,8.768555,2019
2021-02-01 03:00:00+00:00,7.7962008,46.29497964,0.8520775211013093,0.5234156073655503,1859154.0,17.5,0.7071067811865476,0.7071067811865476,1.0,52100.0,7117.2,49366.0,1155.258171275946,8.025333166122437,8427.307499999999,34054.162500000006,5042.799999999999,12265.0,6271.0,0.0,0.0,4659.27,5.786898,2021
2018-02-11 19:00:00+00:00,5.3802047,15.1252596,0.7498264012045687,0.6616346182422783,1416974.0,18.016666666666666,0.2588190451025203,-0.9659258262890684,0.0,71900.0,7117.2,57360.0,458.0003100794781,5.436250030994415,9495.580000000002,39572.15999999999,24058.6,18028.0,5783.0,0.0,0.0,4665.99,7.312162,2018
2022-09-07 14:00:00+00:00,22.11232,80.46928043999999,-0.3975428142825566,-0.9175836260593934,2240533.0,208.3,-0.8660254037844386,-0.5000000000000001,1.0,49150.0,7117.2,26396.0,141.2186374061124,21.0291665395101,7502.25,41559.235,10754.375,21753.0,2425.0,5718.92,1684063.4,3232.08,4.294692,2022
2018-02-12 16:00:00+00:00,5.0869913,15.1252596,0.7383263540031065,0.6744436188329455,1194343.0,18.05,-0.5000000000000004,-0.8660254037844385,1.0,73800.0,7117.2,57025.0,456.7611198621852,5.8193332751592015,11311.925,64036.1175,25982.5,26764.0,6031.0,462.04,656356.44,1988.7,4.440618,2018
2023-12-23 02:00:00+00:00,8.5937395,89.55725625000001,0.9905324521322229,-0.1372787721132651,2761956.0,33.809999999999995,0.8660254037844387,0.4999999999999999,0.0,46600.0,7117.2,45115.0,722.9839787434788,8.592666731940371,3619.9775,-2605.987499999996,11590.0,10878.0,5407.0,0.0,0.0,11138.37,8.390518,2023
2020-04-23 19:00:00+00:00,14.854414,17.2389636,-0.3816892202666589,0.9242907221930932,1670557.0,5.65,0.2588190451025203,-0.9659258262890684,1.0,43400.0,5910.1,41575.0,262.6538834961336,15.116291602452597,8332.862500000001,52171.2175,23787.3,17105.0,6037.0,0.38,110317.23,713.11,0.82102257,2020
2023-03-11 08:00:00+00:00,7.937524,89.55725625000001,0.3576982388331257,0.9338372288229252,1351720.0,49.88333333333333,-0.4999999999999998,0.8660254037844387,0.0,56000.0,7117.2,37059.0,324.4446526835484,10.04649991459318,7857.1125,28823.932500000003,4426.724999999999,15407.0,5274.0,2609.74,312160.03,4148.95,4.675999,2023
2023-10-23 14:00:00+00:00,15.179074,89.55725625000001,0.3737197147904684,-0.9275416835791968,2730776.0,49.35,-0.8660254037844386,-0.5000000000000001,1.0,47950.0,4065.8,41335.0,182.5081702908203,15.19672250747682,8038.3125,49128.915,14422.425,20580.0,2893.0,4317.1,813941.44,6165.42,2.9733121,2023
2022-02-08 16:00:00+00:00,10.828212,80.46928043999999,0.7829801036770629,0.6220467484408675,1729375.0,75.7,-0.5000000000000004,-0.8660254037844385,1.0,62400.0,7117.2,46051.0,311.2079174399675,7.26977766884698,9184.915,38725.45749999999,21159.9,25544.0,4429.0,622.89,560126.0,2229.65,2.589498,2022
2018-09-08 05:00:00+00:00,13.121457,15.1252596,-0.3816892202666594,-0.924290722193093,2718547.0,28.526666666666667,0.2588190451025207,0.9659258262890684,0.0,36550.0,7117.2,45485.0,158.6232873829874,15.761800193786607,7736.7575,35233.875,20394.6,16843.0,2069.0,0.0,71.942566,1215.61,0.41653714,2018
2023-08-22 00:00:00+00:00,21.003225,89.55725625000001,-0.6321034111873488,-0.7748840413670406,2829706.0,43.2,1.0,0.0,1.0,38550.0,6947.5,33424.0,172.7614137991638,25.038611306084544,7083.422500000001,35374.2375,20011.775,14402.0,2749.0,0.0,0.0,2150.37,1.3802396,2023
2022-07-19 22:00:00+00:00,22.586817,80.46928043999999,-0.9549667548552552,-0.2967128192734901,2382772.0,151.6,0.8660254037844384,-0.5000000000000004,1.0,46700.0,7117.2,24490.0,137.12525347985348,23.996166547139467,6056.689999999999,26173.615,23415.475,19644.0,2835.0,0.0,0.0,5270.34,2.3744254,2022
2021-08-29 01:00:00+00:00,14.974212,46.29497964,-0.5343725582809793,-0.8452490573530629,2612909.0,48.675,0.9659258262890684,0.2588190451025207,0.0,33700.0,7117.2,42597.0,205.88411866096865,19.09977780448068,5429.3775,26474.632500000003,15655.6,12397.0,2473.0,0.0,0.0,3456.22,4.646659,2021
2020-12-20 01:00:00+00:00,8.642486,17.2389636,0.9852201067560606,-0.1712931441814778,2454326.0,16.493333333333332,0.9659258262890684,0.2588190451025207,0.0,51350.0,7117.2,51105.0,339.5592379324379,7.816833443111844,6061.932500000001,20433.7925,17728.3,11370.0,4204.0,0.0,0.0,4585.22,5.2141547,2020
2019-12-12 05:00:00+00:00,5.4390063,22.79031588,0.9469877530760752,-0.3212696616923651,2657645.0,13.4,0.2588190451025207,0.9659258262890684,1.0,65950.0,6071.9,46595.0,419.57166910866914,7.902250051498411,9816.225,50998.09,14498.1,19741.0,5795.0,0.0,0.0,4959.05,7.201437,2019
2018-09-24 17:00:00+00:00,15.969638,15.1252596,-0.1159345995955006,-0.9932568492674144,2588940.0,29.48,-0.2588190451025206,-0.9659258262890684,1.0,51300.0,7117.2,45315.0,143.75979796499797,16.06225013732912,10348.06,46640.8025,22020.9,24314.0,2923.0,392.92,529989.1,3384.34,5.6616287,2018
2021-08-29 12:00:00+00:00,19.432,46.29497964,-0.5343725582809793,-0.8452490573530629,2612909.0,48.675,-1.0,1.2246467991473532e-16,0.0,40150.0,7117.2,42597.0,205.88411866096865,19.866111225552004,5387.935000000001,29118.85,14368.3,9377.0,2563.0,7669.64,2107961.2,3104.02,3.597042,2021
2022-06-06 14:00:00+00:00,20.495281,80.46928043999999,-0.9051931898913974,0.4250003399695541,2345706.0,79.25,-0.8660254037844386,-0.5000000000000001,0.0,39950.0,6113.8,29162.0,196.48394820919825,20.00522179073759,3703.8,9716.619999999995,12162.925,20276.0,3708.0,6779.29,2013469.5,2944.98,4.2974524,2022
2023-10-07 07:00:00+00:00,13.840081,89.55725625000001,0.1073813466641621,-0.994217906893952,2705939.0,35.53333333333333,-0.2588190451025208,0.9659258262890684,0.0,40200.0,5948.0,39215.0,153.85373576793577,16.930333190494125,4710.504999999999,16343.152499999997,14799.725,15294.0,2203.0,979.11,174676.17,2597.67,1.694191,2023
2018-05-23 03:00:00+00:00,13.029806,15.1252596,-0.7775971469736267,0.6287628145958347,1497111.0,22.8,0.7071067811865476,0.7071067811865476,1.0,38200.0,5068.5,46035.0,368.8641185185186,13.307583530743926,7721.785000000001,46092.76,21111.8,15857.0,6536.0,0.0,0.0,1349.43,2.6706738,2018
2019-06-25 17:00:00+00:00,25.759428,22.79031588,-0.993746580436178,0.1116590071216946,2394994.0,9.13,-0.2588190451025206,-0.9659258262890684,1.0,54000.0,7117.2,46643.0,326.0912268823769,21.70408312479654,9437.2325,49580.5125,23927.4,24976.0,6492.0,1978.92,1384375.0,1811.4,0.90228695,2019
2019-10-29 13:00:00+00:00,14.306222,22.79031588,0.467359217158002,-0.8840675099433637,2851394.0,10.32,-0.9659258262890684,-0.2588190451025203,1.0,57650.0,6111.4,41035.0,259.7466869352869,13.675708373387646,9105.825,53430.77250000001,24360.1,23058.0,4374.0,3202.58,1025342.1,3205.6,2.2873561,2019
2020-05-12 00:00:00+00:00,8.638264,17.2389636,-0.6584015846980488,0.7526668275320085,2184713.0,5.13,1.0,0.0,1.0,41700.0,5110.1,38525.0,403.70426674806674,14.661374886830668,6340.635,29213.0575,16520.1,12580.0,6767.0,0.0,0.0,5839.74,4.0202293,2020
2019-12-19 16:00:00+00:00,11.767113,22.79031588,0.9787400799669153,-0.2051044998686192,2652638.0,13.18,-0.5000000000000004,-0.8660254037844385,1.0,59600.0,6071.9,48510.0,592.1941550264551,8.960916678110756,9564.0375,47673.5775,19840.8,26038.0,6885.0,20.92,92814.79,11320.26,9.072881,2019
2022-03-26 02:00:00+00:00,7.689965,80.46928043999999,0.107381346664163,0.994217906893952,1369050.0,101.66666666666669,0.8660254037844387,0.4999999999999999,0.0,44500.0,6053.3,31585.0,189.38260966625964,10.574777603149402,6632.5875,33719.1275,14893.7,13772.0,2510.0,0.0,0.0,5700.5,6.3556285,2022
2018-06-19 22:00:00+00:00,18.226254,15.1252596,-0.9769384927771816,0.2135209154397961,2562038.0,22.13,0.8660254037844384,-0.5000000000000004,1.0,46150.0,5068.5,44535.0,356.62676229141226,16.05141679445905,8314.3425,50490.6375,22398.6,18812.0,6801.0,0.0,0.0,1439.95,1.8362226,2018
2020-09-27 02:00:00+00:00,10.128621,17.2389636,-0.0473213883224323,-0.9988797155850336,2821249.0,12.023333333333332,0.8660254037844387,0.4999999999999999,0.0,34450.0,7085.5,36495.0,220.13670993081,13.701366710662857,3992.69,18957.305000000004,7268.200000000001,10514.0,3079.0,0.0,0.0,8426.47,6.23918,2020
2022-08-13 10:00:00+00:00,25.890686,80.46928043999999,-0.7441039398713605,-0.6680638642135336,2280964.0,210.5,-0.8660254037844387,0.4999999999999999,0.0,44000.0,7117.2,26291.0,114.89604756539754,22.895749727884933,4063.2725,16806.0075,17241.8,9298.0,1678.0,9358.92,2352354.5,1811.02,1.4950688,2022
2020-06-09 18:00:00+00:00,15.42392,17.2389636,-0.9322892131745132,0.3617137307297676,2775806.0,4.65,-1.8369701987210292e-16,-1.0,1.0,44250.0,5102.5,34470.0,254.64873469678463,17.14062492052712,8415.7175,50876.53,17749.2,19696.0,6385.0,867.84,644524.7,2581.01,4.0119343,2020
2020-09-01 18:00:00+00:00,18.432785,17.2389636,-0.4749510720670502,-0.8800122039735356,2975651.0,10.7,-1.8369701987210292e-16,-1.0,1.0,45700.0,6071.9,33535.0,259.7084399674399,18.1450335820516,9402.5175,52073.4575,23392.1,19945.0,4085.0,138.01,323047.53,2052.56,2.2632947,2020
2022-07-21 13:00:00+00:00,24.865622,80.46928043999999,-0.9441875088341996,-0.3294084822245298,2382772.0,150.5,-0.9659258262890684,-0.2588190451025203,1.0,53100.0,7117.2,27255.0,151.18897646520145,24.1264171600342,4879.9125,30234.59749999999,19554.175,24263.0,2558.0,9314.02,2732265.2,1250.83,1.3967792,2022
2022-08-05 06:00:00+00:00,19.1297,80.46928043999999,-0.8287700871745037,-0.5595892624101767,2274044.0,195.0,6.123233995736766e-17,1.0,1.0,43400.0,7117.2,26306.0,136.83769295519298,21.213000138600663,7896.567499999999,49379.44500000001,18767.2,21033.0,2613.0,1272.27,235119.7,2345.8,3.3432097,2022
2019-05-16 07:00:00+00:00,11.154757,22.79031588,-0.6963762255968722,0.717676913675962,1254728.0,13.4,-0.2588190451025208,0.9659258262890684,1.0,54950.0,5122.1,46855.0,256.4857698616199,14.226333459218358,8691.115,43488.5775,25646.4,22228.0,5947.0,2432.24,911659.3,2205.12,3.330179,2019
2020-12-11 05:00:00+00:00,6.7202272,17.2389636,0.9469877530760752,-0.3212696616923651,2521048.0,15.93,0.2588190451025207,0.9659258262890684,1.0,65450.0,7117.2,48935.0,290.0256063085064,6.287111176384816,8144.022499999999,45142.085,10638.0,19135.0,3873.0,0.0,0.0,7980.68,5.0745225,2020
2022-08-24 19:00:00+00:00,23.633593,80.46928043999999,-0.6050560696488494,-0.7961828637826154,2250959.0,293.0,0.2588190451025203,-0.9659258262890684,1.0,47450.0,7117.2,23816.0,146.15470664335666,23.14866638183595,9166.8725,44182.7475,26774.225,18104.0,2788.0,0.0,78003.484,2114.77,1.8961073,2022
2023-12-23 13:00:00+00:00,10.698414,89.55725625000001,0.9905324521322229,-0.1372787721132651,2761956.0,33.809999999999995,-0.9659258262890684,-0.2588190451025203,0.0,52150.0,7117.2,42745.0,722.9839787434788,8.735999955071343,4794.669999999999,20799.04,7994.825000000001,12013.0,5718.0,4747.42,718680.1,13687.55,8.046472,2023
2021-12-09 22:00:00+00:00,6.1188774,46.29497964,0.9291414114031744,-0.3697245428906732,2059628.0,101.25,0.8660254037844384,-0.5000000000000004,1.0,70050.0,5042.0,43435.0,500.3966844932845,6.175555480851067,7551.7075,48016.4475,12259.6,18455.0,4942.0,0.0,0.0,9553.87,6.0973988,2021
2021-04-11 10:00:00+00:00,8.913558,46.29497964,-0.167051625502119,0.9859481499638304,998746.0,20.366666666666667,-0.8660254037844387,0.4999999999999999,0.0,53850.0,6111.4,38735.0,210.8307806267806,10.327944543626558,6175.7425,21291.057500000003,11359.3,13712.0,3369.0,3271.19,1355279.1,4738.24,2.9190872,2021
2023-10-06 09:00:00+00:00,16.931046,89.55725625000001,0.0902516100310407,-0.9959189961471792,2705939.0,33.55,-0.7071067811865475,0.7071067811865476,1.0,47950.0,5948.0,41706.0,152.77901964701968,17.68516646491159,4507.445000000001,15551.190000000002,12765.125,18293.0,2105.0,7462.51,1171383.5,1553.79,1.7268188,2023
2020-04-29 13:00:00+00:00,14.461231,17.2389636,-0.4749510720670499,0.8800122039735357,1740867.0,5.65,-0.9659258262890684,-0.2588190451025203,1.0,46200.0,5110.1,37645.0,277.70011953601954,14.847083250681576,6223.040000000001,32701.7225,6299.0,14447.0,4960.0,4496.7,1956044.8,6804.86,7.0751834,2020
2018-03-23 22:00:00+00:00,6.400611,15.1252596,0.1585593851031345,0.9873494423939864,643391.0,19.6,0.8660254037844384,-0.5000000000000004,1.0,70550.0,6071.9,46620.0,473.5583820467598,6.732333223025004,10214.605,55980.5825,16659.9,17622.0,5730.0,0.0,0.0,2113.73,3.7584035,2018
2019-06-25 10:00:00+00:00,23.903643,22.79031588,-0.993746580436178,0.1116590071216946,2394994.0,9.13,-0.8660254037844387,0.4999999999999999,1.0,56800.0,7117.2,46643.0,326.0912268823769,20.31975030899049,7839.270000000001,28285.814999999995,26869.2,26504.0,5875.0,5000.17,2461730.2,1701.31,1.3477391,2019
2020-09-06 18:00:00+00:00,17.870178,17.2389636,-0.3975428142825566,-0.9175836260593934,2975651.0,11.426666666666668,-1.8369701987210292e-16,-1.0,0.0,41100.0,6121.4,33385.0,181.50243724053723,17.67173334757485,8459.9375,42012.7125,12855.2,16148.0,3097.0,69.49,253942.92,2046.99,4.093943,2020
2020-04-28 20:00:00+00:00,11.748226,17.2389636,-0.4597327394521039,0.8880573226294932,1740867.0,5.98,0.5000000000000001,-0.8660254037844386,1.0,44050.0,5110.1,38655.0,257.6211333129834,15.191250085830688,7132.2075,42673.5125,18224.7,15724.0,6137.0,0.0,2613.607,3540.27,5.218852,2020
2021-04-28 16:00:00+00:00,13.436704,46.29497964,-0.4443781781046132,0.895839290734909,940614.0,21.9,-0.5000000000000004,-0.8660254037844385,1.0,49000.0,5765.6,40325.0,181.5832967032967,13.242666774325906,7157.5650000000005,48558.39,19062.2,21706.0,3881.0,3355.94,1226958.5,2033.16,1.6602619,2021
2020-08-16 07:00:00+00:00,19.015127,17.2389636,-0.6963762255968724,-0.7176769136759618,3013309.0,7.3,-0.2588190451025208,0.9659258262890684,0.0,35800.0,7117.2,35479.0,156.62754430199428,20.231933466593432,6757.4625,25646.295,14327.8,8506.0,2632.0,1661.39,534008.94,1206.03,0.9434318,2020
2022-10-22 10:00:00+00:00,17.53996,80.46928043999999,0.3576982388331254,-0.9338372288229252,2315468.0,44.0,-0.8660254037844387,0.4999999999999999,0.0,43900.0,5066.1,31190.0,200.7180950407081,15.831333160400376,6199.5725,35732.662500000006,7039.625,14298.0,3514.0,5334.58,1104582.4,2288.22,4.91134,2022
2019-04-26 16:00:00+00:00,12.826881,22.79031588,-0.4132786077829042,0.9106046300942162,1004280.0,14.3,-0.5000000000000004,-0.8660254037844385,1.0,50400.0,7015.5,47165.0,293.74963793243785,12.69733333587647,8650.32,46121.76,20057.7,18175.0,5878.0,2455.68,1297451.2,3673.46,6.5559754,2019
2022-10-23 08:00:00+00:00,16.345167,80.46928043999999,0.3737197147904684,-0.9275416835791968,2315468.0,37.25,-0.4999999999999998,0.8660254037844387,0.0,38750.0,5066.1,32093.0,195.0747454597737,15.47074993451436,5617.825000000001,32663.267499999994,4942.7750000000015,12456.0,2690.0,1487.74,292771.12,8157.45,7.6944213,2022
2019-07-10 06:00:00+00:00,16.656658,22.79031588,-0.9893142039703664,-0.1457991969198744,2673159.0,12.5,6.123233995736766e-17,1.0,1.0,48200.0,7117.2,42118.0,234.5371905168905,21.324916521708182,9163.69,48760.23,26467.5,25784.0,4690.0,1142.88,433034.75,1705.16,1.5361128,2019
2023-02-26 18:00:00+00:00,3.6646857,89.55725625000001,0.5560174366570445,0.831170626365808,1443310.0,49.5,-1.8369701987210292e-16,-1.0,0.0,62550.0,6121.4,38865.0,186.63625028658944,8.404888788859038,7106.0225,40804.9625,12061.475,16618.0,3275.0,0.0,52554.043,14107.94,9.056661,2023
2021-07-23 23:00:00+00:00,19.547064,46.29497964,-0.9322892131745134,-0.3617137307297674,2538196.0,35.65,0.9659258262890684,-0.2588190451025207,0.0,40700.0,7117.2,40405.0,537.8417869352869,20.665666659673043,5620.617499999999,38614.22,21097.2,17459.0,5419.0,0.0,0.0,4856.1,1.0759853,2021
2018-02-16 16:00:00+00:00,9.715961,15.1252596,0.6901733882429719,0.7236440382959124,1194343.0,18.23,-0.5000000000000004,-0.8660254037844385,1.0,66650.0,7117.2,56895.0,538.9052955094289,6.594083348910016,11957.3875,66345.8,27560.5,25552.0,6451.0,350.94,525966.56,1067.98,1.4306796,2018
2020-09-27 05:00:00+00:00,9.782093,17.2389636,-0.0473213883224323,-0.9988797155850336,2821249.0,12.023333333333332,0.2588190451025207,0.9659258262890684,0.0,36450.0,7085.5,36495.0,220.13670993081,13.443633397420268,4371.1275,26365.6125,9311.1,11272.0,3301.0,0.0,0.0,10701.39,6.112557,2020
2018-06-19 17:00:00+00:00,22.40946,15.1252596,-0.9769384927771816,0.2135209154397961,2562038.0,22.13,-0.2588190451025206,-0.9659258262890684,1.0,50250.0,5068.5,44535.0,381.09660807895807,17.096499999364216,9370.6925,61973.04,24816.3,23969.0,7193.0,1715.18,1308472.1,941.57,1.5677236,2018
2022-12-13 02:00:00+00:00,2.33619,80.46928043999999,0.9523775757303972,-0.3049212246562894,2190805.0,138.35,0.8660254037844387,0.4999999999999999,1.0,64200.0,7117.2,41300.0,230.8754162755924,4.461833328008652,7864.075000000001,44349.685,5171.0,14749.0,3585.0,0.0,0.0,6836.86,3.272951,2022
2020-12-04 08:00:00+00:00,5.3021965,17.2389636,0.9015016841318838,-0.4327755925504317,2674858.0,14.65,-0.4999999999999998,0.8660254037844387,1.0,71800.0,7117.2,49255.0,190.70266339031343,6.190555572509765,8314.682499999999,39812.925,20182.3,28154.0,4725.0,120.44,36891.7,8030.14,5.518697,2020
2023-02-01 18:00:00+00:00,7.3719006,89.55725625000001,0.8520775211013093,0.5234156073655503,1741224.0,60.0,-1.8369701987210292e-16,-1.0,1.0,72200.0,7117.2,45030.0,242.3281760908978,6.107777721352046,7459.4225,23711.247500000005,28321.45,24861.0,5058.0,0.0,3190.1538,7202.85,5.255751,2023
2020-11-20 21:00:00+00:00,6.4520655,17.2389636,0.7721565844991641,-0.6354323008901775,3012185.0,12.6,0.7071067811865474,-0.7071067811865477,1.0,58450.0,7117.2,50690.0,199.15529257224253,9.244458516438788,7392.147499999999,39667.565,20075.9,18624.0,3593.0,0.0,0.0,3216.92,1.1924896,2020
2019-04-02 20:00:00+00:00,9.28524,22.79031588,-0.012910296075009,0.999916658654738,984486.0,13.75,0.5000000000000001,-0.8660254037844386,1.0,55000.0,7117.2,46375.0,228.32173251933256,11.890889061821818,9676.335,34189.08,25841.6,20043.0,4866.0,0.0,0.0,3857.06,4.829403,2019
2022-04-02 17:00:00+00:00,5.273269,80.46928043999999,-0.012910296075009,0.999916658654738,1334846.0,110.61,-0.2588190451025206,-0.9659258262890684,0.0,61600.0,6041.6,30435.0,218.9799258038258,8.247777832878947,7701.5825,40217.005000000005,11820.7,17447.0,4522.0,2675.63,737239.8,8132.18,6.2208304,2022
2022-06-29 03:00:00+00:00,15.103674,80.46928043999999,-0.99907411510223,0.0430222330045305,2482855.0,140.55,0.7071067811865476,0.7071067811865476,1.0,37450.0,7117.2,28795.0,198.92442409442413,19.090250333150244,7611.202499999999,35853.735,20542.25,17507.0,3007.0,0.0,0.0,1790.92,2.302158,2022
2021-04-09 11:00:00+00:00,11.732459,46.29497964,-0.1330147065341959,0.9911140639934548,998746.0,19.5,-0.9659258262890682,0.258819045102521,1.0,59750.0,6111.4,39520.0,213.76978142043143,10.502888785468222,7448.6525,22518.94,22841.2,16783.0,4296.0,5983.57,2164772.8,3278.75,3.4200463,2021
2021-12-07 12:00:00+00:00,8.250983,46.29497964,0.9158642882672872,-0.4014879892059729,2059628.0,96.7,-1.0,1.2246467991473532e-16,1.0,75150.0,4861.2,42975.0,402.69278133903134,6.381555517514548,8263.22,57025.515,14517.8,22384.0,5172.0,3174.5,674605.75,8806.76,6.649677,2021
2019-12-03 05:00:00+00:00,3.7921565,22.79031588,0.8860706215341378,-0.4635502709028512,2815166.0,15.02,0.2588190451025207,0.9659258262890684,1.0,67600.0,5008.0,44520.0,499.41807035002034,8.538749933242796,10766.5225,53895.7625,18006.5,18969.0,6236.0,0.0,0.0,2534.97,3.6749976,2019
2019-06-22 16:00:00+00:00,21.447336,22.79031588,-0.986657932891657,0.1628070129385171,2172242.0,10.133333333333336,-0.5000000000000004,-0.8660254037844385,0.0,41700.0,7117.2,43658.0,361.5156054945055,19.733250061670944,6858.632499999999,36736.545,18408.2,18328.0,6096.0,3182.62,1745333.1,1154.63,2.3520296,2019
2023-02-26 22:00:00+00:00,2.3017843,89.55725625000001,0.5560174366570445,0.831170626365808,1443310.0,49.5,0.8660254037844384,-0.5000000000000004,0.0,60350.0,6121.4,38865.0,186.63625028658944,8.08472218778398,6389.1525,39568.51,9811.85,12509.0,2533.0,0.0,0.0,12583.44,8.2410345,2023
2018-05-08 10:00:00+00:00,17.88991,15.1252596,-0.5912614448635781,0.8064799463209448,1101932.0,20.7,-0.8660254037844387,0.4999999999999999,0.0,45500.0,5066.1,42000.0,347.0228135101524,13.52808336416882,8343.2525,32114.555000000008,25481.9,18965.0,6353.0,3640.44,2227813.8,859.94,2.2542834,2018
2019-07-03 03:00:00+00:00,16.719774,22.79031588,-0.9996666485105112,-0.0258184402271328,2572658.0,10.27,0.7071067811865476,0.7071067811865476,1.0,39500.0,7117.2,43750.0,291.655588970289,21.818333228429143,7883.775,39143.4975,20494.6,18864.0,4719.0,0.0,0.0,3822.18,4.484391,2019
2021-05-24 03:00:00+00:00,9.802346,46.29497964,-0.7883050558305252,0.615284599963328,1509465.0,24.8,0.7071067811865476,0.7071067811865476,0.0,37200.0,5068.5,39475.0,473.9394152625152,12.077166769239644,3737.465,16076.384999999998,13374.6,11757.0,6088.0,0.0,0.0,7923.66,5.219385,2021
2021-06-19 21:00:00+00:00,18.884584,46.29497964,-0.9769384927771816,0.2135209154397961,2002076.0,29.633333333333333,0.7071067811865474,-0.7071067811865477,0.0,44800.0,5068.5,37455.0,323.3423067562068,19.73999998304579,6445.3625,39130.14,18285.6,16851.0,5837.0,0.1,752.2024,3211.83,1.7611449,2021
2018-10-06 16:00:00+00:00,17.980618,15.1252596,0.0902516100310407,-0.9959189961471792,2533385.0,27.2,-0.5000000000000004,-0.8660254037844385,0.0,42650.0,7117.2,39970.0,130.83137065527066,16.35658343633016,8769.1175,47527.3675,16605.4,17682.0,2192.0,997.01,561852.7,3277.17,2.5834935,2018
2019-07-16 06:00:00+00:00,15.917471,22.79031588,-0.9690098257244062,-0.2470221804809357,2690219.0,11.25,6.123233995736766e-17,1.0,1.0,47000.0,7117.2,42422.0,195.68000545380545,21.36266692479449,9278.465000000002,43372.345,25863.1,23028.0,3772.0,1233.75,419048.53,1060.15,2.062119,2019
2022-10-27 23:00:00+00:00,17.273582,80.46928043999999,0.436651231956063,-0.8996308696522438,2419163.0,35.0,0.9659258262890684,-0.2588190451025207,1.0,38450.0,5066.1,30305.0,200.79569442361185,15.146166721979766,5926.2225,30134.1225,10240.9,14089.0,3042.0,0.0,0.0,7358.89,6.7084365,2022
2018-06-24 01:00:00+00:00,14.876604,15.1252596,-0.99167731989929,0.1287481774525808,2562038.0,21.666666666666668,0.9659258262890684,0.2588190451025207,0.0,34000.0,5068.5,39535.0,294.2393981277981,15.76862486203514,7111.8175,31347.1425,18716.0,12333.0,6161.0,0.0,0.0,1817.51,3.860499,2018
2019-06-08 02:00:00+00:00,12.028251,22.79031588,-0.9192859697186104,0.3935902766564671,1701147.0,11.176666666666668,0.8660254037844387,0.4999999999999999,0.0,34800.0,5797.1,37544.0,293.3886838624339,15.581333001454684,4345.515,11798.440000000002,17978.2,14666.0,4869.0,0.0,0.0,9869.06,6.293585,2019
2021-08-24 15:00:00+00:00,21.650642,46.29497964,-0.6050560696488494,-0.7961828637826154,2612909.0,45.6,-0.7071067811865477,-0.7071067811865475,1.0,45800.0,7117.2,43072.0,248.9943825396826,20.811110920376265,6440.51,44551.8125,18587.1,20429.0,3266.0,6610.68,1790750.2,7051.19,5.779782,2021
2021-09-12 02:00:00+00:00,15.337071,46.29497964,-0.3171912885891059,-0.9483615800121716,2471418.0,60.34333333333333,0.8660254037844387,0.4999999999999999,0.0,32800.0,7117.2,42002.0,184.52991023606023,20.18661133448283,6622.835,29777.2025,19665.0,12591.0,2284.0,0.0,0.0,1180.33,0.9141084,2021
2021-07-15 20:00:00+00:00,18.236519,46.29497964,-0.973118337233262,-0.2303056702306119,2463983.0,34.0,0.5000000000000001,-0.8660254037844386,1.0,45200.0,7117.2,39776.0,774.9607192918193,17.486125349998474,6826.045,41831.005000000005,19955.3,18849.0,5795.0,171.16,58876.13,4873.0,4.481875,2021
2023-09-19 14:00:00+00:00,20.904234,89.55725625000001,-0.2008905551306352,-0.97961369164549,2809675.0,37.55,-0.8660254037844386,-0.5000000000000001,1.0,46100.0,7028.3,40900.0,203.1401278702779,21.68422190348308,4776.452499999999,11924.7175,12052.425,21532.0,3074.0,8281.59,1517069.1,7902.52,6.576277,2023
2021-11-19 10:00:00+00:00,9.331823,46.29497964,0.7498264012045686,-0.6616346182422783,2216776.0,86.5,-0.8660254037844387,0.4999999999999999,1.0,66750.0,5057.5,44880.0,172.05342983312983,8.832500033908422,9654.05,38975.635,19698.2,23125.0,2885.0,3430.11,769558.5,1427.78,0.5001081,2021
2022-07-25 17:00:00+00:00,24.22089,80.46928043999999,-0.9192859697186104,-0.3935902766564669,2312574.0,168.57,-0.2588190451025206,-0.9659258262890684,1.0,52300.0,7117.2,24992.0,148.19598463573462,22.830666700998947,4944.09,38173.8075,18267.275,25968.0,3201.0,2589.71,1197945.9,8528.37,6.1163535,2022
2020-11-17 21:00:00+00:00,10.292703,17.2389636,0.7383263540031063,-0.6744436188329457,3012185.0,13.45,0.7071067811865474,-0.7071067811865477,1.0,53650.0,6245.5,49310.0,215.03522452177447,10.481958190600082,8111.6875,33390.24249999999,23705.4,17909.0,3833.0,0.0,0.0,2662.16,3.6749642,2020
2020-10-28 07:00:00+00:00,10.937151,17.2389636,0.467359217158002,-0.8840675099433637,3041148.0,14.15,-0.2588190451025208,0.9659258262890684,1.0,57150.0,6125.5,45217.0,371.1030715710216,11.2688332796097,7729.859999999999,39336.98500000001,24348.8,23298.0,5304.0,44.52,31487.234,7779.63,6.9030666,2020
2022-06-06 23:00:00+00:00,15.946011,80.46928043999999,-0.9051931898913974,0.4250003399695541,2345706.0,79.25,0.9659258262890684,-0.2588190451025207,1.0,37450.0,6113.8,29162.0,209.5169253154253,19.54888852437337,6832.43,28574.625000000004,19409.25,15286.0,3634.0,0.0,0.0,2061.22,4.0310564,2022
2021-12-29 14:00:00+00:00,12.854985,46.29497964,0.9994074007397048,-0.0344216116227458,2029801.0,95.9,-0.8660254037844386,-0.5000000000000001,1.0,54750.0,6105.9,44287.0,624.2802876678875,8.221444288889566,6815.975,49513.02500000001,14982.2,18272.0,6183.0,1480.74,424176.9,12876.51,8.634633,2021
2018-03-07 06:00:00+00:00,4.845916,15.1252596,0.4211008707960896,0.907013812802636,665128.0,18.8,6.123233995736766e-17,1.0,1.0,69600.0,6071.9,51555.0,452.01484390629946,5.974916676680246,11309.6875,73834.995,23216.3,23264.0,6394.0,0.0,63.671795,4099.74,5.8257113,2018
2022-10-22 18:00:00+00:00,16.777613,80.46928043999999,0.3576982388331254,-0.9338372288229252,2315468.0,44.0,-1.8369701987210292e-16,-1.0,0.0,42550.0,5066.1,31190.0,200.7180950407081,16.40741658210754,8590.505000000001,44399.067500000005,12575.5,16591.0,3693.0,0.0,1218.4287,3329.79,6.2083282,2022
2018-09-24 13:00:00+00:00,16.957167,15.1252596,-0.1159345995955006,-0.9932568492674144,2588940.0,29.48,-0.9659258262890684,-0.2588190451025203,1.0,51150.0,7117.2,43935.0,143.75979796499797,16.0482919216156,8840.7375,26404.427500000005,21309.7,22444.0,2464.0,4419.87,2094371.1,2979.63,5.0910735,2018
2022-07-27 11:00:00+00:00,22.004875,80.46928043999999,-0.9051931898913976,-0.4250003399695539,2312574.0,209.5,-0.9659258262890682,0.258819045102521,1.0,52250.0,7117.2,25615.0,140.7987118131868,20.713083426157645,5190.0525,27290.08,21301.05,24139.0,2585.0,10456.47,2421115.8,1833.65,1.8163755,2022
2023-12-04 06:00:00+00:00,5.500995,89.55725625000001,0.893918596519257,-0.4482293417404106,2789836.0,39.75,6.123233995736766e-17,1.0,1.0,68850.0,6125.5,43360.0,678.6125370851371,7.073666572570801,7444.674999999999,43629.41499999999,17746.2,22137.0,5241.0,0.0,0.0,14501.68,6.486037,2023
2021-11-01 12:00:00+00:00,12.936586,46.29497964,0.5123714121284235,-0.858763958275803,2349925.0,64.4,-1.0,1.2246467991473532e-16,0.0,49550.0,6121.4,42770.0,215.43800586080587,12.713944541083428,4882.800000000001,26458.5825,6032.700000000001,13583.0,3303.0,3822.05,1050491.0,8732.79,6.685239,2021
2023-12-23 21:00:00+00:00,8.966373,89.55725625000001,0.9905324521322229,-0.1372787721132651,2761956.0,33.809999999999995,0.7071067811865474,-0.7071067811865477,0.0,51200.0,7117.2,44700.0,722.9839787434788,8.84611129760742,4793.192499999999,14292.2275,23319.375,12807.0,6209.0,0.0,0.0,12980.09,7.529718,2023
2021-04-08 04:00:00+00:00,2.958438,46.29497964,-0.1159345995955004,0.9932568492674144,998746.0,19.45,0.5000000000000001,0.8660254037844386,1.0,61150.0,6111.4,38190.0,221.1957567358568,8.069055451287168,9701.925,33163.052500000005,17909.1,17962.0,4288.0,0.0,0.0,1229.84,0.725344,2021
2021-04-10 21:00:00+00:00,9.221456,46.29497964,-0.1500553983446526,0.9886775902323404,998746.0,19.933333333333334,0.7071067811865474,-0.7071067811865477,0.0,52700.0,6111.4,37855.0,211.56035614570607,11.056833320193812,6570.0725,30416.9675,20680.1,13694.0,3705.0,0.0,0.0,3230.52,1.0883509,2021
2021-10-07 05:00:00+00:00,10.794584,46.29497964,0.1073813466641621,-0.994217906893952,2373290.0,91.9,0.2588190451025207,0.9659258262890684,1.0,51350.0,7117.2,41182.0,249.29626265771265,14.13983355628118,10160.5425,63002.875,23760.8,21560.0,4558.0,0.0,0.0,2032.5,1.8329523,2021
2023-10-05 05:00:00+00:00,12.623075,89.55725625000001,0.0730951298980768,-0.9973249731081556,2705939.0,28.45,0.2588190451025207,0.9659258262890684,1.0,45050.0,6923.0,39926.0,151.73741301291304,17.82538864347669,8367.5725,29857.9575,25520.075,20936.0,2195.0,0.0,0.0,1661.89,1.249964,2023
2018-03-31 20:00:00+00:00,7.161411,15.1252596,0.0215160974362222,0.9997685019798908,586044.0,19.59,0.5000000000000001,-0.8660254037844386,0.0,57200.0,6071.9,45555.0,519.771500897662,7.41191653410594,9034.26,42051.6875,21026.5,15050.0,6427.0,0.0,0.0,3708.39,6.983976,2018
2022-08-25 11:00:00+00:00,24.548368,80.46928043999999,-0.5912614448635782,-0.8064799463209447,2250959.0,308.7,-0.9659258262890682,0.258819045102521,1.0,52900.0,7117.2,24046.0,137.649736959337,22.897666772206613,6411.304999999999,26042.33,15239.675,15495.0,2277.0,8192.61,2158186.5,1580.19,2.0646536,2022
2019-12-19 01:00:00+00:00,10.19047,22.79031588,0.9787400799669153,-0.2051044998686192,2652638.0,13.18,0.9659258262890684,0.2588190451025207,1.0,54050.0,6071.9,47600.0,592.1941550264551,8.758375008900957,6325.6900000000005,29210.1175,13292.0,13273.0,6540.0,0.0,0.0,10290.35,8.024385,2019
2023-08-17 16:00:00+00:00,25.56129,89.55725625000001,-0.6963762255968724,-0.7176769136759618,2870892.0,33.4,-0.5000000000000004,-0.8660254037844385,1.0,43750.0,7043.3,38428.0,188.4442695785696,23.993111504448777,7286.21,38082.60999999999,13033.6,16000.0,3155.0,5692.4,1588159.0,1374.18,1.8417118,2023
2020-06-03 17:00:00+00:00,18.584238,17.2389636,-0.8900275764346767,0.4559066935084588,2698730.0,4.9,-0.2588190451025206,-0.9659258262890684,1.0,46150.0,4856.7,36990.0,203.5885103785104,20.15033340454104,7518.4475,45713.9925,17250.0,19705.0,5498.0,1573.4,1007803.75,1901.81,2.4369264,2020
2018-04-21 06:00:00+00:00,12.347715,15.1252596,-0.3334687789181868,0.9427611433904208,642271.0,19.686666666666667,6.123233995736766e-17,1.0,0.0,39750.0,5066.1,42340.0,363.6343643309365,11.5559164683024,8345.727499999999,45513.1575,18190.2,15926.0,7036.0,506.8,209792.22,1487.9,2.4538045,2018
2022-12-13 12:00:00+00:00,4.6565137,80.46928043999999,0.9523775757303972,-0.3049212246562894,2190805.0,138.35,-1.0,1.2246467991473532e-16,1.0,77400.0,7117.2,42100.0,230.8754162755924,4.651583304007847,9322.495,57526.79000000001,20426.775,24801.0,5050.0,3804.9,665273.9,3419.28,3.5322127,2022
2022-11-07 08:00:00+00:00,11.711021,80.46928043999999,0.5981809144059166,-0.8013610881746764,2495545.0,53.0,-0.4999999999999998,0.8660254037844387,1.0,52650.0,6071.9,30805.0,179.01824777316085,10.478666583697,6451.225,29332.145,15053.825,20746.0,3659.0,1057.25,218728.83,10127.83,6.734284,2022
2021-03-09 11:00:00+00:00,7.536437,46.29497964,0.3896304495307879,0.9209712877166346,1176034.0,17.38,-0.9659258262890682,0.258819045102521,1.0,69550.0,7117.2,44375.0,295.8309887464388,7.188833475112918,9219.4525,47755.11499999999,23178.0,18927.0,5937.0,6543.49,1650273.1,2075.04,2.33122,2021
2020-06-12 12:00:00+00:00,18.011173,17.2389636,-0.9497178427914318,0.3131070409358265,2775806.0,4.95,-1.0,1.2246467991473532e-16,1.0,49400.0,4847.2,33555.0,306.71613398453405,16.66833345095317,6728.754999999999,19490.09,9030.8,15975.0,5727.0,5176.9,2284947.0,5480.12,3.3235035,2020
2018-10-14 17:00:00+00:00,17.02975,15.1252596,0.226115685508288,-0.9741004551724206,2476781.0,25.73,-0.2588190451025206,-0.9659258262890684,0.0,45750.0,7117.2,44225.0,123.35026581196584,17.336333433787047,8940.25,34209.707500000004,17230.0,17465.0,1906.0,34.59,125648.74,4541.25,1.6365235,2018
2019-03-02 00:00:00+00:00,8.072884,22.79031588,0.4975132889071806,0.8674563547295969,1227480.0,17.456666666666667,1.0,0.0,0.0,54000.0,7117.2,51926.0,275.5411136955637,8.714874982833862,8880.042500000001,40790.32,18487.4,14962.0,4654.0,0.0,0.0,3060.44,4.312262,2019
2019-11-11 16:00:00+00:00,8.568099,22.79031588,0.6518989958787125,-0.7583058084785625,2954760.0,14.6,-0.5000000000000004,-0.8660254037844385,0.0,57100.0,4002.2,43040.0,357.3974565120065,10.549208124478673,7729.7375,43880.78,20716.2,26264.0,5632.0,179.29,192717.28,5000.05,5.612073,2019
2021-06-30 15:00:00+00:00,19.209047,46.29497964,-0.9996666485105112,0.025818440227133,2310252.0,35.5,-0.7071067811865477,-0.7071067811865475,1.0,47150.0,7117.2,41060.0,452.6864943833944,18.478916724522897,8893.205,43809.985,18682.0,25296.0,6009.0,5580.94,1862524.9,1697.21,3.6222923,2021
2019-07-26 20:00:00+00:00,21.326504,22.79031588,-0.9123747579707272,-0.4093559588156215,2697155.0,10.05,0.5000000000000001,-0.8660254037844386,1.0,48300.0,7117.2,34832.0,177.71964076109077,23.52904200553895,8231.957499999999,30855.1525,25926.4,24968.0,3889.0,0.0,29426.938,2917.91,3.0685418,2019
2019-12-03 14:00:00+00:00,7.314005,22.79031588,0.8860706215341378,-0.4635502709028512,2815166.0,15.02,-0.8660254037844386,-0.5000000000000001,1.0,70350.0,5008.0,44520.0,499.41807035002034,8.48674992720286,11246.820000000002,52864.2325,27107.8,25845.0,6288.0,2252.79,745046.1,2758.7,3.167989,2019
2023-09-27 17:00:00+00:00,21.137371,89.55725625000001,-0.0645084494493171,-0.9979171608653922,2776356.0,40.0,-0.2588190451025206,-0.9659258262890684,1.0,48400.0,5983.0,39656.0,184.11790325415325,19.259277820587144,8045.700000000001,51292.217500000006,21835.75,22054.0,2869.0,650.39,377983.88,6610.33,3.8937378,2023
2018-01-11 12:00:00+00:00,7.5051656,15.1252596,0.9821256058680006,0.1882267098432442,1719409.0,19.27,-1.0,1.2246467991473532e-16,1.0,73650.0,6053.3,58560.0,807.2189843711844,6.920166651407877,11805.565,74281.29000000001,21666.8,22716.0,6322.0,1815.72,865551.3,1261.67,3.4239187,2018
2018-10-14 13:00:00+00:00,19.206503,15.1252596,0.226115685508288,-0.9741004551724206,2476781.0,25.73,-0.9659258262890684,-0.2588190451025203,0.0,40350.0,7117.2,42725.0,123.35026581196584,17.495833476384483,5794.6,18290.2875,12506.8,11345.0,1698.0,2902.92,1268045.4,6632.46,2.03735,2018
2022-12-20 05:00:00+00:00,10.004908,80.46928043999999,0.9821256058680004,-0.1882267098432448,2142607.0,104.7,0.2588190451025207,0.9659258262890684,1.0,56050.0,7117.2,41190.0,208.25266973879584,6.452000141143801,6203.639999999999,28260.810000000005,14549.225,19091.0,3296.0,0.0,0.0,12701.73,7.7453465,2022
2019-11-07 00:00:00+00:00,8.976314,22.79031588,0.5981809144059166,-0.8013610881746764,2986771.0,14.38,1.0,0.0,1.0,52450.0,5047.5,40040.0,473.74174088319097,12.31712520122528,8272.130000000001,42084.2625,14862.2,14379.0,6123.0,0.0,0.0,4920.45,4.7112103,2019
2021-07-23 07:00:00+00:00,20.083687,46.29497964,-0.9322892131745134,-0.3617137307297674,2538196.0,35.65,-0.2588190451025208,0.9659258262890684,1.0,50850.0,7117.2,42225.0,570.8221203093202,19.43279163042704,7379.2925,44624.61,22516.4,25196.0,5623.0,1382.23,833820.8,3079.66,2.4775953,2021
2019-06-26 19:00:00+00:00,25.413908,22.79031588,-0.9955213724144752,0.0945367498171995,2394994.0,9.4,0.2588190451025203,-0.9659258262890684,1.0,48350.0,7117.2,44288.0,321.8205930606431,22.848750193913773,7918.809999999999,35140.962499999994,24832.4,24860.0,5951.0,197.83,427705.03,4735.46,4.3890824,2019
2018-10-20 13:00:00+00:00,17.43792,15.1252596,0.3253420847119803,-0.9455963874271424,2504641.0,25.85,-0.9659258262890684,-0.2588190451025203,0.0,43050.0,7117.2,42860.0,128.8757015873016,15.603000005086258,7704.075,38802.38249999999,15717.9,13161.0,1772.0,3700.01,1638787.0,1409.13,2.8533823,2018
2023-10-05 08:00:00+00:00,14.897504,89.55725625000001,0.0730951298980768,-0.9973249731081556,2705939.0,28.45,-0.4999999999999998,0.8660254037844387,1.0,47650.0,6923.0,40206.0,151.73741301291304,17.958444489373083,8249.8575,24566.050000000003,15115.35,20242.0,2443.0,4080.7,582172.56,1102.34,1.3242041,2023
2022-08-25 03:00:00+00:00,18.921553,80.46928043999999,-0.5912614448635782,-0.8064799463209447,2250959.0,308.7,0.7071067811865476,0.7071067811865476,1.0,36950.0,7117.2,24046.0,137.649736959337,21.76358350118,7647.630000000001,38174.66,18769.1,14216.0,1981.0,0.0,0.0,2517.61,1.5630492,2022
2021-04-09 05:00:00+00:00,5.687828,46.29497964,-0.1330147065341959,0.9911140639934548,998746.0,19.5,0.2588190451025207,0.9659258262890684,1.0,61400.0,6111.4,39520.0,213.76978142043143,9.275166617499456,8644.8125,32040.46,23843.2,20127.0,4542.0,0.0,342.9306,4112.85,3.536138,2021
2023-03-30 00:00:00+00:00,12.680385,89.55725625000001,0.0387222808921744,0.9992500112396836,1508365.0,42.85,1.0,0.0,1.0,42050.0,7117.2,36798.0,324.37625913378093,12.423333485921228,3762.335,23289.0325,12291.95,13873.0,4027.0,0.0,0.0,11007.4,7.396027,2023
2023-03-14 04:00:00+00:00,8.978923,89.55725625000001,0.3090169943749474,0.9510565162951536,1437424.0,45.63,0.5000000000000001,0.8660254037844386,1.0,42936.0,7117.2,36860.0,451.92836806180935,10.61088885201348,4406.6175,13081.884999999997,8680.55,14907.0,5614.0,0.0,0.0,16631.67,9.047301,2023
2019-04-28 04:00:00+00:00,7.771528,22.79031588,-0.4443781781046132,0.895839290734909,1004280.0,14.48,0.5000000000000001,0.8660254037844386,0.0,40400.0,6125.5,43965.0,267.9755582417582,12.658083279927569,6227.325000000001,29536.472500000003,14847.9,11129.0,4339.0,0.0,0.0,4195.57,5.727079,2019
2020-08-26 16:00:00+00:00,23.237946,17.2389636,-0.5631507242749187,-0.8263541987239094,2955316.0,8.8,-0.5000000000000004,-0.8660254037844385,1.0,47100.0,7117.2,35050.0,136.4520593610094,20.79726638793946,7578.062500000001,16704.18,25269.4,21009.0,2869.0,2768.22,1444877.2,5034.25,5.1758294,2020
2021-02-28 11:00:00+00:00,8.685284,46.29497964,0.5270777086423722,0.8498170915275278,1515570.0,16.166666666666668,-0.9659258262890682,0.258819045102521,0.0,57200.0,7117.2,40215.0,323.39998667073667,8.139083385467524,6954.190000000002,28556.707500000004,13484.4,11103.0,4851.0,5907.71,1669151.9,5407.09,5.2550573,2021
2020-01-13 10:00:00+00:00,6.829276,17.2389636,0.9750645322571948,0.2219215130041655,2652974.0,12.0,-0.8660254037844387,0.4999999999999999,1.0,74750.0,7117.2,54676.0,275.5675491859992,7.212624927361806,9322.215,50348.34,29666.9,25577.0,5826.0,2272.6,464930.75,4477.33,5.825696,2020
2021-06-18 02:00:00+00:00,17.610155,46.29497964,-0.973118337233262,0.2303056702306122,2002076.0,29.55,0.8660254037844387,0.4999999999999999,1.0,36200.0,5068.5,38675.0,320.9149567155067,18.676999939812564,7975.474999999999,39695.4125,19471.2,16448.0,5651.0,0.0,0.0,2307.18,1.4547652,2021
2020-04-12 05:00:00+00:00,9.389296,17.2389636,-0.2008905551306352,0.97961369164549,1513412.0,7.115,0.2588190451025207,0.9659258262890684,0.0,32150.0,7017.4,39660.0,185.84303848188847,13.899958292643213,7412.5575,22922.645,13133.2,7856.0,3805.0,0.38,1156.6605,1353.2,1.353055,2020
2018-10-06 00:00:00+00:00,13.785398,15.1252596,0.0902516100310407,-0.9959189961471792,2533385.0,27.2,1.0,0.0,0.0,40700.0,7117.2,42215.0,130.83137065527066,16.224666489495185,7504.135,35648.134999999995,19146.2,14140.0,1694.0,0.0,0.0,2408.53,1.7522377,2018
2023-10-23 03:00:00+00:00,11.953937,89.55725625000001,0.3737197147904684,-0.9275416835791968,2730776.0,49.35,0.7071067811865476,0.7071067811865476,1.0,35300.0,4065.8,41335.0,182.5081702908203,14.724277549319822,7184.82,38271.8775,11589.175,12681.0,2410.0,0.0,0.0,6360.82,5.403499,2023
2019-06-03 09:00:00+00:00,18.78217,22.79031588,-0.8820480249558534,0.4711595076738641,1701147.0,10.13,-0.7071067811865475,0.7071067811865476,1.0,51100.0,5122.1,42609.0,279.62325771265773,17.860833644866943,9414.84,34099.545,26733.4,18368.0,6004.0,4364.99,1816803.8,1058.72,2.7981765,2019
2018-01-02 12:00:00+00:00,9.383986,15.1252596,0.9994074007397048,0.0344216116227457,1577489.0,19.15,-1.0,1.2246467991473532e-16,1.0,68250.0,7117.2,56880.0,597.1518004273504,6.703083276748656,10326.1275,52778.365000000005,18734.7,16126.0,6475.0,1618.11,567136.3,4711.13,7.6492634,2018
2018-03-19 06:00:00+00:00,1.5064149,15.1252596,0.2261156855082882,0.9741004551724204,643391.0,20.65,6.123233995736766e-17,1.0,1.0,73650.0,6071.9,48490.0,553.8767951453897,6.556666612625124,9847.410000000002,59749.3475,18834.6,21039.0,6519.0,22.5,3928.856,1058.06,2.3698833,2018
2020-12-04 07:00:00+00:00,5.261013,17.2389636,0.9015016841318838,-0.4327755925504317,2674858.0,14.65,-0.2588190451025208,0.9659258262890684,1.0,71450.0,7117.2,49255.0,190.70266339031343,6.207611057493421,8431.0825,39301.9775,19691.4,27016.0,4232.0,0.0,325.73264,8513.09,5.6330276,2020
2020-03-13 08:00:00+00:00,7.937452,17.2389636,0.3090169943749474,0.9510565162951536,1816423.0,9.4,-0.4999999999999998,0.8660254037844387,1.0,66000.0,7117.2,44709.0,672.766164163614,9.386791785558067,7428.475,17239.245000000003,22870.8,21489.0,7453.0,2166.52,459809.25,5585.68,4.0919557,2020
2019-06-08 17:00:00+00:00,17.951979,22.79031588,-0.9192859697186104,0.3935902766564671,1701147.0,11.176666666666668,-0.2588190451025206,-0.9659258262890684,0.0,41700.0,6113.8,37509.0,293.3886838624339,16.6942499478658,5888.39,23163.265,14813.8,16817.0,5927.0,1899.68,1291213.8,3589.31,3.0728884,2019
2023-04-02 13:00:00+00:00,10.240498,89.55725625000001,-0.012910296075009,0.999916658654738,1508365.0,50.35,-0.9659258262890684,-0.2588190451025203,0.0,43350.0,7117.2,37580.0,370.0110709214297,12.32983356051974,3272.285,10881.627499999997,-5314.349999999999,9525.0,4347.0,7303.7,1762454.1,7154.21,6.2304235,2023
2023-03-08 17:00:00+00:00,10.790553,89.55725625000001,0.4054257283599973,0.9141279881853336,1351720.0,42.95,-0.2588190451025206,-0.9659258262890684,1.0,59000.0,7117.2,37597.0,198.3812032763533,9.04561093118456,10212.44,59389.44499999999,12377.25,23623.0,3810.0,219.97,268669.94,10993.02,7.4012265,2023
2021-04-11 18:00:00+00:00,7.8973813,46.29497964,-0.167051625502119,0.9859481499638304,998746.0,20.366666666666667,-1.8369701987210292e-16,-1.0,0.0,52950.0,6111.4,38735.0,210.8307806267806,10.12477774090238,8563.965,34640.2675,13336.8,16481.0,4348.0,987.33,335328.53,5098.02,4.4139423,2021
2022-10-23 17:00:00+00:00,17.868391,80.46928043999999,0.3737197147904684,-0.9275416835791968,2315468.0,37.25,-0.2588190451025206,-0.9659258262890684,0.0,42850.0,5066.1,32105.0,195.0747454597737,16.38791648546856,6334.8150000000005,32528.19,11379.225,15993.0,2692.0,14.06,95061.945,11945.9,8.362041,2022
