timestamp,air_temp_era5_ES,carbon_price_ES,day_of_year_cos,day_of_year_sin,filling_rate_ES,gas_price_ES,hour_cos,hour_sin,isworkingday_ES,load_da_ES,nuclear_avail_esios_ES,nuclear_avail_rte_FR,river_flow_mean_ES,river_temp_ES,rl_FR,rl_PT,run_off_gen_ES,solar_da_ES,ssrd_ES,wind_da_ES,wind_speed_100m_ES,year
2019-12-10 19:00:00+00:00,10.063838,22.79031588,0.935367949313148,-0.3536761221763721,8160557.0,14.0,0.2588190451025203,-0.9659258262890684,1.0,36489.0,6071.9,46886.0,134.8709090909091,11.066666666666668,63665.73,7309.8,1482.0,35.7,0.0,6909.0,2.3146343,2019
2021-10-01 06:00:00+00:00,15.821954,46.29497964,0.0043035382962438,-0.99999073973619,6314146.0,90.0,6.123233995736766e-17,1.0,1.0,28983.0,7117.2,42842.0,42.58181818181818,20.6,45651.33,4782.3,511.0,328.2,1566.0765,1863.0,0.71508104,2021
2021-09-13 19:00:00+00:00,22.479797,46.29497964,-0.300819807635668,-0.9536809966304456,6577502.0,61.8,0.2588190451025203,-0.9659258262890684,1.0,32065.0,7117.2,43681.0,47.17181818181818,24.366666666666664,44768.88,5717.8,534.0,20.6,17393.82,5774.0,3.6108844,2021
2019-12-14 23:00:00+00:00,11.621013,22.79031588,0.9574851883550392,-0.288482432880609,8160557.0,12.2,0.9659258262890684,-0.2588190451025207,0.0,24872.0,6071.9,45800.0,641.9033333333333,10.366666666666667,48315.96,2549.9,1416.0,8.1,0.0,11544.0,5.9297876,2019
2020-05-20 18:00:00+00:00,22.909271,17.2389636,-0.7554933140726803,0.6551563572090853,12983647.0,5.05,-1.8369701987210292e-16,-1.0,1.0,25806.0,4106.7,39945.0,156.94636363636363,17.63333333333333,40799.16,4544.5,1508.0,2213.7,899694.75,2857.0,2.6265674,2020
2020-10-19 07:00:00+00:00,13.205149,17.2389636,0.3253420847119803,-0.9455963874271424,8224358.0,14.65,-0.2588190451025208,0.9659258262890684,1.0,30100.0,6125.5,45210.0,103.11727272727272,15.933333333333332,60357.52,2290.2000000000003,827.0,1668.6,68454.76,9063.0,5.58887,2020
2023-12-29 21:00:00+00:00,10.441371,89.55725625000001,0.9994074007397048,-0.0344216116227458,9483417.0,32.94,0.7071067811865474,-0.7071067811865477,1.0,30014.0,7117.2,43140.0,134.78636363636363,8.700000000000001,42588.26,6941.7,1184.0,115.0,0.0,827.0,0.75339127,2023
2020-02-24 09:00:00+00:00,10.694546,17.2389636,0.5842981736283684,0.811539059007361,10318969.0,10.87,-0.7071067811865475,0.7071067811865476,1.0,33436.0,7117.2,50174.0,94.69818181818182,10.966666666666669,54479.57,5753.0,1161.0,5561.9,917558.56,1645.0,0.8304617,2020
2020-07-28 05:00:00+00:00,21.44955,17.2389636,-0.8900275764346768,-0.4559066935084586,11141120.0,7.3,0.2588190451025207,0.9659258262890684,1.0,28365.0,7117.2,34815.0,62.02181818181818,26.2,39296.11,3247.3,725.0,319.6,1949.854,3657.0,1.6789023,2020
2020-04-12 11:00:00+00:00,16.22419,17.2389636,-0.2008905551306352,0.97961369164549,11312209.0,8.27,-0.9659258262890682,0.258819045102521,0.0,22580.0,7017.4,39660.0,175.24,15.033333333333331,32682.68,4286.8,1485.0,7006.8,2367863.8,3747.0,2.739998,2020
2019-05-29 16:00:00+00:00,21.473606,22.79031588,-0.8382797052177741,0.5452404385406513,9891188.0,14.4,-0.5000000000000004,-0.8660254037844385,1.0,30248.0,5122.1,45222.0,52.45,18.166666666666668,42200.12,5584.8,1049.0,4080.9,2297732.2,7482.0,4.2853193,2019
2018-10-03 03:00:00+00:00,15.22018,15.1252596,0.0387222808921739,-0.9992500112396836,8040905.0,28.0,0.7071067811865476,0.7071067811865476,1.0,23684.0,7117.2,43525.0,45.3225,18.96666666666667,37397.37,2276.9,500.0,52.8,0.0,6178.0,3.618388,2018
2023-08-22 09:00:00+00:00,27.782085,89.55725625000001,-0.6321034111873488,-0.7748840413670406,7451239.0,40.6,-0.7071067811865475,0.7071067811865476,1.0,32324.0,6947.5,33424.0,38.03727272727273,27.96666666666667,40501.23,4545.7,528.0,15355.2,1774639.1,2986.0,2.6853735,2023
2021-02-28 01:00:00+00:00,9.18004,46.29497964,0.5270777086423722,0.8498170915275278,12682828.0,15.4,0.9659258262890684,0.2588190451025207,0.0,21368.0,7117.2,41125.0,199.6572727272728,11.133333333333333,48502.06,2378.2,1467.0,3.9,0.0,7579.0,4.39484,2021
2020-09-27 18:00:00+00:00,18.045816,17.2389636,-0.0473213883224323,-0.9988797155850336,8554046.0,10.27,-1.8369701987210292e-16,-1.0,0.0,25366.0,7085.5,36855.0,57.95181818181818,18.53333333333333,41013.61,3989.2,789.0,585.5,197365.86,7579.0,4.1700497,2020
2022-07-04 23:00:00+00:00,21.343506,80.46928043999999,-0.99907411510223,-0.0430222330045303,7194500.0,40.0,0.9659258262890684,-0.2588190451025207,1.0,26136.0,7117.2,27465.0,46.607,24.933333333333334,37848.38,4787.5,632.0,431.4,0.0,8769.0,1.2513558,2022
2022-08-14 01:00:00+00:00,22.320553,80.46928043999999,-0.7324940716135788,-0.6807734094770164,6132407.0,40.0,0.9659258262890684,0.2588190451025207,0.0,22264.0,7117.2,26011.0,46.17818181818182,27.03333333333333,28568.65,3311.9,540.0,117.9,0.0,4569.0,1.6412162,2022
2020-04-23 03:00:00+00:00,12.238082,17.2389636,-0.3816892202666589,0.9242907221930932,12134569.0,6.7,0.7071067811865476,0.7071067811865476,1.0,19268.0,5910.1,41575.0,216.35818181818183,15.199999999999998,34007.27,3571.9,1629.0,103.8,0.0,2052.0,2.6082437,2020
2018-09-16 02:00:00+00:00,19.114544,15.1252596,-0.2511900638848195,-0.9679377830240642,8868060.9,28.0,0.8660254037844387,0.4999999999999999,0.0,21181.0,7117.2,44255.0,53.13333333333333,23.03333333333333,31531.28,3915.4,645.0,83.1,0.0,1943.0,1.3208128,2018
2022-07-19 13:00:00+00:00,28.05162,80.46928043999999,-0.9549667548552552,-0.2967128192734901,6828082.0,40.0,-0.9659258262890684,-0.2588190451025203,1.0,36563.0,7117.2,24490.0,46.693636363636365,27.366666666666664,43020.77,5238.9,596.0,12657.6,3275152.2,6741.0,1.5595003,2022
2020-12-01 18:00:00+00:00,12.207535,17.2389636,0.8779600847008878,-0.478733840115789,8372287.0,17.13,-1.8369701987210292e-16,-1.0,1.0,34845.0,7049.9,50035.0,75.23454545454545,12.9,68466.79,5626.1,1006.0,162.4,577.9394,8576.0,3.341004,2020
2019-07-11 15:00:00+00:00,29.054615,22.79031588,-0.9866579328916572,-0.1628070129385164,8965089.0,14.6,-0.7071067811865477,-0.7071067811865475,1.0,35705.0,7117.2,42733.0,58.22727272727273,24.633333333333336,44311.39,6394.8,830.0,4527.4,2902768.2,2792.0,0.6179135,2019
2018-06-05 19:00:00+00:00,17.104588,15.1252596,-0.8977433935342337,0.440518784350495,12247100.7,22.3,0.2588190451025203,-0.9659258262890684,1.0,30090.0,4076.8,42760.0,407.6953846153846,16.9,43051.54,5008.8,1877.0,359.0,261771.22,3478.0,4.230332,2018
2019-07-03 16:00:00+00:00,26.493036,22.79031588,-0.9996666485105112,-0.0258184402271328,9194821.0,14.75,-0.5000000000000004,-0.8660254037844385,1.0,35644.0,7117.2,43750.0,43.96545454545455,25.23333333333333,44668.96,5761.0,859.0,3966.5,2159760.2,4824.0,1.2138187,2019
2019-10-29 07:00:00+00:00,14.97537,22.79031588,0.467359217158002,-0.8840675099433637,6356816.0,13.75,-0.2588190451025208,0.9659258262890684,1.0,29863.0,6111.4,41035.0,55.10166666666666,17.73333333333333,53363.52,4758.0,842.0,617.6,31828.666,2489.0,2.431611,2019
2021-09-16 04:00:00+00:00,18.52616,46.29497964,-0.2511900638848195,-0.9679377830240642,6577502.0,74.5,0.5000000000000001,0.8660254037844386,1.0,25797.0,7117.2,43916.0,48.61272727272728,23.73333333333333,40331.2,4343.6,521.0,11.9,0.0,3273.0,2.3036828,2021
2023-10-12 00:00:00+00:00,18.65389,89.55725625000001,0.1924515819708299,-0.9813064702716092,6736945.0,45.48,1.0,0.0,0.0,21313.0,6053.3,40670.0,33.79,21.3,32164.67,4397.7,316.0,228.9,0.0,2524.0,0.9873789,2023
2020-01-13 12:00:00+00:00,9.968483,17.2389636,0.9750645322571948,0.2219215130041655,9921851.0,12.65,-1.0,1.2246467991473532e-16,1.0,37421.0,7117.2,54676.0,136.72909090909093,7.900000000000001,64294.24,6481.1,1332.0,4758.8,1448437.1,5097.0,3.2192304,2020
2022-10-22 13:00:00+00:00,21.31812,80.46928043999999,0.3576982388331254,-0.9338372288229252,4759479.0,40.0,-0.9659258262890684,-0.2588190451025203,0.0,24249.0,5066.1,31190.0,35.26636363636364,22.9,32181.84,334.1999999999998,576.0,7235.1,1701772.8,12644.0,6.0816827,2022
2018-09-10 13:00:00+00:00,24.972939,15.1252596,-0.3496474552512282,-0.9368813462954316,8868060.9,29.75,-0.9659258262890684,-0.2588190451025203,1.0,32018.0,7117.2,46495.0,60.6625,23.633333333333336,46457.25,6252.9,840.0,4132.9,2561730.5,2519.0,3.799167,2018
2022-08-13 11:00:00+00:00,27.772326,80.46928043999999,-0.7441039398713605,-0.6680638642135336,6132407.0,40.0,-0.9659258262890682,0.258819045102521,0.0,29442.0,7117.2,26291.0,46.81454545454546,27.73333333333333,33307.73,4016.3,588.0,7173.0,2411678.0,5253.0,1.4603809,2022
2022-07-21 08:00:00+00:00,24.635582,80.46928043999999,-0.9441875088341996,-0.3294084822245298,6828082.0,40.0,-0.4999999999999998,0.8660254037844387,1.0,33160.0,7117.2,27255.0,48.78272727272727,27.433333333333334,45149.2,5922.4,616.0,9763.9,1304857.5,3866.0,2.9825723,2022
2021-11-19 18:00:00+00:00,13.343911,46.29497964,0.7498264012045686,-0.6616346182422783,6041398.0,95.5,-1.8369701987210292e-16,-1.0,1.0,33280.0,5057.5,44880.0,46.49818181818182,11.833333333333334,65493.83,4724.4,536.0,50.8,1207.384,7812.0,6.035462,2021
2023-10-20 23:00:00+00:00,14.599203,89.55725625000001,0.3253420847119803,-0.9455963874271424,6686078.0,42.44,0.9659258262890684,-0.2588190451025207,0.0,21782.0,4765.8,40906.0,37.89545454545455,19.6,26176.870000000003,3494.4,880.0,13.6,0.0,13576.0,7.7898936,2023
2023-04-07 07:00:00+00:00,10.356173,89.55725625000001,-0.0988201387328714,0.9951053111006976,10193567.0,42.88,-0.2588190451025208,0.9659258262890684,0.0,19067.0,7117.2,36720.0,43.71636363636364,15.3,55949.44,3162.3,816.0,5321.3,353779.84,2895.0,2.0271108,2023
2023-04-13 14:00:00+00:00,14.895148,89.55725625000001,-0.2008905551306352,0.97961369164549,10111804.0,39.95,-0.8660254037844386,-0.5000000000000001,1.0,25192.0,7117.2,35925.0,34.871818181818185,16.3,38725.18,2350.9,576.0,13737.1,2599183.5,14912.0,6.197101,2023
2020-12-20 08:00:00+00:00,10.121898,17.2389636,0.9852201067560606,-0.1712931441814778,8925312.0,17.8,-0.4999999999999998,0.8660254037844387,0.0,25140.0,7117.2,51105.0,158.01727272727274,10.566666666666666,49149.26,4088.9,1485.0,773.3,33061.2,4869.0,2.4779015,2020
2020-08-26 12:00:00+00:00,28.318214,17.2389636,-0.5631507242749187,-0.8263541987239094,9705841.0,10.5,-1.0,1.2246467991473532e-16,1.0,36132.0,7117.2,34905.0,51.84727272727273,25.166666666666668,36502.75,4976.8,764.0,8913.6,2920439.2,1225.0,0.33987734,2020
2022-05-17 07:00:00+00:00,17.768751,80.46928043999999,-0.7086266782644596,0.705583610107178,7898472.0,79.9,-0.2588190451025208,0.9659258262890684,1.0,29097.0,5122.1,27685.0,71.43818181818182,20.933333333333334,43707.78,4217.6,1028.0,8202.5,713950.3,4483.0,1.2040267,2022
2022-11-28 22:00:00+00:00,10.360748,80.46928043999999,0.8429415373547827,-0.5380051715383,5768825.0,40.0,0.8660254037844384,-0.5000000000000004,1.0,26653.0,7117.2,35188.0,50.22727272727273,16.233333333333334,54898.72,6207.2,1068.0,26.2,0.0,10484.0,6.1179676,2022
2020-05-16 14:00:00+00:00,17.839518,17.2389636,-0.7086266782644596,0.705583610107178,12887878.0,5.15,-0.8660254037844386,-0.5000000000000001,0.0,21693.0,5110.1,34530.0,196.5236363636364,16.233333333333334,31616.98,3742.1,1540.0,4866.3,2468775.8,7330.0,4.211473,2020
2022-03-26 14:00:00+00:00,14.236885,80.46928043999999,0.107381346664163,0.994217906893952,7046049.0,103.0,-0.8660254037844386,-0.5000000000000001,0.0,26345.0,6053.3,29875.0,95.07181818181816,12.4,31204.33,4163.9,1000.0,5543.4,1881869.6,4687.0,3.9822862,2022
2018-11-25 11:00:00+00:00,13.189552,15.1252596,0.8140460935082175,-0.5808002734538013,7927348.0,25.8,-0.9659258262890682,0.258819045102521,0.0,27652.0,5110.1,47225.0,111.63583333333334,12.533333333333331,57415.48,3934.9,1215.0,1410.2,990526.06,6583.0,7.2594576,2018
2020-08-16 10:00:00+00:00,23.360445,17.2389636,-0.6963762255968724,-0.7176769136759618,10366823.0,8.75,-0.8660254037844387,0.4999999999999999,0.0,25729.0,7117.2,35479.0,58.3,25.3,35849.25,3966.2,722.0,8915.9,2248300.0,3196.0,3.061541,2020
2023-10-12 15:00:00+00:00,25.849634,89.55725625000001,0.1924515819708299,-0.9813064702716092,6736945.0,45.48,-0.7071067811865477,-0.7071067811865475,0.0,21721.0,5772.5,40350.0,33.79,21.3,36585.53,4349.7,420.0,14066.1,1721962.2,3555.0,2.0799377,2023
2022-11-07 02:00:00+00:00,12.861932,80.46928043999999,0.5981809144059166,-0.8013610881746764,5135888.0,40.0,0.8660254037844387,0.4999999999999999,1.0,18671.0,6071.9,30805.0,34.61454545454546,20.1,29001.01,3316.3,664.0,24.1,0.0,5225.0,1.3226502,2022
2018-05-09 10:00:00+00:00,16.968077,15.1252596,-0.6050560696488488,0.7961828637826158,11941137.0,21.25,-0.8660254037844387,0.4999999999999999,1.0,31697.0,5066.1,42000.0,187.63,16.1,47626.75,4935.2,1732.0,4015.2,2171416.8,3784.0,3.1241148,2018
2019-08-05 17:00:00+00:00,27.91843,22.79031588,-0.8287700871745037,-0.5595892624101767,7910767.0,14.2,-0.2588190451025206,-0.9659258262890684,1.0,33118.0,6983.3,40970.0,48.86166666666667,25.46666666666667,43219.8,4209.1,655.0,3271.4,1531543.0,4330.0,1.1200976,2019
2022-07-15 09:00:00+00:00,27.228342,80.46928043999999,-0.973118337233262,-0.2303056702306119,7037432.0,40.0,-0.7071067811865475,0.7071067811865476,1.0,35109.0,7117.2,25950.0,43.41363636363637,27.23333333333333,38414.33,5338.0,640.0,11255.8,2075855.5,3672.0,1.9103228,2022
2020-01-13 10:00:00+00:00,7.7954507,17.2389636,0.9750645322571948,0.2219215130041655,9921851.0,12.65,-0.8660254037844387,0.4999999999999999,1.0,38213.0,7117.2,54676.0,136.72909090909093,7.900000000000001,68000.07,6876.8,1379.0,3919.1,802344.06,4627.0,2.6912687,2020
2021-12-28 06:00:00+00:00,13.163203,46.29497964,0.998666816288476,-0.0516196672232541,6634460.0,89.95,6.123233995736766e-17,1.0,1.0,24831.0,6105.9,45505.0,200.81454545454545,10.033333333333331,41312.22,1933.7000000000005,1198.0,0.0,0.0,15558.0,7.8155026,2021
2021-05-18 17:00:00+00:00,19.754057,46.29497964,-0.7206671495538609,0.6932812268869777,11268445.0,26.0,-0.2588190451025206,-0.9659258262890684,1.0,28893.0,5068.5,42205.0,51.2790909090909,19.633333333333336,45745.58,4036.4,1388.0,5179.1,1422620.5,9134.0,3.9029186,2021
2020-05-07 21:00:00+00:00,18.21209,17.2389636,-0.5912614448635781,0.8064799463209448,12825077.0,5.8,0.7071067811865474,-0.7071067811865477,1.0,23759.0,5110.1,38100.0,140.07272727272724,17.900000000000002,42853.12,4896.8,1695.0,230.2,0.0,7582.0,3.4626997,2020
2019-11-04 02:00:00+00:00,15.659619,22.79031588,0.5560174366570438,-0.8311706263658084,6430248.0,10.0,0.8660254037844387,0.4999999999999999,1.0,20151.0,5047.5,39990.0,47.26916666666667,17.466666666666665,34218.96,423.0999999999999,1027.0,5.6,0.0,14600.0,8.7088375,2019
2023-02-21 21:00:00+00:00,11.697862,89.55725625000001,0.6254105729852463,0.7802958510707755,9817436.0,49.52,0.7071067811865474,-0.7071067811865477,1.0,30694.0,7117.2,41375.0,79.73272727272727,12.4,50834.35,5571.2,952.0,159.4,0.0,1863.0,1.6516753,2023
2023-04-28 12:00:00+00:00,23.171316,89.55725625000001,-0.4443781781046132,0.895839290734909,9929022.0,35.4,-1.0,1.2246467991473532e-16,1.0,27118.0,5930.1,39222.0,37.75636363636364,20.23333333333333,33934.46,4464.8,792.0,14482.5,2946296.8,4808.0,1.4601521,2023
2023-10-07 17:00:00+00:00,25.498756,89.55725625000001,0.1073813466641621,-0.994217906893952,6899173.0,34.94,-0.2588190451025206,-0.9659258262890684,0.0,25629.0,6053.3,39215.0,31.095454545454547,23.46666666666667,39972.92,4871.3,348.0,3534.6,620051.0,3037.0,1.7802881,2023
2020-10-28 17:00:00+00:00,16.721214,17.2389636,0.467359217158002,-0.8840675099433637,8440297.0,15.0,-0.2588190451025206,-0.9659258262890684,1.0,30530.0,6125.5,46132.0,115.8818181818182,15.8,49494.47,6399.9,1291.0,391.0,235910.61,3053.0,2.5403202,2020
2020-11-08 02:00:00+00:00,13.829928,17.2389636,0.6254105729852464,-0.7802958510707755,8534366.0,13.5,0.8660254037844387,0.4999999999999999,0.0,19409.0,6125.5,48333.0,99.75818181818182,15.6,37200.94,916.8000000000002,1087.0,5.5,0.0,6310.0,4.2414365,2020
2022-11-18 21:00:00+00:00,11.116056,80.46928043999999,0.7383263540031063,-0.6744436188329457,5211425.0,40.0,0.7071067811865474,-0.7071067811865477,1.0,27847.0,6071.9,32039.0,33.452727272727266,18.5,49544.96,4115.8,840.0,37.5,0.0,13034.0,7.101034,2022
2023-04-13 07:00:00+00:00,9.890034,89.55725625000001,-0.2008905551306352,0.97961369164549,10111804.0,39.95,-0.2588190451025208,0.9659258262890684,1.0,27230.0,7117.2,35925.0,34.871818181818185,16.3,46284.33,3510.0,748.0,4747.3,346471.47,8873.0,5.0803437,2023
2021-04-10 01:00:00+00:00,12.070586,46.29497964,-0.1500553983446526,0.9886775902323404,12000960.0,20.0,0.9659258262890684,0.2588190451025207,0.0,21762.0,6111.4,38735.0,52.62727272727272,14.333333333333334,41161.3,3771.8,961.0,29.0,0.0,4161.0,2.664193,2021
2020-07-01 00:00:00+00:00,21.268238,17.2389636,-0.9999629591162656,-0.0086069968886884,12209124.0,7.7,1.0,0.0,1.0,24492.0,7117.2,31091.0,62.5290909090909,24.9,35823.97,3259.1,1065.0,546.8,0.0,3790.0,0.83412296,2020
2020-04-29 12:00:00+00:00,16.943249,17.2389636,-0.4749510720670499,0.8800122039735357,12486925.0,6.29,-1.0,1.2246467991473532e-16,1.0,27397.0,5110.1,37810.0,286.50181818181824,15.433333333333332,37015.9,2032.0,1674.0,7582.1,2686345.5,11169.0,5.827439,2020
2022-10-24 17:00:00+00:00,20.057547,80.46928043999999,0.3896304495307877,-0.9209712877166348,4884752.0,39.0,-0.2588190451025206,-0.9659258262890684,1.0,28109.0,5066.1,32105.0,34.5,23.0,42251.51,4596.3,836.0,585.5,257628.27,4303.0,2.7603836,2022
2020-08-26 14:00:00+00:00,29.319115,17.2389636,-0.5631507242749187,-0.8263541987239094,9705841.0,10.5,-0.8660254037844386,-0.5000000000000001,1.0,34982.0,7117.2,35050.0,51.84727272727273,25.166666666666668,36041.84,4815.8,772.0,8417.7,2830146.8,1816.0,0.6538986,2020
2020-09-04 22:00:00+00:00,21.308441,17.2389636,-0.4288919379124841,-0.9033558023246842,9363826.0,11.8,0.8660254037844384,-0.5000000000000004,0.0,25487.0,6366.1,33880.0,50.74272727272727,23.133333333333336,40935.7,4432.0,724.0,553.0,0.0,5674.0,2.280804,2020
2018-01-02 06:00:00+00:00,10.089362,15.1252596,0.9994074007397048,0.0344216116227457,5104801.6,24.5,6.123233995736766e-17,1.0,1.0,26947.0,7117.2,56880.0,160.3075,9.75,53839.24,2269.1,1082.0,17.9,0.0,11789.0,6.007448,2018
2023-11-06 08:00:00+00:00,11.682274,89.55725625000001,0.5842981736283683,-0.8115390590073611,8887001.0,38.0,-0.4999999999999998,0.8660254037844387,1.0,29119.0,5061.6,36624.0,162.07500000000002,14.533333333333331,44671.42,4307.4,1196.0,5295.4,267093.3,9703.0,4.5805187,2023
2018-12-27 17:00:00+00:00,11.240652,15.1252596,0.9976303053065856,-0.0688024268023197,8192252.0,24.5,-0.2588190451025206,-0.9659258262890684,1.0,32980.0,6071.9,56640.0,98.50583333333331,10.466666666666669,71754.31,6788.2,1284.0,167.3,101876.43,960.0,0.9307536,2018
2021-03-20 16:00:00+00:00,11.031126,46.29497964,0.2093146459630487,0.9778483415056568,12507948.0,18.0,-0.5000000000000004,-0.8660254037844385,0.0,26113.0,6111.4,44405.0,121.94181818181818,12.4,46488.68,2082.8,996.0,5688.8,1591533.5,14679.0,8.7285,2021
2019-09-17 03:00:00+00:00,18.852837,22.79031588,-0.2344913895704105,-0.9721181966290612,6721584.0,14.0,0.7071067811865476,0.7071067811865476,1.0,23186.0,7117.2,40980.0,53.92000000000001,22.7,36711.89,4269.3,476.0,69.7,0.0,1060.0,0.80251825,2019
2023-03-30 04:00:00+00:00,12.684695,89.55725625000001,0.0387222808921744,0.9992500112396836,10208205.0,42.5,0.5000000000000001,0.8660254037844386,1.0,23122.0,7117.2,36798.0,48.44818181818182,15.4,32345.48,2852.1,848.0,49.1,0.0,8963.0,3.4005966,2023
2018-11-04 19:00:00+00:00,13.74583,15.1252596,0.5560174366570438,-0.8311706263658084,7630760.0,25.2,0.2588190451025203,-0.9659258262890684,0.0,29082.0,6105.9,45055.0,130.22500000000002,14.2,52526.9,3097.0,977.0,22.5,0.0,6831.0,3.9339771,2018
2022-10-22 12:00:00+00:00,21.066715,80.46928043999999,0.3576982388331254,-0.9338372288229252,4759479.0,40.0,-1.0,1.2246467991473532e-16,0.0,25182.0,5066.1,31190.0,35.26636363636364,22.9,33418.3,484.1999999999998,640.0,7724.6,1716510.4,12054.0,6.111164,2022
2019-12-23 07:00:00+00:00,10.338841,22.79031588,0.9905324521322229,-0.1372787721132651,9450499.0,10.27,-0.2588190451025208,0.9659258262890684,1.0,28081.0,7117.2,47640.0,630.5583333333334,10.366666666666667,52209.52,4871.6,1794.0,92.4,11.286637,9022.0,4.3254876,2019
2023-11-26 12:00:00+00:00,13.6531925,89.55725625000001,0.8239230057575542,-0.5667017562911177,9216870.0,43.66,-1.0,1.2246467991473532e-16,0.0,23367.0,6125.5,43285.0,81.83545454545454,11.733333333333334,48435.45,4571.4,936.0,10942.9,1505470.6,715.0,0.9518205,2023
2021-01-24 13:00:00+00:00,12.493023,46.29497964,0.9158642882672872,0.401487989205973,9366925.0,23.97,-0.9659258262890684,-0.2588190451025203,0.0,29983.0,7117.2,51370.0,273.8908333333333,8.733333333333333,55386.28,3347.3,1514.0,4265.5,1365869.2,16469.0,7.7419777,2021
2018-06-19 02:00:00+00:00,18.140505,15.1252596,-0.9769384927771816,0.2135209154397961,12240822.1,23.91,0.8660254037844387,0.4999999999999999,1.0,23663.0,5068.5,44535.0,181.485,19.65,34818.13,4351.0,1487.0,377.8,0.0,7479.0,3.4853606,2018
2022-08-05 23:00:00+00:00,23.074293,80.46928043999999,-0.8287700871745037,-0.5595892624101767,6357621.0,40.0,0.9659258262890684,-0.2588190451025207,0.0,25865.0,7117.2,26306.0,45.45454545454545,27.33333333333333,32635.53,4914.6,536.0,537.3,0.0,10345.0,2.1967967,2022
2020-03-05 12:00:00+00:00,14.142329,17.2389636,0.436651231956064,0.8996308696522433,10393202.0,8.79,-1.0,1.2246467991473532e-16,1.0,32709.0,7117.2,47704.0,168.08727272727273,12.3,59314.18,7156.0,1736.0,4112.6,1765199.6,16839.0,9.009288,2020
2023-07-28 20:00:00+00:00,24.923134,89.55725625000001,-0.8977433935342338,-0.4405187843504948,8309958.0,30.0,0.5000000000000001,-0.8660254037844386,1.0,30514.0,7117.2,34410.0,40.03727272727273,25.399999999999995,38450.98,4864.7,636.0,794.6,34528.844,5363.0,1.2347368,2023
2018-10-20 00:00:00+00:00,16.333708,15.1252596,0.3253420847119803,-0.9455963874271424,7777168.0,25.69,1.0,0.0,0.0,22559.0,7117.2,42860.0,75.15416666666667,19.3,38536.78,1894.5,614.0,36.4,0.0,7375.0,4.459139,2018
2019-06-27 03:00:00+00:00,20.314678,22.79031588,-0.9970011699250152,0.077386479233463,9422077.0,13.29,0.7071067811865476,0.7071067811865476,1.0,25260.0,6628.3,45793.0,39.682500000000005,23.96666666666667,35314.31,4480.0,771.0,380.0,0.0,5952.0,2.3302135,2019
2020-12-01 03:00:00+00:00,9.907236,17.2389636,0.8779600847008878,-0.478733840115789,8372287.0,17.13,0.7071067811865476,0.7071067811865476,1.0,22820.0,7049.9,50945.0,75.23454545454545,12.9,51021.55,2703.8,653.0,15.4,0.0,5169.0,2.1071517,2020
2019-07-10 20:00:00+00:00,24.469398,22.79031588,-0.9893142039703664,-0.1457991969198744,8965089.0,14.4,0.5000000000000001,-0.8660254037844386,1.0,31903.0,7117.2,43008.0,78.12272727272727,24.03333333333333,46575.78,5580.4,815.0,573.2,75645.97,4466.0,2.1488273,2019
2018-03-19 19:00:00+00:00,8.86635,15.1252596,0.2261156855082882,0.9741004551724204,9172002.5,26.5,0.2588190451025203,-0.9659258262890684,1.0,35614.0,6071.9,48490.0,320.9266666666667,9.85,72548.89,4510.2,1824.0,17.4,26212.658,12899.0,7.6099486,2018
2022-12-10 13:00:00+00:00,11.795068,80.46928043999999,0.935367949313148,-0.3536761221763721,5758229.0,40.0,-0.9659258262890684,-0.2588190451025203,0.0,27514.0,7117.2,40725.0,40.11545454545455,12.5,58797.92,4218.9,824.0,6102.2,1156725.2,9390.0,5.1439643,2022
2020-05-21 03:00:00+00:00,15.935312,17.2389636,-0.766658819300159,0.6420547132365637,12983647.0,5.5,0.7071067811865476,0.7071067811865476,1.0,20424.0,4106.7,36610.0,136.39909090909092,18.3,30374.84,3580.6,1369.0,406.9,0.0,2900.0,2.0741482,2020
2021-11-01 14:00:00+00:00,18.101233,46.29497964,0.5123714121284235,-0.858763958275803,5998857.0,59.25,-0.8660254037844386,-0.5000000000000001,0.0,23635.0,6121.4,42770.0,39.63363636363636,17.76666666666667,34884.96,3040.7,613.0,4415.6,1269191.8,13454.0,7.7904444,2021
2021-01-24 07:00:00+00:00,10.368098,46.29497964,0.9158642882672872,0.401487989205973,9366925.0,23.97,-0.2588190451025208,0.9659258262890684,0.0,23452.0,7117.2,51370.0,273.8908333333333,8.733333333333333,57948.7,2116.7,1442.0,116.7,32.23845,15141.0,9.763541,2021
2023-11-16 19:00:00+00:00,15.857026,89.55725625000001,0.7146733860429608,-0.6994583270516471,9255889.0,40.0,0.2588190451025203,-0.9659258262890684,1.0,32187.0,6125.5,40575.0,97.46909090909092,15.566666666666668,38903.27,6856.9,1236.0,213.4,0.0,5255.0,3.3953402,2023
2019-01-11 19:00:00+00:00,6.528897,22.79031588,0.9821256058680006,0.1882267098432442,8006637.0,25.47,0.2588190451025203,-0.9659258262890684,1.0,39017.0,7117.2,55190.0,49.75,8.1,75481.72,8305.0,935.0,35.9,0.0,8963.0,4.3320675,2019
2023-02-21 01:00:00+00:00,11.029125,89.55725625000001,0.6254105729852463,0.7802958510707755,9817436.0,49.52,0.9659258262890684,0.2588190451025207,1.0,22839.0,7117.2,41375.0,79.73272727272727,12.4,51947.66,4326.8,812.0,6.5,0.0,5462.0,1.9451705,2023
2023-12-04 15:00:00+00:00,12.680208,89.55725625000001,0.893918596519257,-0.4482293417404106,9349226.0,43.0,-0.7071067811865477,-0.7071067811865475,1.0,31439.0,6125.5,45485.0,281.11999999999995,11.266666666666666,51160.45,4628.5,1256.0,4097.6,609458.75,12332.0,5.824519,2023
2021-02-28 14:00:00+00:00,13.630526,46.29497964,0.5270777086423722,0.8498170915275278,12682828.0,15.4,-0.8660254037844386,-0.5000000000000001,0.0,25803.0,7117.2,40215.0,199.6572727272728,11.133333333333333,37725.86,4918.8,1485.0,5983.7,1972211.0,8124.0,5.0348015,2021
2019-11-07 13:00:00+00:00,13.953659,22.79031588,0.5981809144059166,-0.8013610881746764,6430248.0,12.51,-0.9659258262890684,-0.2588190451025203,1.0,31411.0,5047.5,40040.0,96.10083333333334,15.666666666666666,52946.84,2630.4,1221.0,3475.8,1464424.8,11258.0,7.678686,2019
2019-04-12 23:00:00+00:00,10.794381,22.79031588,-0.18399835165768,0.9829265519799822,8866221.0,19.11,0.9659258262890684,-0.2588190451025207,0.0,24882.0,6071.9,44430.0,59.399166666666666,14.833333333333334,50350.45,4827.0,1017.0,470.0,0.0,3930.0,2.1444485,2019
2020-09-29 06:00:00+00:00,14.376137,17.2389636,-0.0129102960750088,-0.999916658654738,8407927.0,11.55,6.123233995736766e-17,1.0,1.0,28287.0,7065.5,40000.0,79.19363636363637,18.866666666666667,52425.64,5471.0,654.0,374.1,2178.5117,2681.0,2.6074,2020
2023-07-15 20:00:00+00:00,23.700903,89.55725625000001,-0.973118337233262,-0.2303056702306119,8804153.0,29.89,0.5000000000000001,-0.8660254037844386,0.0,29490.0,7117.2,32925.0,36.17272727272727,26.7,30333.32,3360.8,648.0,721.9,65679.836,8788.0,3.2477562,2023
2018-02-12 00:00:00+00:00,9.618022,15.1252596,0.7383263540031065,0.6744436188329455,5458728.1,22.0,1.0,0.0,1.0,25152.0,7117.2,57025.0,329.0938461538462,8.55,62796.66,3922.0,1054.0,2.9,0.0,8709.0,5.5580935,2018
2020-02-09 18:00:00+00:00,13.022211,17.2389636,0.7721565844991642,0.6354323008901774,10445314.0,9.49,-1.8369701987210292e-16,-1.0,0.0,29176.0,7117.2,51455.0,159.1118181818182,9.566666666666665,46432.08,5088.2,1501.0,126.5,51994.707,8078.0,3.5009098,2020
2019-03-07 19:00:00+00:00,11.235141,22.79031588,0.4211008707960896,0.907013812802636,8911638.0,19.28,0.2588190451025203,-0.9659258262890684,1.0,35197.0,7117.2,52291.0,117.59749999999998,11.866666666666664,56766.72,5985.7,1507.0,86.0,7102.728,3796.0,3.5704048,2019
2022-11-28 19:00:00+00:00,11.421433,80.46928043999999,0.8429415373547827,-0.5380051715383,5768825.0,40.0,0.2588190451025203,-0.9659258262890684,1.0,33398.0,7117.2,35188.0,50.22727272727273,16.233333333333334,59085.91,6636.2,1072.0,88.4,0.0,11837.0,6.9522157,2022
2021-03-08 21:00:00+00:00,9.43154,46.29497964,0.4054257283599973,0.9141279881853336,12602854.0,17.8,0.7071067811865474,-0.7071067811865477,1.0,30945.0,7117.2,44770.0,183.53181818181807,11.766666666666666,60483.51,4597.4,1524.0,50.5,0.0,7118.0,4.229019,2021
2023-08-15 05:00:00+00:00,20.448977,89.55725625000001,-0.7206671495538611,-0.6932812268869775,7667381.0,35.25,0.2588190451025207,0.9659258262890684,0.0,20864.0,7043.3,33803.0,34.70363636363636,27.100000000000005,28837.97,3124.3,512.0,184.1,63.42772,2332.0,1.1625698,2023
2018-03-02 07:00:00+00:00,8.605551,15.1252596,0.4975132889071806,0.8674563547295969,5770462.4,35.0,-0.2588190451025208,0.9659258262890684,1.0,34851.0,7117.2,52965.0,333.11538461538464,8.3,75051.92,3619.8,1640.0,146.5,21716.283,8894.0,5.688791,2018
2019-01-11 16:00:00+00:00,8.7119055,22.79031588,0.9821256058680006,0.1882267098432442,8006637.0,25.47,-0.5000000000000004,-0.8660254037844385,1.0,35658.0,7117.2,55190.0,49.75,8.1,74165.97,7580.0,928.0,1525.6,657065.4,8546.0,4.317359,2019
2020-01-13 21:00:00+00:00,7.90328,17.2389636,0.9750645322571948,0.2219215130041655,9921851.0,12.65,0.7071067811865474,-0.7071067811865477,1.0,35176.0,7117.2,52851.0,136.72909090909093,7.900000000000001,53292.51,6138.6,1325.0,0.7,0.0,8463.0,4.819488,2020
2019-03-07 22:00:00+00:00,9.8888235,22.79031588,0.4211008707960896,0.907013812802636,8911638.0,19.28,0.8660254037844384,-0.5000000000000004,1.0,29133.0,7117.2,52291.0,117.59749999999998,11.866666666666664,54669.8,5696.4,1418.0,33.7,0.0,3913.0,3.2091203,2019
2020-12-20 19:00:00+00:00,11.096282,17.2389636,0.9852201067560606,-0.1712931441814778,8925312.0,17.8,0.2588190451025203,-0.9659258262890684,0.0,30757.0,7117.2,52010.0,158.01727272727274,10.566666666666666,54129.97,5055.5,1581.0,41.1,0.0,6843.0,1.6642643,2020
2023-01-31 11:00:00+00:00,9.307324,89.55725625000001,0.8609610158889943,0.5086709438521044,10162057.0,45.0,-0.9659258262890682,0.258819045102521,1.0,34019.0,7117.2,44830.0,99.3681818181818,10.5,62499.630000000005,6048.4,1072.0,10960.3,1513734.8,7084.0,2.0690727,2023
2019-12-23 21:00:00+00:00,11.739627,22.79031588,0.9905324521322229,-0.1372787721132651,9450499.0,10.27,0.7071067811865474,-0.7071067811865477,1.0,28503.0,7117.2,48810.0,630.5583333333334,10.366666666666667,51706.95,5899.2,1870.0,20.5,0.0,7511.0,2.446634,2019
2019-10-21 16:00:00+00:00,16.08319,22.79031588,0.3415707691678551,-0.9398560579418956,6284356.0,13.0,-0.5000000000000004,-0.8660254037844385,1.0,29301.0,6111.4,41600.0,50.07916666666666,19.3,51842.22,5740.9,980.0,1673.8,715876.2,1192.0,1.2579015,2019
2022-12-21 10:00:00+00:00,13.949388,80.46928043999999,0.9852201067560606,-0.1712931441814778,7263299.0,40.0,-0.8660254037844387,0.4999999999999999,1.0,31483.0,7117.2,41300.0,47.775454545454544,11.7,51771.0,4452.8,1052.0,3650.9,612089.1,13382.0,5.5695596,2022
2019-06-08 02:00:00+00:00,13.667674,22.79031588,-0.9192859697186104,0.3935902766564671,9813065.0,13.0,0.8660254037844387,0.4999999999999999,0.0,22081.0,5797.1,37544.0,49.903333333333336,20.366666666666667,24930.94,3151.1,1009.0,389.8,0.0,3713.0,3.7568822,2019
2021-06-11 19:00:00+00:00,22.404892,46.29497964,-0.938377391740864,0.3456123126707335,10912561.0,28.3,0.2588190451025203,-0.9659258262890684,1.0,29699.0,4076.8,40695.0,40.78727272727273,23.433333333333337,41248.31,4985.3,1148.0,788.9,376586.72,8485.0,2.8104353,2021
2023-12-10 15:00:00+00:00,16.192736,89.55725625000001,0.935367949313148,-0.3536761221763721,9349226.0,36.83,-0.7071067811865477,-0.7071067811865475,0.0,24004.0,6125.5,44390.0,122.64727272727272,11.866666666666667,34047.03,3968.2,1264.0,5826.9,777030.9,9777.0,3.9158847,2023
2019-07-01 13:00:00+00:00,26.154192,22.79031588,-0.9999629591162656,0.0086069968886886,9194821.0,13.0,-0.9659258262890684,-0.2588190451025203,1.0,36491.0,6125.5,43750.0,39.735,25.33333333333333,47821.1,5302.7,850.0,5166.1,3170892.8,4785.0,0.9802468,2019
2021-11-04 00:00:00+00:00,10.072896,46.29497964,0.5560174366570438,-0.8311706263658084,5998857.0,71.5,1.0,0.0,1.0,23155.0,6121.4,43725.0,48.18818181818181,15.3,51257.16,3578.0,620.0,29.0,0.0,7032.0,5.102976,2021
2020-03-19 07:00:00+00:00,10.509579,17.2389636,0.2093146459630487,0.9778483415056568,10818085.0,9.24,-0.2588190451025208,0.9659258262890684,1.0,25305.0,7117.2,43059.0,427.39,11.5,49154.48,3955.3,1750.0,1438.5,106120.52,4261.0,4.504885,2020
2023-02-01 21:00:00+00:00,7.5094967,89.55725625000001,0.8520775211013093,0.5234156073655503,10162057.0,50.0,0.7071067811865474,-0.7071067811865477,1.0,34696.0,7117.2,45030.0,98.43363636363635,10.8,56930.03,6503.8,1140.0,213.6,0.0,8547.0,2.8400445,2023
2019-11-17 09:00:00+00:00,9.236568,22.79031588,0.7266075247685657,-0.6870527672236668,6710769.0,14.8,-0.7071067811865475,0.7071067811865476,0.0,27140.0,5008.0,40950.0,283.09615384615387,12.233333333333334,61857.73,2396.2,1211.0,1333.5,477376.12,9505.0,6.381893,2019
2019-12-10 18:00:00+00:00,10.501535,22.79031588,0.935367949313148,-0.3536761221763721,8160557.0,14.0,-1.8369701987210292e-16,-1.0,1.0,36335.0,6071.9,46886.0,134.8709090909091,11.066666666666668,67600.76,7273.7,1475.0,37.4,547.7357,6764.0,2.3162284,2019
2020-12-11 00:00:00+00:00,12.867057,17.2389636,0.9469877530760752,-0.3212696616923651,8486186.0,17.87,1.0,0.0,1.0,25076.0,7117.2,48935.0,369.0208333333333,10.466666666666669,58649.64,1574.0,1395.0,7.5,0.0,15364.0,6.844096,2020
2021-09-10 14:00:00+00:00,24.552254,46.29497964,-0.3496474552512282,-0.9368813462954316,6783967.0,57.5,-0.8660254037844386,-0.5000000000000001,1.0,31529.0,6053.3,42964.0,47.96909090909092,24.566666666666663,40433.95,5528.1,531.0,9256.8,2313790.5,2364.0,2.6959097,2021
2023-01-15 08:00:00+00:00,9.27954,89.55725625000001,0.9668478136052776,0.255353295116187,9141747.0,45.0,-0.4999999999999998,0.8660254037844387,0.0,22834.0,7117.2,40212.0,56.00727272727273,13.2,36906.72,2302.3,1096.0,719.3,46206.984,10254.0,4.954994,2023
2019-09-08 11:00:00+00:00,22.666323,22.79031588,-0.3816892202666594,-0.924290722193093,7109331.0,9.5,-0.9659258262890682,0.258819045102521,0.0,26790.0,7117.2,40886.0,46.75749999999999,21.600000000000005,36054.95,4428.9,466.0,5142.4,2234597.8,3540.0,2.1596394,2019
2018-02-12 15:00:00+00:00,9.877236,15.1252596,0.7383263540031065,0.6744436188329455,5458728.1,22.0,-0.7071067811865477,-0.7071067811865475,1.0,35652.0,7117.2,57025.0,329.0938461538462,8.55,69733.58,6113.3,1142.0,2311.7,1316497.9,7849.0,5.06323,2018
2021-03-20 23:00:00+00:00,7.2345037,46.29497964,0.2093146459630487,0.9778483415056568,12507948.0,18.0,0.9659258262890684,-0.2588190451025207,0.0,24564.0,6111.4,44056.0,135.1081818181818,12.2,58535.98,2123.5,1017.0,213.4,0.0,13301.0,7.4180202,2021
2019-10-27 00:00:00+00:00,14.929273,22.79031588,0.436651231956063,-0.8996308696522438,6284356.0,12.5,1.0,0.0,0.0,19927.0,6111.4,37725.0,75.10666666666667,17.366666666666667,36600.61,3591.8,792.0,14.5,0.0,3489.0,1.3024136,2019
2019-03-20 04:00:00+00:00,7.76677,22.79031588,0.2093146459630487,0.9778483415056568,9072753.0,16.97,0.5000000000000001,0.8660254037844386,1.0,23609.0,7117.2,49320.0,75.52749999999999,13.0,55881.03,1309.1999999999998,996.0,71.8,0.0,6221.0,5.529225,2019
2018-04-30 17:00:00+00:00,12.643176,15.1252596,-0.4749510720670499,0.8800122039735357,11937484.9,20.3,-0.2588190451025206,-0.9659258262890684,1.0,27156.0,5066.1,44377.0,379.2191666666667,13.15,45977.21,4523.8,1750.0,1428.4,1138895.2,4864.0,3.3572288,2018
2022-10-22 02:00:00+00:00,17.22734,80.46928043999999,0.3576982388331254,-0.9338372288229252,4759479.0,40.0,0.8660254037844387,0.4999999999999999,0.0,20144.0,5066.1,31120.0,35.26636363636364,22.9,28584.37,648.2000000000003,656.0,0.0,0.0,7727.0,4.769292,2022
2022-08-08 21:00:00+00:00,24.723207,80.46928043999999,-0.798779372886365,-0.6016240632249223,6132407.0,40.0,0.7071067811865474,-0.7071067811865477,1.0,28844.0,7117.2,27308.0,47.06363636363636,27.53333333333333,39136.64,5856.2,576.0,606.3,0.0,7431.0,1.1689856,2022
2023-06-07 08:00:00+00:00,19.247894,89.55725625000001,-0.9123747579707272,0.4093559588156217,9303179.0,28.01,-0.4999999999999998,0.8660254037844387,1.0,27550.0,5118.0,32600.0,39.38636363636363,22.76666666666667,35042.22,3785.9,712.0,3503.9,706987.8,4752.0,3.9800508,2023
2021-07-23 11:00:00+00:00,26.521461,46.29497964,-0.9322892131745134,-0.3617137307297674,9194704.0,38.0,-0.9659258262890682,0.258819045102521,1.0,36499.0,7117.2,43525.0,59.43272727272727,25.7,44598.29,4360.9,726.0,10184.3,2853122.8,9222.0,2.194575,2021
2019-10-21 11:00:00+00:00,15.153224,22.79031588,0.3415707691678551,-0.9398560579418956,6284356.0,13.0,-0.9659258262890682,0.258819045102521,1.0,31773.0,6111.4,41600.0,50.07916666666666,19.3,52630.83,5784.9,947.0,4768.2,1515814.1,467.0,0.23917173,2019
2020-12-07 14:00:00+00:00,11.968468,17.2389636,0.9226395488404876,-0.3856634062436074,8486186.0,17.0,-0.8660254037844386,-0.5000000000000001,1.0,28541.0,6632.3,48865.0,83.06090909090909,10.733333333333334,69476.46,2332.3,996.0,2112.8,868503.9,16879.0,10.777038,2020
2018-12-02 23:00:00+00:00,11.798857,15.1252596,0.8779600847008878,-0.478733840115789,7992028.0,25.8,0.9659258262890684,-0.2588190451025207,1.0,24992.0,6121.4,51325.0,101.25416666666666,11.833333333333334,44524.63,4909.7,976.0,17.3,0.0,9186.0,4.1877337,2018
2019-09-17 12:00:00+00:00,24.563608,22.79031588,-0.2344913895704105,-0.9721181966290612,6721584.0,14.0,-1.0,1.2246467991473532e-16,1.0,32508.0,7117.2,40872.0,53.92000000000001,22.7,45649.77,5672.2,539.0,4666.7,2445490.0,1159.0,0.7844686,2019
2023-12-29 18:00:00+00:00,11.328505,89.55725625000001,0.9994074007397048,-0.0344216116227458,9483417.0,32.94,-1.8369701987210292e-16,-1.0,1.0,31481.0,7117.2,43140.0,134.78636363636363,8.700000000000001,49004.11,7455.3,1144.0,35.8,1355.223,714.0,0.81819415,2023
2019-06-27 02:00:00+00:00,20.611807,22.79031588,-0.9970011699250152,0.077386479233463,9422077.0,13.29,0.8660254037844387,0.4999999999999999,1.0,24956.0,6628.3,45793.0,39.682500000000005,23.96666666666667,33898.41,4506.7,763.0,410.7,0.0,5969.0,2.2385063,2019
2023-12-29 17:00:00+00:00,11.861965,89.55725625000001,0.9994074007397048,-0.0344216116227458,9483417.0,32.94,-0.2588190451025206,-0.9659258262890684,1.0,30813.0,7117.2,43140.0,134.78636363636363,8.700000000000001,47275.22,7105.0,1096.0,61.3,89434.734,594.0,0.9070807,2023
2018-06-06 04:00:00+00:00,14.841759,15.1252596,-0.9051931898913974,0.4250003399695541,12247100.7,22.61,0.5000000000000001,0.8660254037844386,1.0,24543.0,4076.8,44070.0,381.2141666666667,16.6,38872.01,3290.5,1722.0,154.9,0.0,2009.0,3.394004,2018
2021-08-24 13:00:00+00:00,26.197119,46.29497964,-0.6050560696488494,-0.7961828637826154,7373652.0,42.8,-0.9659258262890684,-0.2588190451025203,1.0,33091.0,7117.2,43072.0,53.34090909090909,24.53333333333333,34266.119999999995,4967.6,636.0,9019.9,2740998.2,5940.0,1.9789462,2021
2019-06-05 22:00:00+00:00,15.163823,22.79031588,-0.8977433935342337,0.440518784350495,9813065.0,14.1,0.8660254037844384,-0.5000000000000004,1.0,25549.0,5442.1,44775.0,49.20250000000001,20.33333333333333,42410.13,4287.9,1105.0,539.6,0.0,4630.0,3.8208015,2019
2020-11-30 08:00:00+00:00,10.430302,17.2389636,0.8695893893466109,-0.4937755501599773,8372287.0,16.5,-0.4999999999999998,0.8660254037844387,1.0,33012.0,7117.2,50945.0,63.25181818181818,13.4,72664.85,3182.4,946.0,1334.4,105130.664,3751.0,3.5455613,2020
2019-11-16 03:00:00+00:00,6.1816773,22.79031588,0.7146733860429608,-0.6994583270516471,6710769.0,14.5,0.7071067811865476,0.7071067811865476,0.0,22926.0,5008.0,40950.0,297.8084615384616,12.266666666666667,52122.27,2032.6,1175.0,31.4,0.0,6285.0,4.737192,2019
2021-02-08 12:00:00+00:00,11.602186,46.29497964,0.7829801036770629,0.6220467484408675,12156166.0,18.0,-1.0,1.2246467991473532e-16,1.0,34332.0,7117.2,48610.0,387.6641666666667,9.4,72148.14,2768.8,1781.0,4300.0,1346906.5,16556.0,9.701823,2021
2020-09-29 04:00:00+00:00,14.568612,17.2389636,-0.0129102960750088,-0.999916658654738,8407927.0,11.55,0.5000000000000001,0.8660254037844386,1.0,24031.0,7065.5,40000.0,79.19363636363637,18.866666666666667,42787.34,4672.0,573.0,30.7,0.0,3115.0,2.5737333,2020
2020-05-12 00:00:00+00:00,14.152973,17.2389636,-0.6584015846980488,0.7526668275320085,12887878.0,5.95,1.0,0.0,1.0,19935.0,5110.1,38525.0,182.16090909090912,16.766666666666666,35860.26,3833.1,1526.0,46.9,0.0,3368.0,2.221333,2020
2023-09-27 01:00:00+00:00,18.455828,89.55725625000001,-0.0645084494493171,-0.9979171608653922,7052792.0,43.38,0.9659258262890684,0.2588190451025207,1.0,21369.0,5983.0,39656.0,33.96727272727272,22.5,34058.75,4135.3,388.0,199.1,0.0,4083.0,1.4914067,2023
2020-12-02 14:00:00+00:00,12.06041,17.2389636,0.8860706215341378,-0.4635502709028512,8372287.0,17.5,-0.8660254037844386,-0.5000000000000001,1.0,32555.0,6989.9,50035.0,71.27,12.166666666666666,66147.54,5640.2,661.0,4973.1,1117239.8,12336.0,5.725682,2020
2023-04-28 08:00:00+00:00,19.019836,89.55725625000001,-0.4443781781046132,0.895839290734909,9929022.0,35.4,-0.4999999999999998,0.8660254037844387,1.0,27414.0,5930.1,39222.0,37.75636363636364,20.23333333333333,40217.81,5453.6,840.0,11549.6,1165708.9,3323.0,2.1083233,2023
2021-06-01 14:00:00+00:00,20.484417,46.29497964,-0.865307254363206,0.5012418134457758,11052279.0,26.2,-0.8660254037844386,-0.5000000000000001,1.0,29293.0,5068.5,40855.0,50.32454545454546,22.0,37527.95,4164.1,1060.0,8206.0,2590247.0,5442.0,2.0161786,2021
2021-11-06 19:00:00+00:00,10.842157,46.29497964,0.5842981736283683,-0.8115390590073611,5998857.0,75.5,0.2588190451025203,-0.9659258262890684,0.0,29330.0,6121.4,41480.0,50.42,13.8,56715.66,5111.1,653.0,84.6,0.0,11938.0,6.8747745,2021
2020-11-05 17:00:00+00:00,15.675612,17.2389636,0.5842981736283683,-0.8115390590073611,8534366.0,13.3,-0.2588190451025206,-0.9659258262890684,1.0,31621.0,6125.5,47742.0,93.06545454545454,15.233333333333334,58333.19,2888.8,923.0,72.7,122947.21,12293.0,7.674139,2020
2019-10-12 03:00:00+00:00,18.487963,22.79031588,0.1924515819708299,-0.9813064702716092,6275794.0,12.65,0.7071067811865476,0.7071067811865476,0.0,21054.0,6111.4,42140.0,43.08083333333334,20.83333333333333,29390.09,2867.8,339.0,69.1,0.0,6413.0,3.552283,2019
2021-07-15 06:00:00+00:00,18.143106,46.29497964,-0.973118337233262,-0.2303056702306119,9598298.0,35.37,6.123233995736766e-17,1.0,1.0,29429.0,7117.2,40146.0,55.02727272727272,22.4,39784.89,3330.2000000000003,755.0,2396.6,168897.27,7917.0,3.8660595,2021
2022-06-07 04:00:00+00:00,17.39537,80.46928043999999,-0.9123747579707272,0.4093559588156217,7753901.0,40.0,0.5000000000000001,0.8660254037844386,1.0,23822.0,6113.8,29125.0,41.961,24.03333333333333,35480.83,3671.9,764.0,436.7,0.0,3631.0,2.506334,2022
2019-01-09 20:00:00+00:00,8.7325115,22.79031588,0.9880226656636976,0.1543088206642811,8006637.0,24.4,0.5000000000000001,-0.8660254037844386,1.0,37786.0,7117.2,56070.0,53.69083333333334,8.366666666666667,67334.64,8237.0,725.0,31.4,0.0,11998.0,5.9308896,2019
2022-07-15 22:00:00+00:00,25.024971,80.46928043999999,-0.973118337233262,-0.2303056702306119,7037432.0,40.0,0.8660254037844384,-0.5000000000000004,0.0,30164.0,7117.2,25950.0,43.11181818181818,27.4,41142.12,5591.3,584.0,555.6,0.0,6096.0,1.0716373,2022
2022-07-19 05:00:00+00:00,21.012047,80.46928043999999,-0.9549667548552552,-0.2967128192734901,6828082.0,40.0,0.2588190451025207,0.9659258262890684,1.0,29237.0,7117.2,24490.0,46.693636363636365,27.366666666666664,39663.52,3974.7,524.0,382.5,5261.9253,5265.0,0.44587746,2022
2022-08-14 12:00:00+00:00,27.240448,80.46928043999999,-0.7324940716135788,-0.6807734094770164,6132407.0,40.0,-1.0,1.2246467991473532e-16,0.0,26522.0,7117.2,26011.0,46.17818181818182,27.03333333333333,31465.96,2893.6000000000004,536.0,12583.7,3008485.0,5120.0,3.7252588,2022
2020-09-29 08:00:00+00:00,16.662258,17.2389636,-0.0129102960750088,-0.999916658654738,8407927.0,11.55,-0.4999999999999998,0.8660254037844387,1.0,29870.0,7065.5,40000.0,79.19363636363637,18.866666666666667,52940.71,6185.0,610.0,5571.7,680385.4,1819.0,2.470923,2020
2020-01-27 23:00:00+00:00,10.898658,17.2389636,0.893918596519257,0.4482293417404106,10148824.0,11.8,0.9659258262890684,-0.2588190451025207,1.0,27931.0,7117.2,52135.0,137.99272727272728,8.866666666666665,53758.46,3410.1,1449.0,15.8,0.0,12888.0,7.196211,2020
2020-11-17 04:00:00+00:00,11.793969,17.2389636,0.7383263540031063,-0.6744436188329457,8582863.0,14.5,0.5000000000000001,0.8660254037844386,1.0,22450.0,6125.5,49310.0,105.18454545454549,14.733333333333334,44521.48,3188.4,889.0,10.0,0.0,1826.0,1.4487339,2020
2022-07-21 16:00:00+00:00,29.873203,80.46928043999999,-0.9441875088341996,-0.3294084822245298,6828082.0,40.0,-0.5000000000000004,-0.8660254037844385,1.0,35687.0,7117.2,27255.0,48.78272727272727,27.433333333333334,44177.62,5158.7,560.0,9970.7,2296600.8,5693.0,0.98424745,2022
2019-07-16 23:00:00+00:00,21.78738,22.79031588,-0.9690098257244062,-0.2470221804809357,8724234.0,15.6,0.9659258262890684,-0.2588190451025207,1.0,27147.0,7117.2,41032.0,45.06,24.0,40896.41,4123.4,664.0,533.9,0.0,5796.0,1.3513727,2019
2023-10-12 11:00:00+00:00,24.0573,89.55725625000001,0.1924515819708299,-0.9813064702716092,6736945.0,45.48,-0.9659258262890682,0.258819045102521,0.0,21945.0,6053.3,40295.0,33.79,21.3,36694.68,3757.9,388.0,15136.8,2141278.2,2844.0,2.2854578,2023
2020-10-12 06:00:00+00:00,11.841712,17.2389636,0.209314645963048,-0.9778483415056568,8253016.0,12.17,6.123233995736766e-17,1.0,0.0,20250.0,6125.5,42805.0,75.62090909090908,16.966666666666665,56170.4,2922.5,584.0,295.2,124.69349,7575.0,5.513128,2020
2019-12-17 18:00:00+00:00,11.328193,22.79031588,0.9711000518829505,-0.2386727660059499,8628229.0,12.65,-1.8369701987210292e-16,-1.0,1.0,36028.0,6071.9,43320.0,478.53,10.5,66895.33,7276.3,1790.0,15.9,506.59512,5748.0,2.114864,2019
2023-06-12 06:00:00+00:00,18.139458,89.55725625000001,-0.9441875088341992,0.3294084822245304,9287024.0,26.0,6.123233995736766e-17,1.0,1.0,26208.0,5118.0,33020.0,36.659090909090914,23.0,40818.18,4799.2,908.0,3015.2,236768.66,814.0,0.7509739,2023
2021-03-11 10:00:00+00:00,13.518867,46.29497964,0.3576982388331257,0.9338372288229252,12602854.0,18.0,-0.8660254037844387,0.4999999999999999,1.0,33297.0,7117.2,45120.0,140.34272727272727,11.8,47105.67,4497.0,1321.0,7128.8,1503987.1,8141.0,4.283066,2021
2023-01-29 21:00:00+00:00,5.617479,89.55725625000001,0.8779600847008882,0.4787338401157884,10151548.0,45.0,0.7071067811865474,-0.7071067811865477,0.0,31917.0,7117.2,43310.0,115.03999999999998,10.7,63284.4,5166.1,1316.0,35.3,0.0,7401.0,4.467164,2023
2022-02-03 12:00:00+00:00,14.35037,80.46928043999999,0.8335557718385699,0.5524353131676196,7003277.0,77.0,-1.0,1.2246467991473532e-16,1.0,32199.0,7117.2,48656.0,111.4590909090909,8.133333333333333,64793.35,5837.2,654.0,7892.9,1791539.2,2987.0,2.530101,2022
2019-01-06 00:00:00+00:00,6.5647726,22.79031588,0.9946708199115212,0.1031016974474348,8127468.0,26.25,1.0,0.0,0.0,24389.0,7045.5,54245.0,46.60916666666666,8.433333333333334,65182.0,5653.0,668.0,22.1,0.0,7934.0,3.1680493,2019
2019-04-08 02:00:00+00:00,10.74895,22.79031588,-0.1159345995955004,0.9932568492674144,8866221.0,18.5,0.8660254037844387,0.4999999999999999,1.0,21663.0,6071.9,48560.0,55.330000000000005,14.2,46386.61,1926.6,891.0,5.6,0.0,7983.0,5.2535934,2019
2022-08-14 19:00:00+00:00,25.5636,80.46928043999999,-0.7324940716135788,-0.6807734094770164,6132407.0,40.0,0.2588190451025203,-0.9659258262890684,0.0,27368.0,7117.2,26011.0,46.17818181818182,27.03333333333333,35544.61,3440.0,628.0,943.1,244250.17,7189.0,3.102651,2022
2019-06-20 08:00:00+00:00,19.316801,22.79031588,-0.980469160361632,0.1966728897935764,9590801.0,13.17,-0.4999999999999998,0.8660254037844387,1.0,31240.0,7117.2,43768.0,38.39416666666667,23.066666666666663,46884.05,4270.9,1089.0,3808.2,1199561.5,1997.0,1.5002148,2019
2021-03-20 00:00:00+00:00,7.418603,46.29497964,0.2093146459630487,0.9778483415056568,12507948.0,18.0,1.0,0.0,0.0,23808.0,6111.4,44285.0,121.94181818181818,12.4,54913.95,1567.0,1028.0,54.7,0.0,13141.0,7.043686,2021
2019-11-07 23:00:00+00:00,10.172772,22.79031588,0.5981809144059166,-0.8013610881746764,6430248.0,12.51,0.9659258262890684,-0.2588190451025207,1.0,25631.0,5047.5,40040.0,107.6075,14.966666666666669,53615.94,2122.1,1258.0,19.7,0.0,12968.0,7.1445065,2019
2020-01-19 18:00:00+00:00,8.400537,17.2389636,0.9469877530760752,0.3212696616923644,9921851.0,11.3,-1.8369701987210292e-16,-1.0,0.0,31448.0,7117.2,51770.0,121.39818181818184,8.533333333333333,64296.78,3200.8,1373.0,34.0,15845.738,15372.0,9.91497,2020
2021-02-28 19:00:00+00:00,11.729971,46.29497964,0.5270777086423722,0.8498170915275278,12682828.0,15.4,0.2588190451025203,-0.9659258262890684,0.0,29901.0,7117.2,40215.0,199.6572727272728,11.133333333333333,52664.33,6144.5,1645.0,180.9,4978.9966,9759.0,5.602905,2021
2021-02-21 22:00:00+00:00,10.580609,46.29497964,0.6254105729852463,0.7802958510707755,12156166.0,16.08,0.8660254037844384,-0.5000000000000004,0.0,26092.0,6113.8,43005.0,197.2590909090909,10.466666666666669,46667.47,3631.8,1649.0,24.2,0.0,8884.0,2.7637405,2021
2019-03-02 08:00:00+00:00,10.523343,22.79031588,0.4975132889071806,0.8674563547295969,8865013.0,18.0,-0.4999999999999998,0.8660254037844387,0.0,28388.0,7117.2,51101.0,122.43583333333332,11.199999999999998,48894.87,4051.8,1123.0,1944.6,318725.06,5408.0,2.7694721,2019
2020-05-12 02:00:00+00:00,13.612981,17.2389636,-0.6584015846980488,0.7526668275320085,12887878.0,5.95,0.8660254037844387,0.4999999999999999,1.0,19432.0,5110.1,38525.0,182.16090909090912,16.766666666666666,33240.61,3682.5,1542.0,43.6,0.0,2511.0,1.3956854,2020
2018-12-02 19:00:00+00:00,12.731272,15.1252596,0.8779600847008878,-0.478733840115789,7992028.0,25.8,0.2588190451025203,-0.9659258262890684,0.0,30852.0,6121.4,51325.0,101.25,11.9,48513.36,5894.0,1138.0,32.7,0.0,8725.0,3.8969233,2018
2023-09-27 00:00:00+00:00,18.751102,89.55725625000001,-0.0645084494493171,-0.9979171608653922,7052792.0,43.38,1.0,0.0,1.0,21832.0,5983.0,39656.0,33.96727272727272,22.5,36284.82,4302.7,400.0,254.7,0.0,3744.0,1.48758,2023
2018-12-23 12:00:00+00:00,13.482063,15.1252596,0.9905324521322229,-0.1372787721132651,8153074.0,24.5,-1.0,1.2246467991473532e-16,0.0,27996.0,5326.1,51510.0,110.14416666666668,10.066666666666668,49088.55,4385.8,1287.0,2799.3,1456363.5,1627.0,1.3314618,2018
2023-04-07 20:00:00+00:00,15.281875,89.55725625000001,-0.0988201387328714,0.9951053111006976,10193567.0,42.88,0.5000000000000001,-0.8660254037844386,0.0,23071.0,7117.2,36720.0,43.71636363636364,15.3,47900.03,5276.4,804.0,680.3,68.38748,3214.0,0.7981771,2023
2019-10-21 02:00:00+00:00,12.1295185,22.79031588,0.3415707691678551,-0.9398560579418956,6284356.0,13.0,0.8660254037844387,0.4999999999999999,1.0,20340.0,6111.4,40270.0,50.07916666666666,19.3,34283.83,3813.1,814.0,23.1,0.0,1015.0,2.3444257,2019
2018-11-16 02:00:00+00:00,13.44791,15.1252596,0.7146733860429608,-0.6994583270516471,7848784.0,26.8,0.8660254037844387,0.4999999999999999,1.0,23084.0,5110.1,44860.0,119.25333333333332,14.766666666666666,46540.09,3220.6,994.0,13.5,0.0,3151.0,3.3856184,2018
2021-04-11 13:00:00+00:00,14.506812,46.29497964,-0.167051625502119,0.9859481499638304,12000960.0,19.45,-0.9659258262890684,-0.2588190451025203,0.0,24573.0,6111.4,38735.0,54.93545454545454,14.5,38241.17,3188.4,1028.0,6549.9,2262789.8,10573.0,1.9830424,2021
2019-01-10 10:00:00+00:00,7.670921,22.79031588,0.9852201067560606,0.1712931441814776,8006637.0,25.5,-0.8660254037844387,0.4999999999999999,1.0,38584.0,7117.2,55405.0,55.82250000000001,8.233333333333333,76487.5,7914.0,741.0,3164.0,777662.6,10471.0,5.2954664,2019
2020-06-12 13:00:00+00:00,18.79959,17.2389636,-0.9497178427914318,0.3131070409358265,12734095.0,5.25,-0.9659258262890684,-0.2588190451025203,1.0,27227.0,4847.2,33555.0,91.38363636363636,19.933333333333334,37227.73,2459.7,1241.0,7151.0,2698405.8,12404.0,6.708554,2020
2019-07-03 10:00:00+00:00,24.724854,22.79031588,-0.9996666485105112,-0.0258184402271328,9194821.0,14.75,-0.8660254037844387,0.4999999999999999,1.0,36712.0,7117.2,43750.0,43.96545454545455,25.23333333333333,47731.87,5766.8,1074.0,5196.2,2517210.2,2943.0,1.3496215,2019
2022-05-19 01:00:00+00:00,17.812086,80.46928043999999,-0.7324940716135786,0.6807734094770165,7898472.0,73.2,0.9659258262890684,0.2588190451025207,1.0,22339.0,5122.1,29735.0,57.403636363636366,21.96666666666667,33396.41,4016.7,878.0,250.5,0.0,5419.0,1.9448984,2022
2023-02-26 03:00:00+00:00,6.766941,89.55725625000001,0.5560174366570445,0.831170626365808,9817436.0,49.7,0.7071067811865476,0.7071067811865476,0.0,20460.0,6121.4,38865.0,93.22454545454544,11.3,41678.42,4572.2,888.0,4.4,0.0,9728.0,4.2834764,2023
2022-06-07 23:00:00+00:00,19.768234,80.46928043999999,-0.9123747579707272,0.4093559588156217,7753901.0,40.0,0.9659258262890684,-0.2588190451025207,1.0,24928.0,6113.8,29125.0,51.126000000000005,24.23333333333333,36799.69,2859.6,812.0,604.9,0.0,5101.0,2.1763446,2022
2021-12-28 21:00:00+00:00,13.479134,46.29497964,0.998666816288476,-0.0516196672232541,6634460.0,89.95,0.7071067811865474,-0.7071067811865477,1.0,27099.0,6105.9,45027.0,200.81454545454545,10.033333333333331,41471.47,5100.4,1374.0,4.5,0.0,13586.0,6.2252154,2021
2021-09-16 03:00:00+00:00,18.682732,46.29497964,-0.2511900638848195,-0.9679377830240642,6577502.0,74.5,0.7071067811865476,0.7071067811865476,1.0,23735.0,7117.2,43916.0,48.61272727272728,23.73333333333333,36500.15,4229.4,490.0,11.6,0.0,3225.0,2.285594,2021
2020-11-08 19:00:00+00:00,15.133046,17.2389636,0.6254105729852464,-0.7802958510707755,8534366.0,13.5,0.2588190451025203,-0.9659258262890684,0.0,27099.0,6125.5,49248.0,99.75818181818182,15.6,46251.48,4292.0,1283.0,27.3,0.0,6618.0,2.9752176,2020
2021-02-28 18:00:00+00:00,12.369473,46.29497964,0.5270777086423722,0.8498170915275278,12682828.0,15.4,-1.8369701987210292e-16,-1.0,0.0,28125.0,7117.2,40215.0,199.6572727272728,11.133333333333333,54113.34,5959.7,1608.0,321.0,195741.56,9425.0,5.4047704,2021
2018-01-13 19:00:00+00:00,8.702695,15.1252596,0.9750645322571948,0.2219215130041655,5284527.7,21.8,0.2588190451025203,-0.9659258262890684,0.0,34205.0,7117.2,55035.0,244.65166666666664,8.65,64931.03,6096.8,1253.0,13.6,0.0,5452.0,3.9800353,2018
2018-06-05 01:00:00+00:00,15.631591,15.1252596,-0.8977433935342337,0.440518784350495,12247100.7,22.3,0.9659258262890684,0.2588190451025207,1.0,22446.0,4161.8,42760.0,407.6953846153846,16.9,35913.33,3281.8,1671.0,94.9,0.0,3235.0,3.9397943,2018
2023-05-14 06:00:00+00:00,12.613719,89.55725625000001,-0.6712599575675313,0.7412220108485958,9666595.0,29.0,6.123233995736766e-17,1.0,0.0,18200.0,5110.1,35140.0,37.71454545454546,18.3,30791.14,2436.3,704.0,3456.5,156465.16,7669.0,4.270203,2023
2018-03-19 13:00:00+00:00,10.713014,15.1252596,0.2261156855082882,0.9741004551724204,9172002.5,26.5,-0.9659258262890684,-0.2588190451025203,1.0,33397.0,6071.9,48490.0,320.9266666666667,9.85,69321.51,3778.4,1740.0,1443.4,1859001.9,12843.0,7.7893944,2018
2020-10-19 14:00:00+00:00,20.710114,17.2389636,0.3253420847119803,-0.9455963874271424,8224358.0,14.65,-0.8660254037844386,-0.5000000000000001,1.0,29172.0,6125.5,44320.0,103.11727272727272,15.933333333333332,45064.73,1632.3999999999996,725.0,6453.1,1663781.0,13206.0,6.7146983,2020
2018-09-08 13:00:00+00:00,23.746613,15.1252596,-0.3816892202666594,-0.924290722193093,9110095.3,29.44,-0.9659258262890684,-0.2588190451025203,0.0,28212.0,7117.2,44876.0,55.0825,23.46666666666667,37192.89,4684.5,788.0,2621.3,2276280.8,2562.0,2.1628656,2018
2018-06-22 01:00:00+00:00,19.997316,15.1252596,-0.986657932891657,0.1628070129385171,12240822.1,23.0,0.9659258262890684,0.2588190451025207,1.0,24908.0,5068.5,44535.0,129.97333333333333,20.6,34950.63,4592.0,1442.0,475.2,0.0,6273.0,1.6185797,2018
2018-11-04 02:00:00+00:00,10.36096,15.1252596,0.5560174366570438,-0.8311706263658084,7630760.0,25.2,0.8660254037844387,0.4999999999999999,0.0,20642.0,6105.9,43725.0,130.22500000000002,14.2,47323.81,3986.1,823.0,16.4,0.0,2203.0,2.3609142,2018
2023-08-15 11:00:00+00:00,26.785725,89.55725625000001,-0.7206671495538611,-0.6932812268869775,7667381.0,35.25,-0.9659258262890682,0.258819045102521,0.0,24604.0,7043.3,34533.0,34.70363636363636,27.100000000000005,30191.54,2744.5,552.0,16379.6,2734856.0,2442.0,1.0920835,2023
2020-09-01 04:00:00+00:00,17.12743,17.2389636,-0.4749510720670502,-0.8800122039735356,9363826.0,11.99,0.5000000000000001,0.8660254037844386,1.0,24289.0,7117.2,33145.0,61.0290909090909,21.76666666666667,37309.05,3851.1,775.0,129.1,0.0,1726.0,1.5601981,2020
2021-12-29 21:00:00+00:00,12.396851,46.29497964,0.9994074007397048,-0.0344216116227458,6634460.0,93.0,0.7071067811865474,-0.7071067811865477,1.0,27081.0,6105.9,44045.0,197.4909090909092,10.366666666666664,40685.58,4909.4,1453.0,29.8,0.0,5975.0,1.0697441,2021
2021-02-24 23:00:00+00:00,11.053946,46.29497964,0.5842981736283684,0.811539059007361,12682828.0,15.85,0.9659258262890684,-0.2588190451025207,1.0,26063.0,6113.8,44925.0,302.27500000000003,10.633333333333336,46936.29,4394.8,1775.0,67.8,0.0,8884.0,3.4333856,2021
2020-06-20 08:00:00+00:00,20.060389,17.2389636,-0.9837092937736096,0.1797665857255624,12647900.0,7.1,-0.4999999999999998,0.8660254037844387,0.0,25449.0,5102.5,32775.0,82.49727272727273,21.266666666666666,35541.78,3752.7,1121.0,6958.3,1446516.5,642.0,0.6892561,2020
2019-09-30 18:00:00+00:00,23.128372,22.79031588,-0.0129102960750088,-0.999916658654738,6406922.0,14.02,-1.8369701987210292e-16,-1.0,1.0,33117.0,7117.2,41230.0,42.22416666666666,22.2,48972.64,5567.3,582.0,629.4,166183.23,4035.0,1.7752997,2019
2019-01-04 00:00:00+00:00,5.968968,22.79031588,0.9976303053065856,0.0688024268023198,8127468.0,25.01,1.0,0.0,1.0,25219.0,6005.2,56375.0,72.78333333333333,8.666666666666666,66538.75,5762.0,810.0,23.0,0.0,3962.0,2.3774264,2019
2022-08-24 05:00:00+00:00,21.203016,80.46928043999999,-0.6050560696488494,-0.7961828637826154,5812377.0,40.0,0.2588190451025207,0.9659258262890684,1.0,26101.0,7117.2,25146.0,45.233,26.100000000000005,40561.82,4339.1,508.0,99.9,0.06358669,4101.0,1.2987596,2022
2018-03-17 02:00:00+00:00,8.149326,15.1252596,0.2595117970697999,0.9657399376548548,8217673.2,23.8,0.8660254037844387,0.4999999999999999,0.0,23657.0,6071.9,47330.0,380.4692307692307,10.1,51585.39,2592.7,1735.0,17.4,0.0,9599.0,6.5331645,2018
2023-09-19 23:00:00+00:00,18.575682,89.55725625000001,-0.2008905551306352,-0.97961369164549,7135990.0,35.0,0.9659258262890684,-0.2588190451025207,1.0,22750.0,7028.3,41110.0,44.32090909090909,23.33333333333333,31695.75,4378.4,436.0,196.8,0.0,2684.0,1.1359705,2023
2020-11-05 04:00:00+00:00,12.827051,17.2389636,0.5842981736283683,-0.8115390590073611,8534366.0,13.3,0.5000000000000001,0.8660254037844386,1.0,22699.0,6125.5,47742.0,93.06545454545454,15.233333333333334,49169.33,119.0,772.0,15.5,0.0,13053.0,7.944184,2020
2021-06-18 20:00:00+00:00,19.413874,46.29497964,-0.973118337233262,0.2303056702306122,10722206.0,28.71,0.5000000000000001,-0.8660254037844386,1.0,28364.0,5068.5,37455.0,84.61727272727272,22.566666666666663,42717.19,5830.3,1250.0,81.4,48057.547,5773.0,0.54690546,2021
2022-02-17 15:00:00+00:00,16.270777,80.46928043999999,0.6776147890466889,0.7354170229639855,6930013.0,66.0,-0.7071067811865477,-0.7071067811865475,1.0,30070.0,7117.2,45012.0,70.17909090909092,10.833333333333334,48945.84,6000.9,649.0,8958.7,1637823.8,4197.0,2.8535814,2022
2019-07-05 03:00:00+00:00,19.983932,22.79031588,-0.9981855344718586,-0.0602132773657927,9194821.0,15.4,0.7071067811865476,0.7071067811865476,1.0,25555.0,7117.2,44660.0,45.96090909090909,25.23333333333333,37463.41,4610.5,759.0,358.4,0.0,2532.0,0.42221597,2019
2022-07-17 20:00:00+00:00,27.154465,80.46928043999999,-0.9646141756912436,-0.2636654927280072,7037432.0,40.0,0.5000000000000001,-0.8660254037844386,0.0,31297.0,7117.2,25035.0,44.74,27.5,40977.07,5236.0,568.0,592.3,59099.023,6034.0,1.6019299,2022
2023-08-27 03:00:00+00:00,19.405956,89.55725625000001,-0.5631507242749187,-0.8263541987239094,7451239.0,34.98,0.7071067811865476,0.7071067811865476,0.0,20721.0,6883.5,36973.0,33.03545454545454,25.33333333333333,27796.86,889.0999999999999,484.0,183.5,0.0,10897.0,3.8653243,2023
2018-07-21 15:00:00+00:00,25.077675,15.1252596,-0.9441875088341996,-0.3294084822245298,10732748.9,24.98,-0.7071067811865477,-0.7071067811865475,0.0,28962.0,7117.2,40205.0,61.58916666666666,23.9,37917.44,5430.0,1108.0,4322.1,2426782.8,3116.0,3.3633437,2018
2018-02-14 15:00:00+00:00,12.165392,15.1252596,0.7146733860429609,0.699458327051647,5458728.1,21.03,-0.7071067811865477,-0.7071067811865475,1.0,34808.0,7117.2,56895.0,379.8992307692307,8.0,69315.91,4221.0,1321.0,1650.6,990582.6,11559.0,5.614615,2018
2023-06-12 02:00:00+00:00,17.945383,89.55725625000001,-0.9441875088341992,0.3294084822245304,9287024.0,26.0,0.8660254037844387,0.4999999999999999,1.0,19215.0,5118.0,33020.0,36.659090909090914,23.0,30214.23,3916.6,804.0,158.5,0.0,1032.0,1.2080415,2023
2021-12-05 12:00:00+00:00,11.025326,46.29497964,0.9015016841318838,-0.4327755925504317,5975308.0,91.97,-1.0,1.2246467991473532e-16,0.0,28997.0,4296.2,41290.0,469.5391666666667,9.6,54375.85,1955.0,952.0,6451.5,1223985.8,17455.0,9.298585,2021
2018-05-27 20:00:00+00:00,16.998579,15.1252596,-0.8190148866680798,0.5737722679043249,11943098.0,22.5,0.5000000000000001,-0.8660254037844386,0.0,26904.0,4076.8,42765.0,197.0433333333333,17.75,40621.14,3645.3,1632.0,162.5,26762.46,3742.0,2.459879,2018
2018-11-04 18:00:00+00:00,14.021304,15.1252596,0.5560174366570438,-0.8311706263658084,7630760.0,25.2,-1.8369701987210292e-16,-1.0,0.0,27889.0,6105.9,45055.0,130.22500000000002,14.2,54450.51,2557.9,1003.0,55.1,3304.2822,6664.0,3.7995858,2018
2018-11-01 13:00:00+00:00,14.535576,15.1252596,0.5123714121284235,-0.858763958275803,7630760.0,27.3,-0.9659258262890684,-0.2588190451025203,0.0,27109.0,6105.9,46810.0,82.955,14.533333333333331,48188.89,4646.0,792.0,3339.8,1546101.9,4207.0,2.6932504,2018
2019-11-04 23:00:00+00:00,14.132961,22.79031588,0.5560174366570438,-0.8311706263658084,6430248.0,10.0,0.9659258262890684,-0.2588190451025207,1.0,24403.0,5047.5,39945.0,49.59416666666666,16.933333333333334,44950.48,1602.8000000000002,1031.0,8.2,0.0,14029.0,8.782189,2019
2018-10-19 21:00:00+00:00,16.880552,15.1252596,0.3090169943749472,-0.9510565162951536,7777168.0,27.45,0.7071067811865474,-0.7071067811865477,1.0,26159.0,7117.2,43795.0,74.63333333333333,19.266666666666666,45480.01,3419.2,801.0,28.3,0.0,7688.0,4.573463,2018
2022-10-27 15:00:00+00:00,23.447344,80.46928043999999,0.436651231956063,-0.8996308696522438,4884752.0,40.0,-0.7071067811865477,-0.7071067811865475,1.0,28469.0,5066.1,30305.0,33.39272727272727,22.7,36798.19,2703.0,664.0,6035.4,1265388.5,12441.0,4.4807954,2022
2019-03-16 05:00:00+00:00,8.82159,22.79031588,0.276096973097469,0.9611297838723007,9087423.0,17.5,0.2588190451025207,0.9659258262890684,0.0,22983.0,7117.2,47095.0,76.46583333333332,12.9,41124.68,3861.1,1147.0,40.3,0.0,2197.0,0.31093523,2019
2020-02-24 04:00:00+00:00,8.632118,17.2389636,0.5842981736283684,0.811539059007361,10318969.0,10.87,0.5000000000000001,0.8660254037844386,1.0,22220.0,7117.2,50174.0,94.69818181818182,10.966666666666669,46577.65,4422.7,1048.0,7.8,0.0,1711.0,0.34182853,2020
2023-12-10 23:00:00+00:00,13.5938425,89.55725625000001,0.935367949313148,-0.3536761221763721,9349226.0,36.83,0.9659258262890684,-0.2588190451025207,1.0,23205.0,6425.5,43710.0,129.84727272727272,11.833333333333334,37038.07,4026.8,1344.0,12.6,0.0,11504.0,4.429115,2023
2022-07-25 19:00:00+00:00,27.305798,80.46928043999999,-0.9192859697186104,-0.3935902766564669,6608574.0,40.0,0.2588190451025203,-0.9659258262890684,1.0,33225.0,7117.2,24992.0,46.22818181818182,27.3,41385.61,4553.6,560.0,1632.7,390620.53,8770.0,3.784676,2022
2023-12-04 16:00:00+00:00,12.335773,89.55725625000001,0.893918596519257,-0.4482293417404106,9349226.0,43.0,-0.5000000000000004,-0.8660254037844385,1.0,32243.0,6125.5,45485.0,281.11999999999995,11.266666666666666,53999.64,5308.2,1308.0,1341.1,324267.06,11810.0,5.542443,2023
2023-09-21 02:00:00+00:00,18.746744,89.55725625000001,-0.1670516255021195,-0.9859481499638304,7135990.0,39.45,0.8660254037844387,0.4999999999999999,1.0,20959.0,5008.0,40520.0,39.845454545454544,23.2,26527.7,911.2000000000004,424.0,39.7,0.0,10826.0,5.632551,2023
2019-05-16 13:00:00+00:00,20.140898,22.79031588,-0.6963762255968722,0.717676913675962,9909196.0,14.99,-0.9659258262890684,-0.2588190451025203,1.0,30716.0,5122.1,46855.0,47.96083333333334,18.4,42465.84,3273.6,1050.0,5277.3,3137862.0,6920.0,1.8392811,2019
2023-10-30 11:00:00+00:00,16.65703,89.55725625000001,0.4825077417612184,-0.875891705144243,7948710.0,45.5,-0.9659258262890682,0.258819045102521,1.0,27452.0,5061.6,38139.0,57.52181818181818,17.633333333333336,41373.59,6645.0,924.0,8762.5,1226599.4,11983.0,6.3012147,2023
2023-01-08 10:00:00+00:00,13.2241,89.55725625000001,0.9905324521322229,0.1372787721132647,8688669.0,45.0,-0.8660254037844387,0.4999999999999999,0.0,24997.0,7117.2,40837.0,38.42363636363636,10.25,37858.53,1128.0,996.0,1578.0,455457.66,14934.0,9.154503,2023
2020-05-07 23:00:00+00:00,17.237064,17.2389636,-0.5912614448635781,0.8064799463209448,12825077.0,5.8,0.9659258262890684,-0.2588190451025207,1.0,21345.0,5110.1,38665.0,130.91363636363636,17.9,37365.44,4060.7,1614.0,294.8,0.0,6626.0,3.056934,2020
2020-07-02 07:00:00+00:00,20.569344,17.2389636,-0.9996666485105112,-0.0258184402271328,12209124.0,7.58,-0.2588190451025208,0.9659258262890684,1.0,31177.0,7117.2,30888.0,59.58727272727273,24.933333333333334,44618.96,4519.3,1211.0,4837.6,689747.5,1723.0,2.5463243,2020
2021-10-23 21:00:00+00:00,13.993137,46.29497964,0.3737197147904684,-0.9275416835791968,6017107.0,88.4,0.7071067811865474,-0.7071067811865477,0.0,23181.0,6121.4,40825.0,36.24272727272727,17.566666666666666,48979.42,4805.9,432.0,80.7,0.0,2049.0,1.7465062,2021
2020-02-09 10:00:00+00:00,11.857175,17.2389636,0.7721565844991642,0.6354323008901774,10445314.0,9.49,-0.8660254037844387,0.4999999999999999,0.0,27699.0,7117.2,51455.0,159.1118181818182,9.566666666666665,42501.33,4748.3,1228.0,3920.0,928083.56,5806.0,2.2960923,2020
2021-10-15 02:00:00+00:00,14.215167,46.29497964,0.2428497220959349,-0.9700639218515072,6132781.0,100.0,0.8660254037844387,0.4999999999999999,1.0,21775.0,6796.4,44045.0,53.6,17.900000000000002,42066.1,4297.4,376.0,40.8,0.0,3155.0,0.5525211,2021
2023-04-07 17:00:00+00:00,18.826256,89.55725625000001,-0.0988201387328714,0.9951053111006976,10193567.0,42.88,-0.2588190451025206,-0.9659258262890684,0.0,19383.0,7117.2,36720.0,43.71636363636364,15.3,47360.27,3982.7,664.0,8891.1,1353048.2,3181.0,0.9322648,2023
2020-04-22 17:00:00+00:00,15.6362915,17.2389636,-0.3657225234972692,0.9307239310379792,12134569.0,6.9,-0.2588190451025206,-0.9659258262890684,1.0,24172.0,5926.1,41575.0,221.78090909090903,14.633333333333333,40105.42,4300.0,1745.0,1828.9,945843.56,2430.0,3.4361696,2020
2021-08-13 00:00:00+00:00,22.96666,46.29497964,-0.7441039398713605,-0.6680638642135336,8107387.0,46.4,1.0,0.0,1.0,25726.0,7117.2,39504.0,53.56818181818182,25.7,35627.89,3521.1,598.0,300.1,0.0,4691.0,1.9015155,2021
2022-09-13 20:00:00+00:00,22.108135,80.46928043999999,-0.300819807635668,-0.9536809966304456,5329748.0,40.0,0.5000000000000001,-0.8660254037844386,1.0,30061.0,7117.2,27126.0,40.654545454545456,23.3,41640.71,3184.7000000000003,564.0,50.7,0.0,8046.0,3.92736,2022
2018-09-10 07:00:00+00:00,19.01208,15.1252596,-0.3496474552512282,-0.9368813462954316,8868060.9,29.75,-0.2588190451025208,0.9659258262890684,1.0,30937.0,7117.2,46357.0,60.6625,23.633333333333336,48016.76,4726.6,819.0,1049.6,218026.16,2458.0,3.7115571,2018
2018-06-03 00:00:00+00:00,15.88564,15.1252596,-0.8820480249558534,0.4711595076738641,12098391.3,21.97,1.0,0.0,0.0,20854.0,4676.8,43778.0,437.3,16.4,36166.16,3386.9,1616.0,232.5,0.0,2336.0,1.4773952,2018
2019-05-16 14:00:00+00:00,20.252098,22.79031588,-0.6963762255968722,0.717676913675962,9909196.0,14.99,-0.8660254037844386,-0.5000000000000001,1.0,30633.0,5122.1,46855.0,47.96083333333334,18.4,41613.46,2905.8,1046.0,4985.4,2925808.8,8365.0,2.22895,2019
2023-07-15 15:00:00+00:00,26.724756,89.55725625000001,-0.973118337233262,-0.2303056702306119,8804153.0,29.89,-0.7071067811865477,-0.7071067811865475,0.0,28211.0,7117.2,32925.0,36.17272727272727,26.7,22262.63,1554.5,544.0,15167.2,2615876.2,8539.0,3.7749615,2023
2022-05-18 07:00:00+00:00,18.423744,80.46928043999999,-0.7206671495538609,0.6932812268869777,7898472.0,72.75,-0.2588190451025208,0.9659258262890684,1.0,29258.0,5122.1,29735.0,65.0690909090909,21.46666666666667,45037.89,5276.1,1037.0,7656.7,725642.0,2876.0,1.3176105,2022
2022-04-02 06:00:00+00:00,5.1544194,80.46928043999999,-0.012910296075009,0.999916658654738,7240210.0,124.0,6.123233995736766e-17,1.0,0.0,24588.0,6041.6,31340.0,90.36454545454544,11.766666666666667,53035.59,1849.0,802.0,597.3,9183.666,10774.0,5.180736,2022
2023-12-29 19:00:00+00:00,10.97047,89.55725625000001,0.9994074007397048,-0.0344216116227458,9483417.0,32.94,0.2588190451025203,-0.9659258262890684,1.0,31666.0,7117.2,43140.0,134.78636363636363,8.700000000000001,46389.52,7600.1,1180.0,16.3,0.0,647.0,0.7393843,2023
2018-04-30 05:00:00+00:00,8.980741,15.1252596,-0.4749510720670499,0.8800122039735357,11937484.9,20.3,0.2588190451025207,0.9659258262890684,1.0,24485.0,5066.1,44377.0,379.2191666666667,13.15,41758.44,3877.4,1727.0,147.8,708.1013,4383.0,4.050656,2018
2022-01-08 09:00:00+00:00,7.353576,80.46928043999999,0.9905324521322229,0.1372787721132647,6946823.0,93.0,-0.7071067811865475,0.7071067811865476,0.0,29243.0,6105.9,45879.0,145.5090909090909,8.166666666666666,59625.23,5352.0,1161.0,5972.5,358033.5,9268.0,3.9445765,2022
2020-12-18 02:00:00+00:00,9.371313,17.2389636,0.9787400799669153,-0.2051044998686192,8925312.0,19.94,0.8660254037844387,0.4999999999999999,1.0,23280.0,7117.2,49895.0,180.64454545454544,10.433333333333334,47945.04,4443.7,1487.0,28.3,0.0,3774.0,0.99155706,2020
2019-06-26 07:00:00+00:00,21.261076,22.79031588,-0.9955213724144752,0.0945367498171995,9422077.0,13.3,-0.2588190451025208,0.9659258262890684,1.0,32807.0,7117.2,44293.0,40.67166666666666,23.933333333333334,47282.06,5536.5,954.0,2814.5,751779.7,4212.0,2.3591795,2019
2018-11-25 08:00:00+00:00,11.337886,15.1252596,0.8140460935082175,-0.5808002734538013,7927348.0,25.8,-0.4999999999999998,0.8660254037844387,0.0,24899.0,5110.1,47225.0,111.63583333333334,12.533333333333331,54913.06,3108.5,1172.0,431.8,101816.15,6093.0,6.152745,2018
2019-01-04 09:00:00+00:00,6.014359,22.79031588,0.9976303053065856,0.0688024268023198,8127468.0,25.01,-0.7071067811865475,0.7071067811865476,1.0,36813.0,6450.5,56375.0,72.78333333333333,8.666666666666666,76812.08,7444.0,924.0,1716.9,361573.9,2608.0,2.5338168,2019
2020-10-28 12:00:00+00:00,17.230213,17.2389636,0.467359217158002,-0.8840675099433637,8440297.0,15.0,-1.0,1.2246467991473532e-16,1.0,31642.0,6125.5,45217.0,115.8818181818182,15.8,45996.07,5641.7,1153.0,5484.4,1617083.8,4190.0,2.8901465,2020
2019-08-29 01:00:00+00:00,20.938969,22.79031588,-0.5343725582809793,-0.8452490573530629,7325462.0,13.3,0.9659258262890684,0.2588190451025207,1.0,23608.0,6071.9,41900.0,49.428333333333335,24.566666666666663,36773.98,4058.7,554.0,261.4,0.0,2176.0,1.6636201,2019
2023-07-28 22:00:00+00:00,23.341293,89.55725625000001,-0.8977433935342338,-0.4405187843504948,8309958.0,30.0,0.8660254037844384,-0.5000000000000004,0.0,27355.0,7117.2,33500.0,39.99545454545455,26.23333333333333,36303.47,4024.7,608.0,592.3,0.0,5082.0,1.2677559,2023
2020-05-13 07:00:00+00:00,13.745459,17.2389636,-0.6712599575675313,0.7412220108485958,12887878.0,5.8,-0.2588190451025208,0.9659258262890684,1.0,26156.0,5110.1,38100.0,240.66272727272727,16.633333333333333,44425.73,3817.9,1701.0,2710.5,496134.75,3583.0,3.1175172,2020
2023-04-13 06:00:00+00:00,9.281071,89.55725625000001,-0.2008905551306352,0.97961369164549,10111804.0,39.95,6.123233995736766e-17,1.0,1.0,26737.0,7117.2,34615.0,34.871818181818185,16.3,46959.59,3249.3,812.0,635.2,29150.459,9013.0,5.2778296,2023
2023-12-10 06:00:00+00:00,12.753419,89.55725625000001,0.935367949313148,-0.3536761221763721,9349226.0,36.83,6.123233995736766e-17,1.0,0.0,20500.0,6125.5,44920.0,122.64727272727272,11.866666666666667,37286.52,3335.1000000000004,1192.0,2.1,0.0,9827.0,3.032457,2023
2021-05-31 05:00:00+00:00,16.403828,46.29497964,-0.8565509959010036,0.5160623910158528,11052279.0,25.7,0.2588190451025207,0.9659258262890684,1.0,26237.0,5068.5,39945.0,45.86090909090909,22.4,40827.45,3099.4,1099.0,511.2,14581.063,3222.0,1.7271856,2021
2018-12-17 04:00:00+00:00,8.796208,15.1252596,0.9711000518829505,-0.2386727660059499,8153074.0,25.5,0.5000000000000001,0.8660254037844386,1.0,23276.0,6121.4,55655.0,157.71833333333333,11.3,54507.26,3821.9,1334.0,8.2,0.0,7285.0,4.6888046,2018
2021-08-12 07:00:00+00:00,22.75502,46.29497964,-0.7554933140726804,-0.655156357209085,8107387.0,45.25,-0.2588190451025208,0.9659258262890684,1.0,29631.0,7117.2,39628.0,52.95818181818181,25.133333333333336,41716.44,4431.8,731.0,4516.1,466341.3,1935.0,1.1482828,2021
2018-10-04 20:00:00+00:00,19.480165,15.1252596,0.055916990100603,-0.9984354211555644,8040905.0,27.8,0.5000000000000001,-0.8660254037844386,1.0,29226.0,7117.2,45325.0,44.38,19.33333333333333,46248.56,6380.7,533.0,448.4,0.0,3364.0,1.4309084,2018
2023-08-22 16:00:00+00:00,31.693064,89.55725625000001,-0.6321034111873488,-0.7748840413670406,7451239.0,40.6,-0.5000000000000004,-0.8660254037844385,1.0,34814.0,6947.5,33708.0,38.03727272727273,27.96666666666667,42321.3,4440.6,512.0,13878.6,1946773.1,5419.0,2.7296305,2023
2022-07-27 20:00:00+00:00,24.449984,80.46928043999999,-0.9051931898913976,-0.4250003399695539,6608574.0,40.0,0.5000000000000001,-0.8660254037844386,1.0,33111.0,7117.2,24885.0,45.73454545454545,25.933333333333334,43028.53,4188.700000000001,608.0,542.1,42155.812,6021.0,1.9941108,2022
2021-04-10 20:00:00+00:00,13.121516,46.29497964,-0.1500553983446526,0.9886775902323404,12000960.0,20.0,0.5000000000000001,-0.8660254037844386,0.0,27013.0,6111.4,37855.0,52.62727272727272,14.333333333333334,46040.2,5090.4,1065.0,51.7,162.97267,3967.0,0.5214393,2021
2022-04-17 12:00:00+00:00,19.225405,80.46928043999999,-0.2678143051621742,0.9634705485641488,7441893.0,79.0,-1.0,1.2246467991473532e-16,0.0,22306.0,7006.5,31109.0,72.03545454545454,16.900000000000002,25587.28,2457.1,965.0,12724.1,3068111.0,1899.0,2.3972602,2022
2023-07-01 01:00:00+00:00,19.729446,89.55725625000001,-0.9999629591162656,0.0086069968886886,9156777.0,33.79,0.9659258262890684,0.2588190451025207,0.0,22789.0,7117.2,35923.0,33.56545454545455,23.46666666666667,25817.92,2780.2,756.0,440.4,0.0,6577.0,3.3655784,2023
2019-07-05 10:00:00+00:00,25.121632,22.79031588,-0.9981855344718586,-0.0602132773657927,9194821.0,15.4,-0.8660254037844387,0.4999999999999999,1.0,36527.0,7117.2,44660.0,45.96090909090909,25.23333333333333,49253.77,5753.2,1101.0,5201.2,2568176.8,1673.0,1.6324501,2019
2023-01-16 01:00:00+00:00,8.600617,89.55725625000001,0.9623090774541486,0.2719581575341055,9606485.0,45.0,0.9659258262890684,0.2588190451025207,1.0,21067.0,7117.2,43665.0,58.85090909090909,13.0,39265.85,1082.4,1120.0,0.5,0.0,16267.0,7.256612,2023
2023-01-31 03:00:00+00:00,4.7121773,89.55725625000001,0.8609610158889943,0.5086709438521044,10162057.0,45.0,0.7071067811865476,0.7071067811865476,1.0,23940.0,7117.2,43870.0,99.3681818181818,10.5,57268.42,4617.3,1032.0,31.0,0.0,8023.0,2.0013812,2023
2023-02-21 03:00:00+00:00,10.447206,89.55725625000001,0.6254105729852463,0.7802958510707755,9817436.0,49.52,0.7071067811865476,0.7071067811865476,1.0,22094.0,7117.2,41375.0,79.73272727272727,12.4,49351.66,4082.9,840.0,3.0,0.0,4753.0,1.629562,2023
2018-02-16 19:00:00+00:00,12.483597,15.1252596,0.6901733882429719,0.7236440382959124,5458728.1,21.1,0.2588190451025203,-0.9659258262890684,1.0,35420.0,7117.2,56895.0,458.0730769230769,9.1,69026.3,7325.0,1587.0,144.8,483.57675,2135.0,1.2686874,2018
2019-04-26 01:00:00+00:00,11.134624,22.79031588,-0.4132786077829042,0.9106046300942162,9241342.0,16.2,0.9659258262890684,0.2588190451025207,1.0,22847.0,7038.5,47165.0,110.06583333333332,15.6,41850.78,2154.3,1331.0,111.1,0.0,11155.0,6.0557823,2019
2019-03-29 01:00:00+00:00,9.590627,22.79031588,0.0559169901006032,0.9984354211555644,9021714.0,17.2,0.9659258262890684,0.2588190451025207,1.0,23596.0,7117.2,50170.0,56.70499999999999,14.133333333333333,49782.97,3232.8,756.0,302.8,0.0,5794.0,3.6190956,2019
2020-12-01 23:00:00+00:00,10.525611,17.2389636,0.8779600847008878,-0.478733840115789,8372287.0,17.13,0.9659258262890684,-0.2588190451025207,1.0,25926.0,6989.9,50035.0,71.27,12.166666666666666,58377.31,-765.9,656.0,27.6,0.0,8798.0,3.7364051,2020
2023-12-04 03:00:00+00:00,10.193655,89.55725625000001,0.893918596519257,-0.4482293417404106,9349226.0,43.0,0.7071067811865476,0.7071067811865476,1.0,20681.0,6125.5,42735.0,281.11999999999995,11.266666666666666,42872.48,1617.9,1204.0,3.4,0.0,11540.0,5.380497,2023
2020-05-21 02:00:00+00:00,16.187922,17.2389636,-0.766658819300159,0.6420547132365637,12983647.0,5.5,0.8660254037844387,0.4999999999999999,1.0,20118.0,4106.7,36610.0,136.39909090909092,18.3,30931.5,3566.1,1347.0,474.3,0.0,2966.0,2.1556282,2020
2020-04-10 21:00:00+00:00,13.879976,17.2389636,-0.167051625502119,0.9859481499638304,11312209.0,8.0,0.7071067811865474,-0.7071067811865477,0.0,20055.0,7030.4,42460.0,137.26636363636362,14.699999999999998,42058.62,4882.8,1479.0,97.0,0.0,3215.0,0.50457144,2020
2023-03-30 03:00:00+00:00,12.924611,89.55725625000001,0.0387222808921744,0.9992500112396836,10208205.0,42.5,0.7071067811865476,0.7071067811865476,1.0,21344.0,7117.2,36798.0,48.44818181818182,15.4,28103.01,2723.4,848.0,109.6,0.0,8896.0,3.3576002,2023
2019-11-17 03:00:00+00:00,8.184714,22.79031588,0.7266075247685657,-0.6870527672236668,6710769.0,14.8,0.7071067811865476,0.7071067811865476,0.0,21030.0,5008.0,41865.0,283.09615384615387,12.233333333333334,53940.55,2564.4,1137.0,9.4,0.0,9707.0,5.9458456,2019
2021-05-24 14:00:00+00:00,18.56131,46.29497964,-0.7883050558305252,0.615284599963328,11238136.0,25.8,-0.8660254037844386,-0.5000000000000001,1.0,27862.0,5068.5,39475.0,41.123636363636365,18.866666666666667,24348.27,3836.6,1093.0,9034.7,2588784.5,7339.0,5.203217,2021
2023-06-12 21:00:00+00:00,19.6821,89.55725625000001,-0.9441875088341992,0.3294084822245304,9287024.0,26.0,0.7071067811865474,-0.7071067811865477,1.0,25792.0,5118.0,33020.0,36.659090909090914,23.0,41494.17,5212.4,988.0,256.9,104.72727,2456.0,1.7347807,2023
2022-05-29 03:00:00+00:00,16.723896,80.46928043999999,-0.8382797052177741,0.5452404385406513,7899578.0,74.86,0.7071067811865476,0.7071067811865476,0.0,19526.0,5122.1,27105.0,45.39818181818182,21.766666666666666,28444.44,3779.1,792.0,397.4,0.0,6477.0,1.7849786,2022
2023-11-06 14:00:00+00:00,14.743928,89.55725625000001,0.5842981736283683,-0.8115390590073611,8887001.0,38.0,-0.8660254037844386,-0.5000000000000001,1.0,28029.0,5061.6,36639.0,162.07500000000002,14.533333333333331,38980.12,3976.6,1144.0,11040.1,1447968.2,8944.0,5.4332433,2023
2019-07-10 07:00:00+00:00,20.311575,22.79031588,-0.9893142039703664,-0.1457991969198744,8965089.0,14.4,-0.2588190451025208,0.9659258262890684,1.0,32510.0,7117.2,42118.0,78.12272727272727,24.03333333333333,46874.9,5029.4,808.0,2463.5,749659.8,2540.0,2.6454802,2019
2019-12-08 04:00:00+00:00,8.953366,22.79031588,0.9226395488404876,-0.3856634062436074,8093412.0,13.02,0.5000000000000001,0.8660254037844386,0.0,20634.0,6071.9,46626.0,145.57636363636365,11.933333333333332,39836.23,3779.5,1276.0,16.3,0.0,4782.0,1.7353507,2019
2020-04-10 00:00:00+00:00,13.320511,17.2389636,-0.167051625502119,0.9859481499638304,11312209.0,8.0,1.0,0.0,0.0,17389.0,7030.4,42460.0,137.26636363636362,14.699999999999998,36068.34,3905.2,1396.0,6.0,0.0,4346.0,1.2139684,2020
2023-03-08 09:00:00+00:00,13.920606,89.55725625000001,0.4054257283599973,0.9141279881853336,9735057.0,45.97,-0.7071067811865475,0.7071067811865476,1.0,31068.0,7117.2,37597.0,70.64818181818183,11.9,47724.17,2599.0,1012.0,4780.0,731652.06,15155.0,7.8446827,2023
2019-07-10 03:00:00+00:00,18.914822,22.79031588,-0.9893142039703664,-0.1457991969198744,8965089.0,14.4,0.7071067811865476,0.7071067811865476,1.0,24887.0,7117.2,41688.0,78.12272727272727,24.03333333333333,36082.01,3311.0,716.0,339.1,0.0,4696.0,3.0266843,2019
2022-06-06 17:00:00+00:00,24.26204,80.46928043999999,-0.9051931898913974,0.4250003399695541,7753901.0,40.0,-0.2588190451025206,-0.9659258262890684,1.0,29292.0,6113.8,29162.0,40.292,23.9,38991.2,4267.0,816.0,8638.2,1549699.5,6612.0,2.7317977,2022
2021-08-13 01:00:00+00:00,22.55021,46.29497964,-0.7441039398713605,-0.6680638642135336,8107387.0,46.4,0.9659258262890684,0.2588190451025207,1.0,24889.0,7117.2,39504.0,53.56818181818182,25.7,33090.9,3490.2,570.0,211.0,0.0,4343.0,2.09742,2021
2023-08-22 10:00:00+00:00,29.32724,89.55725625000001,-0.6321034111873488,-0.7748840413670406,7451239.0,40.6,-0.8660254037844387,0.4999999999999999,1.0,33178.0,6947.5,33424.0,38.03727272727273,27.96666666666667,40568.7,4452.4,536.0,16282.2,2365917.2,3144.0,2.5971842,2023
2022-09-03 01:00:00+00:00,20.085371,80.46928043999999,-0.4597327394521046,-0.888057322629493,5643916.0,40.0,0.9659258262890684,0.2588190451025207,0.0,22769.0,7117.2,22401.0,39.231,24.9,32188.55,3150.6000000000004,444.0,145.3,0.0,4779.0,2.9800653,2022
2021-06-17 15:00:00+00:00,20.964169,46.29497964,-0.969009825724406,0.2470221804809359,10722206.0,28.7,-0.7071067811865477,-0.7071067811865475,1.0,30849.0,5068.5,39565.0,64.41454545454545,23.399999999999995,44243.08,4758.1,1072.0,6364.1,1947083.8,6981.0,2.8957298,2021
2022-03-07 01:00:00+00:00,7.68431,80.46928043999999,0.4211008707960896,0.907013812802636,6793423.0,205.0,0.9659258262890684,0.2588190451025207,1.0,21398.0,7117.2,42760.0,107.69454545454543,11.166666666666666,54660.73,3636.0,782.0,13.5,0.0,2998.0,2.8153353,2022
2019-11-17 07:00:00+00:00,8.368035,22.79031588,0.7266075247685657,-0.6870527672236668,6710769.0,14.8,-0.2588190451025208,0.9659258262890684,0.0,23073.0,5008.0,41865.0,283.09615384615387,12.233333333333334,58781.72,1678.1,1154.0,241.6,5846.287,9542.0,6.3116603,2019
2023-01-15 00:00:00+00:00,9.863799,89.55725625000001,0.9668478136052776,0.255353295116187,9141747.0,45.0,1.0,0.0,0.0,22580.0,7117.2,39982.0,56.00727272727273,13.2,38718.54,2901.8,1128.0,0.0,0.0,10816.0,4.4131136,2023
2021-09-10 09:00:00+00:00,21.425222,46.29497964,-0.3496474552512282,-0.9368813462954316,6783967.0,57.5,-0.7071067811865475,0.7071067811865476,1.0,32311.0,6053.3,42964.0,47.96909090909092,24.566666666666663,48433.8,5885.7,569.0,9131.1,1314927.5,1435.0,2.4230025,2021
2018-11-01 07:00:00+00:00,9.720863,15.1252596,0.5123714121284235,-0.858763958275803,7630760.0,27.3,-0.2588190451025208,0.9659258262890684,0.0,22672.0,6105.9,46810.0,82.955,14.533333333333331,46945.23,3842.0,766.0,489.6,19617.637,3188.0,2.4176412,2018
2018-07-08 04:00:00+00:00,19.752651,15.1252596,-0.993746580436178,-0.1116590071216944,11719596.0,24.5,0.5000000000000001,0.8660254037844386,0.0,21507.0,6071.9,37980.0,72.36749999999999,23.8,31109.21,3954.0,1142.0,378.5,0.0,3745.0,2.9662971,2018
2022-07-04 20:00:00+00:00,23.792479,80.46928043999999,-0.99907411510223,-0.0430222330045303,7194500.0,40.0,0.5000000000000001,-0.8660254037844386,1.0,30600.0,7117.2,27465.0,44.396,24.5,41715.09,5936.2,744.0,669.7,73891.07,9597.0,1.7494335,2022
2023-06-07 06:00:00+00:00,18.27205,89.55725625000001,-0.9123747579707272,0.4093559588156217,9303179.0,28.01,6.123233995736766e-17,1.0,1.0,26707.0,5118.0,32600.0,39.38636363636363,22.76666666666667,37293.73,3425.5,732.0,1111.3,155956.72,5580.0,3.9218938,2023
2023-10-20 15:00:00+00:00,17.811087,89.55725625000001,0.3253420847119803,-0.9455963874271424,6686078.0,42.44,-0.7071067811865477,-0.7071067811865475,1.0,26136.0,4765.8,43010.0,37.86545454545455,20.73333333333333,33727.1,1812.7,896.0,6564.5,1181247.5,18839.0,10.430589,2023
2018-05-08 06:00:00+00:00,13.905558,15.1252596,-0.5912614448635781,0.8064799463209448,11941137.0,22.65,6.123233995736766e-17,1.0,1.0,30416.0,5066.1,42000.0,201.2275,15.5,35311.69,4444.9,1780.0,830.9,135258.36,2304.0,2.1936684,2018
2022-07-25 20:00:00+00:00,25.978523,80.46928043999999,-0.9192859697186104,-0.3935902766564669,6608574.0,40.0,0.5000000000000001,-0.8660254037844386,1.0,33249.0,7117.2,24992.0,46.22818181818182,27.3,42804.29,4442.4,580.0,621.7,44303.164,8889.0,3.7502916,2022
2020-11-30 14:00:00+00:00,15.266196,17.2389636,0.8695893893466109,-0.4937755501599773,8372287.0,16.5,-0.8660254037844386,-0.5000000000000001,1.0,32091.0,7056.9,50945.0,63.25181818181818,13.4,62559.64,4361.3,795.0,3592.2,1225223.8,3904.0,3.1721258,2020
2020-12-26 01:00:00+00:00,5.739252,17.2389636,0.9976303053065856,-0.0688024268023197,9231297.0,18.65,0.9659258262890684,0.2588190451025207,0.0,19798.0,7117.2,51315.0,141.82999999999998,8.966666666666667,54524.44,645.2999999999997,1297.0,47.0,0.0,10351.0,6.2443666,2020
2023-04-10 19:00:00+00:00,17.258139,89.55725625000001,-0.1500553983446526,0.9886775902323404,10111804.0,42.98,0.2588190451025203,-0.9659258262890684,1.0,26298.0,7117.2,34200.0,37.3490909090909,16.233333333333334,35296.12,4033.6,700.0,759.8,94765.78,6614.0,2.7480252,2023
2021-04-19 15:00:00+00:00,17.232319,46.29497964,-0.3008198076356675,0.9536809966304456,11503922.0,22.5,-0.7071067811865477,-0.7071067811865475,1.0,28642.0,6111.4,38215.0,50.69636363636364,14.9,42199.22,3999.3,896.0,5759.7,2196400.8,3798.0,2.3650868,2021
2023-01-15 05:00:00+00:00,9.296878,89.55725625000001,0.9668478136052776,0.255353295116187,9141747.0,45.0,0.2588190451025207,0.9659258262890684,0.0,19937.0,7117.2,40752.0,56.00727272727273,13.2,33847.26,1924.4,1080.0,0.0,0.0,10403.0,4.617351,2023
2021-03-23 10:00:00+00:00,13.225722,46.29497964,0.1585593851031345,0.9873494423939864,12373271.0,18.25,-0.8660254037844387,0.4999999999999999,1.0,33512.0,6111.4,45240.0,113.47090909090907,12.266666666666666,58318.13,5298.7,1225.0,9333.5,2092682.2,1793.0,0.84723496,2021
2018-09-08 05:00:00+00:00,18.514591,15.1252596,-0.3816892202666594,-0.924290722193093,9110095.3,29.44,0.2588190451025207,0.9659258262890684,0.0,23396.0,7117.2,45485.0,55.0825,23.46666666666667,35334.39,3081.7,723.0,52.4,0.0,2949.0,2.927241,2018
2022-11-24 00:00:00+00:00,13.295468,80.46928043999999,0.8039279618328213,-0.5947266869607633,5454445.0,40.0,1.0,0.0,1.0,23291.0,6071.9,34069.0,74.2890909090909,17.233333333333334,40742.35,3576.0,1116.0,2.2,0.0,8302.0,4.3202643,2022
2022-02-17 00:00:00+00:00,11.095193,80.46928043999999,0.6776147890466889,0.7354170229639855,6930013.0,66.0,1.0,0.0,1.0,24892.0,7117.2,45966.0,70.17909090909092,10.833333333333334,40125.07,3750.7,629.0,30.4,0.0,11077.0,5.4243746,2022
2018-06-24 00:00:00+00:00,20.250349,15.1252596,-0.99167731989929,0.1287481774525808,12240822.1,22.25,1.0,0.0,0.0,23194.0,5068.5,39535.0,85.2075,21.8,35184.23,4298.0,1414.0,465.9,0.0,3901.0,2.4058743,2018
2018-05-08 16:00:00+00:00,18.68013,15.1252596,-0.5912614448635781,0.8064799463209448,11941137.0,22.65,-0.5000000000000004,-0.8660254037844385,1.0,29992.0,5066.1,42000.0,201.2275,15.5,35871.14,4151.1,1599.0,2259.2,1709671.9,5788.0,3.6889703,2018
2018-11-16 12:00:00+00:00,16.592285,15.1252596,0.7146733860429608,-0.6994583270516471,7848784.0,26.8,-1.0,1.2246467991473532e-16,1.0,33081.0,5110.1,45770.0,119.25333333333332,14.766666666666666,57639.82,5518.9,1213.0,2365.6,1457814.9,3991.0,4.044154,2018
2021-12-22 09:00:00+00:00,11.066476,46.29497964,0.9880226656636976,-0.154308820664281,6504027.0,158.5,-0.7071067811865475,0.7071067811865476,1.0,33764.0,6105.9,44595.0,216.64454545454544,7.833333333333333,76118.95,5264.0,1103.0,2131.2,301908.5,5329.0,3.001352,2021
2022-07-17 15:00:00+00:00,31.43057,80.46928043999999,-0.9646141756912436,-0.2636654927280072,7037432.0,40.0,-0.7071067811865477,-0.7071067811865475,0.0,29617.0,7117.2,23920.0,44.74,27.5,31974.95,3370.3,508.0,10648.2,2828931.0,4608.0,1.9890281,2022
2021-12-05 19:00:00+00:00,9.763227,46.29497964,0.9015016841318838,-0.4327755925504317,5975308.0,91.97,0.2588190451025203,-0.9659258262890684,0.0,31540.0,4526.2,42975.0,469.5391666666667,9.6,61873.7,4149.6,1117.0,19.0,0.0,15159.0,9.688377,2021
2022-08-14 06:00:00+00:00,20.791367,80.46928043999999,-0.7324940716135788,-0.6807734094770164,6132407.0,40.0,6.123233995736766e-17,1.0,0.0,20801.0,7117.2,26011.0,46.17818181818182,27.03333333333333,29164.95,3016.6,564.0,1216.2,64936.918,3318.0,1.901448,2022
2023-12-12 08:00:00+00:00,13.20097,89.55725625000001,0.9469877530760752,-0.3212696616923651,9548960.0,35.0,-0.4999999999999998,0.8660254037844387,1.0,31774.0,7117.2,44985.0,116.17727272727274,12.066666666666665,50198.74,4587.200000000001,1260.0,1338.6,64119.29,11457.0,5.4734545,2023
2018-10-25 00:00:00+00:00,14.792303,15.1252596,0.4054257283599965,-0.914127988185334,7728196.0,25.95,1.0,0.0,1.0,22697.0,7117.2,45065.0,51.303333333333335,17.599999999999998,42987.34,4046.7,552.0,65.4,0.0,3343.0,1.8766731,2018
2020-01-11 11:00:00+00:00,9.613638,17.2389636,0.9821256058680006,0.1882267098432442,9753093.0,12.0,-0.9659258262890682,0.258819045102521,0.0,32033.0,7117.2,53496.0,137.8918181818182,8.466666666666667,57670.93,5795.6,1322.0,5385.8,1245010.5,1787.0,2.911401,2020
2021-02-24 08:00:00+00:00,10.229433,46.29497964,0.5842981736283684,0.811539059007361,12682828.0,15.85,-0.4999999999999998,0.8660254037844387,1.0,33724.0,6113.8,44925.0,395.45666666666665,10.666666666666666,54063.21,3129.3,1864.0,2946.3,243780.27,10205.0,5.2345376,2021
2023-09-27 03:00:00+00:00,17.717562,89.55725625000001,-0.0645084494493171,-0.9979171608653922,7052792.0,43.38,0.7071067811865476,0.7071067811865476,1.0,21233.0,5983.0,39656.0,33.96727272727272,22.5,33851.8,3988.6,380.0,87.0,0.0,4761.0,1.4511491,2023
2021-08-24 17:00:00+00:00,25.65223,46.29497964,-0.6050560696488494,-0.7961828637826154,7373652.0,42.8,-0.2588190451025206,-0.9659258262890684,1.0,31216.0,7117.2,43072.0,53.34090909090909,24.53333333333333,36550.7,5364.5,645.0,3383.4,1162738.8,7547.0,2.0599663,2021
2023-04-13 15:00:00+00:00,14.960919,89.55725625000001,-0.2008905551306352,0.97961369164549,10111804.0,39.95,-0.7071067811865477,-0.7071067811865475,1.0,25442.0,7117.2,35925.0,34.871818181818185,16.3,39029.8,2374.5,572.0,12574.2,2259723.0,15030.0,6.2151136,2023
2019-01-06 23:00:00+00:00,6.7394524,22.79031588,0.9946708199115212,0.1031016974474348,8127468.0,26.25,0.9659258262890684,-0.2588190451025207,1.0,25790.0,7117.2,56490.0,59.50666666666667,8.299999999999999,66272.07,6088.0,672.0,26.2,0.0,7163.0,3.5738633,2019
2023-12-04 02:00:00+00:00,10.11571,89.55725625000001,0.893918596519257,-0.4482293417404106,9349226.0,43.0,0.8660254037844387,0.4999999999999999,1.0,20830.0,6125.5,42735.0,281.11999999999995,11.266666666666666,44499.5,1616.1999999999998,1248.0,5.8,0.0,11315.0,5.406412,2023
2020-11-30 19:00:00+00:00,12.249748,17.2389636,0.8695893893466109,-0.4937755501599773,8372287.0,16.5,0.2588190451025203,-0.9659258262890684,1.0,35039.0,7049.9,50945.0,63.25181818181818,13.4,68064.82,4765.4,1006.0,20.2,0.0,5915.0,3.4157596,2020
2019-03-03 14:00:00+00:00,17.348442,22.79031588,0.4825077417612184,0.8758917051442429,8865013.0,18.99,-0.8660254037844386,-0.5000000000000001,0.0,24737.0,7117.2,45366.0,121.43250000000002,11.300000000000002,34151.96,2454.6000000000004,915.0,4542.6,2304057.8,8478.0,5.2358985,2019
2023-10-06 08:00:00+00:00,20.186771,89.55725625000001,0.0902516100310407,-0.9959189961471792,6899173.0,35.19,-0.4999999999999998,0.8660254037844387,1.0,28796.0,5948.0,41706.0,30.49636363636363,23.433333333333334,42151.28,4212.5,400.0,10915.6,643848.25,1928.0,2.5215917,2023
2022-05-22 11:00:00+00:00,22.591536,80.46928043999999,-0.766658819300159,0.6420547132365637,7898472.0,73.0,-0.9659258262890682,0.258819045102521,0.0,25381.0,5122.1,29475.0,48.06818181818182,21.7,33259.99,3620.0,849.0,10699.9,2747410.0,7829.0,2.8079524,2022
2021-09-10 18:00:00+00:00,23.251778,46.29497964,-0.3496474552512282,-0.9368813462954316,6783967.0,57.5,-1.8369701987210292e-16,-1.0,1.0,30868.0,6053.3,43219.0,47.96909090909092,24.566666666666663,44296.74,5913.1,646.0,1088.8,387163.2,2846.0,2.0870593,2021
2022-05-29 16:00:00+00:00,23.427305,80.46928043999999,-0.8382797052177741,0.5452404385406513,7899578.0,74.86,-0.5000000000000004,-0.8660254037844385,0.0,23388.0,5122.1,27105.0,45.39818181818182,21.766666666666666,29614.8,2985.7,800.0,10869.8,2149557.8,5959.0,2.8417914,2022
2023-04-28 23:00:00+00:00,18.159311,89.55725625000001,-0.4443781781046132,0.895839290734909,9929022.0,35.4,0.9659258262890684,-0.2588190451025207,0.0,22251.0,5110.1,38105.0,35.12,20.2,36785.52,3490.2,872.0,201.4,0.0,4473.0,0.77160364,2023
2020-05-21 17:00:00+00:00,24.22775,17.2389636,-0.766658819300159,0.6420547132365637,12983647.0,5.5,-0.2588190451025206,-0.9659258262890684,1.0,25912.0,4106.7,36610.0,136.39909090909092,18.3,35933.42,4293.3,1488.0,4461.8,1600310.2,1611.0,1.5996411,2020
2018-04-05 08:00:00+00:00,11.682051,15.1252596,-0.0645084494493162,0.9979171608653922,10090502.6,20.9,-0.4999999999999998,0.8660254037844387,1.0,34083.0,6071.9,46655.0,249.6075,12.85,58250.73,5894.2,1909.0,2833.4,902890.0,3765.0,0.46586597,2018
2020-04-29 19:00:00+00:00,15.89725,17.2389636,-0.4749510720670499,0.8800122039735357,12486925.0,6.29,0.2588190451025203,-0.9659258262890684,1.0,27267.0,5110.1,39170.0,286.50181818181824,15.433333333333332,38892.95,3332.2,1818.0,426.7,138517.97,12534.0,7.0478644,2020
2019-07-10 05:00:00+00:00,18.429976,22.79031588,-0.9893142039703664,-0.1457991969198744,8965089.0,14.4,0.2588190451025207,0.9659258262890684,1.0,28619.0,7117.2,42118.0,78.12272727272727,24.03333333333333,42064.28,3450.2,748.0,329.0,9404.025,3795.0,2.9291775,2019
2022-03-05 22:00:00+00:00,8.511351,80.46928043999999,0.4520722039323043,0.8919813464595485,6817599.0,180.0,0.8660254037844384,-0.5000000000000004,0.0,26302.0,7117.2,43170.0,96.53181818181817,11.433333333333332,59224.72,4408.6,834.0,41.9,0.0,6557.0,2.681176,2022
2022-07-15 03:00:00+00:00,22.64271,80.46928043999999,-0.973118337233262,-0.2303056702306119,7037432.0,40.0,0.7071067811865476,0.7071067811865476,1.0,25753.0,7117.2,25545.0,43.41363636363637,27.23333333333333,33673.08,3821.3,524.0,198.4,0.0,6976.0,2.431475,2022
2022-12-13 22:00:00+00:00,14.89448,80.46928043999999,0.9523775757303972,-0.3049212246562894,6191200.0,40.0,0.8660254037844384,-0.5000000000000004,1.0,26696.0,7117.2,42100.0,47.86636363636364,12.3,68062.99,4263.9,1236.0,0.0,0.0,13971.0,8.031658,2022
2022-12-21 01:00:00+00:00,12.815476,80.46928043999999,0.9852201067560606,-0.1712931441814778,7263299.0,40.0,0.9659258262890684,0.2588190451025207,1.0,22426.0,7117.2,41300.0,47.775454545454544,11.7,47114.77,2594.0,1072.0,0.0,0.0,12889.0,5.866778,2022
2021-03-20 01:00:00+00:00,7.1997557,46.29497964,0.2093146459630487,0.9778483415056568,12507948.0,18.0,0.9659258262890684,0.2588190451025207,0.0,22772.0,6111.4,43600.0,121.94181818181818,12.4,54446.73,1108.8000000000002,994.0,42.8,0.0,13105.0,7.425453,2021
2020-05-13 06:00:00+00:00,13.256806,17.2389636,-0.6712599575675313,0.7412220108485958,12887878.0,5.8,6.123233995736766e-17,1.0,1.0,24644.0,5110.1,38100.0,240.66272727272727,16.633333333333333,43581.92,3307.3,1653.0,1212.4,126664.94,3750.0,3.126276,2020
2021-02-28 12:00:00+00:00,12.836992,46.29497964,0.5270777086423722,0.8498170915275278,12682828.0,15.4,-1.0,1.2246467991473532e-16,0.0,27804.0,7117.2,40215.0,199.6572727272728,11.133333333333333,44197.9,4931.4,1559.0,6544.5,2060887.4,7581.0,5.1222663,2021
2023-01-16 08:00:00+00:00,9.302178,89.55725625000001,0.9623090774541486,0.2719581575341055,9606485.0,45.0,-0.4999999999999998,0.8660254037844387,1.0,32556.0,7117.2,43648.0,58.85090909090909,13.0,52369.67,2531.8,1284.0,587.9,39301.117,17573.0,10.045911,2023
2020-04-27 04:00:00+00:00,12.638648,17.2389636,-0.4443781781046132,0.895839290734909,12486925.0,6.1,0.5000000000000001,0.8660254037844386,1.0,20497.0,5887.1,39500.0,239.1227272727273,15.933333333333332,35256.02,3415.6,1795.0,47.6,0.0,3943.0,3.0882308,2020
2020-06-09 08:00:00+00:00,16.55084,17.2389636,-0.9322892131745132,0.3617137307297676,12734095.0,6.5,-0.4999999999999998,0.8660254037844387,1.0,27807.0,5102.5,34470.0,100.07,19.53333333333333,42832.62,4367.5,1389.0,6906.7,1359084.9,4394.0,3.2279239,2020
2022-11-24 04:00:00+00:00,12.852542,80.46928043999999,0.8039279618328213,-0.5947266869607633,5454445.0,40.0,0.5000000000000001,0.8660254037844386,1.0,21604.0,6071.9,34069.0,74.2890909090909,17.233333333333334,40918.63,2159.7,1004.0,0.0,0.0,7696.0,3.42937,2022
2023-12-12 21:00:00+00:00,13.971971,89.55725625000001,0.9469877530760752,-0.3212696616923651,9548960.0,35.0,0.7071067811865474,-0.7071067811865477,1.0,30616.0,7117.2,45100.0,116.17727272727274,12.066666666666665,42198.79,5384.4,1272.0,20.3,0.0,14177.0,6.7682185,2023
2020-09-29 11:00:00+00:00,21.174637,17.2389636,-0.0129102960750088,-0.999916658654738,8407927.0,11.55,-0.9659258262890682,0.258819045102521,1.0,31178.0,7065.5,40000.0,79.19363636363637,18.866666666666667,50701.93,6319.0,607.0,8575.0,2329136.0,1601.0,1.6815909,2020
2022-01-08 22:00:00+00:00,8.964238,80.46928043999999,0.9905324521322229,0.1372787721132647,6946823.0,93.0,0.8660254037844384,-0.5000000000000004,0.0,26957.0,6105.9,47525.0,145.5090909090909,8.166666666666666,50272.08,3734.5,1073.0,10.9,0.0,14633.0,6.478105,2022
2018-04-27 23:00:00+00:00,13.331773,15.1252596,-0.4288919379124835,0.9033558023246844,11748211.2,19.95,0.9659258262890684,-0.2588190451025207,0.0,23859.0,5066.1,47602.0,382.10833333333335,13.75,38334.53,3664.1,1754.0,326.1,0.0,4172.0,2.4195685,2018
2023-07-01 10:00:00+00:00,23.737818,89.55725625000001,-0.9999629591162656,0.0086069968886886,9156777.0,33.79,-0.8660254037844387,0.4999999999999999,0.0,25914.0,7117.2,35789.0,33.56545454545455,23.46666666666667,29373.19,3801.8,732.0,16299.0,2370292.2,4641.0,2.3197088,2023
2021-06-01 21:00:00+00:00,17.202385,46.29497964,-0.865307254363206,0.5012418134457758,11052279.0,26.2,0.7071067811865474,-0.7071067811865477,1.0,26311.0,5068.5,41185.0,50.32454545454546,22.0,43910.99,5197.7,1330.0,369.8,13.067064,2848.0,1.021924,2021
2020-05-01 12:00:00+00:00,18.84362,17.2389636,-0.5049610547215204,0.8631421280499114,12486925.0,6.23,-1.0,1.2246467991473532e-16,0.0,22445.0,5110.1,37350.0,229.0309090909091,15.533333333333331,29103.29,2841.2,1629.0,7493.5,2453538.0,13830.0,7.000417,2020
2019-11-16 15:00:00+00:00,10.470714,22.79031588,0.7146733860429608,-0.6994583270516471,6710769.0,14.5,-0.7071067811865477,-0.7071067811865475,0.0,28710.0,5008.0,41865.0,297.8084615384616,12.266666666666667,58599.69,4113.0,1245.0,2375.7,929768.5,8582.0,5.3613997,2019
2020-05-17 11:00:00+00:00,18.392504,17.2389636,-0.7206671495538609,0.6932812268869777,12887878.0,5.1,-0.9659258262890682,0.258819045102521,0.0,23651.0,5110.1,33925.0,209.2009090909091,16.166666666666668,35069.94,3998.0,1507.0,7845.1,2843294.0,2945.0,2.392051,2020
2023-11-02 01:00:00+00:00,16.872562,89.55725625000001,0.5270777086423716,-0.8498170915275282,7948710.0,37.0,0.9659258262890684,0.2588190451025207,1.0,19937.0,5061.6,40669.0,64.89090909090909,16.2,20995.1,-106.80000000000018,876.0,36.6,0.0,16542.0,11.094398,2023
2020-12-01 10:00:00+00:00,12.012295,17.2389636,0.8779600847008878,-0.478733840115789,8372287.0,17.13,-0.8660254037844387,0.4999999999999999,1.0,34160.0,7049.9,50035.0,75.23454545454545,12.9,63628.71,4589.6,787.0,4892.9,914549.0,5596.0,1.7020842,2020
2019-09-08 10:00:00+00:00,21.932665,22.79031588,-0.3816892202666594,-0.924290722193093,7109331.0,9.5,-0.8660254037844387,0.4999999999999999,0.0,26065.0,7117.2,40886.0,46.75749999999999,21.600000000000005,36487.82,4077.6,465.0,4906.5,1827037.5,3992.0,2.4237447,2019
2022-11-28 05:00:00+00:00,10.484388,80.46928043999999,0.8429415373547827,-0.5380051715383,5768825.0,40.0,0.2588190451025207,0.9659258262890684,1.0,22184.0,7117.2,34023.0,50.22727272727273,16.233333333333334,48001.61,1947.2000000000005,932.0,25.9,0.0,14518.0,5.089776,2022
2020-02-10 19:00:00+00:00,13.661692,17.2389636,0.7611042586607746,0.6486295610349815,10452323.0,10.28,0.2588190451025203,-0.9659258262890684,1.0,35259.0,7117.2,51110.0,153.77454545454546,9.833333333333332,51600.1,6885.5,1583.0,105.3,79.578735,6551.0,4.7913184,2020
2019-02-10 06:00:00+00:00,9.558921,22.79031588,0.7611042586607746,0.6486295610349815,8546223.0,21.0,6.123233995736766e-17,1.0,0.0,23137.0,7117.2,55005.0,355.2638461538461,8.933333333333334,41588.26,1482.6999999999998,1304.0,18.1,0.0,11195.0,6.3205886,2019
2020-11-30 17:00:00+00:00,13.462623,17.2389636,0.8695893893466109,-0.4937755501599773,8372287.0,16.5,-0.2588190451025206,-0.9659258262890684,1.0,34331.0,7049.9,50945.0,63.25181818181818,13.4,71216.62,4819.5,978.0,33.5,82579.266,5469.0,3.4262836,2020
2019-07-03 23:00:00+00:00,21.57756,22.79031588,-0.9996666485105112,-0.0258184402271328,9194821.0,14.75,0.9659258262890684,-0.2588190451025207,1.0,27369.0,7117.2,43750.0,44.58090909090909,25.100000000000005,38654.47,4894.6,775.0,554.5,0.0,5667.0,1.1479938,2019
2021-09-08 16:00:00+00:00,25.089724,46.29497964,-0.3816892202666594,-0.924290722193093,6783967.0,53.5,-0.5000000000000004,-0.8660254037844385,1.0,31504.0,7117.2,44456.0,49.69454545454546,24.7,42972.52,4643.2,572.0,6248.4,1479569.0,6432.0,3.4510548,2021
2019-02-10 00:00:00+00:00,9.815745,22.79031588,0.7611042586607746,0.6486295610349815,8546223.0,21.0,1.0,0.0,0.0,24456.0,7117.2,55005.0,355.2638461538461,8.933333333333334,48981.67,3383.0,1295.0,53.2,0.0,9569.0,5.697247,2019
2023-04-24 13:00:00+00:00,19.974157,89.55725625000001,-0.3816892202666589,0.9242907221930932,9929022.0,34.5,-0.9659258262890684,-0.2588190451025203,1.0,24772.0,6105.9,36717.0,36.80454545454545,18.433333333333334,33671.45,3219.3,780.0,15120.3,2836531.8,5203.0,2.124259,2023
2019-06-05 16:00:00+00:00,18.81497,22.79031588,-0.8977433935342337,0.440518784350495,9813065.0,14.1,-0.5000000000000004,-0.8660254037844385,1.0,30236.0,5402.1,44775.0,40.26083333333333,21.1,43632.05,3737.0,1044.0,3771.9,2036808.5,8583.0,6.8236256,2019
2023-09-25 13:00:00+00:00,25.05155,89.55725625000001,-0.0988201387328721,-0.9951053111006974,7052792.0,42.48,-0.9659258262890684,-0.2588190451025203,1.0,26164.0,5983.0,39926.0,36.06272727272728,21.433333333333334,33691.2,4272.5,396.0,15926.6,2695447.5,1913.0,1.8103181,2023
2022-10-23 08:00:00+00:00,18.854467,80.46928043999999,0.3737197147904684,-0.9275416835791968,4759479.0,40.0,-0.4999999999999998,0.8660254037844387,0.0,21505.0,5066.1,32093.0,34.84909090909091,23.0,29104.81,185.0,808.0,2547.6,356255.75,13658.0,7.603374,2022
2022-06-07 10:00:00+00:00,23.00384,80.46928043999999,-0.9123747579707272,0.4093559588156217,7753901.0,40.0,-0.8660254037844387,0.4999999999999999,1.0,31079.0,6113.8,29125.0,41.961,24.03333333333333,39579.16,4876.0,808.0,12821.7,2558848.5,1952.0,1.4631364,2022
2018-01-13 08:00:00+00:00,6.8788953,15.1252596,0.9750645322571948,0.2219215130041655,5284527.7,21.8,-0.4999999999999998,0.8660254037844387,0.0,31695.0,6053.3,55035.0,244.65166666666664,8.65,65177.8,4340.2,1047.0,319.0,44420.863,3794.0,2.171284,2018
2019-12-17 19:00:00+00:00,11.125636,22.79031588,0.9711000518829505,-0.2386727660059499,8628229.0,12.65,0.2588190451025203,-0.9659258262890684,1.0,36315.0,6071.9,44815.0,478.53,10.5,63099.63,7150.2,1773.0,16.6,0.0,6079.0,2.0432796,2019
2018-09-28 02:00:00+00:00,17.868933,15.1252596,-0.0473213883224323,-0.9988797155850336,8374465.0,28.9,0.8660254037844387,0.4999999999999999,1.0,23859.0,7117.2,44200.0,51.42916666666667,21.9,36899.21,3955.3,619.0,57.1,0.0,2088.0,2.1800332,2018
2020-06-09 17:00:00+00:00,19.835838,17.2389636,-0.9322892131745132,0.3617137307297676,12734095.0,6.5,-0.2588190451025206,-0.9659258262890684,1.0,26114.0,5102.5,34470.0,100.07,19.53333333333333,41495.89,4313.1,1269.0,4499.6,1520480.5,6310.0,3.5591307,2020
2019-03-07 03:00:00+00:00,9.38211,22.79031588,0.4211008707960896,0.907013812802636,8911638.0,19.28,0.7071067811865476,0.7071067811865476,1.0,23830.0,7117.2,52551.0,117.59749999999998,11.866666666666664,40488.09,3180.6,1244.0,5.2,0.0,9814.0,7.2046733,2019
2021-09-08 09:00:00+00:00,22.87588,46.29497964,-0.3816892202666594,-0.924290722193093,6783967.0,53.5,-0.7071067811865475,0.7071067811865476,1.0,32445.0,7117.2,45356.0,49.69454545454546,24.7,45786.21,4688.9,559.0,8794.8,1407474.1,4048.0,2.1932135,2021
2022-03-05 13:00:00+00:00,11.422841,80.46928043999999,0.4520722039323043,0.8919813464595485,6817599.0,180.0,-0.9659258262890684,-0.2588190451025203,0.0,29050.0,6632.3,43170.0,96.53181818181817,11.433333333333332,48932.46,4794.4,742.0,7865.8,1925499.5,5255.0,1.7092563,2022
2022-08-09 05:00:00+00:00,21.227484,80.46928043999999,-0.7883050558305256,-0.6152845999633274,6132407.0,40.0,0.2588190451025207,0.9659258262890684,1.0,25512.0,7117.2,26778.0,47.87363636363636,27.73333333333333,33617.26,4347.3,516.0,225.0,328.90213,5455.0,2.1533933,2022
2023-05-16 12:00:00+00:00,18.60427,89.55725625000001,-0.6963762255968722,0.717676913675962,9540599.0,26.5,-1.0,1.2246467991473532e-16,1.0,26350.0,4104.3,35795.0,67.04636363636365,18.466666666666665,30122.25,3534.9,692.0,15810.4,3048441.0,10349.0,4.365668,2023
2020-07-01 12:00:00+00:00,25.841633,17.2389636,-0.9999629591162656,-0.0086069968886884,12209124.0,7.7,-1.0,1.2246467991473532e-16,1.0,34329.0,7117.2,30586.0,62.5290909090909,24.9,42909.82,4695.6,1057.0,8874.6,3105926.5,4823.0,3.2167356,2020
2020-08-06 18:00:00+00:00,28.793413,17.2389636,-0.8090169943749475,-0.587785252292473,10709340.0,9.75,-1.8369701987210292e-16,-1.0,1.0,33057.0,7117.2,35540.0,59.35999999999999,25.1,43705.94,5559.8,830.0,2090.3,886474.44,5384.0,1.1388726,2020
2018-01-02 10:00:00+00:00,12.024077,15.1252596,0.9994074007397048,0.0344216116227457,5104801.6,24.5,-0.8660254037844387,0.4999999999999999,1.0,34449.0,7117.2,56880.0,160.3075,9.75,61461.62,3404.0,1148.0,1826.4,661972.25,12240.0,5.735277,2018
2020-09-04 10:00:00+00:00,24.939455,17.2389636,-0.4288919379124841,-0.9033558023246842,9363826.0,11.8,-0.8660254037844387,0.4999999999999999,1.0,33333.0,6961.9,33920.0,54.28,22.666666666666668,44351.45,5796.5,794.0,8718.4,2284911.0,3289.0,2.7572212,2020
2021-02-08 03:00:00+00:00,9.80873,46.29497964,0.7829801036770629,0.6220467484408675,12156166.0,18.0,0.7071067811865476,0.7071067811865476,1.0,21475.0,7117.2,48610.0,387.6641666666667,9.4,55968.01,448.6000000000004,1691.0,0.2,0.0,14650.0,8.61769,2021
2023-11-02 12:00:00+00:00,16.4068,89.55725625000001,0.5270777086423716,-0.8498170915275282,7948710.0,37.0,-1.0,1.2246467991473532e-16,1.0,28661.0,5061.6,40229.0,64.89090909090909,16.2,33228.100000000006,1295.3000000000002,1068.0,6674.5,1313422.9,17955.0,12.434603,2023
2020-12-11 08:00:00+00:00,13.485817,17.2389636,0.9469877530760752,-0.3212696616923651,8486186.0,17.87,-0.4999999999999998,0.8660254037844387,1.0,34755.0,7117.2,48935.0,369.0208333333333,10.466666666666669,66022.55,2525.3,1412.0,319.2,25404.502,15721.0,8.484658,2020
2020-04-29 02:00:00+00:00,11.98592,17.2389636,-0.4749510720670499,0.8800122039735357,12486925.0,6.29,0.8660254037844387,0.4999999999999999,1.0,19406.0,5110.1,38885.0,286.50181818181824,15.433333333333332,31711.48,1710.3000000000002,1607.0,142.7,0.0,8306.0,4.405868,2020
2020-11-30 04:00:00+00:00,10.33009,17.2389636,0.8695893893466109,-0.4937755501599773,8372287.0,16.5,0.5000000000000001,0.8660254037844386,1.0,21777.0,7117.2,50945.0,63.25181818181818,13.4,56442.59,1731.0,669.0,9.2,0.0,3087.0,2.8689198,2020
2022-05-18 01:00:00+00:00,17.322248,80.46928043999999,-0.7206671495538609,0.6932812268869777,7898472.0,72.75,0.9659258262890684,0.2588190451025207,1.0,22153.0,5122.1,29735.0,65.0690909090909,21.46666666666667,34271.67,4052.6,974.0,405.0,0.0,2302.0,0.781891,2022
2018-05-28 18:00:00+00:00,17.55341,15.1252596,-0.8287700871745035,0.5595892624101769,12098391.3,22.45,-1.8369701987210292e-16,-1.0,1.0,29472.0,4076.8,44915.0,262.03,17.45,44920.75,4579.4,1650.0,1124.5,693234.0,3355.0,1.2904438,2018
2021-05-18 21:00:00+00:00,16.489307,46.29497964,-0.7206671495538609,0.6932812268869777,11268445.0,26.0,0.7071067811865474,-0.7071067811865477,1.0,26113.0,5068.5,42205.0,51.2790909090909,19.633333333333336,48354.54,4049.0,1265.0,500.0,0.0,8263.0,4.097317,2021
2023-03-11 21:00:00+00:00,14.889251,89.55725625000001,0.3576982388331257,0.9338372288229252,9735057.0,47.6,0.7071067811865474,-0.7071067811865477,0.0,26505.0,7117.2,36595.0,97.6009090909091,13.133333333333333,46506.37,5487.4,1308.0,258.9,0.0,12166.0,6.2675614,2023
2023-05-23 02:00:00+00:00,14.707478,89.55725625000001,-0.7775971469736267,0.6287628145958347,9432440.0,26.3,0.8660254037844387,0.4999999999999999,1.0,20054.0,6121.4,37395.0,39.46909090909091,19.866666666666667,28846.56,2220.3,672.0,0.1,0.0,7304.0,4.206657,2023
2023-10-27 02:00:00+00:00,15.458209,89.55725625000001,0.436651231956063,-0.8996308696522438,7110879.0,46.96,0.8660254037844387,0.4999999999999999,1.0,20758.0,4465.8,42505.0,61.39363636363637,17.9,29239.85,1253.1,1052.0,6.2,0.0,16338.0,8.261682,2023
2022-03-05 08:00:00+00:00,7.6189685,80.46928043999999,0.4520722039323043,0.8919813464595485,6817599.0,180.0,-0.4999999999999998,0.8660254037844387,0.0,27655.0,7117.2,43170.0,96.53181818181817,11.433333333333332,57062.78,4827.2,755.0,4221.5,303681.75,5515.0,2.6771517,2022
2022-08-14 00:00:00+00:00,22.75909,80.46928043999999,-0.7324940716135788,-0.6807734094770164,6132407.0,40.0,1.0,0.0,0.0,23176.0,7117.2,26811.0,46.17818181818182,27.03333333333333,30861.4,3462.7,544.0,117.0,0.0,5243.0,1.9697397,2022
2019-10-27 07:00:00+00:00,13.946841,22.79031588,0.436651231956063,-0.8996308696522438,6284356.0,12.5,-0.2588190451025208,0.9659258262890684,0.0,21431.0,6111.4,37725.0,75.10666666666667,17.366666666666667,39900.0,3161.3,765.0,961.4,36018.203,1700.0,1.6654842,2019
2021-11-22 12:00:00+00:00,11.707889,46.29497964,0.7829801036770624,-0.622046748440868,5960429.0,93.47,-1.0,1.2246467991473532e-16,1.0,33131.0,4046.2,43775.0,41.11272727272726,11.566666666666668,58653.66,4194.3,439.0,3858.6,1169249.5,5650.0,1.9509438,2021
2019-06-26 04:00:00+00:00,19.462688,22.79031588,-0.9955213724144752,0.0945367498171995,9422077.0,13.3,0.5000000000000001,0.8660254037844386,1.0,26438.0,7117.2,44293.0,40.67166666666666,23.933333333333334,38327.77,4358.9,780.0,242.6,0.0,4431.0,2.4051323,2019
2022-12-13 03:00:00+00:00,14.7279215,80.46928043999999,0.9523775757303972,-0.3049212246562894,6191200.0,40.0,0.7071067811865476,0.7071067811865476,1.0,21658.0,7117.2,41300.0,47.86636363636364,12.3,55511.44,1435.6999999999998,1084.0,0.0,0.0,16089.0,8.906733,2022
2021-02-01 05:00:00+00:00,12.311478,46.29497964,0.8520775211013093,0.5234156073655503,10269799.0,20.5,0.2588190451025207,0.9659258262890684,1.0,25039.0,7117.2,49366.0,317.9,9.833333333333332,53663.18,1439.2000000000005,1615.0,0.5,0.0,16090.0,10.529479,2021
2018-09-16 17:00:00+00:00,25.02907,15.1252596,-0.2511900638848195,-0.9679377830240642,8868060.9,28.0,-0.2588190451025206,-0.9659258262890684,0.0,25624.0,7117.2,45590.0,53.13333333333333,23.03333333333333,40853.49,4425.2,680.0,1374.2,823628.75,2479.0,1.6749647,2018
2022-12-21 04:00:00+00:00,12.572877,80.46928043999999,0.9852201067560606,-0.1712931441814778,7263299.0,40.0,0.5000000000000001,0.8660254037844386,1.0,21761.0,7117.2,41300.0,47.775454545454544,11.7,44603.46,2072.6,1068.0,0.0,0.0,12532.0,5.958511,2022
2020-06-10 07:00:00+00:00,15.552371,17.2389636,-0.938377391740864,0.3456123126707335,12734095.0,6.1,-0.2588190451025208,0.9659258262890684,1.0,27255.0,5102.5,34470.0,91.08090909090907,19.633333333333333,44970.51,2919.9,1365.0,4708.8,786764.94,2419.0,2.1990209,2020
2023-09-25 10:00:00+00:00,22.561914,89.55725625000001,-0.0988201387328721,-0.9951053111006974,7052792.0,42.48,-0.8660254037844387,0.4999999999999999,1.0,26478.0,5983.0,39926.0,36.06272727272728,21.433333333333334,37120.66,4321.9,384.0,16082.9,2033667.0,1344.0,2.2297525,2023
2023-01-28 19:00:00+00:00,6.369124,89.55725625000001,0.886070621534138,0.4635502709028509,10151548.0,45.0,0.2588190451025203,-0.9659258262890684,0.0,33728.0,7117.2,44740.0,115.67636363636365,10.7,66756.17,5147.1,1292.0,125.3,0.0,12682.0,5.574009,2023
2020-09-01 18:00:00+00:00,22.996687,17.2389636,-0.4749510720670502,-0.8800122039735356,9363826.0,11.99,-1.8369701987210292e-16,-1.0,1.0,30882.0,6071.9,33535.0,61.0290909090909,21.76666666666667,43509.43,4680.4,815.0,1251.9,506948.6,6238.0,2.4809477,2020
2020-01-11 01:00:00+00:00,6.9978266,17.2389636,0.9821256058680006,0.1882267098432442,9753093.0,12.0,0.9659258262890684,0.2588190451025207,0.0,24565.0,7117.2,52866.0,137.8918181818182,8.466666666666667,56925.4,3936.1,1115.0,13.7,0.0,5105.0,4.9302006,2020
2019-10-21 01:00:00+00:00,12.56622,22.79031588,0.3415707691678551,-0.9398560579418956,6284356.0,13.0,0.9659258262890684,0.2588190451025207,1.0,20337.0,6111.4,40270.0,50.07916666666666,19.3,35421.98,3887.5,823.0,22.5,0.0,1240.0,2.4996808,2019
2019-03-28 00:00:00+00:00,9.839008,22.79031588,0.0730951298980775,0.9973249731081556,9021714.0,17.57,1.0,0.0,1.0,24459.0,7117.2,51045.0,58.10333333333333,13.933333333333335,52469.96,4912.0,759.0,281.4,0.0,8307.0,4.0155015,2019
2022-05-19 15:00:00+00:00,25.315962,80.46928043999999,-0.7324940716135786,0.6807734094770165,7898472.0,73.2,-0.7071067811865477,-0.7071067811865475,1.0,29983.0,5122.1,30865.0,57.403636363636366,21.96666666666667,39728.28,4766.4,863.0,10648.3,2700387.5,9983.0,3.061544,2022
2021-06-15 12:00:00+00:00,26.166529,46.29497964,-0.9599326896597444,0.2802306751992163,10722206.0,29.5,-1.0,1.2246467991473532e-16,1.0,34358.0,5068.5,39675.0,51.00363636363636,24.33333333333333,44910.79,5423.9,952.0,8553.6,3087836.5,3955.0,2.2127361,2021
2022-05-23 20:00:00+00:00,19.054047,80.46928043999999,-0.7775971469736267,0.6287628145958347,7899578.0,79.76,0.5000000000000001,-0.8660254037844386,1.0,27983.0,5122.1,28145.0,46.76454545454546,21.666666666666668,40002.63,3167.9,1034.0,2451.2,30555.469,9132.0,4.3849525,2022
2021-12-29 11:00:00+00:00,14.590113,46.29497964,0.9994074007397048,-0.0344216116227458,6634460.0,93.0,-0.9659258262890682,0.258819045102521,1.0,29156.0,6105.9,44287.0,197.4909090909092,10.366666666666664,45792.240000000005,5158.0,1460.0,5656.3,1048831.5,7948.0,3.6362438,2021
2022-04-05 17:00:00+00:00,11.687441,80.46928043999999,-0.0645084494493162,0.9979171608653922,7339663.0,113.97,-0.2588190451025206,-0.9659258262890684,1.0,31488.0,6021.6,33095.0,112.15,12.4,53517.14,5628.9,902.0,1104.3,860716.75,4446.0,3.963757,2022
2018-11-04 15:00:00+00:00,15.883948,15.1252596,0.5560174366570438,-0.8311706263658084,7630760.0,25.2,-0.7071067811865477,-0.7071067811865475,0.0,24222.0,6105.9,44885.0,130.22500000000002,14.2,43873.41,2295.3,872.0,1732.0,961342.8,5752.0,3.7583227,2018
2021-05-21 11:00:00+00:00,20.226498,46.29497964,-0.7554933140726803,0.6551563572090853,11268445.0,23.5,-0.9659258262890682,0.258819045102521,1.0,30972.0,5068.5,42100.0,43.02454545454545,20.03333333333333,36626.09,3644.4,1189.0,10352.4,2788377.0,6797.0,1.8257003,2021
2019-11-09 05:00:00+00:00,9.109265,22.79031588,0.6254105729852464,-0.7802958510707755,6430248.0,12.8,0.2588190451025207,0.9659258262890684,0.0,22681.0,4002.2,40895.0,166.36833333333334,14.133333333333336,51033.44,3183.5,1125.0,13.1,0.0,10225.0,6.3392425,2019
2022-09-13 09:00:00+00:00,22.83271,80.46928043999999,-0.300819807635668,-0.9536809966304456,5329748.0,40.0,-0.7071067811865475,0.7071067811865476,1.0,31599.0,7117.2,28226.0,40.654545454545456,23.3,41819.25,1620.8000000000002,468.0,4162.6,868572.25,11986.0,5.112798,2022
2020-05-01 14:00:00+00:00,19.51027,17.2389636,-0.5049610547215204,0.8631421280499114,12486925.0,6.23,-0.8660254037844386,-0.5000000000000001,0.0,19599.0,5110.1,37350.0,229.0309090909091,15.533333333333331,25774.32,2619.4,1678.0,6657.9,2328180.5,13421.0,7.368697,2020
2022-05-22 00:00:00+00:00,19.434351,80.46928043999999,-0.766658819300159,0.6420547132365637,7898472.0,73.0,1.0,0.0,0.0,20994.0,5122.1,29475.0,48.06818181818182,21.7,33813.6,3064.5,872.0,68.5,0.0,6031.0,2.200702,2022
2021-07-14 17:00:00+00:00,23.927114,46.29497964,-0.9769384927771816,-0.2135209154397959,9598298.0,35.45,-0.2588190451025206,-0.9659258262890684,1.0,30643.0,7117.2,40510.0,52.24,22.066666666666663,31975.14,4914.9,740.0,6161.1,1632158.9,8789.0,3.1749818,2021
2022-12-10 07:00:00+00:00,10.275594,80.46928043999999,0.935367949313148,-0.3536761221763721,5758229.0,40.0,-0.2588190451025208,0.9659258262890684,0.0,23419.0,7117.2,40725.0,40.11545454545455,12.5,61420.66,3753.0,756.0,20.1,123.93045,10960.0,5.268964,2022
2019-08-21 02:00:00+00:00,19.51999,22.79031588,-0.64534811322955,-0.7638886127905429,7515195.0,10.99,0.8660254037844387,0.4999999999999999,1.0,22948.0,7117.2,39733.0,59.798333333333325,23.6,32482.66,2515.3,588.0,308.9,0.0,6816.0,4.846771,2019
2023-10-27 03:00:00+00:00,15.254954,89.55725625000001,0.436651231956063,-0.8996308696522438,7110879.0,46.96,0.7071067811865476,0.7071067811865476,1.0,20794.0,4465.8,42505.0,61.39363636363637,17.9,29754.73,1188.1,1068.0,7.5,0.0,16223.0,8.025083,2023
2018-05-17 04:00:00+00:00,13.346415,15.1252596,-0.7086266782644596,0.705583610107178,12009342.4,22.85,0.5000000000000001,0.8660254037844386,1.0,25050.0,6071.9,46605.0,133.13666666666668,16.4,39859.61,2644.3,1500.0,390.7,0.0,5194.0,3.2458715,2018
2019-06-20 04:00:00+00:00,16.98842,22.79031588,-0.980469160361632,0.1966728897935764,9590801.0,13.17,0.5000000000000001,0.8660254037844386,1.0,25139.0,7117.2,43768.0,38.39416666666667,23.066666666666663,38211.81,3763.1,863.0,285.9,0.0,3169.0,2.0609365,2019
2020-07-02 08:00:00+00:00,21.869223,17.2389636,-0.9996666485105112,-0.0258184402271328,12209124.0,7.58,-0.4999999999999998,0.8660254037844387,1.0,32323.0,7117.2,30888.0,59.58727272727273,24.933333333333334,44686.69,4804.7,1209.0,6818.2,1270662.2,1627.0,2.5584567,2020
2018-04-14 16:00:00+00:00,14.832994,15.1252596,-0.2177232303965317,0.9760105506323684,10768646.8,22.75,-0.5000000000000004,-0.8660254037844385,0.0,26800.0,5066.1,44865.0,1099.9092307692308,11.3,42116.97,4505.1,1692.0,2234.5,1311626.2,3845.0,2.3911333,2018
2022-03-05 18:00:00+00:00,10.3901205,80.46928043999999,0.4520722039323043,0.8919813464595485,6817599.0,180.0,-1.8369701987210292e-16,-1.0,0.0,28881.0,7117.2,43170.0,96.53181818181817,11.433333333333332,60250.04,5786.8,911.0,314.7,195623.64,6525.0,2.1818483,2022
2021-04-20 15:00:00+00:00,16.150625,46.29497964,-0.3171912885891059,0.9483615800121716,11503922.0,22.75,-0.7071067811865477,-0.7071067811865475,1.0,28888.0,6111.4,39485.0,55.25272727272727,15.4,41724.36,3977.6,892.0,5359.9,2037551.9,3526.0,2.081748,2021
2018-05-28 15:00:00+00:00,18.517387,15.1252596,-0.8287700871745035,0.5595892624101769,12098391.3,22.45,-0.7071067811865477,-0.7071067811865475,1.0,29787.0,4076.8,44915.0,262.03,17.45,44301.59,4913.1,1626.0,3254.3,1980331.0,3642.0,1.4244777,2018
2023-04-17 01:00:00+00:00,12.238706,89.55725625000001,-0.2678143051621742,0.9634705485641488,10029150.0,39.49,0.9659258262890684,0.2588190451025207,1.0,18732.0,6105.9,35425.0,41.774545454545446,16.033333333333335,39313.66,2747.6,772.0,522.9,0.0,8636.0,3.0853374,2023
2018-10-12 01:00:00+00:00,18.005703,15.1252596,0.1924515819708299,-0.9813064702716092,7843930.0,26.8,0.9659258262890684,0.2588190451025207,0.0,22103.0,7117.2,42940.0,47.14833333333333,20.066666666666663,35182.92,2381.5,539.0,16.4,0.0,7581.0,4.1233125,2018
2019-11-11 03:00:00+00:00,9.713488,22.79031588,0.6518989958787125,-0.7583058084785625,6710769.0,14.5,0.7071067811865476,0.7071067811865476,1.0,21274.0,4002.2,43040.0,379.5815384615384,13.033333333333331,47157.19,1441.3000000000002,1122.0,11.6,0.0,9158.0,7.159586,2019
2022-08-25 10:00:00+00:00,25.131308,80.46928043999999,-0.5912614448635782,-0.8064799463209447,5812377.0,40.0,-0.8660254037844387,0.4999999999999999,1.0,31464.0,7117.2,24046.0,46.841,26.066666666666663,43258.72,4671.3,536.0,11728.5,2085366.9,4697.0,1.0138834,2022
2019-09-11 03:00:00+00:00,15.78028,22.79031588,-0.333468778918187,-0.9427611433904206,6907892.0,10.7,0.7071067811865476,0.7071067811865476,1.0,23314.0,7117.2,43390.0,54.45333333333332,20.666666666666668,36984.32,2534.9,465.0,102.6,0.0,11045.0,6.0156455,2019
2022-05-19 00:00:00+00:00,18.279959,80.46928043999999,-0.7324940716135786,0.6807734094770165,7898472.0,73.2,1.0,0.0,1.0,22688.0,5122.1,29735.0,57.403636363636366,21.96666666666667,35761.26,4077.2,882.0,319.1,0.0,5720.0,1.7365925,2022
2018-05-28 09:00:00+00:00,16.70322,15.1252596,-0.8287700871745035,0.5595892624101769,12098391.3,22.45,-0.7071067811865475,0.7071067811865476,1.0,31669.0,4076.8,43675.0,262.03,17.45,48821.79,5408.2,1647.0,2915.3,1373914.5,2800.0,0.9727286,2018
2023-04-02 09:00:00+00:00,12.354024,89.55725625000001,-0.012910296075009,0.999916658654738,10208205.0,43.76,-0.7071067811865475,0.7071067811865476,0.0,21848.0,7117.2,36250.0,37.488181818181815,15.1,33971.81,3111.0,800.0,13241.4,1485743.5,10763.0,6.180451,2023
2023-03-11 07:00:00+00:00,13.463884,89.55725625000001,0.3576982388331257,0.9338372288229252,9735057.0,47.6,-0.2588190451025208,0.9659258262890684,0.0,22676.0,7117.2,37059.0,97.6009090909091,13.133333333333333,48822.51,2776.2,1156.0,904.3,53668.47,15364.0,7.210933,2023
2021-04-21 04:00:00+00:00,11.437646,46.29497964,-0.3334687789181868,0.9427611433904208,11503922.0,22.45,0.5000000000000001,0.8660254037844386,1.0,25259.0,6111.4,39485.0,56.75363636363636,15.7,50226.89,4023.0,926.0,18.8,0.0,1086.0,0.16342013,2021
2021-06-01 12:00:00+00:00,20.305769,46.29497964,-0.865307254363206,0.5012418134457758,11052279.0,26.2,-1.0,1.2246467991473532e-16,1.0,30653.0,5068.5,40855.0,50.32454545454546,22.0,39301.31,4436.4,1057.0,8604.9,2737196.0,5075.0,2.3751822,2021
2020-04-28 20:00:00+00:00,14.241388,17.2389636,-0.4597327394521039,0.8880573226294932,12486925.0,6.29,0.5000000000000001,-0.8660254037844386,1.0,25600.0,5110.1,38655.0,282.02363636363634,15.666666666666666,40509.73,4504.1,1811.0,151.3,4025.1008,7224.0,5.216795,2020
2020-04-15 14:00:00+00:00,15.812657,17.2389636,-0.2511900638848191,0.9679377830240644,11658137.0,8.06,-0.8660254037844386,-0.5000000000000001,1.0,24634.0,5973.1,43255.0,183.8,15.1,32468.96,2094.3,1541.0,3620.8,2135212.5,8888.0,4.6055746,2020
2019-06-26 01:00:00+00:00,20.36103,22.79031588,-0.9955213724144752,0.0945367498171995,9422077.0,13.3,0.9659258262890684,0.2588190451025207,1.0,24665.0,7117.2,44453.0,40.67166666666666,23.933333333333334,36358.5,4434.9,764.0,389.0,0.0,5283.0,2.3531942,2019
2019-03-29 21:00:00+00:00,12.323009,22.79031588,0.0559169901006032,0.9984354211555644,9021714.0,17.2,0.7071067811865474,-0.7071067811865477,1.0,29594.0,7117.2,49500.0,56.70499999999999,14.133333333333333,50109.46,6170.2,935.0,496.4,0.0,7048.0,4.0408716,2019
2020-05-12 03:00:00+00:00,13.448874,17.2389636,-0.6584015846980488,0.7526668275320085,12887878.0,5.95,0.7071067811865476,0.7071067811865476,1.0,19664.0,5110.1,38525.0,182.16090909090912,16.766666666666666,34231.86,3701.4,1577.0,42.1,0.0,2244.0,0.88382965,2020
2021-12-07 16:00:00+00:00,13.211492,46.29497964,0.9158642882672872,-0.4014879892059729,6157103.0,88.53,-0.5000000000000004,-0.8660254037844385,1.0,30627.0,4746.2,42975.0,613.8675000000001,10.0,61705.95,3191.4,1089.0,486.6,316749.0,15103.0,7.407995,2021
2018-12-09 03:00:00+00:00,10.187865,15.1252596,0.9291414114031744,-0.3697245428906732,8084888.0,25.39,0.7071067811865476,0.7071067811865476,0.0,20897.0,6121.4,49830.0,98.72499999999998,11.733333333333334,34641.32,3726.8,1045.0,7.4,0.0,6134.0,3.002416,2018
2023-09-19 04:00:00+00:00,17.516176,89.55725625000001,-0.2008905551306352,-0.97961369164549,7135990.0,35.0,0.5000000000000001,0.8660254037844386,1.0,22733.0,7028.3,40220.0,49.71000000000001,23.4,33894.82,4415.6,448.0,80.7,0.0,1684.0,1.9298251,2023
2020-07-04 07:00:00+00:00,19.344212,17.2389636,-0.9981855344718586,-0.0602132773657927,12209124.0,6.45,-0.2588190451025208,0.9659258262890684,0.0,25825.0,7117.2,31066.0,53.81636363636364,23.23333333333333,30530.6,3326.7,983.0,5303.5,748043.75,2246.0,2.5418875,2020
2019-11-17 12:00:00+00:00,11.308128,22.79031588,0.7266075247685657,-0.6870527672236668,6710769.0,14.8,-1.0,1.2246467991473532e-16,0.0,28055.0,5008.0,40950.0,283.09615384615387,12.233333333333334,61406.32,3012.8,1184.0,1537.7,1103409.9,10807.0,7.323197,2019
2023-10-07 01:00:00+00:00,19.299885,89.55725625000001,0.1073813466641621,-0.994217906893952,6899173.0,34.94,0.9659258262890684,0.2588190451025207,0.0,21338.0,5948.0,38911.0,31.095454545454547,23.46666666666667,32386.99,3288.9,332.0,69.1,0.0,3920.0,2.8647738,2023
2018-12-17 06:00:00+00:00,8.401307,15.1252596,0.9711000518829505,-0.2386727660059499,8153074.0,25.5,6.123233995736766e-17,1.0,1.0,31385.0,6121.4,55655.0,157.71833333333333,11.3,67718.91,4125.0,1378.0,14.5,0.0,5977.0,3.7421987,2018
2021-05-18 01:00:00+00:00,14.14238,46.29497964,-0.7206671495538609,0.6932812268869777,11268445.0,26.0,0.9659258262890684,0.2588190451025207,1.0,22203.0,5068.5,40070.0,51.2790909090909,19.633333333333336,36708.42,2502.1000000000004,1246.0,286.0,0.0,3408.0,0.62625784,2021
2021-12-05 02:00:00+00:00,9.499103,46.29497964,0.9015016841318838,-0.4327755925504317,5975308.0,91.97,0.8660254037844387,0.4999999999999999,0.0,22195.0,4296.2,40910.0,469.5391666666667,9.6,47868.32,1196.7999999999995,922.0,3.5,0.0,15948.0,7.908048,2021
2018-07-31 01:00:00+00:00,21.128061,15.1252596,-0.8738071036110809,-0.4862727071086898,10315467.2,25.49,0.9659258262890684,0.2588190451025207,1.0,24616.0,7117.2,43505.0,62.26999999999999,25.25,36390.89,4170.0,840.0,613.3,0.0,2193.0,1.8679423,2018
2018-05-09 19:00:00+00:00,16.580845,15.1252596,-0.6050560696488488,0.7961828637826158,11941137.0,21.25,0.2588190451025203,-0.9659258262890684,1.0,31407.0,5066.1,42000.0,187.63,16.1,42375.2,3776.5,1619.0,188.9,176240.8,7291.0,4.11119,2018
2023-10-30 16:00:00+00:00,16.847836,89.55725625000001,0.4825077417612184,-0.875891705144243,7948710.0,45.5,-0.5000000000000004,-0.8660254037844385,1.0,27882.0,5061.6,38139.0,57.52181818181818,17.633333333333336,40806.77,6109.0,1004.0,4602.5,671513.6,14022.0,7.7032323,2023
2020-01-03 11:00:00+00:00,10.067144,17.2389636,0.998666816288476,0.0516196672232537,9522998.0,12.01,-0.9659258262890682,0.258819045102521,1.0,35228.0,7117.2,52740.0,146.2527272727273,8.333333333333332,61717.09,6602.4,1596.0,3360.1,976689.75,1974.0,1.3778753,2020
2023-10-06 13:00:00+00:00,26.530922,89.55725625000001,0.0902516100310407,-0.9959189961471792,6899173.0,35.19,-0.9659258262890684,-0.2588190451025203,1.0,28403.0,5948.0,41706.0,30.49636363636363,23.433333333333334,34137.94,3742.5,324.0,14726.6,2465161.2,2492.0,2.1227682,2023
2020-10-12 02:00:00+00:00,12.707599,17.2389636,0.209314645963048,-0.9778483415056568,8253016.0,12.17,0.8660254037844387,0.4999999999999999,0.0,19192.0,6125.5,42805.0,75.62090909090908,16.966666666666665,38600.63,1561.0,623.0,57.7,0.0,8145.0,5.643541,2020
2021-11-04 17:00:00+00:00,12.121555,46.29497964,0.5560174366570438,-0.8311706263658084,5998857.0,71.5,-0.2588190451025206,-0.9659258262890684,1.0,31378.0,6121.4,43725.0,48.18818181818181,15.3,62574.45,5092.7,675.0,349.8,202110.1,7566.0,4.6931715,2021
2021-06-18 06:00:00+00:00,17.346607,46.29497964,-0.973118337233262,0.2303056702306122,10722206.0,28.71,6.123233995736766e-17,1.0,1.0,29726.0,5068.5,38675.0,84.61727272727272,22.566666666666663,45735.25,4804.6,1276.0,1960.8,221550.64,3859.0,0.60909605,2021
2019-05-29 22:00:00+00:00,16.940355,22.79031588,-0.8382797052177741,0.5452404385406513,9891188.0,14.4,0.8660254037844384,-0.5000000000000004,1.0,25405.0,5122.1,44195.0,51.0,18.7,43578.59,4276.1,1035.0,626.4,0.0,6555.0,3.8437,2019
2018-09-16 20:00:00+00:00,22.493748,15.1252596,-0.2511900638848195,-0.9679377830240642,8868060.9,28.0,0.5000000000000001,-0.8660254037844386,0.0,27912.0,7117.2,46160.0,53.13333333333333,23.03333333333333,41538.72,5692.2,710.0,133.2,0.0,3302.0,1.8933784,2018
2023-02-21 10:00:00+00:00,12.93839,89.55725625000001,0.6254105729852463,0.7802958510707755,9817436.0,49.52,-0.8660254037844387,0.4999999999999999,1.0,31035.0,7117.2,41375.0,79.73272727272727,12.4,54020.61,4700.9,880.0,8150.7,1272590.6,1814.0,0.87163794,2023
2021-11-22 07:00:00+00:00,9.965734,46.29497964,0.7829801036770624,-0.622046748440868,5960429.0,93.47,-0.2588190451025208,0.9659258262890684,1.0,31446.0,4046.2,43665.0,41.11272727272726,11.566666666666668,63202.73,3501.3,436.0,185.4,2474.794,5770.0,3.1359634,2021
2018-06-15 18:00:00+00:00,22.377335,15.1252596,-0.9599326896597444,0.2802306751992163,12408446.3,25.5,-1.8369701987210292e-16,-1.0,1.0,29947.0,5068.5,42570.0,366.7807692307693,17.6,42650.65,6177.0,1691.0,2075.5,964415.2,4830.0,2.9570224,2018
2022-10-01 02:00:00+00:00,13.880841,80.46928043999999,0.0043035382962438,-0.99999073973619,4867449.0,40.0,0.8660254037844387,0.4999999999999999,0.0,19762.0,6111.4,27590.0,42.193636363636365,20.7,21510.83,3749.2,440.0,61.0,0.0,3467.0,1.630199,2022
2019-09-26 05:00:00+00:00,16.51716,22.79031588,-0.0816763953304228,-0.99665890175417,6541441.0,14.35,0.2588190451025207,0.9659258262890684,1.0,28557.0,7117.2,40910.0,41.7,22.0,43726.44,4407.5,616.0,38.5,0.0,1985.0,1.4436879,2019
2022-03-09 13:00:00+00:00,13.415115,80.46928043999999,0.3896304495307879,0.9209712877166346,6793423.0,240.0,-0.9659258262890684,-0.2588190451025203,1.0,31530.0,7117.2,43170.0,96.51090909090908,11.033333333333331,52310.08,2518.2000000000007,709.0,9548.2,1955247.1,9580.0,3.6759293,2022
2022-10-28 14:00:00+00:00,22.848824,80.46928043999999,0.4520722039323045,-0.8919813464595484,4884752.0,40.0,-0.8660254037844386,-0.5000000000000001,1.0,27198.0,5066.1,30305.0,32.56454545454545,22.65,36591.96,3080.0,680.0,7662.7,1505499.6,9993.0,4.021275,2022
2023-06-22 16:00:00+00:00,25.418175,89.55725625000001,-0.986657932891657,0.1628070129385171,9239022.0,38.96,-0.5000000000000004,-0.8660254037844385,1.0,29876.0,5118.0,35205.0,103.36272727272728,23.066666666666663,33617.86,4675.2,936.0,13845.3,2232703.2,4215.0,2.6234646,2023
2018-04-14 05:00:00+00:00,9.163079,15.1252596,-0.2177232303965317,0.9760105506323684,10768646.8,22.75,0.2588190451025207,0.9659258262890684,0.0,24718.0,5066.1,45895.0,1099.9092307692308,11.3,43864.67,3988.2,1768.0,43.9,0.0,963.0,2.9285321,2018
2020-08-26 20:00:00+00:00,25.422323,17.2389636,-0.5631507242749187,-0.8263541987239094,9705841.0,10.5,0.5000000000000001,-0.8660254037844386,1.0,32035.0,7117.2,35050.0,51.84727272727273,25.166666666666668,42363.72,4467.9,834.0,570.7,862.3309,3566.0,1.3295679,2020
2018-05-08 12:00:00+00:00,18.514784,15.1252596,-0.5912614448635781,0.8064799463209448,11941137.0,22.65,-1.0,1.2246467991473532e-16,1.0,31423.0,5066.1,42000.0,201.2275,15.5,38171.7,4796.3,1638.0,4434.1,2767956.2,3336.0,2.9071002,2018
2021-04-09 05:00:00+00:00,10.9023,46.29497964,-0.1330147065341959,0.9911140639934548,12000960.0,19.8,0.2588190451025207,0.9659258262890684,1.0,28575.0,6111.4,39520.0,51.9,14.4,57287.15,4076.4,1177.0,29.8,0.0,4702.0,3.2006302,2021
2020-07-02 22:00:00+00:00,20.067265,17.2389636,-0.9996666485105112,-0.0258184402271328,12209124.0,7.58,0.8660254037844384,-0.5000000000000004,1.0,27199.0,7117.2,32293.0,56.46545454545455,24.1,40812.7,3392.1,1015.0,632.6,0.0,8281.0,4.2461476,2020
2019-07-01 15:00:00+00:00,26.31264,22.79031588,-0.9999629591162656,0.0086069968886886,9194821.0,13.0,-0.7071067811865477,-0.7071067811865475,1.0,36556.0,6125.5,43750.0,39.735,25.33333333333333,46651.59,4931.7,914.0,4420.2,2670763.0,5803.0,1.1649643,2019
2022-12-13 14:00:00+00:00,15.859976,80.46928043999999,0.9523775757303972,-0.3049212246562894,6191200.0,40.0,-0.8660254037844386,-0.5000000000000001,1.0,32135.0,7117.2,42100.0,47.86636363636364,12.3,69524.48,4819.7,1224.0,1312.4,526728.6,10723.0,7.984477,2022
2021-10-07 11:00:00+00:00,20.781214,46.29497964,0.1073813466641621,-0.994217906893952,6211446.0,130.0,-0.9659258262890682,0.258819045102521,1.0,30484.0,7117.2,42452.0,41.17909090909091,19.0,46770.72,5563.1,489.0,10364.4,2207563.0,2685.0,2.388532,2021
2018-04-20 10:00:00+00:00,17.223795,15.1252596,-0.3171912885891059,0.9483615800121716,11454573.5,19.5,-0.8660254037844387,0.4999999999999999,1.0,32365.0,5066.1,44620.0,666.1415384615385,13.35,46017.39,3612.5,1880.0,4633.9,2308727.0,7667.0,5.898466,2018
2021-03-20 03:00:00+00:00,6.6348147,46.29497964,0.2093146459630487,0.9778483415056568,12507948.0,18.0,0.7071067811865476,0.7071067811865476,0.0,21929.0,6111.4,43600.0,121.94181818181818,12.4,51455.28,640.1999999999998,1002.0,41.4,0.0,13160.0,8.070671,2021
2020-05-13 23:00:00+00:00,13.722636,17.2389636,-0.6712599575675313,0.7412220108485958,12887878.0,5.8,0.9659258262890684,-0.2588190451025207,1.0,21123.0,5110.1,40340.0,263.8836363636364,16.333333333333332,37306.09,3998.5,1570.0,50.7,0.0,3473.0,1.4973173,2020
2018-11-25 14:00:00+00:00,13.916456,15.1252596,0.8140460935082175,-0.5808002734538013,7927348.0,25.8,-0.8660254037844386,-0.5000000000000001,0.0,26742.0,5110.1,47225.0,111.63583333333334,12.533333333333331,53144.5,3472.4,1244.0,1095.0,963011.3,7081.0,7.138188,2018
2022-10-23 07:00:00+00:00,18.27461,80.46928043999999,0.3737197147904684,-0.9275416835791968,4759479.0,40.0,-0.2588190451025208,0.9659258262890684,0.0,20224.0,5066.1,32093.0,34.84909090909091,23.0,28355.3,35.30000000000018,744.0,744.4,48792.64,13871.0,7.812729,2022
2021-01-17 23:00:00+00:00,7.509624,46.29497964,0.9574851883550392,0.288482432880609,9026169.0,27.92,0.9659258262890684,-0.2588190451025207,1.0,27386.0,7117.2,53205.0,203.3172727272727,7.966666666666666,63839.04,5831.8,1203.0,25.2,0.0,4539.0,3.1259704,2021
2021-10-23 14:00:00+00:00,18.741076,46.29497964,0.3737197147904684,-0.9275416835791968,6017107.0,88.4,-0.8660254037844386,-0.5000000000000001,0.0,23834.0,6121.4,39910.0,36.24272727272727,17.566666666666666,37083.34,4555.4,346.0,8408.0,1731139.8,1189.0,2.2573104,2021
2020-04-29 08:00:00+00:00,14.17841,17.2389636,-0.4749510720670499,0.8800122039735357,12486925.0,6.29,-0.4999999999999998,0.8660254037844387,1.0,26218.0,5110.1,38885.0,286.50181818181824,15.433333333333332,39508.51,2345.3,1670.0,5845.6,1155121.8,7963.0,3.9028347,2020
2022-07-21 23:00:00+00:00,23.828302,80.46928043999999,-0.9441875088341996,-0.3294084822245298,6828082.0,40.0,0.9659258262890684,-0.2588190451025207,1.0,28584.0,7117.2,27255.0,52.33181818181818,27.566666666666663,40332.29,4694.4,588.0,526.2,0.0,7720.0,1.2149436,2022
2020-11-25 01:00:00+00:00,10.502459,17.2389636,0.8239230057575542,-0.5667017562911177,8494958.0,15.21,0.9659258262890684,0.2588190451025207,1.0,23325.0,7117.2,51662.0,68.27545454545454,12.366666666666667,51684.12,2473.9,668.0,21.7,0.0,4401.0,3.3476946,2020
2023-08-22 23:00:00+00:00,25.791668,89.55725625000001,-0.6321034111873488,-0.7748840413670406,7451239.0,40.6,0.9659258262890684,-0.2588190451025207,1.0,27995.0,6952.5,35360.0,36.297272727272734,28.1,37901.94,5019.0,500.0,422.7,0.0,6400.0,2.5069065,2023
2019-03-16 07:00:00+00:00,8.862376,22.79031588,0.276096973097469,0.9611297838723007,9087423.0,17.5,-0.2588190451025208,0.9659258262890684,0.0,25154.0,7117.2,47095.0,76.46583333333332,12.9,44344.3,3726.8,1107.0,964.4,95416.56,2354.0,0.62887484,2019
2018-09-16 11:00:00+00:00,24.445099,15.1252596,-0.2511900638848195,-0.9679377830240642,8868060.9,28.0,-0.9659258262890682,0.258819045102521,0.0,26984.0,7117.2,44255.0,53.13333333333333,23.03333333333333,38998.49,4657.6,758.0,4458.3,2259543.5,1306.0,1.2754533,2018
2018-06-03 19:00:00+00:00,18.344694,15.1252596,-0.8820480249558534,0.4711595076738641,12098391.3,21.97,0.2588190451025203,-0.9659258262890684,0.0,25976.0,4676.8,43778.0,437.3,16.4,38352.9,3377.2,1653.0,770.4,299722.44,4180.0,3.9448488,2018
2022-04-02 19:00:00+00:00,9.082313,80.46928043999999,-0.012910296075009,0.999916658654738,7240210.0,124.0,0.2588190451025203,-0.9659258262890684,0.0,29517.0,6041.6,30435.0,90.36454545454544,11.766666666666667,55278.73,4853.7,915.0,384.5,72521.63,9961.0,4.723082,2022
2022-03-23 02:00:00+00:00,10.238766,80.46928043999999,0.1585593851031345,0.9873494423939864,7046049.0,92.0,0.8660254037844387,0.4999999999999999,1.0,21587.0,6053.3,33435.0,119.93545454545456,11.966666666666669,45770.6,2665.2,934.0,9.8,0.0,11763.0,6.2268376,2022
2018-06-24 12:00:00+00:00,25.91635,15.1252596,-0.99167731989929,0.1287481774525808,12240822.1,22.25,-1.0,1.2246467991473532e-16,0.0,29019.0,5068.5,40320.0,85.2075,21.8,33015.69,4790.0,1444.0,5242.7,3238847.0,1808.0,1.5440917,2018
2022-10-28 08:00:00+00:00,18.219906,80.46928043999999,0.4520722039323045,-0.8919813464595484,4884752.0,40.0,-0.4999999999999998,0.8660254037844387,1.0,28508.0,5066.1,30305.0,32.56454545454545,22.65,38703.68,3342.9,744.0,3803.9,362476.12,7914.0,3.453782,2022
2021-07-14 08:00:00+00:00,19.739063,46.29497964,-0.9769384927771816,-0.2135209154397959,9598298.0,35.45,-0.4999999999999998,0.8660254037844387,1.0,31430.0,7117.2,40770.0,52.24,22.066666666666663,33319.39,4605.1,825.0,8856.1,1256584.2,6253.0,3.115082,2021
2021-07-14 22:00:00+00:00,20.023674,46.29497964,-0.9769384927771816,-0.2135209154397959,9598298.0,35.45,0.8660254037844384,-0.5000000000000004,1.0,27593.0,7117.2,40510.0,55.02727272727272,22.4,35996.26,4083.4,739.0,593.4,0.0,9532.0,3.3700557,2021
2021-09-16 17:00:00+00:00,22.771303,46.29497964,-0.2511900638848195,-0.9679377830240642,6577502.0,74.5,-0.2588190451025206,-0.9659258262890684,1.0,30287.0,7117.2,43916.0,48.61272727272728,23.73333333333333,46804.85,5642.8,544.0,2294.6,798285.2,3028.0,2.1825662,2021
2019-09-28 11:00:00+00:00,22.676373,22.79031588,-0.0473213883224323,-0.9988797155850336,6541441.0,13.2,-0.9659258262890682,0.258819045102521,0.0,28859.0,7117.2,38665.0,40.11666666666667,22.266666666666666,34836.29,4970.2,484.0,6325.1,2283720.5,810.0,0.51517147,2019
2019-05-16 16:00:00+00:00,19.730957,22.79031588,-0.6963762255968722,0.717676913675962,9909196.0,14.99,-0.5000000000000004,-0.8660254037844385,1.0,30161.0,5122.1,46855.0,47.96083333333334,18.4,43366.75,1960.5,1011.0,3788.2,2012391.5,10065.0,2.7812815,2019
2018-06-24 05:00:00+00:00,18.613922,15.1252596,-0.99167731989929,0.1287481774525808,12240822.1,22.25,0.2588190451025207,0.9659258262890684,0.0,21234.0,5068.5,39535.0,85.2075,21.8,29635.4,3498.0,1382.0,572.4,16988.613,1903.0,2.2161982,2018
2022-07-25 13:00:00+00:00,29.458622,80.46928043999999,-0.9192859697186104,-0.3935902766564669,6608574.0,40.0,-0.9659258262890684,-0.2588190451025203,1.0,35035.0,7117.2,24992.0,46.22818181818182,27.3,36536.13,4282.6,612.0,12089.2,3161360.0,4490.0,3.247673,2022
2018-03-23 07:00:00+00:00,7.9844136,15.1252596,0.1585593851031345,0.9873494423939864,9172002.5,23.5,-0.2588190451025208,0.9659258262890684,1.0,35124.0,6071.9,48565.0,298.62166666666667,9.95,71233.98,4640.3,1673.0,813.4,138282.25,8960.0,6.094427,2018
2018-04-21 05:00:00+00:00,12.651097,15.1252596,-0.3334687789181868,0.9427611433904208,11454573.5,19.5,0.2588190451025207,0.9659258262890684,0.0,23036.0,5066.1,42340.0,606.9184615384615,12.95,35917.64,2908.8,1798.0,99.1,19.68008,6009.0,4.452085,2018
2018-06-22 08:00:00+00:00,21.72427,15.1252596,-0.986657932891657,0.1628070129385171,12240822.1,23.0,-0.4999999999999998,0.8660254037844387,1.0,33979.0,5068.5,44565.0,129.97333333333333,20.6,46055.35,6862.0,1585.0,3724.5,1352271.6,3996.0,2.2531977,2018
2019-10-11 19:00:00+00:00,20.976372,22.79031588,0.1755314904214277,-0.9844738167520924,6275794.0,11.8,0.2588190451025203,-0.9659258262890684,1.0,30810.0,6111.4,42140.0,41.43833333333333,20.6,41859.92,5941.3,564.0,158.2,9.31545,4939.0,3.1424057,2019
2021-01-17 18:00:00+00:00,9.848512,46.29497964,0.9574851883550392,0.288482432880609,9026169.0,27.92,-1.8369701987210292e-16,-1.0,0.0,33196.0,7117.2,53205.0,207.7736363636364,7.5,69193.17,7132.0,1263.0,102.6,14865.932,6015.0,3.5457149,2021
2019-08-05 07:00:00+00:00,21.380571,22.79031588,-0.8287700871745037,-0.5595892624101767,7910767.0,14.2,-0.2588190451025208,0.9659258262890684,1.0,31108.0,7117.2,40970.0,48.86166666666667,25.46666666666667,42916.19,4960.4,671.0,2685.2,556742.6,559.0,0.67217803,2019
2020-03-02 10:00:00+00:00,12.609367,17.2389636,0.4825077417612184,0.8758917051442429,10393202.0,8.9,-0.8660254037844387,0.4999999999999999,1.0,33542.0,7117.2,49529.0,91.81909090909092,12.5,64069.37,2790.5999999999995,1504.0,4311.9,1000419.8,16590.0,12.575292,2020
2019-05-16 19:00:00+00:00,17.169392,22.79031588,-0.6963762255968722,0.717676913675962,9909196.0,14.99,0.2588190451025203,-0.9659258262890684,1.0,30726.0,5122.1,46855.0,47.96083333333334,18.4,45595.38,2007.0,1016.0,737.3,253520.81,10700.0,2.8750968,2019
2020-04-15 10:00:00+00:00,15.051318,17.2389636,-0.2511900638848191,0.9679377830240644,11658137.0,8.06,-0.8660254037844387,0.4999999999999999,1.0,27508.0,5973.1,43255.0,183.8,15.1,38520.74,2284.0,1584.0,3419.7,1791978.1,9143.0,4.873801,2020
2023-05-16 07:00:00+00:00,14.23117,89.55725625000001,-0.6963762255968722,0.717676913675962,9540599.0,26.5,-0.2588190451025208,0.9659258262890684,1.0,26519.0,4104.3,36835.0,67.04636363636365,18.466666666666665,40385.14,3479.6,724.0,9022.5,698664.0,11847.0,5.3473735,2023
2022-02-17 14:00:00+00:00,16.044502,80.46928043999999,0.6776147890466889,0.7354170229639855,6930013.0,66.0,-0.8660254037844386,-0.5000000000000001,1.0,30373.0,7117.2,45012.0,70.17909090909092,10.833333333333334,48109.3,5957.3,640.0,9827.1,1935307.6,4697.0,2.803483,2022
2018-10-21 00:00:00+00:00,16.81591,15.1252596,0.3415707691678551,-0.9398560579418956,7777168.0,25.8,1.0,0.0,0.0,20746.0,7117.2,43775.0,72.60333333333334,19.2,38118.73,1636.1999999999998,606.0,11.6,0.0,6037.0,5.1807885,2018
2022-11-07 19:00:00+00:00,16.341267,80.46928043999999,0.5981809144059166,-0.8013610881746764,5135888.0,40.0,0.2588190451025203,-0.9659258262890684,1.0,29946.0,6071.9,30805.0,34.61454545454546,20.1,41010.71,4407.9,728.0,77.0,0.0,10094.0,4.671074,2022
2018-12-17 18:00:00+00:00,10.031613,15.1252596,0.9711000518829505,-0.2386727660059499,8153074.0,25.5,-1.8369701987210292e-16,-1.0,1.0,37189.0,6121.4,55980.0,157.71833333333333,11.3,76008.12,6297.4,1507.0,68.9,716.304,5241.0,1.6541295,2018
2018-06-03 09:00:00+00:00,17.610216,15.1252596,-0.8820480249558534,0.4711595076738641,12098391.3,21.97,-0.7071067811865475,0.7071067811865476,0.0,24919.0,4676.8,43778.0,437.3,16.4,36504.28,3889.1,1630.0,3426.6,1488032.4,3001.0,2.3123536,2018
2021-04-19 00:00:00+00:00,10.784934,46.29497964,-0.3008198076356675,0.9536809966304456,11503922.0,22.5,1.0,0.0,1.0,20895.0,6111.4,38325.0,50.69636363636364,14.9,48432.41,3992.3,824.0,211.8,0.0,2677.0,1.3349159,2021
2019-03-29 11:00:00+00:00,14.881679,22.79031588,0.0559169901006032,0.9984354211555644,9021714.0,17.2,-0.9659258262890682,0.258819045102521,1.0,32440.0,7117.2,50170.0,56.70499999999999,14.133333333333333,50141.85,5507.6,851.0,5307.3,2644822.5,5521.0,4.488939,2019
2018-06-19 05:00:00+00:00,17.66687,15.1252596,-0.9769384927771816,0.2135209154397961,12240822.1,23.91,0.2588190451025207,0.9659258262890684,1.0,28375.0,5068.5,44535.0,181.485,19.65,43257.9,4404.0,1516.0,558.5,18140.041,6627.0,3.4019678,2018
2018-10-19 06:00:00+00:00,15.373543,15.1252596,0.3090169943749472,-0.9510565162951536,7777168.0,27.45,6.123233995736766e-17,1.0,1.0,30742.0,7117.2,46425.0,74.63333333333333,19.266666666666666,51477.1,1960.9,669.0,39.3,7.121709,8260.0,3.7277179,2018
2022-12-10 04:00:00+00:00,10.948051,80.46928043999999,0.935367949313148,-0.3536761221763721,5758229.0,40.0,0.5000000000000001,0.8660254037844386,0.0,20242.0,7117.2,40725.0,40.11545454545455,12.5,54612.98,3326.4,756.0,0.0,0.0,12585.0,5.23459,2022
2019-04-28 11:00:00+00:00,17.465075,22.79031588,-0.4443781781046132,0.895839290734909,9241342.0,17.08,-0.9659258262890682,0.258819045102521,0.0,25478.0,6125.5,43965.0,115.89,15.966666666666669,41184.35,5203.0,1348.0,5380.2,2939783.2,3451.0,2.9521253,2019
2022-12-18 22:00:00+00:00,11.681911,80.46928043999999,0.9750645322571948,-0.2219215130041658,6191200.0,40.0,0.8660254037844384,-0.5000000000000004,0.0,25051.0,7117.2,41075.0,65.12181818181817,12.7,52560.89,3055.3,972.0,44.6,0.0,10460.0,5.648914,2022
2021-07-15 21:00:00+00:00,21.816236,46.29497964,-0.973118337233262,-0.2303056702306119,9598298.0,35.37,0.7071067811865474,-0.7071067811865477,1.0,28490.0,7117.2,39776.0,55.02727272727272,22.4,43530.54,5346.7,769.0,536.6,102.50174,10042.0,3.0047321,2021
2021-03-01 13:00:00+00:00,13.467872,46.29497964,0.5123714121284237,0.8587639582758029,12602854.0,16.47,-0.9659258262890684,-0.2588190451025203,1.0,31346.0,7117.2,40215.0,197.94272727272727,10.866666666666664,52712.89,4773.9,1681.0,4468.4,1885988.2,8978.0,5.1406913,2021
2018-03-02 06:00:00+00:00,8.637945,15.1252596,0.4975132889071806,0.8674563547295969,5770462.4,35.0,6.123233995736766e-17,1.0,1.0,32285.0,7117.2,52965.0,333.11538461538464,8.3,72378.52,3218.3,1586.0,18.4,0.0,9537.0,6.194116,2018
2019-05-16 05:00:00+00:00,13.256561,22.79031588,-0.6963762255968722,0.717676913675962,9909196.0,14.99,0.2588190451025207,0.9659258262890684,1.0,27640.0,5122.1,46855.0,47.96083333333334,18.4,49081.76,2330.5,1083.0,402.4,7317.969,2837.0,1.315652,2019
2022-08-24 20:00:00+00:00,24.518007,80.46928043999999,-0.6050560696488494,-0.7961828637826154,5812377.0,40.0,0.5000000000000001,-0.8660254037844386,1.0,31065.0,7117.2,23816.0,45.233,26.100000000000005,43475.42,5220.7,608.0,489.5,1380.9757,4504.0,0.7826864,2022
2022-05-22 12:00:00+00:00,23.054235,80.46928043999999,-0.766658819300159,0.6420547132365637,7898472.0,73.0,-1.0,1.2246467991473532e-16,0.0,25439.0,5122.1,29475.0,48.06818181818182,21.7,30852.39,3345.8,828.0,11160.0,3025443.8,8877.0,3.128334,2022
2019-08-21 21:00:00+00:00,22.136015,22.79031588,-0.64534811322955,-0.7638886127905429,7515195.0,10.99,0.7071067811865474,-0.7071067811865477,1.0,27889.0,7117.2,39733.0,59.798333333333325,23.6,43578.41,5150.7,575.0,493.1,0.0,5978.0,4.0948534,2019
2023-03-14 09:00:00+00:00,12.293966,89.55725625000001,0.3090169943749474,0.9510565162951536,9946780.0,48.0,-0.7071067811865475,0.7071067811865476,1.0,29107.0,7117.2,35550.0,92.20363636363636,13.933333333333332,35958.72,5139.6,1308.0,10527.4,1108370.6,10847.0,5.5940547,2023
2023-01-15 07:00:00+00:00,9.163739,89.55725625000001,0.9668478136052776,0.255353295116187,9141747.0,45.0,-0.2588190451025208,0.9659258262890684,0.0,21357.0,7117.2,40212.0,56.00727272727273,13.2,35751.48,2211.5,1080.0,28.0,4.387481,10167.0,4.8411336,2023
2022-02-03 09:00:00+00:00,9.688623,80.46928043999999,0.8335557718385699,0.5524353131676196,7003277.0,77.0,-0.7071067811865475,0.7071067811865476,1.0,33380.0,7117.2,48656.0,111.4590909090909,8.133333333333333,67881.76,6434.2,669.0,5423.8,560480.25,2866.0,2.0730312,2022
2019-10-04 18:00:00+00:00,21.348768,22.79031588,0.055916990100603,-0.9984354211555644,6406922.0,13.2,-1.8369701987210292e-16,-1.0,1.0,31356.0,7117.2,43310.0,43.55083333333334,20.8,45387.39,5704.0,560.0,562.6,128759.83,2780.0,2.8522193,2019
2022-03-09 02:00:00+00:00,8.155349,80.46928043999999,0.3896304495307879,0.9209712877166346,6793423.0,240.0,0.8660254037844387,0.4999999999999999,1.0,22652.0,7117.2,43170.0,96.51090909090908,11.033333333333331,53331.08,3118.9,680.0,8.4,0.0,5429.0,2.289622,2022
2022-12-13 23:00:00+00:00,14.766007,80.46928043999999,0.9523775757303972,-0.3049212246562894,6191200.0,40.0,0.9659258262890684,-0.2588190451025207,1.0,25366.0,7117.2,42100.0,57.89909090909091,12.5,64993.75,3325.5,1200.0,0.0,0.0,13877.0,8.139517,2022
2022-07-17 21:00:00+00:00,26.069345,80.46928043999999,-0.9646141756912436,-0.2636654927280072,7037432.0,40.0,0.7071067811865474,-0.7071067811865477,0.0,30268.0,7117.2,25035.0,44.74,27.5,42714.47,5160.7,568.0,562.7,68.03776,6105.0,1.7088182,2022
2023-03-28 01:00:00+00:00,10.572055,89.55725625000001,0.0730951298980775,0.9973249731081556,10208205.0,41.0,0.9659258262890684,0.2588190451025207,1.0,21507.0,7117.2,35888.0,50.28454545454545,14.366666666666664,44691.17,4348.2,884.0,199.0,0.0,3190.0,2.0737364,2023
2022-08-05 12:00:00+00:00,28.080753,80.46928043999999,-0.8287700871745037,-0.5595892624101767,6357621.0,40.0,-1.0,1.2246467991473532e-16,1.0,34733.0,7117.2,26306.0,44.653636363636366,27.53333333333333,37081.32,5277.299999999999,580.0,12990.6,3028198.0,5872.0,1.5171369,2022
2020-12-26 20:00:00+00:00,5.8446465,17.2389636,0.9976303053065856,-0.0688024268023197,9231297.0,18.65,0.5000000000000001,-0.8660254037844386,0.0,29821.0,7117.2,51315.0,141.82999999999998,8.966666666666667,54965.37,5686.5,1504.0,42.0,0.0,5644.0,3.3350797,2020
2019-01-10 17:00:00+00:00,8.260745,22.79031588,0.9852201067560606,0.1712931441814776,8006637.0,25.5,-0.2588190451025206,-0.9659258262890684,1.0,37945.0,7117.2,55405.0,55.82250000000001,8.233333333333333,79913.6,7838.0,957.0,405.9,206134.56,10187.0,5.6527243,2019
2018-09-24 17:00:00+00:00,24.761827,15.1252596,-0.1159345995955006,-0.9932568492674144,8374465.0,29.05,-0.2588190451025206,-0.9659258262890684,1.0,32714.0,7117.2,45315.0,54.56916666666666,23.46666666666667,47522.74,6024.1,676.0,1668.1,820762.9,9025.0,4.145193,2018
2023-01-18 01:00:00+00:00,7.5371985,89.55725625000001,0.9523775757303976,0.304921224656289,9606485.0,45.0,0.9659258262890684,0.2588190451025207,1.0,23841.0,7117.2,43670.0,290.69416666666666,12.3,57219.51,1034.1999999999998,1204.0,0.0,0.0,17347.0,10.447058,2023
2020-06-12 19:00:00+00:00,17.7052,17.2389636,-0.9497178427914318,0.3131070409358265,12734095.0,5.25,0.2588190451025203,-0.9659258262890684,1.0,26629.0,4847.2,33555.0,91.38363636363636,19.933333333333334,39232.13,3229.3,1340.0,743.2,362803.3,10495.0,5.9859047,2020
2021-03-09 02:00:00+00:00,8.260922,46.29497964,0.3896304495307879,0.9209712877166346,12602854.0,17.0,0.8660254037844387,0.4999999999999999,1.0,22860.0,7117.2,44375.0,177.01000000000002,11.9,55881.15,2363.6,1319.0,18.2,0.0,6864.0,4.270503,2021
2022-11-28 01:00:00+00:00,11.184353,80.46928043999999,0.8429415373547827,-0.5380051715383,5768825.0,40.0,0.9659258262890684,0.2588190451025207,1.0,20281.0,6071.9,33113.0,50.22727272727273,16.233333333333334,43566.32,2170.4,932.0,26.6,0.0,10534.0,3.9644382,2022
2018-10-19 05:00:00+00:00,15.425944,15.1252596,0.3090169943749472,-0.9510565162951536,7777168.0,27.45,0.2588190451025207,0.9659258262890684,1.0,28861.0,7117.2,46425.0,74.63333333333333,19.266666666666666,48741.6,1271.8000000000002,652.0,8.1,0.0,8119.0,3.6830647,2018
2019-10-27 03:00:00+00:00,14.212687,22.79031588,0.436651231956063,-0.8996308696522438,6284356.0,12.5,0.7071067811865476,0.7071067811865476,0.0,19111.0,6111.4,37725.0,75.10666666666667,17.366666666666667,34750.0,3287.4,765.0,18.6,0.0,2717.0,1.6426234,2019
2019-06-25 05:00:00+00:00,18.143795,22.79031588,-0.993746580436178,0.1116590071216946,9422077.0,13.3,0.2588190451025207,0.9659258262890684,1.0,27474.0,7117.2,45843.0,42.2075,23.366666666666664,43737.48,4639.9,868.0,413.2,16905.06,946.0,1.1028628,2019
2018-11-25 12:00:00+00:00,13.5654125,15.1252596,0.8140460935082175,-0.5808002734538013,7927348.0,25.8,-1.0,1.2246467991473532e-16,0.0,28125.0,5110.1,47225.0,111.63583333333334,12.533333333333331,57440.0,3859.5,1229.0,1480.3,1146746.5,6814.0,7.4426103,2018
2018-10-25 18:00:00+00:00,18.311949,15.1252596,0.4054257283599965,-0.914127988185334,7728196.0,25.95,-1.8369701987210292e-16,-1.0,1.0,32665.0,7117.2,44910.0,51.303333333333335,17.599999999999998,55598.93,6783.4,723.0,219.1,19510.494,1293.0,0.87784714,2018
2023-10-21 13:00:00+00:00,17.387972,89.55725625000001,0.3415707691678551,-0.9398560579418956,6686078.0,44.41,-0.9659258262890684,-0.2588190451025203,0.0,22568.0,4765.8,39411.0,37.89545454545455,19.6,16951.66,3763.3,820.0,11031.9,1869934.2,6838.0,4.3509035,2023
2021-05-06 06:00:00+00:00,12.811608,46.29497964,-0.5631507242749186,0.8263541987239096,11235497.0,24.3,6.123233995736766e-17,1.0,1.0,29314.0,7117.2,38710.0,55.57727272727273,18.13333333333333,52930.96,4050.9,1163.0,2447.0,140166.55,4218.0,1.4588063,2021
2019-09-17 08:00:00+00:00,20.415121,22.79031588,-0.2344913895704105,-0.9721181966290612,6721584.0,14.0,-0.4999999999999998,0.8660254037844387,1.0,31839.0,7117.2,40872.0,53.92000000000001,22.7,48424.35,5765.9,547.0,2817.7,701641.7,854.0,0.8186244,2019
2022-08-20 18:00:00+00:00,27.523756,80.46928043999999,-0.6584015846980489,-0.7526668275320083,5982421.0,40.0,-1.8369701987210292e-16,-1.0,0.0,26040.0,7117.2,24721.0,45.440000000000005,24.2,36432.91,3924.8,544.0,3897.8,761968.25,3960.0,1.6548148,2022
2018-05-27 19:00:00+00:00,17.548239,15.1252596,-0.8190148866680798,0.5737722679043249,11943098.0,22.5,0.2588190451025203,-0.9659258262890684,0.0,26604.0,4076.8,42765.0,197.0433333333333,17.75,39406.72,3516.9,1623.0,243.7,265554.2,3589.0,2.6198456,2018
2020-03-02 12:00:00+00:00,12.970421,17.2389636,0.4825077417612184,0.8758917051442429,10393202.0,8.9,-1.0,1.2246467991473532e-16,1.0,33312.0,7117.2,49529.0,91.81909090909092,12.5,62177.0,2448.2,1502.0,5287.3,1829584.2,17000.0,12.608202,2020
2023-10-20 09:00:00+00:00,16.36372,89.55725625000001,0.3253420847119803,-0.9455963874271424,6686078.0,42.44,-0.7071067811865475,0.7071067811865476,1.0,27783.0,4765.8,43010.0,37.86545454545455,20.73333333333333,39889.95,1196.0,740.0,6232.8,697606.0,18314.0,10.571169,2023
2021-04-08 09:00:00+00:00,12.401468,46.29497964,-0.1159345995955004,0.9932568492674144,12000960.0,20.4,-0.7071067811865475,0.7071067811865476,1.0,32072.0,6111.4,38190.0,51.04636363636364,14.5,60865.68,4854.8,1069.0,5552.7,1452140.1,5680.0,3.4643514,2021
2020-09-20 05:00:00+00:00,18.225819,17.2389636,-0.1670516255021195,-0.9859481499638304,8792826.0,11.15,0.2588190451025207,0.9659258262890684,0.0,19986.0,7117.2,35260.0,56.26454545454546,22.566666666666663,31290.84,2759.4,543.0,31.6,0.0,3825.0,3.6197393,2020
2018-09-16 16:00:00+00:00,25.62949,15.1252596,-0.2511900638848195,-0.9679377830240642,8868060.9,28.0,-0.5000000000000004,-0.8660254037844385,0.0,25366.0,7117.2,45590.0,53.13333333333333,23.03333333333333,37587.97,4212.7,682.0,2471.3,1414624.0,2076.0,1.5430007,2018
2023-10-05 11:00:00+00:00,24.267069,89.55725625000001,0.0730951298980768,-0.9973249731081556,6899173.0,34.25,-0.9659258262890682,0.258819045102521,1.0,29358.0,6923.0,41706.0,32.008,23.5,37761.63,3226.9,348.0,15158.5,2243879.8,1530.0,1.2297822,2023
2022-05-23 02:00:00+00:00,17.273832,80.46928043999999,-0.7775971469736267,0.6287628145958347,7899578.0,79.76,0.8660254037844387,0.4999999999999999,1.0,20629.0,5122.1,29475.0,46.76454545454546,21.666666666666668,30561.25,2690.5,868.0,336.4,0.0,6284.0,4.3457704,2022
2021-09-12 16:00:00+00:00,26.882254,46.29497964,-0.3171912885891059,-0.9483615800121716,6783967.0,59.5,-0.5000000000000004,-0.8660254037844385,0.0,25727.0,7117.2,42782.0,47.88272727272727,24.23333333333333,34280.61,3546.3,506.0,6294.4,1622445.4,2820.0,2.199026,2021
2021-03-20 18:00:00+00:00,10.086737,46.29497964,0.2093146459630487,0.9778483415056568,12507948.0,18.0,-1.8369701987210292e-16,-1.0,0.0,28636.0,6111.4,44405.0,121.94181818181818,12.4,60199.69,3479.2,1043.0,847.3,404184.72,14007.0,8.119726,2021
2019-04-08 16:00:00+00:00,14.520637,22.79031588,-0.1159345995955004,0.9932568492674144,8866221.0,18.5,-0.5000000000000004,-0.8660254037844385,1.0,30548.0,6071.9,48610.0,55.330000000000005,14.2,53029.75,3806.9,956.0,1782.1,1596777.0,8808.0,6.327373,2019
2020-04-10 20:00:00+00:00,14.230994,17.2389636,-0.167051625502119,0.9859481499638304,11312209.0,8.0,0.5000000000000001,-0.8660254037844386,0.0,21608.0,7030.4,43790.0,137.26636363636362,14.699999999999998,39011.34,5109.9,1501.0,103.0,138.04669,3090.0,0.37705895,2020
2022-10-28 10:00:00+00:00,20.699139,80.46928043999999,0.4520722039323045,-0.8919813464595484,4884752.0,40.0,-0.8660254037844387,0.4999999999999999,1.0,28536.0,5066.1,30305.0,32.56454545454545,22.65,36897.1,3053.7,736.0,7729.5,1292946.1,7513.0,3.3073237,2022
2022-07-04 14:00:00+00:00,26.661976,80.46928043999999,-0.99907411510223,-0.0430222330045303,7194500.0,40.0,-0.8660254037844386,-0.5000000000000001,1.0,32431.0,7117.2,28380.0,44.396,24.5,39190.22,5222.3,624.0,11916.3,3028016.8,5063.0,1.3739668,2022
2021-01-24 08:00:00+00:00,10.3132715,46.29497964,0.9158642882672872,0.401487989205973,9366925.0,23.97,-0.4999999999999998,0.8660254037844387,0.0,25577.0,7117.2,51370.0,273.8908333333333,8.733333333333333,59743.59,2578.8,1504.0,1136.8,55084.83,14894.0,9.310298,2021
2023-08-03 11:00:00+00:00,24.59564,89.55725625000001,-0.847540922892831,-0.5307300481619335,8090382.0,27.8,-0.9659258262890682,0.258819045102521,1.0,32083.0,7117.2,33016.0,33.88727272727272,26.5,30423.47,2237.4,480.0,16391.2,2649142.8,7163.0,4.4282384,2023
2023-01-16 14:00:00+00:00,11.966279,89.55725625000001,0.9623090774541486,0.2719581575341055,9606485.0,45.0,-0.8660254037844386,-0.5000000000000001,1.0,31152.0,7117.2,43670.0,58.85090909090909,13.0,47559.65,2258.5,1332.0,3889.0,849400.1,17972.0,11.876283,2023
2019-07-11 08:00:00+00:00,23.752829,22.79031588,-0.9866579328916572,-0.1628070129385164,8965089.0,14.6,-0.4999999999999998,0.8660254037844387,1.0,34191.0,7117.2,43808.0,58.22727272727273,24.633333333333336,47603.3,6035.1,881.0,3966.6,1449283.5,1331.0,1.6851373,2019
2023-02-26 06:00:00+00:00,6.439261,89.55725625000001,0.5560174366570445,0.831170626365808,9817436.0,49.7,6.123233995736766e-17,1.0,0.0,21388.0,6121.4,38865.0,93.22454545454544,11.3,42014.98,4617.1,844.0,4.2,0.0,11017.0,4.128436,2023
2023-09-25 21:00:00+00:00,19.996504,89.55725625000001,-0.0988201387328721,-0.9951053111006974,7052792.0,42.48,0.7071067811865474,-0.7071067811865477,1.0,24670.0,5983.0,39926.0,36.06272727272728,21.433333333333334,41203.72,5339.2,448.0,723.0,0.0,3501.0,1.8140659,2023
2019-12-10 06:00:00+00:00,8.056205,22.79031588,0.935367949313148,-0.3536761221763721,8160557.0,14.0,6.123233995736766e-17,1.0,1.0,31042.0,6071.9,46836.0,134.8709090909091,11.066666666666668,68749.64,5230.0,1474.0,38.2,0.0,7029.0,3.9842799,2019
2020-12-24 10:00:00+00:00,10.912989,17.2389636,0.9946708199115212,-0.1031016974474354,9231297.0,18.8,-0.8660254037844387,0.4999999999999999,1.0,29279.0,7117.2,52130.0,144.19636363636363,10.533333333333331,48649.2,3739.7,1541.0,3011.1,638914.5,3485.0,2.7759302,2020
2023-10-25 03:00:00+00:00,16.069073,89.55725625000001,0.4054257283599965,-0.914127988185334,7110879.0,46.26,0.7071067811865476,0.7071067811865476,1.0,20477.0,4065.8,41335.0,49.693636363636365,18.3,26989.25,2228.7,820.0,4.3,0.0,15469.0,7.56456,2023
2018-03-02 20:00:00+00:00,11.527856,15.1252596,0.4975132889071806,0.8674563547295969,5770462.4,35.0,0.5000000000000001,-0.8660254037844386,1.0,35286.0,6071.9,52950.0,333.11538461538464,8.3,70567.88,3905.8,1636.0,3.2,0.0,13772.0,8.89904,2018
2020-07-28 11:00:00+00:00,27.000624,17.2389636,-0.8900275764346768,-0.4559066935084586,11141120.0,7.3,-0.9659258262890682,0.258819045102521,1.0,37638.0,7117.2,34815.0,62.02181818181818,26.2,44511.66,5433.6,855.0,8709.8,2756382.5,4673.0,1.7561687,2020
2019-07-11 13:00:00+00:00,28.369255,22.79031588,-0.9866579328916572,-0.1628070129385164,8965089.0,14.6,-0.9659258262890684,-0.2588190451025203,1.0,35863.0,7117.2,43808.0,58.22727272727273,24.633333333333336,46057.03,6574.2,915.0,5136.7,3399748.2,2284.0,0.9548082,2019
2021-05-08 12:00:00+00:00,21.764568,46.29497964,-0.5912614448635781,0.8064799463209448,11235497.0,24.16,-1.0,1.2246467991473532e-16,0.0,26925.0,7117.2,35736.0,49.8518181818182,19.766666666666666,32378.35,2475.6,954.0,10164.1,3322060.8,11161.0,3.9193535,2021
2018-10-12 10:00:00+00:00,21.107428,15.1252596,0.1924515819708299,-0.9813064702716092,7843930.0,26.8,-0.8660254037844387,0.4999999999999999,0.0,25880.0,7117.2,42830.0,47.14833333333333,20.066666666666663,46024.22,4779.200000000001,544.0,2911.8,1520048.4,6074.0,3.5859816,2018
2022-02-17 23:00:00+00:00,10.57798,80.46928043999999,0.6776147890466889,0.7354170229639855,6930013.0,66.0,0.9659258262890684,-0.2588190451025207,1.0,26464.0,7117.2,44831.0,68.96909090909091,11.066666666666668,51698.64,5296.3,733.0,33.6,0.0,4958.0,1.6965238,2022
2020-04-23 04:00:00+00:00,12.094428,17.2389636,-0.3816892202666589,0.9242907221930932,12134569.0,6.7,0.5000000000000001,0.8660254037844386,1.0,20692.0,5910.1,41575.0,216.35818181818183,15.199999999999998,36213.52,3653.0,1682.0,60.5,0.0,2115.0,2.600722,2020
2023-05-22 09:00:00+00:00,16.756716,89.55725625000001,-0.766658819300159,0.6420547132365637,9432440.0,28.88,-0.7071067811865475,0.7071067811865476,1.0,26082.0,6121.4,35895.0,41.19,19.566666666666663,38008.72,4876.2,620.0,8784.4,1691718.6,4405.0,4.044954,2023
2021-06-15 04:00:00+00:00,19.25963,46.29497964,-0.9599326896597444,0.2802306751992163,10722206.0,29.5,0.5000000000000001,0.8660254037844386,1.0,26317.0,5068.5,39675.0,51.00363636363636,24.33333333333333,38236.42,3277.5,924.0,144.7,0.0,5145.0,2.404381,2021
2020-11-25 03:00:00+00:00,10.289088,17.2389636,0.8239230057575542,-0.5667017562911177,8494958.0,15.21,0.7071067811865476,0.7071067811865476,1.0,23006.0,7117.2,51662.0,68.27545454545454,12.366666666666667,48303.59,2610.1,673.0,10.9,0.0,4177.0,3.085065,2020
2022-10-24 15:00:00+00:00,21.233297,80.46928043999999,0.3896304495307877,-0.9209712877166348,4884752.0,39.0,-0.7071067811865477,-0.7071067811865475,1.0,27512.0,5066.1,32105.0,34.5,23.0,31866.54,4563.2,756.0,5238.1,1196003.0,5332.0,3.7039213,2022
2019-03-03 15:00:00+00:00,17.415741,22.79031588,0.4825077417612184,0.8758917051442429,8865013.0,18.99,-0.7071067811865477,-0.7071067811865475,0.0,23921.0,7117.2,45666.0,121.43250000000002,11.300000000000002,33466.56,2196.6,925.0,3854.6,1937500.1,8927.0,5.542502,2019
2021-10-07 01:00:00+00:00,15.610564,46.29497964,0.1073813466641621,-0.994217906893952,6211446.0,130.0,0.9659258262890684,0.2588190451025207,1.0,22261.0,7117.2,41182.0,41.17909090909091,19.0,38262.14,3789.6,468.0,70.0,0.0,4638.0,3.128872,2021
2021-04-09 14:00:00+00:00,14.895642,46.29497964,-0.1330147065341959,0.9911140639934548,12000960.0,19.8,-0.8660254037844386,-0.5000000000000001,1.0,28873.0,6111.4,39520.0,51.9,14.4,41419.52,4544.3,1031.0,4530.6,2002026.5,4629.0,2.89368,2021
2022-05-23 12:00:00+00:00,21.605692,80.46928043999999,-0.7775971469736267,0.6287628145958347,7899578.0,79.76,-1.0,1.2246467991473532e-16,1.0,30291.0,5122.1,28145.0,46.76454545454546,21.666666666666668,39592.32,3485.8,889.0,12893.8,3038133.8,5775.0,4.4274993,2022
2020-12-02 07:00:00+00:00,8.888279,17.2389636,0.8860706215341378,-0.4635502709028512,8372287.0,17.5,-0.2588190451025208,0.9659258262890684,1.0,32616.0,6989.9,49925.0,71.27,12.166666666666666,69550.8,4217.4,812.0,255.9,411.59662,11472.0,5.1919,2020
2020-10-12 14:00:00+00:00,18.042326,17.2389636,0.209314645963048,-0.9778483415056568,8253016.0,12.17,-0.8660254037844386,-0.5000000000000001,0.0,22299.0,6125.5,42805.0,75.62090909090908,16.966666666666665,47574.88,5307.3,677.0,7597.2,2002670.1,6488.0,4.7578173,2020
2020-09-22 19:00:00+00:00,20.758348,17.2389636,-0.1330147065341963,-0.9911140639934546,8554046.0,12.05,0.2588190451025203,-0.9659258262890684,1.0,31123.0,7117.2,37225.0,62.5,22.33333333333333,44338.51,5152.9,584.0,203.3,5833.57,3396.0,3.330913,2020
2020-09-06 22:00:00+00:00,20.583519,17.2389636,-0.3975428142825566,-0.9175836260593934,9363826.0,12.0,0.8660254037844384,-0.5000000000000004,1.0,23445.0,6121.4,33905.0,52.200909090909086,22.33333333333333,37082.39,3989.4,596.0,526.8,0.0,11638.0,3.2807012,2020
2018-06-15 15:00:00+00:00,23.291712,15.1252596,-0.9599326896597444,0.2802306751992163,12408446.3,25.5,-0.7071067811865477,-0.7071067811865475,1.0,31252.0,5068.5,42570.0,366.7807692307693,17.6,42079.18,6813.0,1695.0,4761.6,2565451.5,3797.0,2.8296998,2018
2020-10-28 11:00:00+00:00,16.659473,17.2389636,0.467359217158002,-0.8840675099433637,8440297.0,15.0,-0.9659258262890682,0.258819045102521,1.0,31773.0,6125.5,45217.0,115.8818181818182,15.8,47096.42,5723.3,1160.0,5525.1,1419228.2,4355.0,2.7948987,2020
2018-01-11 14:00:00+00:00,10.562109,15.1252596,0.9821256058680006,0.1882267098432442,5284527.7,22.89,-0.8660254037844386,-0.5000000000000001,1.0,35341.0,6053.3,58560.0,216.15166666666667,9.1,66919.61,4733.7,1174.0,2043.9,1181187.5,13102.0,8.83205,2018
2020-02-24 08:00:00+00:00,9.275109,17.2389636,0.5842981736283684,0.811539059007361,10318969.0,10.87,-0.4999999999999998,0.8660254037844387,1.0,33251.0,7117.2,50174.0,94.69818181818182,10.966666666666669,56611.130000000005,5577.3,1131.0,3027.7,293204.4,1801.0,0.6333428,2020
2021-03-08 23:00:00+00:00,8.954513,46.29497964,0.4054257283599973,0.9141279881853336,12602854.0,17.8,0.9659258262890684,-0.2588190451025207,1.0,25753.0,7117.2,44375.0,177.01000000000002,11.9,60434.32,3518.7,1408.0,14.7,0.0,7455.0,4.2956295,2021
2021-02-21 04:00:00+00:00,11.333808,46.29497964,0.6254105729852463,0.7802958510707755,12156166.0,16.08,0.5000000000000001,0.8660254037844386,0.0,20770.0,6113.8,43120.0,197.2590909090909,10.466666666666669,38330.39,2895.7,1514.0,18.5,0.0,10959.0,4.551356,2021
2020-12-28 22:00:00+00:00,8.428797,17.2389636,0.9994074007397048,-0.0344216116227458,9415749.0,19.48,0.8660254037844384,-0.5000000000000004,1.0,28308.0,7117.2,50935.0,157.29272727272726,8.466666666666667,60627.98,3624.5,1479.0,12.4,0.0,15322.0,8.569501,2020
2020-05-01 17:00:00+00:00,19.27012,17.2389636,-0.5049610547215204,0.8631421280499114,12486925.0,6.23,-0.2588190451025206,-0.9659258262890684,0.0,19188.0,5110.1,37350.0,229.0309090909091,15.533333333333331,32681.44,3108.0,1698.0,3194.7,1186859.5,11111.0,7.1417875,2020
2022-04-02 00:00:00+00:00,6.6479764,80.46928043999999,-0.012910296075009,0.999916658654738,7240210.0,124.0,1.0,0.0,0.0,22379.0,6041.6,31340.0,90.36454545454544,11.766666666666667,50075.58,2323.6,834.0,85.5,0.0,9633.0,5.553451,2022
2021-03-09 05:00:00+00:00,7.5901995,46.29497964,0.3896304495307879,0.9209712877166346,12602854.0,17.0,0.2588190451025207,0.9659258262890684,1.0,26245.0,7117.2,44375.0,177.01000000000002,11.9,62026.53,2737.1,1363.0,16.1,0.0,6213.0,4.2490907,2021
2023-08-22 03:00:00+00:00,23.502092,89.55725625000001,-0.6321034111873488,-0.7748840413670406,7451239.0,40.6,0.7071067811865476,0.7071067811865476,1.0,24212.0,6947.5,33424.0,38.03727272727273,27.96666666666667,34739.26,3804.6,488.0,302.5,0.0,4418.0,2.5590284,2023
2019-12-17 16:00:00+00:00,12.324443,22.79031588,0.9711000518829505,-0.2386727660059499,8628229.0,12.65,-0.5000000000000004,-0.8660254037844385,1.0,34218.0,6071.9,43320.0,478.53,10.5,61461.12,6801.6,1748.0,469.6,346885.28,4874.0,2.2277112,2019
2021-05-06 19:00:00+00:00,18.14014,46.29497964,-0.5631507242749186,0.8263541987239096,11235497.0,24.3,0.2588190451025203,-0.9659258262890684,1.0,30388.0,7117.2,38710.0,55.57727272727273,18.13333333333333,44133.92,4660.8,1158.0,804.3,235186.97,7625.0,3.7721324,2021
2022-11-07 01:00:00+00:00,13.114322,80.46928043999999,0.5981809144059166,-0.8013610881746764,5135888.0,40.0,0.9659258262890684,0.2588190451025207,1.0,18930.0,6071.9,30805.0,34.61454545454546,20.1,31640.18,3488.7,660.0,23.6,0.0,5460.0,1.5293143,2022
2023-01-15 20:00:00+00:00,9.502061,89.55725625000001,0.9668478136052776,0.255353295116187,9141747.0,45.0,0.5000000000000001,-0.8660254037844386,0.0,30054.0,7117.2,43665.0,56.00727272727273,13.2,43579.21,4130.4,1308.0,19.5,0.0,13952.0,6.4836054,2023
2018-11-25 10:00:00+00:00,12.673634,15.1252596,0.8140460935082175,-0.5808002734538013,7927348.0,25.8,-0.8660254037844387,0.4999999999999999,0.0,27568.0,5110.1,47225.0,111.63583333333334,12.533333333333331,57042.44,3811.7,1253.0,1215.3,695278.06,6266.0,7.040896,2018
2018-02-14 09:00:00+00:00,9.378483,15.1252596,0.7146733860429609,0.699458327051647,5458728.1,21.03,-0.7071067811865475,0.7071067811865476,1.0,38203.0,7117.2,56895.0,379.8992307692307,8.0,79856.35,3993.9,1376.0,1233.3,463151.62,11352.0,5.179387,2018
2018-02-11 21:00:00+00:00,10.344166,15.1252596,0.7498264012045687,0.6616346182422783,5358573.3,21.07,0.7071067811865474,-0.7071067811865477,0.0,32389.0,7117.2,57360.0,263.5108333333333,7.699999999999999,63382.77,5440.2,1305.0,93.1,0.0,9376.0,6.049255,2018
2023-12-10 17:00:00+00:00,15.135203,89.55725625000001,0.935367949313148,-0.3536761221763721,9349226.0,36.83,-0.2588190451025206,-0.9659258262890684,0.0,26427.0,6125.5,44390.0,122.64727272727272,11.866666666666667,40228.65,5134.9,1316.0,167.1,80081.39,10913.0,4.0132403,2023
2023-12-09 10:00:00+00:00,13.32564,89.55725625000001,0.9291414114031744,-0.3697245428906732,9349226.0,38.93,-0.8660254037844387,0.4999999999999999,0.0,25866.0,6125.5,44820.0,124.81727272727272,11.566666666666668,39682.54,3367.2,1196.0,6076.0,702754.3,13180.0,4.6408854,2023
2022-08-20 14:00:00+00:00,28.863369,80.46928043999999,-0.6584015846980489,-0.7526668275320083,5982421.0,40.0,-0.8660254037844386,-0.5000000000000001,0.0,25808.0,7117.2,24721.0,45.440000000000005,24.2,28121.5,2943.1,544.0,12675.6,3000741.5,2741.0,1.1400371,2022
2021-01-17 11:00:00+00:00,10.152121,46.29497964,0.9574851883550392,0.288482432880609,9026169.0,27.92,-0.9659258262890682,0.258819045102521,0.0,30549.0,7117.2,52005.0,207.7736363636364,7.5,64760.73,5525.4,1118.0,6416.4,1261403.1,5016.0,3.0293553,2021
2019-04-08 23:00:00+00:00,11.037092,22.79031588,-0.1159345995955004,0.9932568492674144,8866221.0,18.5,0.9659258262890684,-0.2588190451025207,1.0,24935.0,6071.9,49235.0,53.89666666666667,14.766666666666666,52259.26,2331.8,898.0,51.4,0.0,8787.0,6.038759,2019
2021-02-08 19:00:00+00:00,10.8146925,46.29497964,0.7829801036770629,0.6220467484408675,12156166.0,18.0,0.2588190451025203,-0.9659258262890684,1.0,34911.0,7117.2,48610.0,387.6641666666667,9.4,73990.74,4856.799999999999,1724.0,14.1,47.308495,15817.0,9.477437,2021
2023-04-02 08:00:00+00:00,11.235434,89.55725625000001,-0.012910296075009,0.999916658654738,10208205.0,43.76,-0.4999999999999998,0.8660254037844387,0.0,21542.0,7117.2,36250.0,37.488181818181815,15.1,34555.28,3039.6,864.0,9219.9,829261.7,10996.0,6.1827874,2023
2023-08-17 16:00:00+00:00,28.756325,89.55725625000001,-0.6963762255968724,-0.7176769136759618,7667381.0,37.25,-0.5000000000000004,-0.8660254037844385,1.0,30247.0,7043.3,38428.0,37.12727272727273,26.866666666666664,36683.42,3341.3,476.0,14490.4,2042657.0,3951.0,1.8257549,2023
2018-08-26 06:00:00+00:00,18.18326,15.1252596,-0.5772916165517278,-0.8165380514459157,9628642.2,27.45,6.123233995736766e-17,1.0,0.0,21849.0,7117.2,31855.0,49.33333333333332,23.2,30184.01,2762.7,694.0,592.8,37397.938,1948.0,2.993209,2018
2023-04-10 23:00:00+00:00,14.215313,89.55725625000001,-0.1500553983446526,0.9886775902323404,10111804.0,42.98,0.9659258262890684,-0.2588190451025207,1.0,19799.0,7117.2,34615.0,37.443636363636365,16.633333333333336,32774.71,2964.5,640.0,326.1,0.0,5462.0,2.3404477,2023
2021-06-01 22:00:00+00:00,16.606585,46.29497964,-0.865307254363206,0.5012418134457758,11052279.0,26.2,0.8660254037844384,-0.5000000000000004,1.0,25178.0,5068.5,41185.0,57.73181818181818,21.4,40626.12,4730.5,1250.0,294.6,0.0,2580.0,0.76749927,2021
2019-09-04 14:00:00+00:00,26.989666,22.79031588,-0.4443781781046134,-0.8958392907349089,7109331.0,10.9,-0.8660254037844386,-0.5000000000000001,1.0,36060.0,7117.2,41340.0,46.65083333333333,23.33333333333333,40802.22,5318.4,654.0,5621.2,2712229.0,4998.0,2.4158738,2019
2020-04-22 11:00:00+00:00,15.094863,17.2389636,-0.3657225234972692,0.9307239310379792,12134569.0,6.9,-0.9659258262890682,0.258819045102521,1.0,27978.0,5926.1,41575.0,221.78090909090903,14.633333333333333,41893.53,4587.2,1691.0,5588.8,1967746.2,3676.0,3.5047314,2020
2018-03-19 04:00:00+00:00,7.7420025,15.1252596,0.2261156855082882,0.9741004551724204,9172002.5,26.5,0.5000000000000001,0.8660254037844386,1.0,23100.0,6071.9,47680.0,320.9266666666667,9.85,60410.42,2742.6,1645.0,9.9,0.0,9646.0,6.0931683,2018
2023-03-14 03:00:00+00:00,11.378408,89.55725625000001,0.3090169943749474,0.9510565162951536,9946780.0,48.0,0.7071067811865476,0.7071067811865476,1.0,21564.0,7117.2,36860.0,92.20363636363636,13.933333333333332,24625.1,3183.0,1360.0,50.5,0.0,14647.0,7.406863,2023
2018-10-14 15:00:00+00:00,18.259706,15.1252596,0.226115685508288,-0.9741004551724206,7843930.0,25.6,-0.7071067811865477,-0.7071067811865475,0.0,23200.0,7117.2,44225.0,49.17916666666667,20.566666666666663,31770.15,1195.0,688.0,1498.3,1158152.9,8134.0,2.6975784,2018
2023-10-07 23:00:00+00:00,19.668283,89.55725625000001,0.1073813466641621,-0.994217906893952,6899173.0,34.94,0.9659258262890684,-0.2588190451025207,0.0,21175.0,6053.3,39215.0,31.935454545454544,23.433333333333334,33018.86,3629.3,364.0,130.5,0.0,2932.0,2.241415,2023
2022-09-03 05:00:00+00:00,19.009142,80.46928043999999,-0.4597327394521046,-0.888057322629493,5643916.0,40.0,0.2588190451025207,0.9659258262890684,0.0,22535.0,7117.2,22401.0,39.231,24.9,33072.12,3255.3,448.0,68.8,0.0,2659.0,2.257773,2022
2022-10-01 09:00:00+00:00,17.533329,80.46928043999999,0.0043035382962438,-0.99999073973619,4867449.0,40.0,-0.7071067811865475,0.7071067811865476,0.0,24654.0,6111.4,28215.0,42.193636363636365,20.7,30617.22,4058.5,492.0,11536.0,1283259.5,2365.0,0.24679959,2022
2018-10-12 13:00:00+00:00,22.743153,15.1252596,0.1924515819708299,-0.9813064702716092,7843930.0,26.8,-0.9659258262890684,-0.2588190451025203,0.0,25221.0,7117.2,42940.0,47.14833333333333,20.066666666666663,41151.41,4369.8,549.0,2928.3,2031466.5,6517.0,3.9653828,2018
2018-01-02 15:00:00+00:00,13.982716,15.1252596,0.9994074007397048,0.0344216116227457,5104801.6,24.5,-0.7071067811865477,-0.7071067811865475,1.0,31667.0,7117.2,57670.0,160.3075,9.75,56491.58,4033.8,1224.0,1747.3,766490.7,13027.0,6.0134916,2018
2018-01-14 03:00:00+00:00,7.6037703,15.1252596,0.9711000518829505,0.2386727660059501,5284527.7,21.5,0.7071067811865476,0.7071067811865476,0.0,22499.0,7117.2,55035.0,240.41666666666663,8.95,54101.16,4093.0,991.0,9.8,0.0,5512.0,4.893116,2018
2021-03-11 23:00:00+00:00,11.601056,46.29497964,0.3576982388331257,0.9338372288229252,12602854.0,18.0,0.9659258262890684,-0.2588190451025207,1.0,25668.0,7117.2,45910.0,135.19272727272727,12.266666666666666,45552.85,4119.0,1279.0,136.0,0.0,6870.0,4.8126407,2021
2018-05-27 21:00:00+00:00,16.670008,15.1252596,-0.8190148866680798,0.5737722679043249,11943098.0,22.5,0.7071067811865474,-0.7071067811865477,0.0,25080.0,4076.8,42765.0,197.0433333333333,17.75,43908.26,3475.6,1604.0,122.8,2.034774,3784.0,2.2476182,2018
2023-03-11 03:00:00+00:00,13.54754,89.55725625000001,0.3576982388331257,0.9338372288229252,9735057.0,47.6,0.7071067811865476,0.7071067811865476,0.0,21078.0,7117.2,37052.0,97.6009090909091,13.133333333333333,43683.94,2554.9,1132.0,4.5,0.0,15375.0,7.256755,2023
2021-12-22 08:00:00+00:00,10.503581,46.29497964,0.9880226656636976,-0.154308820664281,6504027.0,158.5,-0.4999999999999998,0.8660254037844387,1.0,33351.0,6105.9,44595.0,216.64454545454544,7.833333333333333,77445.75,4882.5,1133.0,784.9,43586.16,5299.0,2.9308393,2021
2018-02-11 19:00:00+00:00,10.997634,15.1252596,0.7498264012045687,0.6616346182422783,5358573.3,21.07,0.2588190451025203,-0.9659258262890684,0.0,33455.0,7117.2,57360.0,263.5108333333333,7.699999999999999,67234.01,5487.1,1294.0,131.4,87.940384,9265.0,6.2379375,2018
2018-03-07 14:00:00+00:00,12.001227,15.1252596,0.4211008707960896,0.907013812802636,6658815.9,23.8,-0.8660254037844386,-0.5000000000000001,1.0,34089.0,5923.0,51555.0,420.9984615384615,9.7,59641.66,5342.0,1555.0,4314.0,2032287.0,6723.0,3.4722881,2018
2021-08-12 20:00:00+00:00,25.900059,46.29497964,-0.7554933140726804,-0.655156357209085,8107387.0,45.25,0.5000000000000001,-0.8660254037844386,1.0,31250.0,7117.2,39628.0,52.95818181818181,25.133333333333336,42950.9,4831.9,772.0,440.9,12533.477,6251.0,1.68456,2021
2020-07-01 05:00:00+00:00,19.616318,17.2389636,-0.9999629591162656,-0.0086069968886884,12209124.0,7.7,0.2588190451025207,0.9659258262890684,1.0,27295.0,7117.2,30586.0,62.5290909090909,24.9,38446.23,3273.0,1057.0,685.7,14141.711,3390.0,1.8237954,2020
2020-06-12 02:00:00+00:00,15.186255,17.2389636,-0.9497178427914318,0.3131070409358265,12734095.0,5.25,0.8660254037844387,0.4999999999999999,1.0,21092.0,4887.2,33555.0,91.38363636363636,19.933333333333334,31349.84,1184.6999999999998,1198.0,321.2,0.0,11947.0,6.051663,2020
2018-10-21 12:00:00+00:00,20.300339,15.1252596,0.3415707691678551,-0.9398560579418956,7777168.0,25.8,-1.0,1.2246467991473532e-16,0.0,25307.0,7117.2,46205.0,72.60333333333334,19.2,37055.72,2896.0,755.0,2772.3,1947613.9,2881.0,2.809205,2018
2023-04-24 11:00:00+00:00,18.95406,89.55725625000001,-0.3816892202666589,0.9242907221930932,9929022.0,34.5,-0.9659258262890682,0.258819045102521,1.0,25754.0,6105.9,36717.0,36.80454545454545,18.433333333333334,37914.11,3513.3,804.0,15757.8,2631189.2,4181.0,1.3067164,2023
2020-03-18 00:00:00+00:00,11.676879,17.2389636,0.2261156855082882,0.9741004551724204,10818085.0,9.75,1.0,0.0,1.0,23685.0,7117.2,44389.0,515.6683333333333,11.5,49510.92,2502.6,1579.0,39.7,0.0,6924.0,6.580542,2020
2019-11-11 02:00:00+00:00,9.593833,22.79031588,0.6518989958787125,-0.7583058084785625,6710769.0,14.5,0.8660254037844387,0.4999999999999999,1.0,21161.0,4002.2,42875.0,379.5815384615384,13.033333333333331,48849.93,1646.3000000000002,1125.0,15.0,0.0,9480.0,7.1654105,2019
2023-08-22 17:00:00+00:00,31.081335,89.55725625000001,-0.6321034111873488,-0.7748840413670406,7451239.0,40.6,-0.2588190451025206,-0.9659258262890684,1.0,34808.0,6947.5,33708.0,38.03727272727273,27.96666666666667,45425.07,4901.2,472.0,10183.5,1315815.8,6057.0,2.611559,2023
2018-12-09 17:00:00+00:00,14.047877,15.1252596,0.9291414114031744,-0.3697245428906732,8084888.0,25.39,-0.2588190451025206,-0.9659258262890684,0.0,28425.0,6121.4,53250.0,98.72499999999998,11.733333333333334,49897.05,5515.4,1111.0,159.3,101403.85,6254.0,3.9390368,2018
2022-06-07 05:00:00+00:00,17.243998,80.46928043999999,-0.9123747579707272,0.4093559588156217,7753901.0,40.0,0.2588190451025207,0.9659258262890684,1.0,26198.0,6113.8,29125.0,41.961,24.03333333333333,40035.25,4002.1,812.0,595.1,17272.18,3395.0,2.175244,2022
2018-12-02 04:00:00+00:00,10.536286,15.1252596,0.8779600847008878,-0.478733840115789,7992028.0,25.8,0.5000000000000001,0.8660254037844386,0.0,21167.0,6121.4,47875.0,101.25,11.9,37682.62,2868.0,914.0,6.3,0.0,8457.0,3.6075947,2018
2020-05-01 19:00:00+00:00,18.131388,17.2389636,-0.5049610547215204,0.8631421280499114,12486925.0,6.23,0.2588190451025203,-0.9659258262890684,0.0,23327.0,5110.1,37350.0,229.0309090909091,15.533333333333331,35999.34,4233.7,1786.0,475.2,164913.66,10071.0,6.714081,2020
2018-10-25 16:00:00+00:00,20.78911,15.1252596,0.4054257283599965,-0.914127988185334,7728196.0,25.95,-0.5000000000000004,-0.8660254037844385,1.0,29339.0,7117.2,44910.0,51.303333333333335,17.599999999999998,50396.78,6202.0,645.0,1521.7,913210.3,1071.0,0.8087156,2018
2018-05-28 16:00:00+00:00,18.214542,15.1252596,-0.8287700871745035,0.5595892624101769,12098391.3,22.45,-0.5000000000000004,-0.8660254037844385,1.0,29218.0,4076.8,44915.0,262.03,17.45,45055.59,4610.6,1644.0,2691.6,1609025.9,3629.0,1.408432,2018
2019-01-09 06:00:00+00:00,6.6915298,22.79031588,0.9880226656636976,0.1543088206642811,8006637.0,24.4,6.123233995736766e-17,1.0,1.0,33120.0,7117.2,56070.0,53.69083333333334,8.366666666666667,65623.26,5052.0,712.0,72.2,0.0,9165.0,4.453089,2019
2018-09-16 01:00:00+00:00,19.576157,15.1252596,-0.2511900638848195,-0.9679377830240642,8868060.9,28.0,0.9659258262890684,0.2588190451025207,0.0,21650.0,7117.2,44825.0,53.13333333333333,23.03333333333333,32950.22,4057.2,637.0,86.5,0.0,2124.0,1.3264856,2018
2021-01-17 04:00:00+00:00,5.816056,46.29497964,0.9574851883550392,0.288482432880609,9026169.0,27.92,0.5000000000000001,0.8660254037844386,0.0,22855.0,7117.2,49340.0,207.7736363636364,7.5,55899.71,4582.3,1083.0,33.9,0.0,6287.0,2.7893567,2021
2023-07-15 05:00:00+00:00,20.997992,89.55725625000001,-0.973118337233262,-0.2303056702306119,8804153.0,29.89,0.2588190451025207,0.9659258262890684,0.0,23536.0,7117.2,33835.0,36.17272727272727,26.7,27273.22,2667.8,632.0,469.9,6942.649,5686.0,1.8776346,2023
2019-06-03 06:00:00+00:00,17.180225,22.79031588,-0.8820480249558534,0.4711595076738641,9813065.0,14.85,6.123233995736766e-17,1.0,1.0,29617.0,5122.1,41805.0,42.77583333333333,21.33333333333333,45226.03,4832.7,1073.0,1114.7,256346.36,1456.0,0.20312832,2019
2019-09-11 16:00:00+00:00,21.978582,22.79031588,-0.333468778918187,-0.9427611433904206,6907892.0,10.7,-0.5000000000000004,-0.8660254037844385,1.0,29348.0,7117.2,42900.0,54.45333333333332,20.666666666666668,43263.37,4359.4,567.0,2830.0,1470484.1,9675.0,6.058702,2019
2020-05-21 23:00:00+00:00,18.239082,17.2389636,-0.766658819300159,0.6420547132365637,12983647.0,5.5,0.9659258262890684,-0.2588190451025207,1.0,21837.0,4106.7,37420.0,125.0909090909091,18.8,35577.78,3655.1,1365.0,537.9,0.0,2427.0,1.1161541,2020
2018-12-09 08:00:00+00:00,10.162774,15.1252596,0.9291414114031744,-0.3697245428906732,8084888.0,25.39,-0.4999999999999998,0.8660254037844387,0.0,25122.0,6121.4,51130.0,98.72499999999998,11.733333333333334,40265.34,3630.2,1113.0,859.1,75383.445,5617.0,3.1399903,2018
2020-03-05 04:00:00+00:00,12.112573,17.2389636,0.436651231956064,0.8996308696522433,10393202.0,8.79,0.5000000000000001,0.8660254037844386,1.0,23936.0,7117.2,47704.0,168.08727272727273,12.3,52719.89,4787.0,1580.0,20.3,0.0,13266.0,6.638793,2020
2019-02-12 03:00:00+00:00,7.1626334,22.79031588,0.7383263540031065,0.6744436188329455,8771392.0,21.5,0.7071067811865476,0.7071067811865476,1.0,24338.0,7117.2,55920.0,348.74461538461543,9.166666666666666,60820.12,3078.2,1270.0,16.6,0.0,4071.0,3.6121588,2019
2023-06-12 08:00:00+00:00,20.289488,89.55725625000001,-0.9441875088341992,0.3294084822245304,9287024.0,26.0,-0.4999999999999998,0.8660254037844387,1.0,27566.0,5118.0,33020.0,36.659090909090914,23.0,40242.81,5143.5,840.0,10879.9,1305123.9,635.0,0.64753723,2023
2022-04-05 15:00:00+00:00,12.1613245,80.46928043999999,-0.0645084494493162,0.9979171608653922,7339663.0,113.97,-0.7071067811865477,-0.7071067811865475,1.0,31235.0,6021.6,33095.0,112.15,12.4,45871.17,4847.5,847.0,3214.4,1709646.5,4437.0,4.495896,2022
2021-11-01 16:00:00+00:00,17.518066,46.29497964,0.5123714121284235,-0.858763958275803,5998857.0,59.25,-0.5000000000000004,-0.8660254037844385,0.0,23213.0,6121.4,42770.0,39.63363636363636,17.76666666666667,40890.66,3075.3,699.0,1043.5,586438.5,12292.0,7.304422,2021
2023-01-18 09:00:00+00:00,6.389145,89.55725625000001,0.9523775757303976,0.304921224656289,9606485.0,45.0,-0.7071067811865475,0.7071067811865476,1.0,34198.0,7117.2,43670.0,290.69416666666666,12.3,68911.43,3669.7,1292.0,4646.2,328183.56,15385.0,9.3797865,2023
2022-07-21 13:00:00+00:00,29.515879,80.46928043999999,-0.9441875088341996,-0.3294084822245298,6828082.0,40.0,-0.9659258262890684,-0.2588190451025203,1.0,36591.0,7117.2,27255.0,48.78272727272727,27.433333333333334,42535.15,5312.1,608.0,12357.7,3302138.2,4660.0,1.3746742,2022
2019-03-03 19:00:00+00:00,14.747533,22.79031588,0.4825077417612184,0.8758917051442429,8865013.0,18.99,0.2588190451025203,-0.9659258262890684,0.0,29198.0,7117.2,45666.0,121.43250000000002,11.300000000000002,45468.17,3304.0,1163.0,341.7,5802.285,10257.0,6.1024013,2019
2021-06-18 01:00:00+00:00,17.446,46.29497964,-0.973118337233262,0.2303056702306122,10722206.0,28.71,0.9659258262890684,0.2588190451025207,1.0,23510.0,5068.5,38675.0,84.61727272727272,22.566666666666663,34870.59,3912.0,1172.0,23.9,0.0,3969.0,1.3913877,2021
2020-03-05 08:00:00+00:00,12.304821,17.2389636,0.436651231956064,0.8996308696522433,10393202.0,8.79,-0.4999999999999998,0.8660254037844387,1.0,33068.0,7117.2,47704.0,168.08727272727273,12.3,63152.91,6742.0,1701.0,1694.1,280056.78,14631.0,7.2482543,2020
2018-03-27 23:00:00+00:00,11.8185625,15.1252596,0.0902516100310411,0.995918996147179,9560482.4,22.5,0.9659258262890684,-0.2588190451025207,1.0,25612.0,6071.9,46385.0,491.393076923077,11.6,52322.15,4469.6,1715.0,558.1,0.0,7044.0,5.0740576,2018
2023-12-06 21:00:00+00:00,9.705792,89.55725625000001,0.9088176373395028,-0.4171936026123169,9349226.0,37.5,0.7071067811865474,-0.7071067811865477,0.0,29539.0,6125.5,46535.0,187.7090909090909,10.966666666666669,60634.48,6760.5,1332.0,10.4,0.0,5689.0,1.8789073,2023
2018-11-25 01:00:00+00:00,10.9922,15.1252596,0.8140460935082175,-0.5808002734538013,7927348.0,25.8,0.9659258262890684,0.2588190451025207,0.0,21975.0,5110.1,45710.0,111.63583333333334,12.533333333333331,54555.77,2163.5,1129.0,4.1,0.0,9425.0,4.7942915,2018
2021-09-10 20:00:00+00:00,21.607279,46.29497964,-0.3496474552512282,-0.9368813462954316,6783967.0,57.5,0.5000000000000001,-0.8660254037844386,1.0,28996.0,6053.3,41839.0,47.96909090909092,24.566666666666663,42057.89,5820.4,623.0,427.8,0.0,2833.0,1.7929956,2021
2021-03-01 17:00:00+00:00,13.097796,46.29497964,0.5123714121284237,0.8587639582758029,12602854.0,16.47,-0.2588190451025206,-0.9659258262890684,1.0,29352.0,7117.2,40215.0,197.94272727272727,10.866666666666664,57095.55,5201.4,1766.0,788.6,560845.6,8113.0,4.575661,2021
2019-10-21 17:00:00+00:00,15.423724,22.79031588,0.3415707691678551,-0.9398560579418956,6284356.0,13.0,-0.2588190451025206,-0.9659258262890684,1.0,30548.0,6111.4,41600.0,50.07916666666666,19.3,57340.73,5905.2,1008.0,608.0,301776.06,1596.0,1.6171256,2019
2018-08-13 20:00:00+00:00,23.658842,15.1252596,-0.7441039398713605,-0.6680638642135336,9871316.7,26.1,0.5000000000000001,-0.8660254037844386,1.0,31848.0,7117.2,41395.0,43.1125,25.366666666666664,40630.41,5042.7,936.0,650.5,10678.176,5962.0,3.1603894,2018
2018-11-12 03:00:00+00:00,12.955333,15.1252596,0.6648553979642859,-0.7469720876965558,7848784.0,26.0,0.7071067811865476,0.7071067811865476,1.0,21404.0,5110.1,45755.0,115.74833333333332,14.0,37985.21,3999.0,1406.0,6.2,0.0,5295.0,3.5732174,2018
2022-08-14 05:00:00+00:00,20.829012,80.46928043999999,-0.7324940716135788,-0.6807734094770164,6132407.0,40.0,0.2588190451025207,0.9659258262890684,0.0,20872.0,7117.2,26011.0,46.17818181818182,27.03333333333333,28002.7,2953.3,604.0,95.2,64.953804,3549.0,1.7587432,2022
2018-11-04 04:00:00+00:00,10.098423,15.1252596,0.5560174366570438,-0.8311706263658084,7630760.0,25.2,0.5000000000000001,0.8660254037844386,0.0,20410.0,6105.9,43725.0,130.22500000000002,14.2,46230.31,3643.6,824.0,6.4,0.0,2866.0,2.2819433,2018
2022-12-13 11:00:00+00:00,15.522129,80.46928043999999,0.9523775757303972,-0.3049212246562894,6191200.0,40.0,-0.9659258262890682,0.258819045102521,1.0,32521.0,7117.2,42100.0,47.86636363636364,12.3,71917.44,5419.6,1240.0,1375.9,591918.2,11279.0,7.794443,2022
2023-12-12 18:00:00+00:00,14.651747,89.55725625000001,0.9469877530760752,-0.3212696616923651,9548960.0,35.0,-1.8369701987210292e-16,-1.0,1.0,32981.0,7117.2,45100.0,116.17727272727274,12.066666666666665,50567.93,6151.3,1320.0,52.5,434.80576,13840.0,6.489621,2023
2023-04-28 11:00:00+00:00,22.562408,89.55725625000001,-0.4443781781046132,0.895839290734909,9929022.0,35.4,-0.9659258262890682,0.258819045102521,1.0,27423.0,5930.1,39222.0,37.75636363636364,20.23333333333333,37027.89,4693.5,816.0,14600.0,2705514.5,4158.0,1.5639185,2023
2022-11-07 09:00:00+00:00,14.714946,80.46928043999999,0.5981809144059166,-0.8013610881746764,5135888.0,40.0,-0.7071067811865475,0.7071067811865476,1.0,27498.0,6071.9,30805.0,34.61454545454546,20.1,39613.64,4956.2,684.0,8334.7,786279.4,5527.0,2.3092048,2022
2023-04-13 09:00:00+00:00,12.005689,89.55725625000001,-0.2008905551306352,0.97961369164549,10111804.0,39.95,-0.7071067811865475,0.7071067811865476,1.0,26781.0,7117.2,35925.0,34.871818181818185,16.3,42111.5,3016.8,720.0,13575.3,1535716.2,10382.0,5.587728,2023
2018-11-16 03:00:00+00:00,13.126149,15.1252596,0.7146733860429608,-0.6994583270516471,7848784.0,26.8,0.7071067811865476,0.7071067811865476,1.0,23032.0,5110.1,44860.0,119.25333333333332,14.766666666666666,45809.86,3088.8,987.0,15.7,0.0,3186.0,3.4790144,2018
2023-06-04 22:00:00+00:00,18.087082,89.55725625000001,-0.8900275764346767,0.4559066935084588,9354774.0,23.6,0.8660254037844384,-0.5000000000000004,1.0,21243.0,5118.0,32600.0,42.345454545454544,22.633333333333336,31838.99,4045.5,844.0,217.5,0.0,2032.0,1.0236318,2023
2021-04-21 08:00:00+00:00,12.927753,46.29497964,-0.3334687789181868,0.9427611433904208,11503922.0,22.45,-0.4999999999999998,0.8660254037844387,1.0,31652.0,6111.4,39485.0,56.75363636363636,15.7,52924.92,5431.7,1117.0,3841.9,758027.7,950.0,0.3813333,2021
2021-03-08 00:00:00+00:00,9.543946,46.29497964,0.4054257283599973,0.9141279881853336,12602854.0,17.8,1.0,0.0,1.0,22044.0,7117.2,44770.0,183.53181818181807,11.766666666666666,54948.35,3658.7,1295.0,7.8,0.0,4131.0,2.1600862,2021
2022-03-07 22:00:00+00:00,9.068337,80.46928043999999,0.4211008707960896,0.907013812802636,6793423.0,205.0,0.8660254037844384,-0.5000000000000004,1.0,27307.0,7117.2,42760.0,107.69454545454543,11.166666666666666,60343.56,4173.1,718.0,47.1,0.0,8933.0,3.688095,2022
2020-01-09 07:00:00+00:00,7.854023,17.2389636,0.9880226656636976,0.1543088206642811,9753093.0,13.35,-0.2588190451025208,0.9659258262890684,1.0,34737.0,7117.2,49561.0,141.3181818181818,8.666666666666666,60926.92,6571.0,1247.0,69.1,0.85842025,4740.0,0.8699638,2020
2018-05-27 10:00:00+00:00,19.056383,15.1252596,-0.8190148866680798,0.5737722679043249,11943098.0,22.5,-0.8660254037844387,0.4999999999999999,0.0,25673.0,5068.5,37940.0,197.0433333333333,17.75,38158.2,4348.5,1648.0,3150.0,2156240.8,966.0,1.0180587,2018
2021-09-13 17:00:00+00:00,23.406988,46.29497964,-0.300819807635668,-0.9536809966304456,6577502.0,61.8,-0.2588190451025206,-0.9659258262890684,1.0,30777.0,7117.2,43681.0,47.17181818181818,24.366666666666664,45667.74,5115.6,486.0,662.1,587678.56,6429.0,3.618004,2021
2019-08-29 21:00:00+00:00,23.382347,22.79031588,-0.5343725582809793,-0.8452490573530629,7325462.0,13.3,0.7071067811865474,-0.7071067811865477,1.0,28907.0,6441.9,39780.0,49.428333333333335,24.566666666666663,47769.56,5561.8,620.0,293.2,0.0,3305.0,1.2667292,2019
2023-10-21 14:00:00+00:00,17.54406,89.55725625000001,0.3415707691678551,-0.9398560579418956,6686078.0,44.41,-0.8660254037844386,-0.5000000000000001,0.0,21717.0,4765.8,39411.0,37.89545454545455,19.6,17306.9,3900.2,780.0,10317.0,1582254.4,6215.0,4.139343,2023
2019-11-09 23:00:00+00:00,11.588277,22.79031588,0.6254105729852464,-0.7802958510707755,6430248.0,12.8,0.9659258262890684,-0.2588190451025207,0.0,24168.0,4002.2,42395.0,274.84153846153845,13.733333333333334,54323.39,1307.9,1300.0,23.2,0.0,13208.0,7.291133,2019
2023-10-12 16:00:00+00:00,25.54698,89.55725625000001,0.1924515819708299,-0.9813064702716092,6736945.0,45.48,-0.5000000000000004,-0.8660254037844385,0.0,22370.0,5260.8,40350.0,33.79,21.3,40639.01,4815.8,400.0,9543.7,1154468.5,3683.0,2.04061,2023
2023-04-25 08:00:00+00:00,16.872467,89.55725625000001,-0.3975428142825558,0.9175836260593938,9929022.0,35.47,-0.4999999999999998,0.8660254037844387,1.0,27090.0,6105.9,36717.0,37.63727272727272,18.9,46402.72,3138.5,836.0,12026.3,1039878.2,4025.0,2.1715279,2023
2020-05-07 13:00:00+00:00,22.060713,17.2389636,-0.5912614448635781,0.8064799463209448,12825077.0,5.8,-0.9659258262890684,-0.2588190451025203,1.0,26216.0,5110.1,36770.0,140.07272727272724,17.900000000000002,36599.63,4753.8,1511.0,6347.5,2996148.2,6974.0,4.124378,2020
2019-11-08 04:00:00+00:00,9.232152,22.79031588,0.6118864012687242,-0.7909456567567774,6430248.0,10.83,0.5000000000000001,0.8660254037844386,1.0,23352.0,5047.5,40960.0,107.6075,14.966666666666669,48592.71,1662.8000000000002,1223.0,15.7,0.0,13142.0,7.847729,2019
2021-04-09 15:00:00+00:00,14.896966,46.29497964,-0.1330147065341959,0.9911140639934548,12000960.0,19.8,-0.7071067811865477,-0.7071067811865475,1.0,28445.0,6111.4,39520.0,51.9,14.4,40631.59,4592.7,1042.0,4246.1,1717406.4,4475.0,2.6986942,2021
2020-05-07 12:00:00+00:00,21.762707,17.2389636,-0.5912614448635781,0.8064799463209448,12825077.0,5.8,-1.0,1.2246467991473532e-16,1.0,28025.0,5110.1,36770.0,140.07272727272724,17.900000000000002,38405.04,4777.5,1566.0,6729.3,3027820.8,6678.0,4.1069803,2020
2020-08-16 18:00:00+00:00,24.417154,17.2389636,-0.6963762255968724,-0.7176769136759618,10366823.0,8.75,-1.8369701987210292e-16,-1.0,0.0,25283.0,7117.2,36465.0,58.3,25.3,37640.75,3527.6000000000004,730.0,1955.9,709514.4,5503.0,4.2116337,2020
2020-12-26 00:00:00+00:00,5.986236,17.2389636,0.9976303053065856,-0.0688024268023197,9231297.0,18.65,1.0,0.0,0.0,21011.0,7117.2,51315.0,141.82999999999998,8.966666666666667,55142.83,776.8999999999996,1351.0,48.5,0.0,10407.0,6.286271,2020
2023-11-30 20:00:00+00:00,13.901757,89.55725625000001,0.8609610158889941,-0.5086709438521049,9150611.0,40.5,0.5000000000000001,-0.8660254037844386,1.0,32864.0,6125.5,44080.0,95.52000000000002,13.0,61274.03,5886.0,1388.0,18.0,0.0,9587.0,6.628988,2023
2019-03-20 02:00:00+00:00,8.394621,22.79031588,0.2093146459630487,0.9778483415056568,9072753.0,16.97,0.8660254037844387,0.4999999999999999,1.0,22822.0,7117.2,49320.0,75.52749999999999,13.0,54392.24,1479.8000000000002,986.0,180.8,0.0,6433.0,5.512734,2019
2019-04-12 13:00:00+00:00,15.466091,22.79031588,-0.18399835165768,0.9829265519799822,8866221.0,19.11,-0.9659258262890684,-0.2588190451025203,1.0,31224.0,6071.9,46670.0,56.5825,14.800000000000002,47865.43,6368.7,1074.0,5590.6,3122494.0,4538.0,2.5483778,2019
2021-10-08 06:00:00+00:00,14.315874,46.29497964,0.1244792638867886,-0.9922222094179324,6211446.0,99.0,6.123233995736766e-17,1.0,1.0,28596.0,7117.2,42452.0,43.0090909090909,19.03333333333333,51094.24,4649.4,509.0,402.4,438.11227,4187.0,3.2434504,2021
2021-01-08 15:00:00+00:00,6.942565,46.29497964,0.9905324521322229,0.1372787721132647,9385531.0,43.0,-0.7071067811865477,-0.7071067811865475,1.0,37939.0,7117.2,52290.0,160.14454545454544,6.666666666666667,75707.24,5042.5,1341.0,409.6,618853.5,10162.0,6.997594,2021
2019-08-21 03:00:00+00:00,19.304092,22.79031588,-0.64534811322955,-0.7638886127905429,7515195.0,10.99,0.7071067811865476,0.7071067811865476,1.0,23213.0,7117.2,39733.0,59.798333333333325,23.6,33330.18,2649.0,580.0,204.7,0.0,6398.0,4.783787,2019
2021-06-11 05:00:00+00:00,17.859856,46.29497964,-0.938377391740864,0.3456123126707335,10912561.0,28.3,0.2588190451025207,0.9659258262890684,1.0,28173.0,4076.8,40695.0,40.78727272727273,23.433333333333337,42368.4,2869.1000000000004,1065.0,797.9,18796.16,6750.0,2.6112175,2021
2020-12-04 08:00:00+00:00,9.221205,17.2389636,0.9015016841318838,-0.4327755925504317,8372287.0,17.4,-0.4999999999999998,0.8660254037844387,1.0,34845.0,7117.2,49255.0,68.49545454545454,11.366666666666667,63649.42,2610.5,779.0,891.7,70369.445,13771.0,10.044479,2020
2021-04-28 10:00:00+00:00,15.033118,46.29497964,-0.4443781781046132,0.895839290734909,11313372.0,21.5,-0.8660254037844387,0.4999999999999999,1.0,31886.0,6121.4,40325.0,64.62363636363636,16.099999999999998,49998.74,5667.4,1102.0,6303.3,1766487.9,2668.0,1.9454514,2021
2023-12-23 20:00:00+00:00,9.5457115,89.55725625000001,0.9905324521322229,-0.1372787721132651,9597457.0,31.43,0.5000000000000001,-0.8660254037844386,0.0,28693.0,7117.2,44700.0,169.24727272727273,10.666666666666666,38670.41,7443.0,1280.0,69.1,0.0,4279.0,1.6161664,2023
2018-11-01 10:00:00+00:00,12.814556,15.1252596,0.5123714121284235,-0.858763958275803,7630760.0,27.3,-0.8660254037844387,0.4999999999999999,0.0,26377.0,6105.9,46810.0,82.955,14.533333333333331,50023.12,5362.6,800.0,3528.7,1120910.1,3438.0,1.8283651,2018
2018-10-04 17:00:00+00:00,23.071568,15.1252596,0.055916990100603,-0.9984354211555644,8040905.0,27.8,-0.2588190451025206,-0.9659258262890684,1.0,31357.0,7117.2,45325.0,44.38,19.33333333333333,51118.11,6108.6,573.0,1431.5,671322.9,3051.0,1.3894886,2018
2023-03-11 08:00:00+00:00,14.191542,89.55725625000001,0.3576982388331257,0.9338372288229252,9735057.0,47.6,-0.4999999999999998,0.8660254037844387,0.0,24122.0,7117.2,37059.0,97.6009090909091,13.133333333333333,49241.31,2996.9,1264.0,3982.0,401506.25,14998.0,7.091578,2023
2018-11-12 20:00:00+00:00,13.932611,15.1252596,0.6648553979642859,-0.7469720876965558,7848784.0,26.0,0.5000000000000001,-0.8660254037844386,1.0,33661.0,5110.1,45755.0,115.74833333333332,14.0,52619.37,7549.0,1405.0,10.6,0.0,1583.0,1.4581984,2018
2018-03-19 03:00:00+00:00,7.8537307,15.1252596,0.2261156855082882,0.9741004551724204,9172002.5,26.5,0.7071067811865476,0.7071067811865476,1.0,22319.0,6071.9,47680.0,320.9266666666667,9.85,57771.6,2896.6,1651.0,10.8,0.0,9435.0,6.307896,2018
2021-03-01 07:00:00+00:00,9.814061,46.29497964,0.5123714121284237,0.8587639582758029,12602854.0,16.47,-0.2588190451025208,0.9659258262890684,1.0,30353.0,7117.2,40215.0,197.94272727272727,10.866666666666664,64028.34,3576.8,1682.0,441.5,19455.014,8730.0,5.285226,2021
2022-11-18 14:00:00+00:00,13.89379,80.46928043999999,0.7383263540031063,-0.6744436188329457,5211425.0,40.0,-0.8660254037844386,-0.5000000000000001,1.0,28995.0,6071.9,32039.0,33.452727272727266,18.5,46992.82,2584.5999999999995,756.0,6301.1,987926.94,10641.0,6.3801174,2022
2023-05-20 12:00:00+00:00,17.810438,89.55725625000001,-0.7441039398713604,0.6680638642135338,9540599.0,25.85,-1.0,1.2246467991473532e-16,0.0,23076.0,5110.1,35496.0,43.08727272727273,18.73333333333333,26868.32,2758.8,616.0,12741.0,2762239.2,6090.0,2.947068,2023
2020-05-20 01:00:00+00:00,16.192356,17.2389636,-0.7554933140726803,0.6551563572090853,12983647.0,5.05,0.9659258262890684,0.2588190451025207,1.0,19897.0,4106.7,39030.0,156.94636363636363,17.63333333333333,32885.43,3535.6,1433.0,477.8,0.0,3170.0,2.1378627,2020
2021-08-24 07:00:00+00:00,20.595448,46.29497964,-0.6050560696488494,-0.7961828637826154,7373652.0,42.8,-0.2588190451025208,0.9659258262890684,1.0,30187.0,7117.2,43377.0,53.34090909090909,24.53333333333333,43494.09,3301.9,614.0,4059.2,391195.78,8131.0,3.2524116,2021
2018-07-31 22:00:00+00:00,23.082792,15.1252596,-0.8738071036110809,-0.4862727071086898,10315467.2,25.49,0.8660254037844384,-0.5000000000000004,1.0,28690.0,7117.2,44745.0,53.532727272727264,25.1,44538.75,5435.0,865.0,653.8,0.0,6013.0,2.6887913,2018
2019-08-29 18:00:00+00:00,26.09857,22.79031588,-0.5343725582809793,-0.8452490573530629,7325462.0,13.3,-1.8369701987210292e-16,-1.0,1.0,32468.0,6441.9,39780.0,49.428333333333335,24.566666666666663,48042.12,5613.7,659.0,813.2,556629.2,3241.0,1.0725765,2019
2019-11-11 09:00:00+00:00,10.699927,22.79031588,0.6518989958787125,-0.7583058084785625,6710769.0,14.5,-0.7071067811865475,0.7071067811865476,1.0,33351.0,4002.2,43040.0,379.5815384615384,13.033333333333331,50724.23,3744.6,1295.0,1138.9,405238.22,8151.0,6.429151,2019
2018-01-20 09:00:00+00:00,9.085661,15.1252596,0.9413173175128472,0.3375228995941133,5330221.2,19.61,-0.7071067811865475,0.7071067811865476,0.0,32093.0,7117.2,55985.0,208.32916666666665,8.55,59091.84,3968.5,1145.0,1640.4,372762.12,8624.0,3.9616807,2018
2020-06-17 22:00:00+00:00,17.372055,17.2389636,-0.973118337233262,0.2303056702306122,12647900.0,7.23,0.8660254037844384,-0.5000000000000004,1.0,24118.0,5102.5,32600.0,103.79545454545456,20.53333333333333,41863.46,3980.5,1233.0,574.1,0.0,2756.0,1.7172797,2020
2019-07-07 20:00:00+00:00,23.990385,22.79031588,-0.9955213724144752,-0.0945367498171993,9194821.0,14.1,0.5000000000000001,-0.8660254037844386,0.0,30219.0,7117.2,41916.0,55.844545454545454,25.633333333333336,42400.8,4235.6,723.0,592.5,66413.24,6277.0,1.3234324,2019
2021-11-22 15:00:00+00:00,11.647632,46.29497964,0.7829801036770624,-0.622046748440868,5960429.0,93.47,-0.7071067811865477,-0.7071067811865475,1.0,31818.0,4046.2,43775.0,41.11272727272726,11.566666666666668,55837.79,4166.5,450.0,1825.3,743037.6,7216.0,2.6605914,2021
2021-05-08 04:00:00+00:00,13.647486,46.29497964,-0.5912614448635781,0.8064799463209448,11235497.0,24.16,0.5000000000000001,0.8660254037844386,0.0,21273.0,7117.2,35736.0,49.8518181818182,19.766666666666666,35297.47,3760.0,1063.0,241.2,0.0,5641.0,1.5265678,2021
2021-07-15 16:00:00+00:00,25.876045,46.29497964,-0.973118337233262,-0.2303056702306119,9598298.0,35.37,-0.5000000000000004,-0.8660254037844385,1.0,31452.0,7117.2,39776.0,55.02727272727272,22.4,36892.15,5598.0,742.0,8261.1,2285728.5,7146.0,2.541052,2021
2018-06-15 20:00:00+00:00,20.37818,15.1252596,-0.9599326896597444,0.2802306751992163,12408446.3,25.5,0.5000000000000001,-0.8660254037844386,1.0,29557.0,5068.5,42570.0,366.7807692307693,17.6,43191.78,6314.0,1678.0,721.8,67393.69,4962.0,2.956299,2018
2023-04-24 12:00:00+00:00,19.51679,89.55725625000001,-0.3816892202666589,0.9242907221930932,9929022.0,34.5,-1.0,1.2246467991473532e-16,1.0,25523.0,6105.9,36717.0,36.80454545454545,18.433333333333334,35273.75,3316.9,788.0,15509.6,2844310.5,4653.0,1.7382629,2023
2020-10-12 15:00:00+00:00,18.180536,17.2389636,0.209314645963048,-0.9778483415056568,8253016.0,12.17,-0.7071067811865477,-0.7071067811865475,0.0,22067.0,6125.5,42805.0,75.62090909090908,16.966666666666665,48317.64,5251.8,680.0,6331.3,1609188.8,6349.0,4.67274,2020
2020-03-13 07:00:00+00:00,11.138024,17.2389636,0.3090169943749474,0.9510565162951536,10701985.0,9.2,-0.2588190451025208,0.9659258262890684,1.0,31078.0,7117.2,44709.0,165.81909090909087,12.833333333333334,58651.5,3704.3,1575.0,986.0,59160.51,7107.0,3.6657143,2020
2018-08-02 09:00:00+00:00,26.89072,15.1252596,-0.8565509959010037,-0.5160623910158526,10315467.2,26.1,-0.7071067811865475,0.7071067811865476,1.0,36808.0,7117.2,41360.0,47.67090909090909,25.25,48291.65,6401.0,964.0,4690.9,1933010.8,2874.0,3.2689977,2018
2021-03-20 15:00:00+00:00,11.073628,46.29497964,0.2093146459630487,0.9778483415056568,12507948.0,18.0,-0.7071067811865477,-0.7071067811865475,0.0,26754.0,6111.4,44405.0,121.94181818181818,12.4,44140.14,1892.7,992.0,7422.1,2074324.1,14730.0,8.826737,2021
2021-02-28 15:00:00+00:00,13.694554,46.29497964,0.5270777086423722,0.8498170915275278,12682828.0,15.4,-0.7071067811865477,-0.7071067811865475,0.0,24880.0,7117.2,40215.0,199.6572727272728,11.133333333333333,37399.12,4965.0,1485.0,5137.8,1675984.8,8489.0,5.0560927,2021
2019-07-16 16:00:00+00:00,26.888885,22.79031588,-0.9690098257244062,-0.2470221804809357,8724234.0,15.6,-0.5000000000000004,-0.8660254037844385,1.0,35077.0,7117.2,42422.0,45.23916666666667,23.7,46536.12,5287.2,747.0,4160.4,2236957.8,5839.0,0.990521,2019
2019-08-29 02:00:00+00:00,20.481684,22.79031588,-0.5343725582809793,-0.8452490573530629,7325462.0,13.3,0.8660254037844387,0.4999999999999999,1.0,23355.0,6071.9,40990.0,49.428333333333335,24.566666666666663,35697.54,4010.4,553.0,187.1,0.0,2057.0,1.764169,2019
2019-09-26 12:00:00+00:00,23.302336,22.79031588,-0.0816763953304228,-0.99665890175417,6541441.0,14.35,-1.0,1.2246467991473532e-16,1.0,32176.0,7117.2,41740.0,41.7,22.0,41597.88,5515.9,561.0,6484.8,2553402.0,2371.0,1.0647644,2019
2018-04-05 09:00:00+00:00,12.931944,15.1252596,-0.0645084494493162,0.9979171608653922,10090502.6,20.9,-0.7071067811865475,0.7071067811865476,1.0,34074.0,6071.9,46655.0,249.6075,12.85,57081.25,5947.5,1899.0,3917.3,1576730.5,4118.0,0.7768884,2018
2021-05-21 12:00:00+00:00,20.654325,46.29497964,-0.7554933140726803,0.6551563572090853,11268445.0,23.5,-1.0,1.2246467991473532e-16,1.0,30291.0,5068.5,42100.0,43.02454545454545,20.03333333333333,34266.64,3397.2000000000003,1135.0,10375.7,2980717.8,7943.0,2.1737647,2021
2019-06-25 12:00:00+00:00,24.872997,22.79031588,-0.993746580436178,0.1116590071216946,9422077.0,13.3,-1.0,1.2246467991473532e-16,1.0,33420.0,7117.2,46643.0,42.2075,23.366666666666664,49208.65,5700.7,905.0,5299.4,3076354.2,3146.0,2.0954297,2019
2023-03-30 21:00:00+00:00,15.769235,89.55725625000001,0.0387222808921744,0.9992500112396836,10208205.0,42.5,0.7071067811865474,-0.7071067811865477,1.0,25682.0,7117.2,35758.0,48.44818181818182,15.4,35995.94,3109.5,932.0,449.6,0.0,15041.0,6.1794004,2023
2019-09-08 20:00:00+00:00,20.680508,22.79031588,-0.3816892202666594,-0.924290722193093,7109331.0,9.5,0.5000000000000001,-0.8660254037844386,0.0,27489.0,7117.2,41946.0,46.75749999999999,21.600000000000005,39559.6,4986.2,550.0,358.9,0.0,4891.0,1.4255028,2019
2020-04-12 16:00:00+00:00,16.906826,17.2389636,-0.2008905551306352,0.97961369164549,11312209.0,8.27,-0.5000000000000004,-0.8660254037844385,0.0,19290.0,7017.4,39660.0,175.24,15.033333333333331,30505.25,3444.3,1411.0,3998.5,1461580.5,4118.0,1.4962523,2020
2020-01-11 09:00:00+00:00,6.290203,17.2389636,0.9821256058680006,0.1882267098432442,9753093.0,12.0,-0.7071067811865475,0.7071067811865476,0.0,32291.0,7117.2,53496.0,137.8918181818182,8.466666666666667,59235.06,5008.2,1347.0,3235.4,356044.1,2467.0,3.8697095,2020
2021-04-28 18:00:00+00:00,14.8452425,46.29497964,-0.4443781781046132,0.895839290734909,11313372.0,21.5,-1.8369701987210292e-16,-1.0,1.0,30342.0,6761.4,40325.0,64.62363636363636,16.099999999999998,47331.27,4751.4,1099.0,792.0,541213.75,4906.0,2.853652,2021
2018-07-08 18:00:00+00:00,25.957329,15.1252596,-0.993746580436178,-0.1116590071216944,11719596.0,24.5,-1.8369701987210292e-16,-1.0,0.0,27916.0,6071.9,40030.0,72.36749999999999,23.8,39131.83,4735.0,1213.0,1770.2,993251.9,3941.0,1.8422525,2018
2023-04-24 02:00:00+00:00,13.684131,89.55725625000001,-0.3816892202666589,0.9242907221930932,9929022.0,34.5,0.8660254037844387,0.4999999999999999,1.0,18516.0,6105.9,36717.0,36.80454545454545,18.433333333333334,29778.91,3181.1,808.0,327.4,0.0,4305.0,2.2232418,2023
2023-11-06 19:00:00+00:00,12.127934,89.55725625000001,0.5842981736283683,-0.8115390590073611,8887001.0,38.0,0.2588190451025203,-0.9659258262890684,1.0,32424.0,5061.6,36624.0,162.07500000000002,14.533333333333331,47633.57,6293.0,1312.0,153.5,0.0,8091.0,4.121438,2023
2022-11-24 18:00:00+00:00,14.635487,80.46928043999999,0.8039279618328213,-0.5947266869607633,5454445.0,40.0,-1.8369701987210292e-16,-1.0,1.0,31401.0,6071.9,34984.0,74.2890909090909,17.233333333333334,54543.82,6639.9,1180.0,23.5,674.8455,7445.0,3.9281948,2022
2019-10-12 01:00:00+00:00,18.821966,22.79031588,0.1924515819708299,-0.9813064702716092,6275794.0,12.65,0.9659258262890684,0.2588190451025207,0.0,22122.0,6111.4,42140.0,43.08083333333334,20.83333333333333,30412.4,3197.0,348.0,72.5,0.0,6359.0,3.3938384,2019
2019-11-11 08:00:00+00:00,10.43022,22.79031588,0.6518989958787125,-0.7583058084785625,6710769.0,14.5,-0.4999999999999998,0.8660254037844387,1.0,32901.0,4002.2,43040.0,379.5815384615384,13.033333333333331,50316.7,3337.3,1269.0,623.0,140964.75,7942.0,6.652286,2019
2022-04-16 01:00:00+00:00,13.177771,80.46928043999999,-0.2511900638848191,0.9679377830240644,7441893.0,74.99,0.9659258262890684,0.2588190451025207,0.0,18129.0,7046.5,31666.0,76.74727272727273,16.2,35044.53,3761.9,961.0,281.2,0.0,3539.0,2.3120446,2022
2018-06-05 12:00:00+00:00,18.239851,15.1252596,-0.8977433935342337,0.440518784350495,12247100.7,22.3,-1.0,1.2246467991473532e-16,1.0,31172.0,4076.8,42760.0,407.6953846153846,16.9,46966.79,4902.9,1782.0,3365.9,2176123.0,3916.0,3.7013113,2018
2019-08-21 17:00:00+00:00,25.551815,22.79031588,-0.64534811322955,-0.7638886127905429,7515195.0,10.99,-0.2588190451025206,-0.9659258262890684,1.0,30622.0,7117.2,39733.0,59.798333333333325,23.6,43141.25,5422.9,732.0,2408.0,1276334.4,4476.0,3.7649,2019
2019-04-12 07:00:00+00:00,9.47671,22.79031588,-0.18399835165768,0.9829265519799822,8866221.0,19.11,-0.2588190451025208,0.9659258262890684,1.0,33380.0,6071.9,46670.0,56.5825,14.800000000000002,61436.61,5725.0,1217.0,2062.7,366192.7,4800.0,3.3300166,2019
2021-12-07 12:00:00+00:00,13.144072,46.29497964,0.9158642882672872,-0.4014879892059729,6157103.0,88.53,-1.0,1.2246467991473532e-16,1.0,31576.0,4861.2,42975.0,613.8675000000001,10.0,63168.74,3074.9000000000005,1065.0,4263.2,1088839.0,12795.0,6.2209153,2021
2020-06-20 00:00:00+00:00,17.556135,17.2389636,-0.9837092937736096,0.1797665857255624,12647900.0,7.1,1.0,0.0,0.0,21769.0,5102.5,33505.0,82.49727272727273,21.266666666666666,36042.33,3076.3,1160.0,565.4,0.0,2792.0,1.6594968,2020
2020-11-15 15:00:00+00:00,18.315168,17.2389636,0.7146733860429608,-0.6994583270516471,8602562.0,14.0,-0.7071067811865477,-0.7071067811865475,0.0,23463.0,6125.5,48125.0,73.54727272727273,14.9,29192.21,3282.0,966.0,2098.4,797501.1,8562.0,4.9620085,2020
2022-03-09 06:00:00+00:00,7.7168503,80.46928043999999,0.3896304495307879,0.9209712877166346,6793423.0,240.0,6.123233995736766e-17,1.0,1.0,29312.0,7117.2,43170.0,96.51090909090908,11.033333333333331,66051.49,3237.4,910.0,38.0,0.0,6130.0,2.4174705,2022
2021-02-28 05:00:00+00:00,8.315177,46.29497964,0.5270777086423722,0.8498170915275278,12682828.0,15.4,0.2588190451025207,0.9659258262890684,0.0,21058.0,7117.2,41125.0,199.6572727272728,11.133333333333333,45970.03,2196.1,1484.0,2.2,0.0,6519.0,4.7446523,2021
2020-08-24 07:00:00+00:00,20.539244,17.2389636,-0.5912614448635782,-0.8064799463209447,9705841.0,8.5,-0.2588190451025208,0.9659258262890684,1.0,29127.0,7117.2,36040.0,51.83090909090909,24.566666666666663,41831.36,3809.1,705.0,4020.5,385836.06,4511.0,3.101878,2020
2021-06-25 18:00:00+00:00,24.440912,46.29497964,-0.993746580436178,0.1116590071216946,10560103.0,31.5,-1.8369701987210292e-16,-1.0,1.0,28799.0,6821.9,42175.0,55.73909090909091,21.866666666666664,40559.59,5123.8,1094.0,3108.1,1091746.5,5302.0,1.2928666,2021
2023-03-08 02:00:00+00:00,12.26399,89.55725625000001,0.4054257283599973,0.9141279881853336,9735057.0,45.97,0.8660254037844387,0.4999999999999999,1.0,22639.0,7117.2,37031.0,70.64818181818183,11.9,44906.99,1890.6,796.0,4.1,0.0,14963.0,6.716501,2023
2021-04-19 09:00:00+00:00,13.969067,46.29497964,-0.3008198076356675,0.9536809966304456,11503922.0,22.5,-0.7071067811865475,0.7071067811865476,1.0,31681.0,6111.4,37565.0,50.69636363636364,14.9,54483.1,5209.8,985.0,6449.1,1746154.0,1488.0,1.3733929,2021
2018-07-21 03:00:00+00:00,18.928637,15.1252596,-0.9441875088341996,-0.3294084822245298,10732748.9,24.98,0.7071067811865476,0.7071067811865476,0.0,23612.0,7117.2,40205.0,61.58916666666666,23.9,34333.84,4487.0,1067.0,442.8,0.0,3252.0,4.0407486,2018
2019-12-14 13:00:00+00:00,14.09861,22.79031588,0.9574851883550392,-0.288482432880609,8160557.0,12.2,-0.9659258262890684,-0.2588190451025203,0.0,29268.0,6071.9,45980.0,588.2866666666666,11.1,47038.44,3776.8,1588.0,2298.2,1181693.8,11223.0,6.288569,2019
2021-09-13 03:00:00+00:00,20.591745,46.29497964,-0.300819807635668,-0.9536809966304456,6577502.0,61.8,0.7071067811865476,0.7071067811865476,1.0,23048.0,7117.2,43782.0,47.17181818181818,24.366666666666664,32573.93,3225.1000000000004,497.0,21.8,0.0,5856.0,3.336967,2021
2023-09-19 19:00:00+00:00,20.764233,89.55725625000001,-0.2008905551306352,-0.97961369164549,7135990.0,35.0,0.2588190451025203,-0.9659258262890684,1.0,30972.0,7028.3,40900.0,49.71000000000001,23.4,39057.1,6044.5,484.0,412.6,15383.654,2959.0,0.50018036,2023
2018-09-12 09:00:00+00:00,22.990463,15.1252596,-0.3171912885891059,-0.9483615800121716,8868060.9,29.5,-0.7071067811865475,0.7071067811865476,1.0,34029.0,7117.2,48510.0,64.14,23.7,50180.55,6351.5,832.0,3884.9,1155038.2,1327.0,1.0228075,2018
2018-09-08 14:00:00+00:00,23.897764,15.1252596,-0.3816892202666594,-0.924290722193093,9110095.3,29.44,-0.8660254037844386,-0.5000000000000001,0.0,27617.0,7117.2,44876.0,55.0825,23.46666666666667,36262.15,4750.9,786.0,2437.9,2107223.0,2564.0,2.071115,2018
2022-07-17 23:00:00+00:00,24.418306,80.46928043999999,-0.9646141756912436,-0.2636654927280072,7037432.0,40.0,0.9659258262890684,-0.2588190451025207,1.0,26945.0,7117.2,25040.0,46.02545454545455,27.53333333333333,35359.95,4514.8,532.0,512.0,0.0,6210.0,1.4232085,2022
2021-11-04 23:00:00+00:00,9.423454,46.29497964,0.5560174366570438,-0.8311706263658084,5998857.0,71.5,0.9659258262890684,-0.2588190451025207,1.0,25117.0,6121.4,43725.0,44.391818181818174,14.533333333333331,53692.89,3093.1,706.0,41.8,0.0,8677.0,5.1767707,2021
2023-05-22 00:00:00+00:00,14.626541,89.55725625000001,-0.766658819300159,0.6420547132365637,9432440.0,28.88,1.0,0.0,1.0,18835.0,6121.4,35559.0,41.19,19.566666666666663,31829.18,3326.1,640.0,5.6,0.0,7096.0,3.099857,2023
2019-05-29 21:00:00+00:00,17.7314,22.79031588,-0.8382797052177741,0.5452404385406513,9891188.0,14.4,0.7071067811865474,-0.7071067811865477,1.0,26908.0,5122.1,44195.0,52.45,18.166666666666668,47262.94,5117.7,1094.0,603.8,7.9165425,7091.0,3.9129314,2019
2019-12-14 07:00:00+00:00,11.902807,22.79031588,0.9574851883550392,-0.288482432880609,8160557.0,12.2,-0.2588190451025208,0.9659258262890684,0.0,26132.0,6071.9,45375.0,588.2866666666666,11.1,46844.4,2970.1,1488.0,89.3,77.3532,12585.0,7.0655437,2019
2023-02-23 16:00:00+00:00,10.703221,89.55725625000001,0.5981809144059164,0.8013610881746766,9817436.0,49.89,-0.5000000000000004,-0.8660254037844385,1.0,30501.0,6121.4,41815.0,82.59181818181818,12.8,52693.67,3962.6,880.0,6707.2,1071294.2,8341.0,2.1800086,2023
2021-06-30 16:00:00+00:00,25.027172,46.29497964,-0.9996666485105112,0.025818440227133,10358992.0,32.6,-0.5000000000000004,-0.8660254037844385,1.0,31138.0,7117.2,41060.0,48.86727272727273,23.1,40999.81,4308.0,920.0,8579.6,2320877.5,3462.0,0.92447823,2021
2022-10-27 01:00:00+00:00,19.148348,80.46928043999999,0.436651231956063,-0.8996308696522438,4884752.0,40.0,0.9659258262890684,0.2588190451025207,1.0,20982.0,5066.1,30305.0,33.39272727272727,22.7,28526.77,1062.8000000000002,648.0,39.7,0.0,12185.0,4.7038016,2022
2019-12-23 19:00:00+00:00,12.1650305,22.79031588,0.9905324521322229,-0.1372787721132651,9450499.0,10.27,0.2588190451025203,-0.9659258262890684,1.0,30738.0,7117.2,48810.0,630.5583333333334,10.366666666666667,57050.74,6450.6,1883.0,22.0,0.0,7441.0,2.682477,2019
2019-06-27 12:00:00+00:00,27.176512,22.79031588,-0.9970011699250152,0.077386479233463,9422077.0,13.29,-1.0,1.2246467991473532e-16,1.0,36379.0,6628.3,45793.0,39.682500000000005,23.96666666666667,48882.57,5363.6,829.0,5133.5,3196642.5,8414.0,2.8109024,2019
2020-04-23 13:00:00+00:00,17.45534,17.2389636,-0.3816892202666589,0.9242907221930932,12134569.0,6.7,-0.9659258262890684,-0.2588190451025203,1.0,25234.0,5910.1,41575.0,216.35818181818183,15.199999999999998,36921.39,4939.3,1662.0,6399.1,2519934.2,2590.0,1.541253,2020
2019-09-08 15:00:00+00:00,24.179737,22.79031588,-0.3816892202666594,-0.924290722193093,7109331.0,9.5,-0.7071067811865477,-0.7071067811865475,0.0,25095.0,7117.2,41036.0,46.75749999999999,21.600000000000005,30472.07,4381.3,457.0,3691.7,2011968.4,3608.0,1.6694102,2019
2021-03-08 01:00:00+00:00,9.36759,46.29497964,0.4054257283599973,0.9141279881853336,12602854.0,17.8,0.9659258262890684,0.2588190451025207,1.0,21234.0,7117.2,44770.0,183.53181818181807,11.766666666666666,54919.98,3395.3,1289.0,5.1,0.0,4381.0,2.412422,2021
2023-01-08 01:00:00+00:00,11.674459,89.55725625000001,0.9905324521322229,0.1372787721132647,8688669.0,45.0,0.9659258262890684,0.2588190451025207,0.0,20181.0,7117.2,39922.0,38.42363636363636,10.25,36881.64,1180.6,948.0,0.0,0.0,14569.0,7.890942,2023
2019-07-01 16:00:00+00:00,26.02769,22.79031588,-0.9999629591162656,0.0086069968886886,9194821.0,13.0,-0.5000000000000004,-0.8660254037844385,1.0,35875.0,6125.5,43750.0,39.735,25.33333333333333,47652.5,4676.4,802.0,3786.1,2124619.0,6234.0,1.3653419,2019
2019-09-17 09:00:00+00:00,21.753298,22.79031588,-0.2344913895704105,-0.9721181966290612,6721584.0,14.0,-0.7071067811865475,0.7071067811865476,1.0,32378.0,7117.2,40872.0,53.92000000000001,22.7,47681.26,5812.6,541.0,3986.0,1304815.2,962.0,0.7557394,2019
2018-07-31 09:00:00+00:00,24.088907,15.1252596,-0.8738071036110809,-0.4862727071086898,10315467.2,25.49,-0.7071067811865475,0.7071067811865476,1.0,35192.0,7117.2,43505.0,62.26999999999999,25.25,47477.4,6585.0,1038.0,4868.3,1743444.6,900.0,1.6477811,2018
2021-09-12 09:00:00+00:00,22.867285,46.29497964,-0.3171912885891059,-0.9483615800121716,6783967.0,59.5,-0.7071067811865475,0.7071067811865476,0.0,25205.0,7117.2,42002.0,47.88272727272727,24.23333333333333,36606.6,3446.0,548.0,9441.6,1479896.5,1318.0,2.002929,2021
2018-09-28 20:00:00+00:00,20.945738,15.1252596,-0.0473213883224323,-0.9988797155850336,8374465.0,28.9,0.5000000000000001,-0.8660254037844386,1.0,29517.0,7117.2,45805.0,51.42916666666667,21.9,40843.23,6106.3,636.0,358.0,0.0,4675.0,1.9192847,2018
2020-08-24 17:00:00+00:00,27.419703,17.2389636,-0.5912614448635782,-0.8064799463209447,9705841.0,8.5,-0.2588190451025206,-0.9659258262890684,1.0,31192.0,7117.2,36040.0,51.83090909090909,24.566666666666663,43299.54,4997.8,814.0,4371.2,1376178.4,3199.0,1.3685226,2020
2018-10-14 07:00:00+00:00,16.57311,15.1252596,0.226115685508288,-0.9741004551724206,7843930.0,25.6,-0.2588190451025208,0.9659258262890684,0.0,22577.0,7117.2,41785.0,49.17916666666667,20.566666666666663,32868.31,206.9000000000001,621.0,522.5,69167.82,10529.0,1.0949839,2018
2019-12-03 02:00:00+00:00,8.386836,22.79031588,0.8860706215341378,-0.4635502709028512,8093412.0,15.65,0.8660254037844387,0.4999999999999999,1.0,23418.0,5008.0,44520.0,297.8858333333333,11.566666666666668,58570.52,1824.1,1612.0,11.1,0.0,9265.0,7.0924773,2019
2019-07-07 11:00:00+00:00,25.924906,22.79031588,-0.9955213724144752,-0.0945367498171993,9194821.0,14.1,-0.9659258262890682,0.258819045102521,0.0,29205.0,7117.2,41656.0,55.844545454545454,25.633333333333336,39024.74,4602.5,863.0,4878.3,2680168.5,2262.0,1.7318709,2019
2023-06-12 23:00:00+00:00,18.749577,89.55725625000001,-0.9441875088341992,0.3294084822245304,9287024.0,26.0,0.9659258262890684,-0.2588190451025207,1.0,22740.0,5118.0,31690.0,46.29272727272727,23.1,34650.22,4047.5,924.0,198.9,0.0,2705.0,1.7331971,2023
2018-02-07 17:00:00+00:00,6.86516,15.1252596,0.7935716089521474,0.6084768701151261,5358573.3,23.2,-0.2588190451025206,-0.9659258262890684,1.0,37155.0,7117.2,57205.0,282.4075,7.9,82823.76,5644.5,1122.0,412.2,437332.56,6334.0,4.5611434,2018
2019-12-17 02:00:00+00:00,11.194427,22.79031588,0.9711000518829505,-0.2386727660059499,8628229.0,12.65,0.8660254037844387,0.4999999999999999,1.0,23329.0,6071.9,41825.0,478.53,10.5,44968.39,2164.0,1669.0,1.0,0.0,5730.0,2.6823905,2019
2023-05-22 18:00:00+00:00,17.438818,89.55725625000001,-0.766658819300159,0.6420547132365637,9432440.0,28.88,-1.8369701987210292e-16,-1.0,1.0,26558.0,6121.4,37395.0,41.19,19.566666666666663,37986.64,5548.1,628.0,2299.0,626566.5,8442.0,4.3082986,2023
2022-12-10 09:00:00+00:00,10.399319,80.46928043999999,0.935367949313148,-0.3536761221763721,5758229.0,40.0,-0.7071067811865475,0.7071067811865476,0.0,27053.0,7117.2,40725.0,40.11545454545455,12.5,64411.41,4340.3,800.0,3406.8,306071.12,9660.0,5.0519447,2022
2019-10-27 19:00:00+00:00,17.45466,22.79031588,0.436651231956063,-0.8996308696522438,6284356.0,12.5,0.2588190451025203,-0.9659258262890684,0.0,27309.0,6111.4,39220.0,75.10666666666667,17.366666666666667,48450.0,5293.6,976.0,103.0,0.0,1907.0,1.5786263,2019
2019-01-07 08:00:00+00:00,5.3831306,22.79031588,0.9927487224577402,0.1202080448993527,8006637.0,26.1,-0.4999999999999998,0.8660254037844387,1.0,31954.0,7117.2,56490.0,59.50666666666667,8.299999999999999,81130.86,6628.0,845.0,784.2,44364.78,6620.0,3.027756,2019
2018-09-10 12:00:00+00:00,24.466831,15.1252596,-0.3496474552512282,-0.9368813462954316,8868060.9,29.75,-1.0,1.2246467991473532e-16,1.0,32744.0,7117.2,46357.0,60.6625,23.633333333333336,47355.31,5861.4,879.0,4293.5,2492121.2,2185.0,3.712173,2018
2023-04-25 11:00:00+00:00,20.254362,89.55725625000001,-0.3975428142825558,0.9175836260593938,9929022.0,35.47,-0.9659258262890682,0.258819045102521,1.0,27240.0,6105.9,36717.0,37.63727272727272,18.9,43714.97,3165.4,752.0,15393.9,2646676.2,5427.0,2.481812,2023
2019-12-14 05:00:00+00:00,12.066721,22.79031588,0.9574851883550392,-0.288482432880609,8160557.0,12.2,0.2588190451025207,0.9659258262890684,0.0,23259.0,6071.9,45375.0,588.2866666666666,11.1,40909.49,2460.3,1488.0,11.2,0.0,12958.0,7.885036,2019
2021-04-08 05:00:00+00:00,9.228798,46.29497964,-0.1159345995955004,0.9932568492674144,12000960.0,20.4,0.2588190451025207,0.9659258262890684,1.0,28234.0,6111.4,38190.0,51.04636363636364,14.5,66253.48,3716.7,1064.0,37.4,0.0,6795.0,3.7490458,2021
2018-10-25 15:00:00+00:00,21.161959,15.1252596,0.4054257283599965,-0.914127988185334,7728196.0,25.95,-0.7071067811865477,-0.7071067811865475,1.0,29639.0,7117.2,44910.0,51.303333333333335,17.599999999999998,47065.33,6334.3,658.0,2885.2,1481272.2,928.0,0.79436666,2018
2021-03-09 22:00:00+00:00,8.476564,46.29497964,0.3896304495307879,0.9209712877166346,12602854.0,17.0,0.8660254037844384,-0.5000000000000004,1.0,28197.0,7117.2,44375.0,177.01000000000002,11.9,62821.01,5412.4,1362.0,54.6,0.0,4293.0,2.6799326,2021
2022-11-24 07:00:00+00:00,12.801548,80.46928043999999,0.8039279618328213,-0.5947266869607633,5454445.0,40.0,-0.2588190451025208,0.9659258262890684,1.0,29449.0,6071.9,34069.0,74.2890909090909,17.233333333333334,55108.3,2563.9,1100.0,154.0,2043.1992,7696.0,3.1376164,2022
2019-10-04 14:00:00+00:00,23.041271,22.79031588,0.055916990100603,-0.9984354211555644,6406922.0,13.2,-0.8660254037844386,-0.5000000000000001,1.0,30126.0,7117.2,43310.0,43.55083333333334,20.8,37472.03,5614.6,449.0,5221.1,2096472.9,1761.0,2.4048033,2019
2021-10-15 21:00:00+00:00,16.526985,46.29497964,0.2428497220959349,-0.9700639218515072,6132781.0,100.0,0.7071067811865474,-0.7071067811865477,1.0,24663.0,6796.4,44045.0,53.6,17.900000000000002,50413.93,5165.7,448.0,211.4,0.0,3172.0,2.003935,2021
2023-08-15 00:00:00+00:00,22.203817,89.55725625000001,-0.7206671495538611,-0.6932812268869775,7667381.0,35.25,1.0,0.0,0.0,22603.0,6868.0,33803.0,34.70363636363636,27.100000000000005,31983.61,2960.0,504.0,398.3,0.0,4073.0,0.7417009,2023
2018-11-04 13:00:00+00:00,15.658813,15.1252596,0.5560174366570438,-0.8311706263658084,7630760.0,25.2,-0.9659258262890684,-0.2588190451025203,0.0,26199.0,6105.9,44885.0,130.22500000000002,14.2,47254.74,3347.4,852.0,3079.4,1531585.0,5175.0,3.2297158,2018
2020-12-18 13:00:00+00:00,12.694864,17.2389636,0.9787400799669153,-0.2051044998686192,8925312.0,19.94,-0.9659258262890684,-0.2588190451025203,1.0,33667.0,7117.2,51225.0,180.64454545454544,10.433333333333334,55773.5,5088.9,1585.0,4748.7,1215380.6,5528.0,2.9256856,2020
2020-05-24 19:00:00+00:00,21.20098,17.2389636,-0.7987793728863647,0.6016240632249229,12983647.0,4.02,0.2588190451025203,-0.9659258262890684,0.0,23601.0,4106.7,33682.0,107.18636363636364,19.433333333333334,34964.55,4256.8,1355.0,805.2,334860.1,7685.0,3.6291473,2020
2020-12-01 14:00:00+00:00,14.485574,17.2389636,0.8779600847008878,-0.478733840115789,8372287.0,17.13,-0.8660254037844386,-0.5000000000000001,1.0,32220.0,7049.9,50035.0,75.23454545454545,12.9,59271.49,4993.9,787.0,5127.4,1219333.2,6410.0,2.4112673,2020
2023-07-28 07:00:00+00:00,21.075296,89.55725625000001,-0.8977433935342338,-0.4405187843504948,8309958.0,30.0,-0.2588190451025208,0.9659258262890684,1.0,29354.0,7117.2,35720.0,40.03727272727273,25.399999999999995,37504.84,4908.8,612.0,8547.2,575839.9,2287.0,0.72263455,2023
2023-06-12 16:00:00+00:00,22.777014,89.55725625000001,-0.9441875088341992,0.3294084822245304,9287024.0,26.0,-0.5000000000000004,-0.8660254037844385,1.0,27847.0,5118.0,33020.0,36.659090909090914,23.0,39327.36,4267.0,780.0,9346.4,1738856.6,2811.0,2.0700703,2023
2023-06-12 01:00:00+00:00,18.310923,89.55725625000001,-0.9441875088341992,0.3294084822245304,9287024.0,26.0,0.9659258262890684,0.2588190451025207,1.0,19313.0,5118.0,33020.0,36.659090909090914,23.0,30935.81,3967.3,824.0,212.3,0.0,1131.0,1.2095808,2023
2018-05-23 22:00:00+00:00,17.252422,15.1252596,-0.7775971469736267,0.6287628145958347,11943098.0,24.5,0.8660254037844384,-0.5000000000000004,1.0,25604.0,5068.5,46135.0,96.85416666666669,18.1,45219.11,4987.7,1452.0,96.8,0.0,2699.0,1.6567323,2018
2018-01-13 12:00:00+00:00,9.46915,15.1252596,0.9750645322571948,0.2219215130041655,5284527.7,21.8,-1.0,1.2246467991473532e-16,0.0,33092.0,7117.2,55035.0,244.65166666666664,8.65,62803.12,5040.6,1069.0,1069.8,1114584.1,4409.0,2.9190364,2018
2022-08-24 08:00:00+00:00,23.97509,80.46928043999999,-0.6050560696488494,-0.7961828637826154,5812377.0,40.0,-0.4999999999999998,0.8660254037844387,1.0,30038.0,7117.2,25146.0,45.233,26.100000000000005,42953.5,4733.0,592.0,8265.6,975847.9,3056.0,1.0547626,2022
2023-03-14 17:00:00+00:00,15.018517,89.55725625000001,0.3090169943749474,0.9510565162951536,9946780.0,48.0,-0.2588190451025206,-0.9659258262890684,1.0,27467.0,7117.2,35685.0,92.20363636363636,13.933333333333332,48170.11,5477.7,1188.0,5041.2,956680.25,10287.0,4.9557657,2023
2022-05-21 06:00:00+00:00,18.953968,80.46928043999999,-0.7554933140726803,0.6551563572090853,7898472.0,74.0,6.123233995736766e-17,1.0,0.0,23341.0,5122.1,28165.0,48.19545454545455,21.666666666666668,34781.23,2201.8,903.0,2936.9,227653.9,7043.0,3.7000608,2022
2023-09-09 01:00:00+00:00,20.627117,89.55725625000001,-0.3657225234972692,-0.9307239310379792,7199927.0,34.79,0.9659258262890684,0.2588190451025207,0.0,21675.0,7117.2,40070.0,41.72545454545455,24.366666666666664,32748.68,3876.9,380.0,102.4,0.0,4144.0,2.1120236,2023
2018-04-21 00:00:00+00:00,14.010281,15.1252596,-0.3334687789181868,0.9427611433904208,11454573.5,19.5,1.0,0.0,0.0,22743.0,5066.1,43520.0,606.9184615384615,12.95,39457.18,3062.7,1822.0,192.7,0.0,6425.0,4.512431,2018
2018-02-12 17:00:00+00:00,9.054265,15.1252596,0.7383263540031065,0.6744436188329455,5458728.1,22.0,-0.2588190451025206,-0.9659258262890684,1.0,36096.0,7117.2,57025.0,329.0938461538462,8.55,77276.4,5870.8,1284.0,836.8,492954.44,7016.0,4.8694944,2018
2018-03-10 19:00:00+00:00,13.123579,15.1252596,0.373719714790469,0.9275416835791966,6658815.9,22.0,0.2588190451025203,-0.9659258262890684,0.0,31110.0,6071.9,49925.0,311.11083333333335,10.65,53224.72,3051.5,1880.0,10.3,11617.86,12107.0,8.151004,2018
2018-03-17 01:00:00+00:00,8.376943,15.1252596,0.2595117970697999,0.9657399376548548,8217673.2,23.8,0.9659258262890684,0.2588190451025207,0.0,24400.0,6071.9,47330.0,380.4692307692307,10.1,54748.59,2790.7,1734.0,23.9,0.0,9889.0,6.416635,2018
2023-05-20 17:00:00+00:00,17.411758,89.55725625000001,-0.7441039398713604,0.6680638642135338,9540599.0,25.85,-0.2588190451025206,-0.9659258262890684,0.0,21959.0,5110.1,36224.0,43.08727272727273,18.73333333333333,32672.59,3516.2,604.0,5916.8,1225581.9,8946.0,2.9092374,2023
2019-09-26 06:00:00+00:00,16.402414,22.79031588,-0.0816763953304228,-0.99665890175417,6541441.0,14.35,6.123233995736766e-17,1.0,1.0,29839.0,7117.2,40910.0,41.7,22.0,46144.72,4912.8,652.0,314.3,3301.9612,1891.0,1.2042285,2019
2018-02-11 12:00:00+00:00,11.453708,15.1252596,0.7498264012045687,0.6616346182422783,5358573.3,21.07,-1.0,1.2246467991473532e-16,0.0,30312.0,7117.2,57360.0,263.5108333333333,7.699999999999999,62058.83,3560.2,962.0,3958.2,1424866.0,8232.0,5.562561,2018
2023-06-07 03:00:00+00:00,18.14559,89.55725625000001,-0.9123747579707272,0.4093559588156217,9303179.0,28.01,0.7071067811865476,0.7071067811865476,1.0,21122.0,5118.0,32600.0,39.38636363636363,22.76666666666667,29559.79,2913.6,600.0,45.3,0.0,6693.0,3.562253,2023
2019-10-29 01:00:00+00:00,15.404902,22.79031588,0.467359217158002,-0.8840675099433637,6356816.0,13.75,0.9659258262890684,0.2588190451025207,1.0,22234.0,6111.4,41035.0,55.10166666666666,17.73333333333333,44251.26,3784.5,633.0,15.2,0.0,3071.0,3.034897,2019
2021-06-30 15:00:00+00:00,25.012566,46.29497964,-0.9996666485105112,0.025818440227133,10358992.0,32.6,-0.7071067811865477,-0.7071067811865475,1.0,31619.0,7117.2,41060.0,48.86727272727273,23.1,39871.85,4490.5,921.0,9739.0,2801507.0,3198.0,0.87094593,2021
2023-08-03 19:00:00+00:00,23.730677,89.55725625000001,-0.847540922892831,-0.5307300481619335,8090382.0,27.8,0.2588190451025203,-0.9659258262890684,1.0,31997.0,7117.2,32476.0,33.88727272727272,26.5,36214.13,3087.3,520.0,1679.8,336471.78,11607.0,5.389353,2023
2018-11-25 17:00:00+00:00,12.88938,15.1252596,0.8140460935082175,-0.5808002734538013,7927348.0,25.8,-0.2588190451025206,-0.9659258262890684,0.0,28600.0,5110.1,47905.0,111.63583333333334,12.533333333333331,60723.26,3762.1,1324.0,75.8,51438.703,6697.0,6.7018876,2018
2021-07-15 00:00:00+00:00,19.08526,46.29497964,-0.973118337233262,-0.2303056702306119,9598298.0,35.37,1.0,0.0,1.0,25079.0,7117.2,40510.0,55.02727272727272,22.4,31395.5,3327.6000000000004,723.0,563.5,0.0,9211.0,3.3104346,2021
2022-05-17 19:00:00+00:00,21.834295,80.46928043999999,-0.7086266782644596,0.705583610107178,7898472.0,79.9,0.2588190451025203,-0.9659258262890684,1.0,30277.0,5122.1,29735.0,71.43818181818182,20.933333333333334,43556.67,5776.9,1102.0,954.2,294729.53,2703.0,1.6808301,2022
2022-04-16 08:00:00+00:00,14.746499,80.46928043999999,-0.2511900638848191,0.9679377830240644,7441893.0,74.99,-0.4999999999999998,0.8660254037844387,0.0,23317.0,7046.5,31666.0,76.74727272727273,16.2,35519.46,3926.9,972.0,9736.3,1116301.6,3809.0,2.5108964,2022
2023-06-04 20:00:00+00:00,19.373783,89.55725625000001,-0.8900275764346767,0.4559066935084588,9354774.0,23.6,0.5000000000000001,-0.8660254037844386,0.0,24404.0,5118.0,32600.0,38.78818181818182,22.03333333333333,32583.43,4789.8,864.0,340.0,45143.688,1916.0,1.2896142,2023
2023-10-26 12:00:00+00:00,19.094015,89.55725625000001,0.4211008707960891,-0.9070138128026362,7110879.0,46.86,-1.0,1.2246467991473532e-16,1.0,27968.0,4065.8,40425.0,47.3890909090909,18.0,37481.02,1868.7,884.0,5607.3,1271661.6,17186.0,9.74543,2023
2018-03-17 23:00:00+00:00,8.327659,15.1252596,0.2595117970697999,0.9657399376548548,8217673.2,23.8,0.9659258262890684,-0.2588190451025207,0.0,26288.0,6071.9,46500.0,350.82538461538456,9.65,59776.2,4454.2,1724.0,10.0,0.0,6341.0,7.0326986,2018
2022-10-22 20:00:00+00:00,18.962017,80.46928043999999,0.3576982388331254,-0.9338372288229252,4759479.0,40.0,0.5000000000000001,-0.8660254037844386,0.0,24501.0,5066.1,31190.0,35.26636363636364,22.9,34280.78,1763.2999999999995,700.0,51.5,0.0,13351.0,6.1650357,2022
2019-05-23 23:00:00+00:00,16.479813,22.79031588,-0.7775971469736267,0.6287628145958347,9927860.0,15.5,0.9659258262890684,-0.2588190451025207,1.0,24240.0,5122.1,45825.0,83.15666666666668,18.36666666666667,41945.83,2317.0,1078.0,429.9,0.0,4948.0,2.1074183,2019
2023-01-16 10:00:00+00:00,10.540401,89.55725625000001,0.9623090774541486,0.2719581575341055,9606485.0,45.0,-0.8660254037844387,0.4999999999999999,1.0,32526.0,7117.2,43670.0,58.85090909090909,13.0,50586.59,2526.3,1332.0,3741.1,562620.25,17347.0,10.291562,2023
2023-12-16 00:00:00+00:00,9.177288,89.55725625000001,0.9668478136052776,-0.2553532951161872,9548960.0,32.51,1.0,0.0,0.0,24533.0,7117.2,46263.0,256.57666666666665,11.033333333333331,52021.86,2286.7,1292.0,17.7,0.0,9881.0,4.325429,2023
2021-06-18 15:00:00+00:00,21.931303,46.29497964,-0.973118337233262,0.2303056702306122,10722206.0,28.71,-0.7071067811865477,-0.7071067811865475,1.0,29552.0,5068.5,37455.0,84.61727272727272,22.566666666666663,41055.36,5172.7,1168.0,5868.8,2154165.5,6847.0,0.6028411,2021
2023-08-17 00:00:00+00:00,22.212967,89.55725625000001,-0.6963762255968724,-0.7176769136759618,7667381.0,37.25,1.0,0.0,1.0,23329.0,7043.3,38428.0,37.12727272727273,26.866666666666664,32877.39,3372.8,520.0,402.4,0.0,3365.0,0.65117675,2023
2023-04-15 08:00:00+00:00,14.012914,89.55725625000001,-0.2344913895704096,0.9721181966290612,10111804.0,37.95,-0.4999999999999998,0.8660254037844387,0.0,23671.0,7117.2,34445.0,34.89272727272727,16.0,37467.2,2828.9,768.0,11537.4,972225.6,9566.0,5.1442876,2023
2020-12-04 01:00:00+00:00,10.088618,17.2389636,0.9015016841318838,-0.4327755925504317,8372287.0,17.4,0.9659258262890684,0.2588190451025207,1.0,23842.0,7117.2,48615.0,68.49545454545454,11.366666666666667,47437.84,535.7999999999993,655.0,14.1,0.0,15574.0,9.314726,2020
2019-10-12 18:00:00+00:00,21.526978,22.79031588,0.1924515819708299,-0.9813064702716092,6275794.0,12.65,-1.8369701987210292e-16,-1.0,0.0,27571.0,6111.4,41650.0,43.08083333333334,20.83333333333333,42314.23,3939.5,422.0,252.0,62004.332,7707.0,4.1419854,2019
2021-02-24 01:00:00+00:00,10.350621,46.29497964,0.5842981736283684,0.811539059007361,12682828.0,15.85,0.9659258262890684,0.2588190451025207,1.0,23660.0,6113.8,44925.0,395.45666666666665,10.666666666666666,43664.81,2011.0,1689.0,51.8,0.0,10426.0,4.6109643,2021
2021-04-20 21:00:00+00:00,13.273974,46.29497964,-0.3171912885891059,0.9483615800121716,11503922.0,22.75,0.7071067811865474,-0.7071067811865477,1.0,26752.0,6111.4,39485.0,55.25272727272727,15.4,52386.09,4523.0,991.0,141.5,0.0,2239.0,0.69302756,2021
2020-03-05 18:00:00+00:00,12.977406,17.2389636,0.436651231956064,0.8996308696522433,10393202.0,8.79,-1.8369701987210292e-16,-1.0,1.0,32721.0,7117.2,47704.0,168.08727272727273,12.3,62939.78,7013.0,1831.0,255.3,226529.34,15782.0,9.643671,2020
2022-04-21 05:00:00+00:00,8.787407,80.46928043999999,-0.3334687789181868,0.9427611433904208,7656944.0,78.97,0.2588190451025207,0.9659258262890684,1.0,26941.0,6986.5,32013.0,120.23272727272727,14.533333333333331,46087.34,3766.8,1138.0,74.2,10.237456,10400.0,4.3668246,2022
2021-03-01 21:00:00+00:00,11.61306,46.29497964,0.5123714121284237,0.8587639582758029,12602854.0,16.47,0.7071067811865474,-0.7071067811865477,1.0,30311.0,7117.2,40495.0,197.94272727272727,10.866666666666664,52662.79,5760.6,1733.0,32.2,0.0,8186.0,4.202577,2021
2018-10-20 13:00:00+00:00,19.7309,15.1252596,0.3253420847119803,-0.9455963874271424,7777168.0,25.69,-0.9659258262890684,-0.2588190451025203,0.0,26290.0,7117.2,42860.0,75.15416666666667,19.3,37940.86,2556.1000000000004,709.0,1918.1,1707492.4,8654.0,6.0112696,2018
2020-04-22 16:00:00+00:00,15.90497,17.2389636,-0.3657225234972692,0.9307239310379792,12134569.0,6.9,-0.5000000000000004,-0.8660254037844385,1.0,23836.0,5926.1,41575.0,221.78090909090903,14.633333333333333,36360.43,4256.7,1707.0,2992.1,1374652.1,2485.0,3.5182846,2020
2020-12-20 18:00:00+00:00,11.467559,17.2389636,0.9852201067560606,-0.1712931441814778,8925312.0,17.8,-1.8369701987210292e-16,-1.0,0.0,30060.0,7117.2,52010.0,158.01727272727274,10.566666666666666,56567.71,5088.3,1587.0,68.8,846.59314,6695.0,1.7937949,2020
2018-04-14 20:00:00+00:00,12.8420315,15.1252596,-0.2177232303965317,0.9760105506323684,10768646.8,22.75,0.5000000000000001,-0.8660254037844386,0.0,29271.0,5066.1,44865.0,1099.9092307692308,11.3,47467.16,5208.9,1695.0,237.2,200.39345,4347.0,2.4690108,2018
2021-06-19 03:00:00+00:00,17.16886,46.29497964,-0.9769384927771816,0.2135209154397961,10722206.0,28.9,0.7071067811865476,0.7071067811865476,0.0,22209.0,5068.5,37455.0,90.74636363636364,22.633333333333336,32220.99,3585.4,1335.0,13.5,0.0,2390.0,1.144962,2021
2023-01-18 21:00:00+00:00,6.4372163,89.55725625000001,0.9523775757303976,0.304921224656289,9606485.0,45.0,0.7071067811865474,-0.7071067811865477,1.0,33234.0,7117.2,42520.0,290.69416666666666,12.3,61590.69,4856.4,1376.0,36.9,0.0,14807.0,8.52752,2023
2020-04-27 14:00:00+00:00,16.012386,17.2389636,-0.4443781781046132,0.895839290734909,12486925.0,6.1,-0.8660254037844386,-0.5000000000000001,1.0,25072.0,5610.1,38585.0,239.1227272727273,15.933333333333332,37223.86,4428.3,1706.0,4289.4,2311933.8,6183.0,4.6636434,2020
2023-04-25 20:00:00+00:00,18.494547,89.55725625000001,-0.3975428142825558,0.9175836260593938,9929022.0,35.47,0.5000000000000001,-0.8660254037844386,1.0,28006.0,6105.9,36717.0,37.63727272727272,18.9,44730.31,4700.7,812.0,722.1,2733.3054,4275.0,2.6321547,2023
2022-05-21 19:00:00+00:00,22.93369,80.46928043999999,-0.7554933140726803,0.6551563572090853,7898472.0,74.0,0.2588190451025203,-0.9659258262890684,0.0,27408.0,5122.1,29475.0,48.19545454545455,21.666666666666668,38666.02,4268.1,937.0,334.9,260655.05,6320.0,1.6491567,2022
2019-01-05 02:00:00+00:00,5.353344,22.79031588,0.9962981749346078,0.0859647987374464,8127468.0,24.8,0.8660254037844387,0.4999999999999999,0.0,23050.0,6125.5,54165.0,55.66,8.533333333333333,63247.58,4930.0,816.0,12.7,0.0,3194.0,2.2687347,2019
2021-11-04 02:00:00+00:00,9.581592,46.29497964,0.5560174366570438,-0.8311706263658084,5998857.0,71.5,0.8660254037844387,0.4999999999999999,1.0,22144.0,6121.4,43725.0,48.18818181818181,15.3,48420.54,3120.3,616.0,44.2,0.0,6656.0,4.68409,2021
2023-11-26 08:00:00+00:00,8.273166,89.55725625000001,0.8239230057575542,-0.5667017562911177,9216870.0,43.66,-0.4999999999999998,0.8660254037844387,0.0,21778.0,6125.5,43285.0,81.83545454545454,11.733333333333334,53104.62,4414.5,932.0,3378.9,126578.17,794.0,0.30932683,2023
2018-09-28 21:00:00+00:00,20.193087,15.1252596,-0.0473213883224323,-0.9988797155850336,8374465.0,28.9,0.7071067811865474,-0.7071067811865477,1.0,27531.0,7117.2,44825.0,51.42916666666667,21.9,43891.41,5658.1,631.0,302.7,0.0,4700.0,1.8880714,2018
2020-12-26 13:00:00+00:00,8.929626,17.2389636,0.9976303053065856,-0.0688024268023197,9231297.0,18.65,-0.9659258262890684,-0.2588190451025203,0.0,28384.0,7117.2,51315.0,141.82999999999998,8.966666666666667,55786.96,3684.4,1380.0,6252.6,1483353.8,7849.0,4.7563467,2020
2021-04-08 07:00:00+00:00,10.033742,46.29497964,-0.1159345995955004,0.9932568492674144,12000960.0,20.4,-0.2588190451025208,0.9659258262890684,1.0,31642.0,6111.4,38190.0,51.04636363636364,14.5,68616.6,4617.6,1242.0,1949.0,296681.53,6210.0,3.6336842,2021
2018-08-11 17:00:00+00:00,27.41505,15.1252596,-0.7666588193001592,-0.6420547132365636,10042982.5,24.1,-0.2588190451025206,-0.9659258262890684,0.0,28919.0,7117.2,38380.0,42.70416666666667,24.8,37921.52,4523.9,892.0,2434.0,1460671.2,3636.0,1.347885,2018
2023-12-09 16:00:00+00:00,14.996329,89.55725625000001,0.9291414114031744,-0.3697245428906732,9349226.0,38.93,-0.5000000000000004,-0.8660254037844385,0.0,25695.0,6125.5,44820.0,124.81727272727272,11.566666666666668,36945.01,4768.9,1320.0,1127.6,343073.8,11876.0,5.8536325,2023
2020-04-10 15:00:00+00:00,16.593533,17.2389636,-0.167051625502119,0.9859481499638304,11312209.0,8.0,-0.7071067811865477,-0.7071067811865475,0.0,17413.0,7030.4,42460.0,137.26636363636362,14.699999999999998,32016.32,4170.2,1418.0,3354.3,1781545.1,3288.0,0.7525557,2020
2023-11-30 07:00:00+00:00,13.781526,89.55725625000001,0.8609610158889941,-0.5086709438521049,9150611.0,40.5,-0.2588190451025208,0.9659258262890684,1.0,30717.0,6125.5,43750.0,95.52000000000002,13.0,65397.53,4059.2,1168.0,100.4,1058.305,12082.0,6.9339375,2023
2023-09-09 23:00:00+00:00,20.728016,89.55725625000001,-0.3657225234972692,-0.9307239310379792,7199927.0,34.79,0.9659258262890684,-0.2588190451025207,0.0,21816.0,7043.3,40570.0,42.25545454545455,24.666666666666668,34075.78,4097.4,424.0,116.0,0.0,2936.0,1.422581,2023
2019-07-01 09:00:00+00:00,23.213434,22.79031588,-0.9999629591162656,0.0086069968886886,9194821.0,13.0,-0.7071067811865475,0.7071067811865476,1.0,35687.0,6125.5,43750.0,39.735,25.33333333333333,49405.92,5488.5,873.0,4791.5,1898031.6,3160.0,1.4691976,2019
2020-03-02 13:00:00+00:00,12.91056,17.2389636,0.4825077417612184,0.8758917051442429,10393202.0,8.9,-0.9659258262890684,-0.2588190451025203,1.0,32360.0,7117.2,49529.0,91.81909090909092,12.5,60248.7,2430.0,1542.0,5220.9,1985442.1,17136.0,12.647222,2020
2023-12-09 00:00:00+00:00,11.164527,89.55725625000001,0.9291414114031744,-0.3697245428906732,9349226.0,38.93,1.0,0.0,0.0,22706.0,6125.5,44820.0,124.81727272727272,11.566666666666668,47649.01,3627.9,1312.0,9.2,0.0,12941.0,4.844325,2023
2022-06-06 07:00:00+00:00,18.727694,80.46928043999999,-0.9051931898913974,0.4250003399695541,7753901.0,40.0,-0.2588190451025208,0.9659258262890684,1.0,27673.0,6113.8,28252.0,40.292,23.9,32624.02,4969.4,852.0,7222.5,780616.94,2486.0,0.37908578,2022
2021-02-21 16:00:00+00:00,12.627448,46.29497964,0.6254105729852463,0.7802958510707755,12156166.0,16.08,-0.5000000000000004,-0.8660254037844385,0.0,24683.0,6113.8,43005.0,197.2590909090909,10.466666666666669,38709.93,2724.0,1494.0,816.2,766006.2,9656.0,1.9836785,2021
2023-03-14 19:00:00+00:00,13.292102,89.55725625000001,0.3090169943749474,0.9510565162951536,9946780.0,48.0,0.2588190451025203,-0.9659258262890684,1.0,32159.0,7117.2,36760.0,92.20363636363636,13.933333333333332,53296.72,6793.8,1348.0,446.5,20357.438,8065.0,4.587852,2023
2023-10-12 05:00:00+00:00,17.118797,89.55725625000001,0.1924515819708299,-0.9813064702716092,6736945.0,45.48,0.2588190451025207,0.9659258262890684,0.0,21012.0,5061.6,40295.0,33.79,21.3,40339.68,4634.4,308.0,68.9,0.0,2497.0,1.3914703,2023
2022-12-20 11:00:00+00:00,14.1262455,80.46928043999999,0.9821256058680004,-0.1882267098432448,7263299.0,40.0,-0.9659258262890682,0.258819045102521,1.0,31481.0,7117.2,41190.0,51.14363636363637,11.633333333333336,51001.75,3911.4,912.0,4216.0,905535.1,10506.0,5.3229966,2022
2018-04-21 20:00:00+00:00,16.031113,15.1252596,-0.3334687789181868,0.9427611433904208,11454573.5,19.5,0.5000000000000001,-0.8660254037844386,0.0,27045.0,5066.1,44830.0,606.9184615384615,12.95,41722.09,4945.6,1984.0,138.4,1588.6815,4918.0,2.765051,2018
2023-10-26 05:00:00+00:00,17.62065,89.55725625000001,0.4211008707960891,-0.9070138128026362,7110879.0,46.86,0.2588190451025207,0.9659258262890684,1.0,25854.0,4065.8,40425.0,47.3890909090909,18.0,41896.95,1184.5,824.0,5.1,0.0,15099.0,7.5240026,2023
2020-11-08 10:00:00+00:00,15.991125,17.2389636,0.6254105729852464,-0.7802958510707755,8534366.0,13.5,-0.8660254037844387,0.4999999999999999,0.0,25022.0,6125.5,48333.0,99.75818181818182,15.6,42108.36,1984.2,1187.0,4731.0,1072199.8,6508.0,3.2501154,2020
2022-10-01 07:00:00+00:00,13.923975,80.46928043999999,0.0043035382962438,-0.99999073973619,4867449.0,40.0,-0.2588190451025208,0.9659258262890684,0.0,23128.0,6111.4,28215.0,42.193636363636365,20.7,30852.58,4001.9,496.0,3756.2,145213.42,2951.0,0.5408059,2022
2018-01-11 11:00:00+00:00,9.726598,15.1252596,0.9821256058680006,0.1882267098432442,5284527.7,22.89,-0.9659258262890682,0.258819045102521,1.0,37015.0,6053.3,58560.0,216.15166666666667,9.1,71121.46,4283.200000000001,1240.0,2574.8,1122183.0,11772.0,8.194039,2018
2023-08-03 13:00:00+00:00,25.708874,89.55725625000001,-0.847540922892831,-0.5307300481619335,8090382.0,27.8,-0.9659258262890684,-0.2588190451025203,1.0,31926.0,7117.2,33016.0,33.88727272727272,26.5,29092.8,2058.4,492.0,16617.7,2976951.8,8528.0,4.7365685,2023
2021-11-01 07:00:00+00:00,16.020298,46.29497964,0.5123714121284235,-0.858763958275803,5998857.0,59.25,-0.2588190451025208,0.9659258262890684,0.0,20982.0,6121.4,42770.0,39.63363636363636,17.76666666666667,33661.62,2559.1,598.0,486.6,18328.545,10570.0,7.7193813,2021
2020-08-26 22:00:00+00:00,23.753183,17.2389636,-0.5631507242749187,-0.8263541987239094,9705841.0,10.5,0.8660254037844384,-0.5000000000000004,1.0,28326.0,7117.2,35050.0,55.34727272727272,25.7,41497.2,3560.2,748.0,589.1,0.0,3320.0,1.467934,2020
2021-03-20 20:00:00+00:00,8.50002,46.29497964,0.2093146459630487,0.9778483415056568,12507948.0,18.0,0.5000000000000001,-0.8660254037844386,0.0,30822.0,6111.4,44405.0,121.94181818181818,12.4,56891.25,3621.7,1119.0,331.3,0.0,13915.0,7.9580593,2021
2020-02-24 12:00:00+00:00,16.069632,17.2389636,0.5842981736283684,0.811539059007361,10318969.0,10.87,-1.0,1.2246467991473532e-16,1.0,32508.0,7117.2,50174.0,94.69818181818182,10.966666666666669,49616.15,5594.9,1095.0,7693.0,2356126.2,1719.0,1.7472441,2020
2020-08-06 02:00:00+00:00,21.252157,17.2389636,-0.8090169943749475,-0.587785252292473,10709340.0,9.75,0.8660254037844387,0.4999999999999999,1.0,23888.0,7117.2,36320.0,59.35999999999999,25.1,31591.32,3806.5,668.0,263.8,0.0,4509.0,2.3989358,2020
2022-04-05 08:00:00+00:00,7.8832173,80.46928043999999,-0.0645084494493162,0.9979171608653922,7339663.0,113.97,-0.4999999999999998,0.8660254037844387,1.0,33669.0,6021.6,33095.0,112.15,12.4,60862.74,3405.6,881.0,2672.2,616629.3,5638.0,6.139548,2022
2019-06-26 00:00:00+00:00,20.649815,22.79031588,-0.9955213724144752,0.0945367498171995,9422077.0,13.3,1.0,0.0,1.0,25137.0,7117.2,44453.0,40.67166666666666,23.933333333333334,39056.75,4549.7,802.0,438.0,0.0,5607.0,2.3426573,2019
2019-04-26 11:00:00+00:00,14.474617,22.79031588,-0.4132786077829042,0.9106046300942162,9241342.0,16.2,-0.9659258262890682,0.258819045102521,1.0,32575.0,7015.5,47165.0,110.06583333333332,15.6,49537.45,5469.2,1570.0,5122.6,2572615.5,6173.0,4.3380866,2019
2019-10-29 03:00:00+00:00,15.0297785,22.79031588,0.467359217158002,-0.8840675099433637,6356816.0,13.75,0.7071067811865476,0.7071067811865476,1.0,21918.0,6111.4,41035.0,55.10166666666666,17.73333333333333,39851.73,3690.8,611.0,16.3,0.0,3066.0,2.8679655,2019
2020-08-24 15:00:00+00:00,27.795687,17.2389636,-0.5912614448635782,-0.8064799463209447,9705841.0,8.5,-0.7071067811865477,-0.7071067811865475,1.0,32244.0,7117.2,36040.0,51.83090909090909,24.566666666666663,38279.67,5018.6,774.0,7820.1,2531706.0,2628.0,1.2914459,2020
2021-01-08 04:00:00+00:00,3.7104456,46.29497964,0.9905324521322229,0.1372787721132647,9385531.0,43.0,0.5000000000000001,0.8660254037844386,1.0,25163.0,7117.2,52290.0,160.14454545454544,6.666666666666667,70126.83,2419.1000000000004,1218.0,6.2,0.0,8238.0,6.4207106,2021
2020-05-07 06:00:00+00:00,15.325593,17.2389636,-0.5912614448635781,0.8064799463209448,12825077.0,5.8,6.123233995736766e-17,1.0,1.0,24276.0,5110.1,36770.0,140.07272727272724,17.900000000000002,39509.32,3599.5,1581.0,1095.0,144150.16,5407.0,4.392211,2020
2019-12-17 15:00:00+00:00,12.440487,22.79031588,0.9711000518829505,-0.2386727660059499,8628229.0,12.65,-0.7071067811865477,-0.7071067811865475,1.0,33561.0,6071.9,43320.0,478.53,10.5,58050.75,6628.2,1603.0,1356.4,670552.4,4457.0,2.2958548,2019
2020-09-29 10:00:00+00:00,20.126038,17.2389636,-0.0129102960750088,-0.999916658654738,8407927.0,11.55,-0.8660254037844387,0.4999999999999999,1.0,30908.0,7065.5,40000.0,79.19363636363637,18.866666666666667,51510.02,6449.0,631.0,8267.1,1894633.4,1597.0,1.8043844,2020
2020-01-16 17:00:00+00:00,12.649007,17.2389636,0.9623090774541486,0.2719581575341055,9921851.0,11.6,-0.2588190451025206,-0.9659258262890684,1.0,35937.0,7117.2,51440.0,117.58363636363636,7.7,60161.83,3856.0,1409.0,330.5,213886.73,8953.0,4.9684176,2020
2020-12-04 11:00:00+00:00,9.762413,17.2389636,0.9015016841318838,-0.4327755925504317,8372287.0,17.4,-0.9659258262890682,0.258819045102521,1.0,35585.0,7117.2,49255.0,68.49545454545454,11.366666666666667,63197.29,2994.1000000000004,773.0,3037.5,905433.4,14050.0,9.89198,2020
2021-10-03 02:00:00+00:00,18.658804,46.29497964,0.0387222808921739,-0.9992500112396836,6314146.0,92.0,0.8660254037844387,0.4999999999999999,0.0,19557.0,7117.2,39347.0,41.43818181818183,21.26666666666667,21778.98,-58.0,443.0,147.6,0.0,11047.0,5.1926813,2021
2021-09-08 11:00:00+00:00,24.45054,46.29497964,-0.3816892202666594,-0.924290722193093,6783967.0,53.5,-0.9659258262890682,0.258819045102521,1.0,33557.0,7117.2,45356.0,49.69454545454546,24.7,44949.75,4418.5,526.0,10080.0,2339134.2,4793.0,2.6646821,2021
2020-02-24 00:00:00+00:00,10.145107,17.2389636,0.5842981736283684,0.811539059007361,10318969.0,10.87,1.0,0.0,1.0,22524.0,7117.2,49454.0,94.69818181818182,10.966666666666669,49934.78,4968.5,973.0,51.3,0.0,1920.0,0.7248411,2020
2020-10-16 12:00:00+00:00,15.950158,17.2389636,0.276096973097468,-0.961129783872301,8253016.0,13.28,-1.0,1.2246467991473532e-16,1.0,30315.0,6125.5,44650.0,159.87818181818182,15.766666666666666,53381.35,5323.6,855.0,8261.1,2189099.2,2943.0,1.6680406,2020
2018-12-23 11:00:00+00:00,12.818048,15.1252596,0.9905324521322229,-0.1372787721132651,8153074.0,24.5,-0.9659258262890682,0.258819045102521,0.0,27621.0,5326.1,51510.0,110.14416666666668,10.066666666666668,49924.03,4186.6,1271.0,2585.6,1220210.8,1727.0,1.4578929,2018
2020-09-20 01:00:00+00:00,18.81376,17.2389636,-0.1670516255021195,-0.9859481499638304,8792826.0,11.15,0.9659258262890684,0.2588190451025207,0.0,19854.0,7117.2,35260.0,56.26454545454546,22.566666666666663,31468.6,2443.3,547.0,28.2,0.0,4030.0,4.2416935,2020
2018-04-30 03:00:00+00:00,9.183088,15.1252596,-0.4749510720670499,0.8800122039735357,11937484.9,20.3,0.7071067811865476,0.7071067811865476,1.0,20917.0,5066.1,44377.0,379.2191666666667,13.15,34679.25,3348.9,1674.0,66.1,0.0,5379.0,4.610726,2018
2023-05-20 03:00:00+00:00,12.551487,89.55725625000001,-0.7441039398713604,0.6680638642135338,9540599.0,25.85,0.7071067811865476,0.7071067811865476,0.0,19165.0,5110.1,35491.0,43.08727272727273,18.73333333333333,27631.88,1292.3000000000002,728.0,268.2,0.0,9629.0,4.3680286,2023
2020-11-30 12:00:00+00:00,14.327771,17.2389636,0.8695893893466109,-0.4937755501599773,8372287.0,16.5,-1.0,1.2246467991473532e-16,1.0,33642.0,7056.9,50945.0,63.25181818181818,13.4,66958.77,4128.1,933.0,4530.8,1428835.9,3674.0,3.17667,2020
2020-09-06 20:00:00+00:00,21.915329,17.2389636,-0.3975428142825566,-0.9175836260593934,9363826.0,12.0,0.5000000000000001,-0.8660254037844386,0.0,26687.0,6121.4,33905.0,47.66,23.2,37446.06,4623.2,656.0,562.0,0.15896672,11877.0,3.228436,2020
2023-01-29 11:00:00+00:00,7.037544,89.55725625000001,0.8779600847008882,0.4787338401157884,10151548.0,45.0,-0.9659258262890682,0.258819045102521,0.0,27202.0,7117.2,44320.0,115.03999999999998,10.7,63581.58,2305.7,1100.0,10237.1,1300668.8,8316.0,4.731984,2023
2020-01-17 23:00:00+00:00,9.04641,17.2389636,0.9574851883550392,0.288482432880609,9921851.0,11.35,0.9659258262890684,-0.2588190451025207,0.0,28285.0,7117.2,50810.0,113.37818181818184,8.266666666666667,56479.84,3928.3,1324.0,10.9,0.0,2844.0,1.6452246,2020
2020-05-21 15:00:00+00:00,24.702202,17.2389636,-0.766658819300159,0.6420547132365637,12983647.0,5.5,-0.7071067811865477,-0.7071067811865475,1.0,26270.0,4106.7,36610.0,136.39909090909092,18.3,30402.09,4435.8,1467.0,7358.6,2774944.8,1520.0,1.4186378,2020
2023-03-28 20:00:00+00:00,15.3424015,89.55725625000001,0.0730951298980775,0.9973249731081556,10208205.0,41.0,0.5000000000000001,-0.8660254037844386,1.0,28746.0,7117.2,35888.0,50.28454545454545,14.366666666666664,44387.73,5774.4,1016.0,662.3,0.0,7126.0,3.0248654,2023
2018-06-06 02:00:00+00:00,15.026742,15.1252596,-0.9051931898913974,0.4250003399695541,12247100.7,22.61,0.8660254037844387,0.4999999999999999,1.0,22494.0,4076.8,44070.0,381.2141666666667,16.6,34992.42,3232.5,1698.0,137.3,0.0,2371.0,3.612671,2018
2022-10-22 23:00:00+00:00,18.626583,80.46928043999999,0.3576982388331254,-0.9338372288229252,4759479.0,40.0,0.9659258262890684,-0.2588190451025207,0.0,19982.0,5066.1,31190.0,34.84909090909091,23.0,30671.86,810.5,744.0,17.2,0.0,14027.0,7.300951,2022
2023-11-26 05:00:00+00:00,7.944219,89.55725625000001,0.8239230057575542,-0.5667017562911177,9216870.0,43.66,0.2588190451025207,0.9659258262890684,0.0,19517.0,6125.5,43285.0,81.83545454545454,11.733333333333334,49004.11,4276.6,932.0,13.5,0.0,1003.0,1.1150389,2023
2019-11-16 01:00:00+00:00,6.701769,22.79031588,0.7146733860429608,-0.6994583270516471,6710769.0,14.5,0.9659258262890684,0.2588190451025207,0.0,24000.0,5008.0,40950.0,297.8084615384616,12.266666666666667,57363.66,2107.2,1180.0,27.9,0.0,6444.0,4.8694525,2019
2022-03-05 03:00:00+00:00,7.4546275,80.46928043999999,0.4520722039323043,0.8919813464595485,6817599.0,180.0,0.7071067811865476,0.7071067811865476,0.0,22299.0,7117.2,43170.0,96.53181818181817,11.433333333333332,50205.19,4011.1,720.0,21.5,0.0,6973.0,3.7695963,2022
2020-09-01 08:00:00+00:00,19.423746,17.2389636,-0.4749510720670502,-0.8800122039735356,9363826.0,11.99,-0.4999999999999998,0.8660254037844387,1.0,30824.0,7117.2,33535.0,61.0290909090909,21.76666666666667,45061.61,4748.5,803.0,4030.0,893103.0,899.0,1.4841613,2020
2023-05-23 15:00:00+00:00,18.75326,89.55725625000001,-0.7775971469736267,0.6287628145958347,9432440.0,26.3,-0.7071067811865477,-0.7071067811865475,1.0,25680.0,6121.4,36480.0,39.46909090909091,19.866666666666667,27771.39,4612.8,540.0,7022.2,1983942.4,9927.0,3.5291195,2023
2020-05-20 15:00:00+00:00,24.210045,17.2389636,-0.7554933140726803,0.6551563572090853,12983647.0,5.05,-0.7071067811865477,-0.7071067811865475,1.0,25782.0,4106.7,39030.0,156.94636363636363,17.63333333333333,35989.69,4433.8,1458.0,7320.0,2764813.2,2137.0,2.5131195,2020
2019-07-10 00:00:00+00:00,20.083462,22.79031588,-0.9893142039703664,-0.1457991969198744,8965089.0,14.4,1.0,0.0,1.0,25238.0,7117.2,41883.0,78.12272727272727,24.03333333333333,38288.52,3957.6,695.0,424.3,0.0,5745.0,2.9127846,2019
2020-12-11 21:00:00+00:00,13.623403,17.2389636,0.9469877530760752,-0.3212696616923651,8486186.0,17.87,0.7071067811865474,-0.7071067811865477,1.0,31191.0,7117.2,48935.0,369.0208333333333,10.466666666666669,56364.08,3377.0,1533.0,13.5,0.0,16020.0,9.934166,2020
2020-05-01 03:00:00+00:00,14.323504,17.2389636,-0.5049610547215204,0.8631421280499114,12486925.0,6.23,0.7071067811865476,0.7071067811865476,0.0,17767.0,5110.1,37350.0,229.0309090909091,15.533333333333331,27739.99,1318.6,1570.0,126.2,0.0,11879.0,6.4364457,2020
2022-08-25 07:00:00+00:00,21.649633,80.46928043999999,-0.5912614448635782,-0.8064799463209447,5812377.0,40.0,-0.2588190451025208,0.9659258262890684,1.0,28431.0,7117.2,24046.0,46.841,26.066666666666663,43690.63,4337.1,560.0,4325.4,362772.47,4930.0,1.7543541,2022
2020-04-27 20:00:00+00:00,13.744109,17.2389636,-0.4443781781046132,0.895839290734909,12486925.0,6.1,0.5000000000000001,-0.8660254037844386,1.0,25737.0,5310.1,38585.0,239.1227272727273,15.933333333333332,39874.05,4814.5,1813.0,100.7,4085.2222,5620.0,4.7767377,2020
2023-05-23 06:00:00+00:00,14.804887,89.55725625000001,-0.7775971469736267,0.6287628145958347,9432440.0,26.3,6.123233995736766e-17,1.0,1.0,26105.0,6121.4,37395.0,39.46909090909091,19.866666666666667,38767.21,3139.6,668.0,2015.6,165483.47,7778.0,4.093504,2023
2023-03-14 01:00:00+00:00,12.21145,89.55725625000001,0.3090169943749474,0.9510565162951536,9946780.0,48.0,0.9659258262890684,0.2588190451025207,1.0,22107.0,7117.2,36200.0,92.20363636363636,13.933333333333332,28349.86,2907.5,1372.0,72.6,0.0,16172.0,8.142833,2023
2020-04-23 07:00:00+00:00,12.788524,17.2389636,-0.3816892202666589,0.9242907221930932,12134569.0,6.7,-0.2588190451025208,0.9659258262890684,1.0,24637.0,5910.1,41575.0,216.35818181818183,15.199999999999998,41242.95,4455.5,1744.0,2818.5,419895.3,2222.0,2.5764008,2020
2020-05-07 01:00:00+00:00,15.670239,17.2389636,-0.5912614448635781,0.8064799463209448,12825077.0,5.8,0.9659258262890684,0.2588190451025207,1.0,20215.0,5110.1,36660.0,140.07272727272724,17.900000000000002,33654.33,3190.1,1513.0,192.5,0.0,5201.0,3.4579806,2020
2020-11-25 16:00:00+00:00,13.509748,17.2389636,0.8239230057575542,-0.5667017562911177,8494958.0,15.21,-0.5000000000000004,-0.8660254037844385,1.0,32043.0,7117.2,51662.0,68.27545454545454,12.366666666666667,60708.56,6013.4,1026.0,279.7,314924.97,5350.0,3.0392716,2020
2021-05-31 09:00:00+00:00,20.53165,46.29497964,-0.8565509959010036,0.5160623910158528,11052279.0,25.7,-0.7071067811865475,0.7071067811865476,1.0,30931.0,5068.5,39945.0,45.86090909090909,22.4,41759.96,4801.9,1077.0,7437.0,1917015.5,2455.0,1.6970223,2021
2023-02-23 11:00:00+00:00,10.205755,89.55725625000001,0.5981809144059164,0.8013610881746766,9817436.0,49.89,-0.9659258262890682,0.258819045102521,1.0,31263.0,6121.4,41815.0,82.59181818181818,12.8,55213.62,3148.2,916.0,9050.5,1421149.8,6457.0,1.709044,2023
2021-08-29 11:00:00+00:00,24.018993,46.29497964,-0.5343725582809793,-0.8452490573530629,7373652.0,46.5,-0.9659258262890682,0.258819045102521,0.0,26753.0,7117.2,42597.0,48.69909090909091,23.76666666666667,32270.88,4011.9,522.0,10472.0,2488654.0,2084.0,0.37540635,2021
2020-01-19 22:00:00+00:00,7.134003,17.2389636,0.9469877530760752,0.3212696616923644,9921851.0,11.3,0.8660254037844384,-0.5000000000000004,0.0,28674.0,7117.2,52030.0,121.39818181818184,8.533333333333333,62042.37,2768.0,1311.0,7.9,0.0,15308.0,9.69751,2020
2022-10-01 03:00:00+00:00,13.591039,80.46928043999999,0.0043035382962438,-0.99999073973619,4867449.0,40.0,0.7071067811865476,0.7071067811865476,0.0,19480.0,6111.4,27590.0,42.193636363636365,20.7,21553.49,3735.5,432.0,41.0,0.0,3369.0,1.4726101,2022
2020-09-22 15:00:00+00:00,23.062824,17.2389636,-0.1330147065341963,-0.9911140639934546,8554046.0,12.05,-0.7071067811865477,-0.7071067811865475,1.0,29861.0,7117.2,35895.0,62.5,22.33333333333333,43004.11,5105.5,565.0,5744.7,1697651.4,3379.0,3.263902,2020
2021-12-28 11:00:00+00:00,14.999457,46.29497964,0.998666816288476,-0.0516196672232541,6634460.0,89.95,-0.9659258262890682,0.258819045102521,1.0,29102.0,6105.9,45505.0,200.81454545454545,10.033333333333331,44912.97,3801.9,1335.0,4318.4,875419.7,15889.0,6.6194024,2021
2021-05-31 04:00:00+00:00,16.54095,46.29497964,-0.8565509959010036,0.5160623910158528,11052279.0,25.7,0.5000000000000001,0.8660254037844386,1.0,23678.0,5068.5,39945.0,45.86090909090909,22.4,35350.5,2907.4,1025.0,61.2,0.0,3597.0,1.6586419,2021
2018-04-14 07:00:00+00:00,9.669192,15.1252596,-0.2177232303965317,0.9760105506323684,10768646.8,22.75,-0.2588190451025208,0.9659258262890684,0.0,28902.0,5066.1,45895.0,1099.9092307692308,11.3,48323.9,4703.4,1830.0,1484.7,233111.44,954.0,3.0232792,2018
2023-10-27 16:00:00+00:00,17.721985,89.55725625000001,0.436651231956063,-0.8996308696522438,7110879.0,46.96,-0.5000000000000004,-0.8660254037844385,1.0,26988.0,5061.6,42505.0,61.39363636363637,17.9,37666.51,3537.4,1080.0,3970.7,652338.0,15166.0,7.725396,2023
2023-04-07 04:00:00+00:00,9.482056,89.55725625000001,-0.0988201387328714,0.9951053111006976,10193567.0,42.88,0.5000000000000001,0.8660254037844386,0.0,18014.0,7117.2,37680.0,43.71636363636364,15.3,50828.24,3484.8,852.0,157.2,0.0,3402.0,2.1050901,2023
2022-07-21 02:00:00+00:00,21.992756,80.46928043999999,-0.9441875088341996,-0.3294084822245298,6828082.0,40.0,0.8660254037844387,0.4999999999999999,1.0,25626.0,7117.2,28170.0,48.78272727272727,27.433333333333334,36566.05,4002.6,540.0,462.0,0.0,6275.0,3.3417966,2022
2021-10-15 11:00:00+00:00,19.838924,46.29497964,0.2428497220959349,-0.9700639218515072,6132781.0,100.0,-0.9659258262890682,0.258819045102521,1.0,29670.0,6796.4,44045.0,53.6,17.900000000000002,51222.69,6086.6,477.0,9786.8,1984817.8,1471.0,1.2378603,2021
2019-09-08 05:00:00+00:00,17.561354,22.79031588,-0.3816892202666594,-0.924290722193093,7109331.0,9.5,0.2588190451025207,0.9659258262890684,0.0,20927.0,7117.2,40886.0,46.75749999999999,21.600000000000005,31658.77,2260.0,468.0,80.3,0.0,5860.0,3.0354931,2019
2020-12-28 04:00:00+00:00,8.821716,17.2389636,0.9994074007397048,-0.0344216116227458,9415749.0,19.48,0.5000000000000001,0.8660254037844386,1.0,20654.0,7117.2,50935.0,157.29272727272726,8.466666666666667,51924.95,-147.80000000000018,1170.0,5.6,0.0,15433.0,11.604566,2020
2023-04-10 03:00:00+00:00,12.29195,89.55725625000001,-0.1500553983446526,0.9886775902323404,10111804.0,42.98,0.7071067811865476,0.7071067811865476,1.0,17148.0,7117.2,34615.0,37.3490909090909,16.233333333333334,32320.76,2905.6,648.0,114.0,0.0,3327.0,1.7991515,2023
2021-06-15 18:00:00+00:00,24.813072,46.29497964,-0.9599326896597444,0.2802306751992163,10722206.0,29.5,-1.8369701987210292e-16,-1.0,1.0,32047.0,5068.5,39675.0,51.00363636363636,24.33333333333333,44937.19,5932.2,1086.0,2119.9,852950.2,5068.0,2.2727976,2021
2018-10-01 06:00:00+00:00,16.326477,15.1252596,0.0043035382962438,-0.99999073973619,8040905.0,29.45,6.123233995736766e-17,1.0,1.0,30130.0,7117.2,43625.0,46.15,21.03333333333333,47870.61,5116.0,540.0,215.8,1553.5499,8840.0,3.6227336,2018
2023-09-19 17:00:00+00:00,22.580338,89.55725625000001,-0.2008905551306352,-0.97961369164549,7135990.0,35.0,-0.2588190451025206,-0.9659258262890684,1.0,28137.0,7028.3,40900.0,49.71000000000001,23.4,40057.01,5488.1,436.0,5796.6,686482.5,3259.0,0.4210823,2023
2020-01-11 23:00:00+00:00,6.4709187,17.2389636,0.9821256058680006,0.1882267098432442,9753093.0,12.0,0.9659258262890684,-0.2588190451025207,0.0,27116.0,7117.2,54676.0,139.07636363636362,8.166666666666666,59250.56,5983.9,1113.0,12.6,0.0,2417.0,1.5075709,2020
2019-11-04 10:00:00+00:00,16.878988,22.79031588,0.5560174366570438,-0.8311706263658084,6430248.0,10.0,-0.8660254037844387,0.4999999999999999,1.0,31268.0,5047.5,39990.0,47.26916666666667,17.466666666666665,49540.77,2396.5,1108.0,2774.2,1020515.56,15545.0,9.480845,2019
