timestamp,air_temp_era5_ES,carbon_price_ES,day_of_year_cos,day_of_year_sin,filling_rate_ES,gas_price_ES,hour_cos,hour_sin,isworkingday_ES,load_da_ES,nuclear_avail_esios_ES,nuclear_avail_rte_FR,river_flow_mean_ES,river_temp_ES,rl_FR,rl_PT,run_off_gen_ES,solar_da_ES,ssrd_ES,wind_da_ES,wind_speed_100m_ES,year
2019-08-17 13:00:00+00:00,28.660135,22.79031588,-0.6963762255968724,-0.7176769136759618,7706520.0,11.25,-0.9659258262890684,-0.2588190451025203,0.0,30186.0,7117.2,38281.0,48.27416666666667,24.63333333333333,30997.07,4276.6,610.0,6471.6,3114578.2,4074.0,1.4592857,2019
2023-12-08 23:00:00+00:00,11.256679,89.55725625000001,0.9226395488404876,-0.3856634062436074,9349226.0,37.9,0.9659258262890684,-0.2588190451025207,0.0,24318.0,6125.5,44820.0,124.81727272727272,11.566666666666668,50840.4,4068.5,1328.0,12.0,0.0,12840.0,4.9511657,2023
2021-05-14 11:00:00+00:00,16.981274,46.29497964,-0.6712599575675313,0.7412220108485958,11206561.0,25.6,-0.9659258262890682,0.258819045102521,1.0,30719.0,6937.9,40705.0,54.32909090909091,18.166666666666668,40768.36,4781.7,1207.0,10624.8,2895525.5,6979.0,4.141199,2021
2019-12-03 03:00:00+00:00,8.166799,22.79031588,0.8860706215341378,-0.4635502709028512,8093412.0,15.65,0.7071067811865476,0.7071067811865476,1.0,23343.0,5008.0,44520.0,297.8858333333333,11.566666666666668,57714.01,1909.7,1605.0,16.5,0.0,9120.0,7.1589985,2019
2018-12-21 20:00:00+00:00,11.42168,15.1252596,0.9852201067560606,-0.1712931441814778,8153074.0,26.0,0.5000000000000001,-0.8660254037844386,1.0,34083.0,5076.1,55120.0,120.68416666666668,10.633333333333333,50732.36,6812.3,1398.0,18.4,0.0,7253.0,3.028455,2018
2019-01-19 06:00:00+00:00,6.5449367,22.79031588,0.9469877530760752,0.3212696616923644,7877846.0,25.7,6.123233995736766e-17,1.0,0.0,27024.0,6053.3,49866.0,42.7825,9.366666666666664,64973.89,3362.2,610.0,23.2,0.0,5612.0,2.829932,2019
2021-10-18 07:00:00+00:00,15.84249,46.29497964,0.2926003356333479,-0.9562348265919058,6017107.0,96.0,-0.2588190451025208,0.9659258262890684,1.0,28892.0,6121.4,44130.0,53.060909090909085,18.166666666666668,54296.98,5647.9,439.0,1552.7,60753.39,3390.0,1.3093532,2021
2018-05-23 05:00:00+00:00,14.430865,15.1252596,-0.7775971469736267,0.6287628145958347,11943098.0,24.5,0.2588190451025207,0.9659258262890684,1.0,27545.0,5068.5,46135.0,110.99083333333334,18.0,44433.13,4433.3,1449.0,320.8,10580.824,2022.0,0.9315205,2018
2023-12-22 13:00:00+00:00,14.00481,89.55725625000001,0.9880226656636976,-0.154308820664281,9597457.0,32.26,-0.9659258262890684,-0.2588190451025203,1.0,29862.0,7117.2,47295.0,186.35454545454547,10.5,36456.13,4009.5,1080.0,11560.1,1440770.5,8724.0,3.9755807,2023
2018-12-02 09:00:00+00:00,11.565902,15.1252596,0.8779600847008878,-0.478733840115789,7992028.0,25.8,-0.7071067811865475,0.7071067811865476,0.0,27038.0,5110.1,48475.0,101.25,11.9,43727.06,3491.9,990.0,1559.4,428454.8,7706.0,3.4039745,2018
2018-09-04 16:00:00+00:00,25.267435,15.1252596,-0.4443781781046134,-0.8958392907349089,9110095.3,29.7,-0.5000000000000004,-0.8660254037844385,1.0,34202.0,7117.2,45352.0,50.44416666666667,24.433333333333334,46409.14,6230.0,767.0,2975.5,1586086.0,4471.0,0.324309,2018
2020-03-20 06:00:00+00:00,10.588808,17.2389636,0.1924515819708299,0.9813064702716092,10818085.0,8.7,6.123233995736766e-17,1.0,1.0,24657.0,7117.2,42499.0,348.535,11.699999999999998,44018.85,3804.7,1562.0,139.3,484.14902,5246.0,3.9246771,2020
2020-07-24 11:00:00+00:00,26.449322,17.2389636,-0.9192859697186104,-0.3935902766564669,11502495.0,7.5,-0.9659258262890682,0.258819045102521,1.0,36467.0,7117.2,36332.0,55.060909090909085,24.96666666666667,44710.05,5567.7,904.0,8712.5,2938406.5,1816.0,2.2809322,2020
2020-05-20 15:00:00+00:00,24.210045,17.2389636,-0.7554933140726803,0.6551563572090853,12983647.0,5.05,-0.7071067811865477,-0.7071067811865475,1.0,25782.0,4106.7,39030.0,156.94636363636363,17.63333333333333,35989.69,4433.8,1458.0,7320.0,2764813.2,2137.0,2.5131195,2020
2020-07-30 19:00:00+00:00,27.026876,17.2389636,-0.8738071036110809,-0.4862727071086898,11141120.0,7.0,0.2588190451025203,-0.9659258262890684,1.0,34794.0,7117.2,35436.0,62.49181818181819,26.133333333333336,44860.55,5803.1,848.0,727.0,337205.2,4739.0,0.863882,2020
2022-04-28 19:00:00+00:00,14.878147,80.46928043999999,-0.4443781781046132,0.895839290734909,7856475.0,100.0,0.2588190451025203,-0.9659258262890684,1.0,30305.0,5061.6,30153.0,173.23727272727274,15.166666666666666,42579.06,5941.6,1322.0,360.7,166128.89,5192.0,3.924733,2022
2018-12-07 14:00:00+00:00,14.615127,15.1252596,0.9158642882672872,-0.4014879892059729,8084888.0,25.2,-0.8660254037844386,-0.5000000000000001,1.0,29948.0,6121.4,52705.0,103.66166666666668,11.966666666666669,47884.16,6138.2,1209.0,3017.1,1214563.1,5759.0,3.5895753,2018
2023-12-22 16:00:00+00:00,13.825992,89.55725625000001,0.9880226656636976,-0.154308820664281,9597457.0,32.26,-0.5000000000000004,-0.8660254037844385,1.0,29966.0,7117.2,46415.0,186.35454545454547,10.5,41447.47,5677.0,1160.0,3930.8,533150.44,8711.0,4.1840234,2023
2018-11-03 20:00:00+00:00,12.233171,15.1252596,0.5416278206559811,-0.8406184056344783,7630760.0,25.0,0.5000000000000001,-0.8660254037844386,0.0,29420.0,6105.9,43725.0,134.48999999999998,14.333333333333334,53585.15,5969.9,971.0,97.0,0.0,955.0,2.4666276,2018
2020-10-11 01:00:00+00:00,14.654418,17.2389636,0.1924515819708299,-0.9813064702716092,8345466.0,12.27,0.9659258262890684,0.2588190451025207,0.0,19394.0,6125.5,42475.0,72.89545454545454,17.833333333333332,35996.07,1101.8000000000002,634.0,53.9,0.0,8902.0,5.1983957,2020
2022-06-14 19:00:00+00:00,26.403797,80.46928043999999,-0.9549667548552552,0.2967128192734903,7610604.0,40.0,0.2588190451025203,-0.9659258262890684,1.0,33500.0,6113.8,29255.0,42.514,24.633333333333336,42848.8,6360.1,896.0,1195.9,398279.3,4497.0,0.517442,2022
2023-07-25 23:00:00+00:00,20.942041,89.55725625000001,-0.9192859697186104,-0.3935902766564669,8309958.0,29.95,0.9659258262890684,-0.2588190451025207,1.0,25259.0,7117.2,35225.0,37.18454545454545,25.1,34096.84,3460.0,544.0,502.0,0.0,6000.0,3.2164135,2023
2021-06-22 13:00:00+00:00,21.198517,46.29497964,-0.986657932891657,0.1628070129385171,10560103.0,29.96,-0.9659258262890684,-0.2588190451025203,1.0,30167.0,4072.7,41235.0,64.81090909090908,22.366666666666664,41877.98,3738.3,1188.0,9044.8,2851162.5,4517.0,3.2257254,2021
2022-06-14 05:00:00+00:00,20.467129,80.46928043999999,-0.9549667548552552,0.2967128192734903,7610604.0,40.0,0.2588190451025207,0.9659258262890684,1.0,28006.0,6113.8,29255.0,42.514,24.633333333333336,40975.23,4649.0,800.0,307.5,19206.518,2674.0,1.605253,2022
2020-01-23 20:00:00+00:00,9.609145,17.2389636,0.9226395488404876,0.3856634062436071,9950225.0,13.0,0.5000000000000001,-0.8660254037844386,1.0,37773.0,7117.2,53845.0,173.04545454545453,8.166666666666666,69673.08,6533.8,1536.0,9.8,0.0,4652.0,3.4852448,2020
2023-06-01 14:00:00+00:00,20.48222,89.55725625000001,-0.865307254363206,0.5012418134457758,9354774.0,24.94,-0.8660254037844386,-0.5000000000000001,1.0,25642.0,5118.0,33930.0,34.70636363636364,22.166666666666668,30350.76,4761.0,636.0,10934.3,2616822.0,3370.0,1.3753285,2023
2019-06-10 07:00:00+00:00,15.707298,22.79031588,-0.9322892131745132,0.3617137307297676,9712119.0,14.95,-0.2588190451025208,0.9659258262890684,1.0,28533.0,7117.2,41229.0,43.13833333333334,20.83333333333333,36824.78,3138.4,1016.0,3147.1,748380.2,3751.0,4.066655,2019
2023-06-19 13:00:00+00:00,23.99587,89.55725625000001,-0.9769384927771816,0.2135209154397961,9239022.0,34.3,-0.9659258262890684,-0.2588190451025203,1.0,29412.0,6113.8,33055.0,54.974545454545456,23.366666666666664,37033.89,4204.8,928.0,12778.0,2714003.8,5647.0,2.4475718,2023
2022-09-16 23:00:00+00:00,19.71057,80.46928043999999,-0.2511900638848195,-0.9679377830240642,5329748.0,40.0,0.9659258262890684,-0.2588190451025207,0.0,23676.0,7117.2,27005.0,38.28727272727272,23.9,33105.68,4496.2,376.0,288.0,0.0,9772.0,2.6293583,2022
2019-05-01 22:00:00+00:00,14.601266,22.79031588,-0.4900286664290592,0.8717063187093218,9617996.0,16.5,0.8660254037844384,-0.5000000000000004,1.0,22777.0,6125.5,46375.0,67.29,17.366666666666664,45116.23,2737.2,1096.0,373.3,0.0,8039.0,2.5797884,2019
2019-02-01 22:00:00+00:00,8.572413,22.79031588,0.8520775211013093,0.5234156073655503,8079559.0,23.5,0.8660254037844384,-0.5000000000000004,1.0,30299.0,7117.2,56450.0,564.9576923076922,9.233333333333333,70563.88,3120.0,1584.0,21.4,0.0,15116.0,9.982943,2019
2019-11-04 15:00:00+00:00,16.999714,22.79031588,0.5560174366570438,-0.8311706263658084,6430248.0,10.0,-0.7071067811865477,-0.7071067811865475,1.0,29492.0,5047.5,41100.0,47.26916666666667,17.466666666666665,45482.37,2553.4,1120.0,1398.4,864267.3,14587.0,10.137379,2019
2020-12-30 08:00:00+00:00,5.370694,17.2389636,1.0,-2.4492935982947064e-16,9415749.0,20.42,-0.4999999999999998,0.8660254037844387,1.0,31620.0,7117.2,52235.0,193.73545454545453,8.433333333333335,64248.43,4502.9,1473.0,1439.9,42275.324,9423.0,6.214681,2020
2022-01-21 01:00:00+00:00,6.4778543,80.46928043999999,0.9353679493131484,0.3536761221763715,7209468.0,70.7,0.9659258262890684,0.2588190451025207,1.0,25181.0,7117.2,48721.0,143.70454545454547,7.099999999999999,63576.2,2217.3,843.0,16.0,0.0,12716.0,3.660602,2022
2020-02-19 09:00:00+00:00,8.896814,17.2389636,0.6518989958787126,0.7583058084785624,10406929.0,10.01,-0.7071067811865475,0.7071067811865476,1.0,34628.0,7117.2,51019.0,100.18727272727271,10.9,64035.8,5657.6,1271.0,3454.6,668277.25,3311.0,2.7173731,2020
2020-03-22 21:00:00+00:00,11.418199,17.2389636,0.1585593851031345,0.9873494423939864,10818085.0,8.48,0.7071067811865474,-0.7071067811865477,0.0,27077.0,7117.2,42219.0,260.1881818181818,12.1,38662.41,4974.1,1695.0,90.2,0.0,4340.0,2.2954268,2020
2023-03-07 00:00:00+00:00,10.267407,89.55725625000001,0.4211008707960896,0.907013812802636,9735057.0,47.49,1.0,0.0,1.0,24755.0,7117.2,37389.0,72.753,12.6,53383.91,3049.9,936.0,0.3,0.0,7700.0,4.8949747,2023
2018-12-25 13:00:00+00:00,13.423699,15.1252596,0.9946708199115212,-0.1031016974474354,8192252.0,25.0,-0.9659258262890684,-0.2588190451025203,0.0,22715.0,5776.1,53215.0,103.295,10.4,46793.68,4169.9,1177.0,2044.3,1406303.0,1866.0,2.3051274,2018
2023-02-08 12:00:00+00:00,10.059115,89.55725625000001,0.7829801036770629,0.6220467484408675,9996284.0,50.0,-1.0,1.2246467991473532e-16,1.0,33762.0,7117.2,45555.0,92.84181818181818,11.0,57249.65,3762.8,872.0,6168.9,1501519.8,7041.0,5.954053,2023
2020-07-31 17:00:00+00:00,29.729233,17.2389636,-0.8653072543632061,-0.5012418134457756,11141120.0,7.2,-0.2588190451025206,-0.9659258262890684,1.0,34689.0,7117.2,34505.0,62.68909090909092,26.133333333333336,46909.52,5049.8,921.0,4560.3,1588122.0,3955.0,1.817467,2020
2019-01-30 04:00:00+00:00,8.319109,22.79031588,0.869589389346611,0.4937755501599771,8079559.0,23.9,0.5000000000000001,0.8660254037844386,1.0,25626.0,7117.2,56242.0,536.5515384615385,8.5,59869.91,3201.0,1171.0,9.6,0.0,10112.0,8.112495,2019
2023-09-30 05:00:00+00:00,18.67676,89.55725625000001,-0.0129102960750088,-0.999916658654738,7052792.0,40.0,0.2588190451025207,0.9659258262890684,0.0,21525.0,5983.0,39641.0,33.791,23.23333333333333,33697.58,3262.8,372.0,54.6,0.0,3095.0,2.2654238,2023
2021-08-24 05:00:00+00:00,19.888231,46.29497964,-0.6050560696488494,-0.7961828637826154,7373652.0,42.8,0.2588190451025207,0.9659258262890684,1.0,27502.0,7117.2,43377.0,53.34090909090909,24.53333333333333,37223.23,2543.0,550.0,110.6,0.06358669,9074.0,3.379542,2021
2020-09-02 04:00:00+00:00,17.05176,17.2389636,-0.4597327394521046,-0.888057322629493,9363826.0,11.75,0.5000000000000001,0.8660254037844386,1.0,24516.0,6071.9,32620.0,60.38454545454547,21.8,38031.19,2322.2,698.0,69.3,0.0,5833.0,3.2442493,2020
2023-12-23 02:00:00+00:00,8.770721,89.55725625000001,0.9905324521322229,-0.1372787721132651,9597457.0,31.43,0.8660254037844387,0.4999999999999999,0.0,21094.0,7117.2,45115.0,169.24727272727273,10.666666666666666,35461.63,5014.0,1112.0,10.4,0.0,9273.0,3.1553998,2023
2020-10-11 20:00:00+00:00,14.878389,17.2389636,0.1924515819708299,-0.9813064702716092,8345466.0,12.27,0.5000000000000001,-0.8660254037844386,0.0,24647.0,6125.5,42805.0,72.89545454545454,17.833333333333332,44042.68,2727.4,758.0,368.3,0.0,10051.0,6.1592264,2020
2023-06-16 01:00:00+00:00,19.714954,89.55725625000001,-0.9646141756912434,0.2636654927280075,9287024.0,38.02,0.9659258262890684,0.2588190451025207,1.0,22023.0,6113.8,32520.0,50.86909090909091,23.766666666666666,32664.29,4056.1,908.0,412.4,0.0,3694.0,1.7045633,2023
2021-08-21 02:00:00+00:00,20.198318,46.29497964,-0.64534811322955,-0.7638886127905429,7728542.0,42.95,0.8660254037844387,0.4999999999999999,0.0,23241.0,7117.2,41609.0,54.64363636363637,24.26666666666667,32049.0,3119.5,556.0,430.5,0.0,2855.0,0.32417732,2021
2020-01-06 07:00:00+00:00,5.8535676,17.2389636,0.9946708199115212,0.1031016974474348,9753093.0,13.0,-0.2588190451025208,0.9659258262890684,0.0,21368.0,7117.2,53480.0,139.1327272727273,8.5,75588.15,5545.2,1185.0,87.3,1.6850471,2025.0,1.0917478,2020
2022-02-07 23:00:00+00:00,9.273371,80.46928043999999,0.7935716089521474,0.6084768701151261,6964737.0,83.25,0.9659258262890684,-0.2588190451025207,1.0,26625.0,7117.2,45896.0,92.72727272727272,10.05,58973.49,3355.3,544.0,17.6,0.0,9748.0,3.860503,2022
2021-08-05 11:00:00+00:00,25.62182,46.29497964,-0.8287700871745037,-0.5595892624101767,8477701.0,41.75,-0.9659258262890682,0.258819045102521,1.0,33124.0,7117.2,41225.0,60.29454545454544,24.53333333333333,39769.36,4084.2,748.0,11032.5,2791071.0,5014.0,2.9110892,2021
2022-02-27 08:00:00+00:00,9.325179,80.46928043999999,0.5416278206559814,0.8406184056344782,6905883.0,118.0,-0.4999999999999998,0.8660254037844387,0.0,24106.0,7117.2,43054.0,62.93363636363636,10.633333333333333,53648.49,4222.4,596.0,2084.5,227279.58,2336.0,2.3977163,2022
2019-04-16 02:00:00+00:00,11.280218,22.79031588,-0.2511900638848191,0.9679377830240644,8991028.0,17.5,0.8660254037844387,0.4999999999999999,1.0,22469.0,6071.9,46456.0,60.876666666666665,15.766666666666666,43777.44,3986.8,1140.0,263.2,0.0,2997.0,1.4641443,2019
2022-09-21 13:00:00+00:00,23.719063,80.46928043999999,-0.1670516255021195,-0.9859481499638304,5094243.0,40.0,-0.9659258262890684,-0.2588190451025203,1.0,29413.0,7117.2,28905.0,38.094545454545454,23.166666666666668,35663.18,5632.7,376.0,10445.4,2378712.0,1996.0,0.8537541,2022
2019-12-04 09:00:00+00:00,8.582719,22.79031588,0.893918596519257,-0.4482293417404106,8093412.0,15.48,-0.7071067811865475,0.7071067811865476,1.0,35538.0,5008.0,45830.0,250.4418181818182,11.166666666666666,77425.79,6712.0,1644.0,1393.3,334134.8,4399.0,2.615679,2019
2021-08-08 01:00:00+00:00,19.000017,46.29497964,-0.798779372886365,-0.6016240632249223,8477701.0,43.77,0.9659258262890684,0.2588190451025207,0.0,21622.0,7117.2,38383.0,52.00454545454546,24.566666666666663,24931.71,2050.7,586.0,508.1,0.0,4864.0,3.512443,2021
2022-01-18 09:00:00+00:00,6.172674,80.46928043999999,0.9523775757303976,0.304921224656289,7209468.0,82.0,-0.7071067811865475,0.7071067811865476,1.0,35788.0,7117.2,48625.0,162.80181818181816,6.9,77584.34,6061.2,985.0,6045.6,433502.28,2101.0,1.5963855,2022
2018-12-22 23:00:00+00:00,10.433858,15.1252596,0.9880226656636976,-0.154308820664281,8153074.0,24.8,0.9659258262890684,-0.2588190451025207,0.0,25230.0,5076.1,51510.0,110.14416666666668,10.066666666666668,51760.31,5044.5,1264.0,15.4,0.0,2826.0,0.93351763,2018
2020-11-18 03:00:00+00:00,12.712828,17.2389636,0.7498264012045686,-0.6616346182422783,8582863.0,14.57,0.7071067811865476,0.7071067811865476,1.0,22142.0,6345.5,49310.0,79.13999999999999,14.033333333333331,44250.3,2722.7,753.0,25.4,0.0,5042.0,2.0874352,2020
2020-02-26 09:00:00+00:00,10.147857,17.2389636,0.5560174366570445,0.831170626365808,10318969.0,9.5,-0.7071067811865475,0.7071067811865476,1.0,33643.0,7117.2,49444.0,88.19999999999999,11.266666666666666,57799.04,5086.6,1063.0,4407.3,775203.4,8762.0,6.2917867,2020
2020-11-19 12:00:00+00:00,17.351843,17.2389636,0.7611042586607742,-0.6486295610349818,8582863.0,14.4,-1.0,1.2246467991473532e-16,1.0,31961.0,6715.5,50580.0,63.68272727272726,14.1,46878.79,5480.5,909.0,6042.1,1508446.4,8203.0,3.150817,2020
2021-04-05 06:00:00+00:00,9.281155,46.29497964,-0.0645084494493162,0.9979171608653922,12000960.0,19.5,6.123233995736766e-17,1.0,1.0,24383.0,6111.4,39025.0,56.627272727272725,15.733333333333334,42567.3,3228.2,1012.0,759.1,14746.802,3936.0,1.7647544,2021
2020-08-30 23:00:00+00:00,17.55377,17.2389636,-0.5049610547215202,-0.8631421280499115,9705841.0,9.95,0.9659258262890684,-0.2588190451025207,1.0,21339.0,7117.2,34845.0,51.32818181818182,21.766666666666666,33440.01,3301.8,668.0,394.2,0.0,6752.0,4.2507744,2020
2022-11-04 04:00:00+00:00,13.859114,80.46928043999999,0.5560174366570438,-0.8311706263658084,5045030.0,40.0,0.5000000000000001,0.8660254037844386,1.0,20445.0,5066.1,30065.0,33.776363636363634,21.5,31714.08,3461.0,664.0,0.1,0.0,7964.0,5.389151,2022
2018-03-14 04:00:00+00:00,10.649666,15.1252596,0.3090169943749474,0.9510565162951536,8217673.2,25.82,0.5000000000000001,0.8660254037844386,1.0,24782.0,6071.9,51210.0,354.8607692307692,10.2,53207.18,1468.6,1690.0,11.3,0.0,9068.0,5.5549674,2018
2018-12-20 19:00:00+00:00,11.385983,15.1252596,0.9821256058680004,-0.1882267098432448,8153074.0,26.1,0.2588190451025203,-0.9659258262890684,1.0,36717.0,5076.1,54485.0,130.5066666666667,11.3,61485.54,7068.8,1478.0,38.6,0.0,6523.0,2.1549773,2018
2021-04-03 02:00:00+00:00,11.89711,46.29497964,-0.0301203048469081,0.9995462806873572,12137668.0,19.09,0.8660254037844387,0.4999999999999999,0.0,18667.0,6111.4,41395.0,58.47818181818182,15.6,34057.38,3363.9,1028.0,61.1,0.0,6205.0,3.0260358,2021
2022-02-08 02:00:00+00:00,8.241511,80.46928043999999,0.7829801036770629,0.6220467484408675,6964737.0,78.0,0.8660254037844387,0.4999999999999999,1.0,23557.0,7117.2,45896.0,92.72727272727272,10.05,54229.3,1758.1000000000004,526.0,14.6,0.0,6828.0,4.0104365,2022
2020-08-31 01:00:00+00:00,16.653921,17.2389636,-0.4900286664290594,-0.8717063187093217,9363826.0,11.52,0.9659258262890684,0.2588190451025207,1.0,20037.0,7117.2,34845.0,51.32818181818182,21.766666666666666,30124.47,2988.3,604.0,314.0,0.0,5886.0,3.9279628,2020
2021-08-22 07:00:00+00:00,21.034513,46.29497964,-0.6321034111873488,-0.7748840413670406,7728542.0,41.5,-0.2588190451025208,0.9659258262890684,0.0,22936.0,7117.2,42805.0,52.73545454545455,24.766666666666666,32467.54,2932.2,633.0,4364.5,394880.7,3242.0,2.7248836,2021
2021-12-17 19:00:00+00:00,9.814096,46.29497964,0.9711000518829505,-0.2386727660059499,6469940.0,130.5,0.2588190451025203,-0.9659258262890684,1.0,35075.0,6105.9,43855.0,338.5333333333333,7.399999999999999,64364.92,7117.7,1281.0,46.8,0.0,4492.0,4.230363,2021
2019-10-09 04:00:00+00:00,16.62238,22.79031588,0.141540295217043,-0.989932495087353,6275794.0,14.6,0.5000000000000001,0.8660254037844386,1.0,24723.0,6111.4,40810.0,41.81583333333333,20.7,39589.88,2155.1,400.0,47.7,0.0,3100.0,1.3936309,2019
2021-12-17 08:00:00+00:00,7.612093,46.29497964,0.9711000518829505,-0.2386727660059499,6469940.0,130.5,-0.4999999999999998,0.8660254037844387,1.0,34296.0,6105.9,43855.0,338.5333333333333,7.399999999999999,70403.54,4990.7,1246.0,1685.5,51728.82,4954.0,5.00195,2021
2023-06-17 00:00:00+00:00,20.993315,89.55725625000001,-0.969009825724406,0.2470221804809359,9287024.0,38.0,1.0,0.0,0.0,22518.0,6113.8,33085.0,43.95636363636364,24.166666666666668,34169.64,3887.4,876.0,446.9,0.0,3089.0,0.7061202,2023
2019-12-05 09:00:00+00:00,9.724547,22.79031588,0.9015016841318838,-0.4327755925504317,8093412.0,15.21,-0.7071067811865475,0.7071067811865476,1.0,35130.0,5008.0,44495.0,213.74454545454543,11.166666666666666,77686.58,4063.5,1623.0,1734.5,347839.4,6912.0,4.0425987,2019
2023-12-23 14:00:00+00:00,13.448025,89.55725625000001,0.9905324521322229,-0.1372787721132651,9597457.0,31.43,-0.8660254037844386,-0.5000000000000001,0.0,24909.0,7117.2,42745.0,169.24727272727273,10.666666666666666,34599.7,5848.0,1020.0,11739.9,1300627.1,5866.0,1.9711452,2023
2019-07-07 20:00:00+00:00,23.990385,22.79031588,-0.9955213724144752,-0.0945367498171993,9194821.0,14.1,0.5000000000000001,-0.8660254037844386,0.0,30219.0,7117.2,41916.0,55.844545454545454,25.633333333333336,42400.8,4235.6,723.0,592.5,66413.24,6277.0,1.3234324,2019
2018-12-20 03:00:00+00:00,9.809969,15.1252596,0.9821256058680004,-0.1882267098432448,8153074.0,26.1,0.7071067811865476,0.7071067811865476,1.0,24046.0,5076.1,53860.0,130.5066666666667,11.3,48960.83,3452.5,1271.0,7.6,0.0,6515.0,3.1646671,2018
2020-01-03 01:00:00+00:00,7.8962054,17.2389636,0.998666816288476,0.0516196672232537,9522998.0,12.01,0.9659258262890684,0.2588190451025207,1.0,23066.0,7117.2,51975.0,146.2527272727273,8.333333333333332,52675.15,4508.5,1412.0,9.1,0.0,3990.0,1.8736541,2020
2020-02-17 18:00:00+00:00,12.689458,17.2389636,0.6776147890466889,0.7354170229639855,10406929.0,9.8,-1.8369701987210292e-16,-1.0,1.0,33761.0,7117.2,51664.0,101.67636363636365,11.333333333333334,61194.76,5612.7,1438.0,119.3,102977.016,7506.0,4.238716,2020
2022-09-24 00:00:00+00:00,18.677418,80.46928043999999,-0.1159345995955006,-0.9932568492674144,5094243.0,40.0,1.0,0.0,0.0,21947.0,7117.2,28125.0,38.93090909090909,23.0,35574.38,2801.6000000000004,460.0,47.2,0.0,4752.0,1.8971894,2022
2023-03-19 11:00:00+00:00,14.391755,89.55725625000001,0.2261156855082882,0.9741004551724204,9946780.0,41.98,-0.9659258262890682,0.258819045102521,0.0,22640.0,7117.2,35070.0,61.86272727272728,14.033333333333331,37034.11,3277.9,984.0,14303.6,2164804.2,4169.0,2.0263083,2023
2022-03-15 16:00:00+00:00,15.456659,80.46928043999999,0.2926003356333486,0.9562348265919056,6880783.0,110.0,-0.5000000000000004,-0.8660254037844385,1.0,29604.0,6053.3,36140.0,122.58272727272724,12.266666666666666,47965.09,5281.5,1039.0,2210.1,1215965.6,12911.0,6.8621035,2022
2018-10-17 11:00:00+00:00,18.389477,15.1252596,0.276096973097468,-0.961129783872301,7777168.0,29.3,-0.9659258262890682,0.258819045102521,1.0,32018.0,7117.2,45885.0,71.8325,19.1,50786.34,5985.3,676.0,4940.7,1666292.1,364.0,1.7798272,2018
2018-12-02 21:00:00+00:00,12.211567,15.1252596,0.8779600847008878,-0.478733840115789,7992028.0,25.8,0.7071067811865474,-0.7071067811865477,0.0,29798.0,6121.4,51325.0,101.25,11.9,43952.33,5798.7,1075.0,22.5,0.0,8915.0,4.055622,2018
2020-03-19 21:00:00+00:00,12.426209,17.2389636,0.2093146459630487,0.9778483415056568,10818085.0,9.24,0.7071067811865474,-0.7071067811865477,1.0,27786.0,7117.2,43059.0,427.39,11.5,43757.11,6236.8,1777.0,114.1,0.0,6413.0,4.0729065,2020
2021-08-21 01:00:00+00:00,20.678028,46.29497964,-0.64534811322955,-0.7638886127905429,7728542.0,42.95,0.9659258262890684,0.2588190451025207,0.0,23693.0,7117.2,40829.0,54.64363636363637,24.26666666666667,33246.2,3214.3,568.0,462.2,0.0,3194.0,0.2687048,2021
2021-04-24 15:00:00+00:00,17.494398,46.29497964,-0.3816892202666589,0.9242907221930932,11503922.0,22.0,-0.7071067811865477,-0.7071067811865475,0.0,24006.0,5115.6,39375.0,54.54363636363637,16.099999999999998,27438.51,2058.1000000000004,858.0,4441.3,2035505.0,9090.0,5.1135383,2021
2023-09-25 12:00:00+00:00,24.455734,89.55725625000001,-0.0988201387328721,-0.9951053111006974,7052792.0,42.48,-1.0,1.2246467991473532e-16,1.0,26834.0,5983.0,39926.0,36.06272727272728,21.433333333333334,35091.77,4116.3,388.0,16219.8,2688558.8,1682.0,2.0015416,2023
2019-02-21 04:00:00+00:00,7.467616,22.79031588,0.6254105729852463,0.7802958510707755,8866543.0,20.5,0.5000000000000001,0.8660254037844386,1.0,24660.0,7117.2,54045.0,170.78583333333336,9.833333333333334,57464.13,2468.4,1057.0,44.9,0.0,4172.0,2.865644,2019
2019-11-20 13:00:00+00:00,11.655224,22.79031588,0.7611042586607742,-0.6486295610349818,7183697.0,15.9,-0.9659258262890684,-0.2588190451025203,1.0,34939.0,5008.0,41865.0,282.7607692307692,11.433333333333332,65450.03,5989.9,1371.0,1896.9,1210728.5,5482.0,4.200198,2019
2022-05-09 02:00:00+00:00,13.925291,80.46928043999999,-0.6050560696488488,0.7961828637826158,7941866.0,85.0,0.8660254037844387,0.4999999999999999,1.0,19257.0,6125.5,28887.0,91.39454545454544,17.333333333333332,31913.69,3480.0,1027.0,328.0,0.0,2749.0,1.8042347,2022
2018-12-10 02:00:00+00:00,10.262475,15.1252596,0.935367949313148,-0.3536761221763721,8104824.0,25.55,0.8660254037844387,0.4999999999999999,1.0,21792.0,6121.4,53250.0,95.565,11.733333333333334,45254.54,2892.3,1023.0,9.0,0.0,6060.0,3.0037637,2018
2020-08-30 21:00:00+00:00,18.734985,17.2389636,-0.5049610547215202,-0.8631421280499115,9705841.0,9.95,0.7071067811865474,-0.7071067811865477,0.0,24502.0,7117.2,33750.0,48.08909090909091,22.433333333333334,37715.48,3968.9,740.0,539.1,0.0,7348.0,4.4579115,2020
2019-04-26 04:00:00+00:00,10.3355465,22.79031588,-0.4132786077829042,0.9106046300942162,9241342.0,16.2,0.5000000000000001,0.8660254037844386,1.0,25630.0,7038.5,47165.0,110.06583333333332,15.6,46132.39,2557.8,1340.0,66.2,0.0,9389.0,5.7907467,2019
2020-09-03 01:00:00+00:00,18.621723,17.2389636,-0.4443781781046134,-0.8958392907349089,9363826.0,11.95,0.9659258262890684,0.2588190451025207,1.0,22639.0,7117.2,33920.0,56.22272727272728,22.133333333333336,34822.13,3705.7,665.0,340.7,0.0,3964.0,2.3153074,2020
2020-04-26 16:00:00+00:00,16.366894,17.2389636,-0.4288919379124835,0.9033558023246844,12134569.0,5.92,-0.5000000000000004,-0.8660254037844385,0.0,20263.0,5890.1,39890.0,219.67181818181825,15.833333333333334,32268.52,3031.1000000000004,1620.0,2994.4,1564357.8,2773.0,3.5643268,2020
2020-03-21 03:00:00+00:00,10.348013,17.2389636,0.1755314904214282,0.9844738167520922,10818085.0,7.9,0.7071067811865476,0.7071067811865476,0.0,20359.0,7117.2,42499.0,289.9791666666667,11.933333333333332,35521.6,3886.1,1554.0,5.6,0.0,4409.0,2.0817838,2020
2023-08-19 21:00:00+00:00,25.421265,89.55725625000001,-0.6712599575675318,-0.7412220108485954,7667381.0,36.46,0.7071067811865474,-0.7071067811865477,0.0,26436.0,6939.5,36698.0,37.16727272727273,27.566666666666663,41207.27,4918.4,556.0,620.4,0.0,2871.0,1.692746,2023
2022-03-28 09:00:00+00:00,12.932048,80.46928043999999,0.0730951298980775,0.9973249731081556,7240210.0,93.0,-0.7071067811865475,0.7071067811865476,1.0,30917.0,6053.3,31490.0,89.98181818181818,13.1,49315.33,4701.200000000001,969.0,5400.9,1158129.1,7420.0,4.512388,2022
2023-02-08 09:00:00+00:00,7.6634183,89.55725625000001,0.7829801036770629,0.6220467484408675,9996284.0,50.0,-0.7071067811865475,0.7071067811865476,1.0,35193.0,7117.2,44985.0,92.84181818181818,11.0,68009.46,3876.8,1000.0,2866.2,468788.7,8080.0,6.4757724,2023
2019-05-02 14:00:00+00:00,18.901552,22.79031588,-0.5049610547215204,0.8631421280499114,9617996.0,15.45,-0.8660254037844386,-0.5000000000000001,1.0,28229.0,6125.5,45045.0,67.29,17.366666666666664,45852.04,5823.8,1163.0,4260.0,2726313.8,6978.0,3.63622,2019
2021-06-04 06:00:00+00:00,15.52561,46.29497964,-0.8900275764346767,0.4559066935084588,11052279.0,26.25,6.123233995736766e-17,1.0,1.0,28680.0,5068.5,40670.0,60.658181818181816,21.83333333333333,45915.86,3079.3,1207.0,2302.8,205349.52,2748.0,2.6070056,2021
2022-10-14 03:00:00+00:00,16.603935,80.46928043999999,0.226115685508288,-0.9741004551724206,4757275.0,40.0,0.7071067811865476,0.7071067811865476,1.0,20817.0,6111.4,30604.0,36.01545454545454,21.8,33531.08,3653.4,324.0,50.6,0.0,3766.0,2.1491237,2022
2020-04-11 23:00:00+00:00,13.261733,17.2389636,-0.18399835165768,0.9829265519799822,11312209.0,8.0,0.9659258262890684,-0.2588190451025207,0.0,18599.0,7017.4,41160.0,175.24,15.033333333333331,37213.9,3625.3,1407.0,56.2,0.0,4547.0,3.0085592,2020
2023-07-24 16:00:00+00:00,26.63273,89.55725625000001,-0.92592477719385,-0.3777079652039646,8309958.0,29.4,-0.5000000000000004,-0.8660254037844385,1.0,32947.0,7117.2,36615.0,37.333636363636366,27.4,36140.72,2772.5,504.0,14021.1,2076980.6,9766.0,5.3388634,2023
2023-04-01 07:00:00+00:00,12.283016,89.55725625000001,0.0043035382962442,0.99999073973619,10208205.0,38.0,-0.2588190451025208,0.9659258262890684,0.0,22912.0,7117.2,35988.0,39.71727272727273,15.8,30035.46,3454.3,936.0,2874.9,187545.08,7769.0,4.1904507,2023
2022-04-01 16:00:00+00:00,10.558444,80.46928043999999,0.0043035382962442,0.99999073973619,7240210.0,113.5,-0.5000000000000004,-0.8660254037844385,1.0,28468.0,6041.6,31490.0,79.34727272727272,12.7,44352.86,4307.4,840.0,6461.1,1676297.9,13666.0,7.03056,2022
2022-03-13 01:00:00+00:00,10.194303,80.46928043999999,0.3253420847119803,0.9455963874271424,6793423.0,126.93,0.9659258262890684,0.2588190451025207,0.0,20495.0,6053.3,36920.0,108.86818181818184,12.133333333333333,41443.4,2109.0,869.0,12.3,0.0,9229.0,3.7825203,2022
2019-11-04 00:00:00+00:00,15.734623,22.79031588,0.5560174366570438,-0.8311706263658084,6430248.0,10.0,1.0,0.0,1.0,21208.0,5047.5,39990.0,47.26916666666667,17.466666666666665,37985.3,895.4000000000001,1045.0,5.8,0.0,14514.0,8.811463,2019
2023-12-31 09:00:00+00:00,10.4209175,89.55725625000001,1.0,-2.4492935982947064e-16,9483417.0,30.94,-0.7071067811865475,0.7071067811865476,0.0,24770.0,7117.2,45675.0,86.07090909090908,9.133333333333333,31334.2,2896.6,916.0,2895.6,269303.72,12497.0,5.7506814,2023
2023-03-18 14:00:00+00:00,14.719891,89.55725625000001,0.2428497220959358,0.970063921851507,9946780.0,43.0,-0.8660254037844386,-0.5000000000000001,0.0,23786.0,7117.2,35735.0,63.83454545454546,13.966666666666669,31897.22,3395.7,1144.0,9657.8,1864962.4,6338.0,3.78431,2023
2020-01-24 19:00:00+00:00,10.094007,17.2389636,0.9158642882672872,0.401487989205973,9950225.0,14.32,0.2588190451025203,-0.9659258262890684,1.0,36561.0,7117.2,53195.0,167.29090909090908,8.200000000000001,74432.09,7946.8,1522.0,5.4,0.0,2422.0,2.1572998,2020
2020-01-07 23:00:00+00:00,7.8030825,17.2389636,0.9927487224577402,0.1202080448993527,9753093.0,13.25,0.9659258262890684,-0.2588190451025207,1.0,27280.0,7117.2,53725.0,136.48545454545453,8.5,56892.23,5986.3,1216.0,10.3,0.0,3164.0,1.7862848,2020
2022-01-22 12:00:00+00:00,9.486899,80.46928043999999,0.9291414114031744,0.3697245428906731,7209468.0,75.0,-1.0,1.2246467991473532e-16,0.0,31340.0,7117.2,49251.0,141.8918181818182,7.033333333333334,67761.04,3350.0,822.0,7960.4,1583353.5,4781.0,3.592545,2022
2022-03-15 06:00:00+00:00,12.405714,80.46928043999999,0.2926003356333486,0.9562348265919056,6880783.0,110.0,6.123233995736766e-17,1.0,1.0,28672.0,6053.3,36005.0,122.58272727272724,12.266666666666666,56671.32,3147.9,922.0,92.8,15.833085,13869.0,6.8501735,2022
2019-11-20 21:00:00+00:00,9.949262,22.79031588,0.7611042586607742,-0.6486295610349818,7183697.0,15.9,0.7071067811865474,-0.7071067811865477,1.0,33362.0,5008.0,41865.0,282.7607692307692,11.433333333333332,63043.36,5947.1,1407.0,0.5,0.0,5653.0,4.7853403,2019
2023-10-22 08:00:00+00:00,14.454356,89.55725625000001,0.3576982388331254,-0.9338372288229252,6686078.0,45.83,-0.4999999999999998,0.8660254037844387,0.0,20789.0,4765.8,41680.0,36.71272727272727,18.666666666666668,32679.35,1803.3,740.0,3493.5,324487.12,5613.0,4.9067183,2023
2019-11-06 11:00:00+00:00,14.144311,22.79031588,0.5842981736283683,-0.8115390590073611,6430248.0,10.5,-0.9659258262890682,0.258819045102521,1.0,32221.0,5047.5,41130.0,65.02583333333334,15.833333333333334,57667.47,5294.3,1253.0,4919.4,1370158.5,9819.0,5.8124638,2019
2020-10-14 18:00:00+00:00,14.731791,17.2389636,0.2428497220959349,-0.9700639218515072,8253016.0,12.8,-1.8369701987210292e-16,-1.0,1.0,32178.0,6125.5,44650.0,98.89727272727272,16.96666666666667,56989.57,4615.0,971.0,451.1,55345.914,9223.0,6.1941433,2020
2023-09-13 06:00:00+00:00,18.534126,89.55725625000001,-0.300819807635668,-0.9536809966304456,7181439.0,36.0,6.123233995736766e-17,1.0,1.0,27941.0,7043.3,41475.0,51.78,24.2,43744.35,4407.6,424.0,914.8,9535.205,4586.0,2.2696545,2023
2020-12-23 11:00:00+00:00,12.853566,17.2389636,0.9927487224577402,-0.1202080448993527,9231297.0,18.8,-0.9659258262890682,0.258819045102521,1.0,32465.0,7117.2,52920.0,145.3790909090909,10.366666666666664,47935.05,6079.0,1550.0,3559.1,933307.94,5809.0,3.356852,2020
2020-05-19 07:00:00+00:00,16.421432,17.2389636,-0.7441039398713604,0.6680638642135338,12983647.0,5.5,-0.2588190451025208,0.9659258262890684,1.0,25876.0,4106.7,39030.0,191.04454545454547,16.933333333333334,41905.25,4537.8,1458.0,5170.7,810636.06,3440.0,2.4624486,2020
2018-12-02 00:00:00+00:00,10.899566,15.1252596,0.8779600847008878,-0.478733840115789,7992028.0,25.8,1.0,0.0,0.0,23594.0,6121.4,47875.0,101.25,11.9,45930.66,4087.1,930.0,5.0,0.0,9446.0,3.7706027,2018
2023-10-23 11:00:00+00:00,17.811419,89.55725625000001,0.3737197147904684,-0.9275416835791968,7110879.0,45.99,-0.9659258262890682,0.258819045102521,1.0,27371.0,4065.8,41335.0,39.42545454545454,18.633333333333336,39022.45,5271.9,748.0,7382.5,1438978.5,6619.0,4.233367,2023
2023-03-06 13:00:00+00:00,12.683114,89.55725625000001,0.436651231956064,0.8996308696522433,9735057.0,49.95,-0.9659258262890684,-0.2588190451025203,1.0,31994.0,7117.2,36129.0,72.73299999999999,12.3,53328.06,5095.1,828.0,7066.3,1694575.2,9042.0,4.2265344,2023
2018-12-02 10:00:00+00:00,12.800833,15.1252596,0.8779600847008878,-0.478733840115789,7992028.0,25.8,-0.8660254037844387,0.4999999999999999,0.0,27577.0,6121.4,48475.0,101.25,11.9,44283.36,3928.3,1015.0,2152.1,801090.06,7450.0,3.4160242,2018
2022-09-24 05:00:00+00:00,17.302498,80.46928043999999,-0.1159345995955006,-0.9932568492674144,5094243.0,40.0,0.2588190451025207,0.9659258262890684,0.0,21692.0,7117.2,28125.0,38.93090909090909,23.0,34221.56,2057.1,432.0,20.0,0.0,4902.0,2.0725138,2022
2022-09-15 08:00:00+00:00,20.81281,80.46928043999999,-0.2678143051621748,-0.9634705485641486,5329748.0,40.0,-0.4999999999999998,0.8660254037844387,1.0,30316.0,7117.2,27436.0,41.448181818181816,24.9,44294.39,5777.4,476.0,5835.4,660779.75,1775.0,2.246596,2022
2021-05-13 16:00:00+00:00,17.530111,46.29497964,-0.6584015846980488,0.7526668275320085,11206561.0,26.0,-0.5000000000000004,-0.8660254037844385,1.0,28046.0,7117.2,40705.0,66.64090909090909,18.23333333333333,32339.05,2368.5,1205.0,5524.8,1559538.8,10478.0,5.8383026,2021
2021-05-14 20:00:00+00:00,16.126467,46.29497964,-0.6712599575675313,0.7412220108485958,11206561.0,25.6,0.5000000000000001,-0.8660254037844386,1.0,28073.0,6603.9,40705.0,54.32909090909091,18.166666666666668,42944.29,4601.4,1281.0,509.6,13115.485,6486.0,2.5539026,2021
2019-04-30 15:00:00+00:00,19.518415,22.79031588,-0.4749510720670499,0.8800122039735357,9617996.0,18.07,-0.7071067811865477,-0.7071067811865475,1.0,28621.0,6125.5,45040.0,87.30916666666667,16.733333333333334,41913.81,6768.0,1341.0,4384.6,2576777.2,2742.0,1.7043672,2019
2019-07-08 15:00:00+00:00,24.678427,22.79031588,-0.993746580436178,-0.1116590071216944,8965089.0,15.48,-0.7071067811865477,-0.7071067811865475,1.0,35479.0,7117.2,43036.0,56.81545454545455,25.133333333333336,45609.02,5370.9,779.0,3743.7,2190363.5,5250.0,1.6932188,2019
2019-04-17 23:00:00+00:00,13.362743,22.79031588,-0.2678143051621742,0.9634705485641488,8991028.0,15.0,0.9659258262890684,-0.2588190451025207,1.0,24071.0,6541.2,46456.0,75.8575,15.833333333333334,43587.49,3749.9,1086.0,216.4,0.0,6454.0,3.2090735,2019
2022-01-20 18:00:00+00:00,9.5444,80.46928043999999,0.9413173175128472,0.3375228995941133,7209468.0,73.5,-1.8369701987210292e-16,-1.0,1.0,36872.0,7117.2,48721.0,148.26363636363638,6.966666666666666,78497.28,6798.0,1137.0,73.9,19168.525,9488.0,3.7827065,2022
2022-10-12 19:00:00+00:00,18.879953,80.46928043999999,0.1924515819708299,-0.9813064702716092,4757275.0,40.0,0.2588190451025203,-0.9659258262890684,0.0,25722.0,6111.4,31560.0,35.63999999999999,22.066666666666663,44776.31,5785.7,408.0,180.7,4.2921014,3770.0,3.3908224,2022
2020-04-30 23:00:00+00:00,14.797546,17.2389636,-0.4900286664290592,0.8717063187093218,12486925.0,6.3,0.9659258262890684,-0.2588190451025207,0.0,20560.0,5110.1,38265.0,229.0309090909091,15.533333333333331,34402.12,1938.3,1675.0,172.5,0.0,11981.0,5.8597617,2020
2022-12-14 16:00:00+00:00,14.780718,80.46928043999999,0.9574851883550392,-0.288482432880609,6191200.0,40.0,-0.5000000000000004,-0.8660254037844385,1.0,31069.0,7117.2,42100.0,57.89909090909091,12.5,71935.91,4652.5,1188.0,553.4,306567.75,7498.0,5.7557993,2022
2018-12-21 03:00:00+00:00,9.564656,15.1252596,0.9852201067560606,-0.1712931441814778,8153074.0,26.0,0.7071067811865476,0.7071067811865476,1.0,24025.0,5076.1,54485.0,120.68416666666668,10.633333333333333,43117.05,3017.6,1244.0,20.4,0.0,6892.0,2.2357278,2018
2020-02-26 04:00:00+00:00,9.857247,17.2389636,0.5560174366570445,0.831170626365808,10318969.0,9.5,0.5000000000000001,0.8660254037844386,1.0,23637.0,7117.2,49444.0,88.19999999999999,11.266666666666666,44837.01,2737.9,880.0,31.3,0.0,9242.0,6.711607,2020
2022-02-03 04:00:00+00:00,8.172154,80.46928043999999,0.8335557718385699,0.5524353131676196,7003277.0,77.0,0.5000000000000001,0.8660254037844386,1.0,24227.0,7117.2,48656.0,111.4590909090909,8.133333333333333,55634.48,4588.1,619.0,14.4,0.0,3116.0,1.3286366,2022
2018-02-03 00:00:00+00:00,5.399744,15.1252596,0.8335557718385699,0.5524353131676196,5411688.3,21.0,1.0,0.0,0.0,27091.0,7117.2,54245.0,168.59583333333333,8.6,63463.25,4359.2,950.0,3.0,0.0,8755.0,6.7134566,2018
2021-07-08 02:00:00+00:00,17.251184,46.29497964,-0.993746580436178,-0.1116590071216944,9995849.0,35.2,0.8660254037844387,0.4999999999999999,1.0,24236.0,7117.2,41380.0,54.31181818181819,23.76666666666667,34537.47,2776.8,749.0,495.9,0.0,5264.0,4.5764594,2021
2021-03-11 18:00:00+00:00,14.140116,46.29497964,0.3576982388331257,0.9338372288229252,12602854.0,18.0,-1.8369701987210292e-16,-1.0,1.0,32408.0,7117.2,45120.0,140.34272727272727,11.8,53659.58,5274.2,1453.0,402.4,238760.34,7284.0,4.9849925,2021
2022-03-23 18:00:00+00:00,12.201359,80.46928043999999,0.1585593851031345,0.9873494423939864,7046049.0,92.0,-1.8369701987210292e-16,-1.0,1.0,31307.0,6053.3,33435.0,119.93545454545456,11.966666666666669,55748.85,3913.2,1173.0,316.9,234928.39,12698.0,7.050165,2022
2023-07-26 09:00:00+00:00,23.0011,89.55725625000001,-0.9123747579707272,-0.4093559588156215,8309958.0,31.65,-0.7071067811865475,0.7071067811865476,1.0,30240.0,7117.2,35225.0,37.18454545454545,25.1,36644.29,4548.5,572.0,15154.7,1851393.8,2627.0,2.0541039,2023
2020-11-11 10:00:00+00:00,14.604278,17.2389636,0.6648553979642859,-0.7469720876965558,8602562.0,14.0,-0.8660254037844387,0.4999999999999999,1.0,32158.0,6125.5,48605.0,97.7790909090909,14.9,49200.0,5143.2,1125.0,5871.7,1192001.1,6356.0,2.4525323,2020
2019-06-10 19:00:00+00:00,18.86401,22.79031588,-0.9322892131745132,0.3617137307297676,9712119.0,14.95,0.2588190451025203,-0.9659258262890684,1.0,29250.0,7117.2,42729.0,43.13833333333334,20.83333333333333,40258.8,2843.1,978.0,836.3,370138.9,5663.0,4.200734,2019
2020-01-26 03:00:00+00:00,8.476744,17.2389636,0.901501684131884,0.4327755925504312,9950225.0,10.9,0.7071067811865476,0.7071067811865476,0.0,21566.0,7117.2,50155.0,141.62636363636364,9.033333333333331,54225.9,3866.9,1220.0,5.5,0.0,3809.0,3.0578353,2020
2020-01-30 12:00:00+00:00,13.661836,17.2389636,0.869589389346611,0.4937755501599771,10148824.0,10.87,-1.0,1.2246467991473532e-16,1.0,34643.0,7117.2,51620.0,180.88727272727272,9.766666666666666,61292.03,5049.6,1602.0,3436.1,1236255.4,9138.0,5.1541233,2020
2019-08-01 09:00:00+00:00,23.128855,22.79031588,-0.8653072543632061,-0.5012418134457756,8130738.0,11.75,-0.7071067811865475,0.7071067811865476,1.0,33598.0,7117.2,39392.0,46.88,24.03333333333333,44264.77,5784.6,755.0,5005.4,1759936.5,2527.0,1.9498358,2019
2019-04-27 14:00:00+00:00,17.747326,22.79031588,-0.4288919379124835,0.9033558023246844,9241342.0,17.05,-0.8660254037844386,-0.5000000000000001,0.0,25350.0,6125.5,44875.0,122.53583333333334,15.833333333333334,32277.48,4843.5,1303.0,5215.8,2713866.8,2932.0,1.3411844,2019
2019-07-08 16:00:00+00:00,24.353245,22.79031588,-0.993746580436178,-0.1116590071216944,8965089.0,15.48,-0.5000000000000004,-0.8660254037844385,1.0,34643.0,7117.2,43036.0,56.81545454545455,25.133333333333336,46348.9,5217.0,738.0,3112.3,1759469.1,5217.0,1.7272182,2019
2021-05-14 12:00:00+00:00,17.652256,46.29497964,-0.6712599575675313,0.7412220108485958,11206561.0,25.6,-1.0,1.2246467991473532e-16,1.0,29908.0,6937.9,40705.0,54.32909090909091,18.166666666666668,38003.31,4662.5,1198.0,10632.2,3113098.8,6716.0,4.2639585,2021
2020-10-29 06:00:00+00:00,12.348935,17.2389636,0.4825077417612184,-0.875891705144243,8440297.0,14.9,6.123233995736766e-17,1.0,1.0,28398.0,6125.5,45242.0,107.75727272727272,15.833333333333334,47890.3,4494.6,1158.0,228.0,0.0,2178.0,0.6277077,2020
2019-08-16 18:00:00+00:00,27.204401,22.79031588,-0.7086266782644598,-0.7055836101071777,7706520.0,11.95,-1.8369701987210292e-16,-1.0,1.0,29778.0,7117.2,38330.0,48.715833333333336,24.066666666666663,37433.64,3824.8,741.0,1598.6,812270.94,3447.0,1.1416711,2019
2021-08-22 15:00:00+00:00,28.259464,46.29497964,-0.6321034111873488,-0.7748840413670406,7728542.0,41.5,-0.7071067811865477,-0.7071067811865475,0.0,26543.0,7117.2,42805.0,52.73545454545455,24.766666666666666,27186.96,3420.6,582.0,8273.1,2427650.2,5622.0,2.0211656,2021
2023-03-12 04:00:00+00:00,12.848091,89.55725625000001,0.3415707691678556,0.9398560579418954,9735057.0,55.0,0.5000000000000001,0.8660254037844386,0.0,18748.0,7117.2,36595.0,89.09909090909092,13.8,36438.34,3787.5,1252.0,14.1,0.0,8274.0,3.96352,2023
2020-09-03 06:00:00+00:00,17.263216,17.2389636,-0.4443781781046134,-0.8958392907349089,9363826.0,11.95,6.123233995736766e-17,1.0,1.0,27955.0,7117.2,33920.0,56.22272727272728,22.133333333333336,44234.32,4113.5,787.0,1056.3,24680.219,2359.0,2.542634,2020
2019-04-30 21:00:00+00:00,15.270406,22.79031588,-0.4749510720670499,0.8800122039735357,9617996.0,18.07,0.7071067811865474,-0.7071067811865477,1.0,26344.0,6125.5,45040.0,87.30916666666667,16.733333333333334,50570.83,6430.0,1205.0,601.3,0.0,3603.0,1.9486662,2019
2021-12-16 06:00:00+00:00,7.568269,46.29497964,0.9668478136052776,-0.2553532951161872,6469940.0,132.0,6.123233995736766e-17,1.0,1.0,31719.0,5042.0,45345.0,498.2275,8.0,70988.05,3631.2,1175.0,8.5,0.0,5845.0,4.9684763,2021
2022-02-15 00:00:00+00:00,8.431599,80.46928043999999,0.702527474169157,0.7116566222817747,6930013.0,83.8,1.0,0.0,1.0,24868.0,7117.2,44666.0,65.53363636363636,10.233333333333333,53616.04,4677.3,570.0,24.9,0.0,10936.0,5.388874,2022
2018-01-10 22:00:00+00:00,9.328225,15.1252596,0.9852201067560606,0.1712931441814776,5284527.7,23.2,0.8660254037844384,-0.5000000000000004,1.0,31818.0,6053.3,57480.0,276.2523076923077,9.05,65426.12,4258.9,1180.0,11.1,0.0,14256.0,8.364292,2018
2022-03-26 07:00:00+00:00,10.40141,80.46928043999999,0.107381346664163,0.994217906893952,7046049.0,103.0,-0.2588190451025208,0.9659258262890684,0.0,23537.0,6053.3,29305.0,95.07181818181816,12.4,42471.47,2821.7,1069.0,1262.3,134763.56,4782.0,5.050475,2022
2023-10-24 21:00:00+00:00,16.388372,89.55725625000001,0.3896304495307877,-0.9209712877166348,7110879.0,46.0,0.7071067811865474,-0.7071067811865477,1.0,25330.0,4065.8,41335.0,46.84454545454546,18.833333333333336,40131.0,3724.7,920.0,35.9,0.0,15166.0,7.7643824,2023
2019-01-30 21:00:00+00:00,9.809534,22.79031588,0.869589389346611,0.4937755501599771,8079559.0,23.9,0.7071067811865474,-0.7071067811865477,1.0,34219.0,7117.2,55337.0,536.5515384615385,8.5,70994.9,3334.0,1364.0,29.1,0.0,12985.0,7.519507,2019
2018-10-23 08:00:00+00:00,15.537837,15.1252596,0.3737197147904684,-0.9275416835791968,7728196.0,26.5,-0.4999999999999998,0.8660254037844387,1.0,31645.0,7117.2,46595.0,54.820833333333326,18.36666666666667,53809.67,4169.299999999999,650.0,1427.8,387659.12,6684.0,3.777827,2018
2019-04-30 02:00:00+00:00,12.2992735,22.79031588,-0.4749510720670499,0.8800122039735357,9617996.0,18.07,0.8660254037844387,0.4999999999999999,1.0,21957.0,6125.5,45040.0,87.30916666666667,16.733333333333334,42676.7,4372.0,1226.0,378.6,0.0,2162.0,1.9769329,2019
2018-03-14 06:00:00+00:00,10.633669,15.1252596,0.3090169943749474,0.9510565162951536,8217673.2,25.82,6.123233995736766e-17,1.0,1.0,31079.0,6071.9,51210.0,354.8607692307692,10.2,62971.63,1451.9,1742.0,34.8,3.6244411,9446.0,6.163489,2018
2018-12-10 07:00:00+00:00,9.4464,15.1252596,0.935367949313148,-0.3536761221763721,8104824.0,25.55,-0.2588190451025208,0.9659258262890684,1.0,33454.0,6121.4,53915.0,95.565,11.733333333333334,65161.15,3603.2,1046.0,114.9,170.76204,5282.0,2.6699939,2018
2021-10-16 04:00:00+00:00,14.128297,46.29497964,0.2595117970697994,-0.965739937654855,6132781.0,102.0,0.5000000000000001,0.8660254037844386,0.0,21367.0,6121.4,44045.0,50.194545454545455,17.7,40592.42,3926.7,395.0,13.9,0.0,2310.0,1.3127762,2021
2022-03-13 12:00:00+00:00,12.625361,80.46928043999999,0.3253420847119803,0.9455963874271424,6793423.0,126.93,-1.0,1.2246467991473532e-16,0.0,25736.0,6053.3,36005.0,108.86818181818184,12.133333333333333,43567.69,3411.7,949.0,9623.0,2085893.6,6339.0,3.4192476,2022
2021-06-23 03:00:00+00:00,15.95133,46.29497964,-0.9893142039703664,0.1457991969198746,10560103.0,29.9,0.7071067811865476,0.7071067811865476,1.0,23333.0,4072.7,41625.0,61.55090909090909,22.133333333333336,36900.0,2425.5,1185.0,174.6,0.0,5861.0,4.0244474,2021
2021-07-08 06:00:00+00:00,17.08425,46.29497964,-0.993746580436178,-0.1116590071216944,9995849.0,35.2,6.123233995736766e-17,1.0,1.0,29596.0,7117.2,41380.0,54.31181818181819,23.76666666666667,44908.93,3719.5,914.0,2914.3,202091.14,3864.0,4.4735136,2021
2023-09-13 12:00:00+00:00,24.194334,89.55725625000001,-0.300819807635668,-0.9536809966304456,7181439.0,36.0,-1.0,1.2246467991473532e-16,1.0,29679.0,7028.3,41475.0,51.78,24.2,39345.36,4318.3,452.0,15521.3,2419309.5,2936.0,1.9720769,2023
2020-02-18 07:00:00+00:00,8.363327,17.2389636,0.6648553979642865,0.7469720876965552,10406929.0,9.9,-0.2588190451025208,0.9659258262890684,1.0,32887.0,7117.2,51664.0,100.24909090909092,11.266666666666666,63189.32,4190.2,1322.0,274.3,3242.6667,4590.0,3.8583755,2020
2018-12-09 09:00:00+00:00,11.291562,15.1252596,0.9291414114031744,-0.3697245428906732,8084888.0,25.39,-0.7071067811865475,0.7071067811865476,0.0,26796.0,6121.4,51130.0,98.72499999999998,11.733333333333334,42002.17,4101.3,1126.0,1916.4,438491.38,5291.0,3.0989897,2018
2020-03-19 06:00:00+00:00,10.421757,17.2389636,0.2093146459630487,0.9778483415056568,10818085.0,9.24,6.123233995736766e-17,1.0,1.0,24081.0,7117.2,43059.0,427.39,11.5,47857.44,3570.9,1729.0,193.2,305.02533,4319.0,4.475857,2020
2018-03-14 10:00:00+00:00,13.435113,15.1252596,0.3090169943749474,0.9510565162951536,8217673.2,25.82,-0.8660254037844387,0.4999999999999999,1.0,35174.0,6071.9,51210.0,354.8607692307692,10.2,59220.88,2968.4,1739.0,1435.9,1137737.0,12083.0,7.793579,2018
2018-12-26 13:00:00+00:00,13.165098,15.1252596,0.9962981749346076,-0.0859647987374467,8192252.0,25.0,-0.9659258262890684,-0.2588190451025203,1.0,28791.0,6071.9,55995.0,101.67333333333336,10.533333333333331,60062.94,5681.3,1178.0,2421.4,1370970.4,1710.0,1.7087556,2018
2018-11-01 10:00:00+00:00,12.814556,15.1252596,0.5123714121284235,-0.858763958275803,7630760.0,27.3,-0.8660254037844387,0.4999999999999999,0.0,26377.0,6105.9,46810.0,82.955,14.533333333333331,50023.12,5362.6,800.0,3528.7,1120910.1,3438.0,1.8283651,2018
2021-05-14 22:00:00+00:00,14.959244,46.29497964,-0.6712599575675313,0.7412220108485958,11206561.0,25.6,0.8660254037844384,-0.5000000000000004,0.0,24657.0,6071.9,40705.0,50.99454545454546,18.166666666666668,43171.3,3825.4,1236.0,427.4,0.0,7812.0,2.7906635,2021
2018-08-06 10:00:00+00:00,28.342417,15.1252596,-0.8190148866680799,-0.5737722679043247,10042982.5,26.75,-0.8660254037844387,0.4999999999999999,1.0,37458.0,7117.2,38291.0,45.94545454545455,25.75,47596.72,6620.0,1034.0,4936.3,2434621.2,1161.0,0.119009614,2018
2020-01-03 21:00:00+00:00,9.129284,17.2389636,0.998666816288476,0.0516196672232537,9522998.0,12.01,0.7071067811865474,-0.7071067811865477,1.0,31680.0,7117.2,52740.0,146.2527272727273,8.333333333333332,59468.61,6598.6,1537.0,15.5,0.0,4857.0,2.6357183,2020
2020-12-21 23:00:00+00:00,11.459524,17.2389636,0.9880226656636976,-0.154308820664281,9231297.0,18.87,0.9659258262890684,-0.2588190451025207,1.0,26244.0,7117.2,52010.0,146.74272727272728,10.433333333333334,43767.32,4728.8,1522.0,58.7,0.0,5246.0,1.9729335,2020
2023-09-12 04:00:00+00:00,19.32852,89.55725625000001,-0.3171912885891059,-0.9483615800121716,7181439.0,36.95,0.5000000000000001,0.8660254037844386,1.0,23023.0,7043.3,40005.0,51.28727272727272,24.73333333333333,38626.66,4454.0,412.0,103.4,0.0,857.0,1.2442147,2023
2022-02-14 12:00:00+00:00,11.825993,80.46928043999999,0.7146733860429609,0.699458327051647,6930013.0,80.0,-1.0,1.2246467991473532e-16,1.0,32485.0,7117.2,44666.0,64.16090909090909,10.433333333333332,56706.0,3794.7,611.0,9264.1,1706458.1,13190.0,6.500016,2022
2019-11-07 15:00:00+00:00,13.486847,22.79031588,0.5981809144059166,-0.8013610881746764,6430248.0,12.51,-0.7071067811865477,-0.7071067811865475,1.0,30469.0,5047.5,40040.0,96.10083333333334,15.666666666666666,52962.01,2729.1000000000004,1250.0,2129.3,981399.7,11368.0,7.768121,2019
2019-06-10 17:00:00+00:00,20.126085,22.79031588,-0.9322892131745132,0.3617137307297676,9712119.0,14.95,-0.2588190451025206,-0.9659258262890684,1.0,28639.0,7117.2,42729.0,43.13833333333334,20.83333333333333,40031.72,2333.7000000000003,940.0,2869.2,1537702.5,5933.0,4.5321727,2019
2020-11-13 05:00:00+00:00,12.761918,17.2389636,0.6901733882429714,-0.723644038295913,8602562.0,14.2,0.2588190451025207,0.9659258262890684,1.0,25040.0,6125.5,49495.0,89.96181818181819,14.7,43889.58,3759.0,1013.0,26.3,0.0,3150.0,2.3000057,2020
2020-02-26 01:00:00+00:00,10.7141,17.2389636,0.5560174366570445,0.831170626365808,10318969.0,9.5,0.9659258262890684,0.2588190451025207,1.0,23351.0,7117.2,49444.0,88.19999999999999,11.266666666666666,46017.66,2941.8,888.0,34.4,0.0,9413.0,6.6384416,2020
2022-12-15 23:00:00+00:00,11.421436,80.46928043999999,0.9623090774541484,-0.271958157534106,6191200.0,40.0,0.9659258262890684,-0.2588190451025207,1.0,25119.0,7117.2,42100.0,67.39090909090909,13.25,60093.55,4868.5,1140.0,0.0,0.0,7119.0,5.3602715,2022
2023-10-23 07:00:00+00:00,15.601655,89.55725625000001,0.3737197147904684,-0.9275416835791968,7110879.0,45.99,-0.2588190451025208,0.9659258262890684,1.0,28045.0,4065.8,41335.0,39.42545454545454,18.633333333333336,40421.78,5694.3,780.0,1347.9,47831.336,6445.0,3.9810002,2023
2020-03-20 18:00:00+00:00,13.16528,17.2389636,0.1924515819708299,0.9813064702716092,10818085.0,8.7,-1.8369701987210292e-16,-1.0,1.0,28206.0,7117.2,42499.0,348.535,11.699999999999998,45335.69,5863.2,1726.0,175.6,282404.44,5749.0,3.3016288,2020
2022-01-20 02:00:00+00:00,6.0719824,80.46928043999999,0.9413173175128472,0.3375228995941133,7209468.0,73.5,0.8660254037844387,0.4999999999999999,1.0,24374.0,7117.2,48721.0,148.26363636363638,6.966666666666666,61228.0,3183.5,832.0,19.6,0.0,7298.0,2.4355688,2022
2020-02-24 17:00:00+00:00,16.493647,17.2389636,0.5842981736283684,0.811539059007361,10318969.0,10.87,-0.2588190451025206,-0.9659258262890684,1.0,30155.0,7117.2,50174.0,94.69818181818182,10.966666666666669,51483.38,5210.9,1134.0,1790.3,776055.7,3356.0,2.9585907,2020
2018-08-08 12:00:00+00:00,26.795944,15.1252596,-0.798779372886365,-0.6016240632249223,10042982.5,26.35,-1.0,1.2246467991473532e-16,1.0,36211.0,7117.2,42630.0,44.34333333333333,25.65,45912.86,6345.0,992.0,5161.2,2944169.2,3481.0,0.70770764,2018
2019-07-26 20:00:00+00:00,22.72785,22.79031588,-0.9123747579707272,-0.4093559588156215,8415226.0,14.0,0.5000000000000001,-0.8660254037844386,1.0,32274.0,7117.2,34832.0,43.82916666666666,24.899999999999995,45382.09,4387.4,663.0,605.6,37813.125,5742.0,3.9984236,2019
2019-01-31 20:00:00+00:00,11.943481,22.79031588,0.8609610158889943,0.5086709438521044,8079559.0,23.69,0.5000000000000001,-0.8660254037844386,1.0,36195.0,7117.2,55670.0,523.9976923076922,8.866666666666667,66571.85,3765.0,1573.0,9.4,0.0,14677.0,10.162946,2019
2023-04-04 23:00:00+00:00,10.888308,89.55725625000001,-0.0473213883224318,0.9988797155850336,10193567.0,43.0,0.9659258262890684,-0.2588190451025207,1.0,22240.0,7117.2,37680.0,56.52272727272727,15.033333333333331,48419.05,2183.8,800.0,302.2,0.0,8919.0,3.5969474,2023
2022-03-23 07:00:00+00:00,9.993366,80.46928043999999,0.1585593851031345,0.9873494423939864,7046049.0,92.0,-0.2588190451025208,0.9659258262890684,1.0,30115.0,6053.3,33435.0,119.93545454545456,11.966666666666669,57321.38,2761.9,1148.0,727.1,97580.29,12068.0,6.6706057,2022
2022-02-14 21:00:00+00:00,9.428426,80.46928043999999,0.7146733860429609,0.699458327051647,6930013.0,80.0,0.7071067811865474,-0.7071067811865477,1.0,30720.0,7117.2,44666.0,64.16090909090909,10.433333333333332,57287.06,5992.8,670.0,35.6,0.0,11594.0,6.168359,2022
2022-03-25 23:00:00+00:00,11.477621,80.46928043999999,0.1244792638867893,0.9922222094179324,7046049.0,116.0,0.9659258262890684,-0.2588190451025207,0.0,24576.0,6053.3,31585.0,95.07181818181816,12.4,44355.01,4026.4,1039.0,12.1,0.0,7204.0,5.489415,2022
2018-12-19 05:00:00+00:00,9.8568735,15.1252596,0.9787400799669153,-0.2051044998686192,8153074.0,25.8,0.2588190451025207,0.9659258262890684,1.0,27821.0,5076.1,55655.0,144.75916666666666,11.3,57205.3,2084.6,1296.0,7.0,0.0,9180.0,5.0062523,2018
2023-08-22 05:00:00+00:00,23.000685,89.55725625000001,-0.6321034111873488,-0.7748840413670406,7451239.0,40.6,0.2588190451025207,0.9659258262890684,1.0,27182.0,6947.5,33424.0,38.03727272727273,27.96666666666667,38715.3,4062.7,524.0,169.3,1.2399404,4006.0,2.5808194,2023
2020-09-02 16:00:00+00:00,25.020975,17.2389636,-0.4597327394521046,-0.888057322629493,9363826.0,11.75,-0.5000000000000004,-0.8660254037844385,1.0,29949.0,5915.1,33920.0,60.38454545454547,21.8,42333.43,5620.7,743.0,6092.1,1847888.8,4201.0,2.2396886,2020
2021-03-13 12:00:00+00:00,13.785314,46.29497964,0.3253420847119803,0.9455963874271424,12602854.0,17.5,-1.0,1.2246467991473532e-16,0.0,28659.0,7117.2,44995.0,128.79727272727274,12.233333333333333,37374.07,3742.9,1076.0,8765.3,2406011.5,6739.0,2.703049,2021
2021-05-15 18:00:00+00:00,19.734905,46.29497964,-0.6839194216246103,0.7295575540864878,11206561.0,24.8,-1.8369701987210292e-16,-1.0,0.0,24821.0,6071.9,40160.0,50.99454545454546,18.166666666666668,37281.46,2892.4,1396.0,2108.5,658862.1,11911.0,4.5224442,2021
2020-11-12 01:00:00+00:00,12.843615,17.2389636,0.6776147890466887,-0.7354170229639858,8602562.0,14.4,0.9659258262890684,0.2588190451025207,1.0,22616.0,6125.5,48605.0,92.47818181818182,14.733333333333334,46350.0,4069.4,1024.0,23.7,0.0,4255.0,1.8715502,2020
2023-10-03 20:00:00+00:00,21.619865,89.55725625000001,0.0387222808921739,-0.9992500112396836,6899173.0,40.0,0.5000000000000001,-0.8660254037844386,1.0,28351.0,7028.3,39916.0,34.41,23.53333333333333,39165.42,5844.1,396.0,427.1,0.0,9666.0,3.2825923,2023
2023-12-23 03:00:00+00:00,8.521706,89.55725625000001,0.9905324521322229,-0.1372787721132651,9597457.0,31.43,0.7071067811865476,0.7071067811865476,0.0,20500.0,7117.2,45115.0,169.24727272727273,10.666666666666666,33849.17,4823.0,1108.0,13.3,0.0,9191.0,3.0593436,2023
2020-04-27 08:00:00+00:00,13.990412,17.2389636,-0.4443781781046132,0.895839290734909,12486925.0,6.1,-0.4999999999999998,0.8660254037844387,1.0,26221.0,5887.1,39500.0,239.1227272727273,15.933333333333332,40276.28,4773.6,1797.0,3249.6,949636.0,4054.0,3.399866,2020
2023-08-25 07:00:00+00:00,23.17669,89.55725625000001,-0.5912614448635782,-0.8064799463209447,7451239.0,32.89,-0.2588190451025208,0.9659258262890684,1.0,29641.0,6888.5,35387.0,33.059999999999995,28.23333333333333,41595.78,4709.0,532.0,6743.4,395978.88,2360.0,1.146492,2023
2020-11-01 22:00:00+00:00,15.4322195,17.2389636,0.5270777086423716,-0.8498170915275282,8440297.0,12.95,0.8660254037844384,-0.5000000000000004,0.0,23714.0,6125.5,40792.0,87.39727272727272,15.533333333333331,36221.54,4308.2,988.0,51.9,0.0,5933.0,2.0611305,2020
2022-02-06 11:00:00+00:00,10.929496,80.46928043999999,0.8039279618328213,0.5947266869607633,7003277.0,82.0,-0.9659258262890682,0.258819045102521,0.0,26641.0,7117.2,46051.0,86.32999999999998,9.1,43929.2,4184.7,576.0,8033.1,1453811.5,3764.0,2.289154,2022
2022-09-23 13:00:00+00:00,23.765985,80.46928043999999,-0.1330147065341963,-0.9911140639934546,5094243.0,40.0,-0.9659258262890684,-0.2588190451025203,1.0,29411.0,7117.2,28385.0,38.37545454545455,23.066666666666663,38711.61,4942.6,360.0,10643.0,2336231.2,3346.0,0.90138847,2022
2020-12-18 22:00:00+00:00,10.840952,17.2389636,0.9787400799669153,-0.2051044998686192,8925312.0,19.94,0.8660254037844384,-0.5000000000000004,1.0,28703.0,7117.2,51085.0,180.64454545454544,10.433333333333334,52295.13,3205.4,1607.0,16.4,0.0,8244.0,3.661032,2020
2018-02-05 08:00:00+00:00,5.924779,15.1252596,0.8140460935082179,0.5808002734538008,5358573.3,23.55,-0.4999999999999998,0.8660254037844387,1.0,38314.0,7117.2,56450.0,268.385,9.05,77895.54,4497.9,1111.0,535.4,66086.79,5969.0,1.839162,2018
2023-09-19 07:00:00+00:00,17.753448,89.55725625000001,-0.2008905551306352,-0.97961369164549,7135990.0,35.0,-0.2588190451025208,0.9659258262890684,1.0,28239.0,7028.3,40900.0,49.71000000000001,23.4,39667.91,5510.4,472.0,4955.0,192564.72,1032.0,1.5044874,2023
2020-05-01 15:00:00+00:00,19.6383,17.2389636,-0.5049610547215204,0.8631421280499114,12486925.0,6.23,-0.7071067811865477,-0.7071067811865475,0.0,19061.0,5110.1,37350.0,229.0309090909091,15.533333333333331,25580.15,2628.3,1623.0,6025.9,2075205.1,12862.0,7.436283,2020
2022-04-27 02:00:00+00:00,12.588297,80.46928043999999,-0.4288919379124835,0.9033558023246844,7856475.0,85.0,0.8660254037844387,0.4999999999999999,1.0,21446.0,5061.6,30490.0,173.05272727272728,15.466666666666669,36634.36,4209.0,1220.0,19.1,0.0,2308.0,0.23542607,2022
2018-11-02 11:00:00+00:00,14.839697,15.1252596,0.5270777086423716,-0.8498170915275282,7630760.0,25.0,-0.9659258262890682,0.258819045102521,1.0,30806.0,6105.9,45900.0,111.67583333333332,14.466666666666669,59722.84,4890.5,954.0,2459.2,1063436.8,6003.0,4.6912155,2018
2018-09-13 02:00:00+00:00,19.992811,15.1252596,-0.300819807635668,-0.9536809966304456,8868060.9,29.24,0.8660254037844387,0.4999999999999999,1.0,24103.0,7117.2,48510.0,70.1475,23.566666666666663,35661.83,4067.3,621.0,153.5,0.0,2826.0,1.9710517,2018
2021-08-21 19:00:00+00:00,25.4314,46.29497964,-0.64534811322955,-0.7638886127905429,7728542.0,42.95,0.2588190451025203,-0.9659258262890684,0.0,29669.0,7117.2,42805.0,54.64363636363637,24.26666666666667,39113.45,4091.7,677.0,625.5,175304.14,4982.0,1.2668158,2021
2021-04-25 00:00:00+00:00,13.756428,46.29497964,-0.3975428142825558,0.9175836260593938,11503922.0,20.5,1.0,0.0,0.0,20259.0,6121.4,39375.0,51.44818181818182,16.066666666666666,34594.0,3034.1,876.0,0.6,0.0,6682.0,4.688529,2021
2023-09-24 00:00:00+00:00,16.822247,89.55725625000001,-0.1159345995955006,-0.9932568492674144,7135990.0,42.53,1.0,0.0,0.0,19249.0,5983.0,38455.0,36.98363636363637,21.3,31444.57,3487.7,476.0,286.0,0.0,3115.0,2.0761466,2023
2022-10-11 18:00:00+00:00,19.251911,80.46928043999999,0.1755314904214277,-0.9844738167520924,4757275.0,40.0,-1.8369701987210292e-16,-1.0,1.0,28930.0,6111.4,30230.0,35.10090909090909,22.266666666666666,48684.89,6142.5,400.0,117.0,62872.863,3369.0,2.7354581,2022
2023-12-06 06:00:00+00:00,8.296803,89.55725625000001,0.9088176373395028,-0.4171936026123169,9349226.0,37.5,6.123233995736766e-17,1.0,0.0,23757.0,6125.5,45505.0,187.7090909090909,10.966666666666669,65144.38,4877.5,1284.0,0.0,0.0,2676.0,1.8649291,2023
2020-01-04 17:00:00+00:00,10.411545,17.2389636,0.9976303053065856,0.0688024268023198,9522998.0,10.7,-0.2588190451025206,-0.9659258262890684,0.0,29837.0,7117.2,50940.0,143.1590909090909,8.5,61267.09,4770.8,1401.0,238.6,156542.73,5691.0,2.7707648,2020
2021-06-24 02:00:00+00:00,16.168812,46.29497964,-0.99167731989929,0.1287481774525808,10560103.0,31.8,0.8660254037844387,0.4999999999999999,1.0,22384.0,5287.7,41496.0,60.25090909090909,21.53333333333333,33872.65,2448.9,1028.0,368.9,0.0,7253.0,3.6053429,2021
2019-09-22 20:00:00+00:00,19.3257,22.79031588,-0.1500553983446526,-0.9886775902323404,6721584.0,12.1,0.5000000000000001,-0.8660254037844386,0.0,26440.0,7117.2,41010.0,60.93416666666667,23.2,37341.58,4746.3,609.0,114.8,0.0,4971.0,4.1484094,2019
2019-08-03 03:00:00+00:00,20.236109,22.79031588,-0.847540922892831,-0.5307300481619335,8130738.0,13.0,0.7071067811865476,0.7071067811865476,0.0,23261.0,7117.2,40745.0,47.865833333333335,24.866666666666664,31926.52,3428.2,612.0,396.9,0.0,1988.0,2.1602235,2019
2021-08-24 22:00:00+00:00,21.569313,46.29497964,-0.6050560696488494,-0.7961828637826154,7373652.0,42.8,0.8660254037844384,-0.5000000000000004,1.0,27314.0,7117.2,43072.0,55.08636363636363,24.366666666666664,36492.33,4790.7,577.0,134.0,0.0,8231.0,2.1591778,2021
2018-12-08 11:00:00+00:00,12.927285,15.1252596,0.9226395488404876,-0.3856634062436074,8084888.0,24.55,-0.9659258262890682,0.258819045102521,0.0,27477.0,6121.4,52040.0,100.35583333333334,11.9,46877.39,5033.7,1189.0,2945.1,1158793.2,4153.0,3.1098578,2018
2019-07-08 04:00:00+00:00,20.187773,22.79031588,-0.993746580436178,-0.1116590071216944,8965089.0,15.48,0.5000000000000001,0.8660254037844386,1.0,26080.0,7117.2,43036.0,56.81545454545455,25.133333333333336,38586.38,4024.5,687.0,370.6,0.0,4833.0,0.9042967,2019
2022-09-14 09:00:00+00:00,21.890167,80.46928043999999,-0.2843591872810036,-0.9587178169872964,5329748.0,40.0,-0.7071067811865475,0.7071067811865476,1.0,30824.0,7117.2,26826.0,41.776363636363634,24.85,44228.85,4098.0,524.0,7091.3,939682.1,5322.0,3.9996126,2022
2020-03-20 21:00:00+00:00,11.7750225,17.2389636,0.1924515819708299,0.9813064702716092,10818085.0,8.7,0.7071067811865474,-0.7071067811865477,1.0,27507.0,7117.2,42499.0,348.535,11.699999999999998,41258.82,5740.3,1769.0,21.2,0.0,5990.0,3.4016562,2020
2021-06-02 12:00:00+00:00,20.939352,46.29497964,-0.8738071036110806,0.4862727071086904,11052279.0,26.2,-1.0,1.2246467991473532e-16,1.0,30521.0,5068.5,41185.0,57.73181818181818,21.4,43842.92,4829.7,1108.0,10292.2,2825570.5,2552.0,0.9985997,2021
2018-01-25 09:00:00+00:00,9.664262,15.1252596,0.9088176373395028,0.4171936026123168,5403403.3,19.04,-0.7071067811865475,0.7071067811865476,1.0,36100.0,7117.2,58695.0,216.375,9.55,63701.79,4790.200000000001,1166.0,835.6,329380.4,5558.0,3.4276633,2018
2018-08-07 03:00:00+00:00,22.134445,15.1252596,-0.8090169943749475,-0.587785252292473,10042982.5,26.53,0.7071067811865476,0.7071067811865476,1.0,25590.0,7117.2,38151.0,45.91416666666667,25.95,35869.82,4184.0,779.0,179.3,0.0,4059.0,0.48190442,2018
2021-06-25 03:00:00+00:00,17.255135,46.29497964,-0.993746580436178,0.1116590071216946,10560103.0,31.5,0.7071067811865476,0.7071067811865476,1.0,22721.0,6401.1,42325.0,55.73909090909091,21.866666666666664,35282.11,3514.5,991.0,452.6,0.0,6331.0,3.7915428,2021
2020-05-18 20:00:00+00:00,18.233194,17.2389636,-0.7324940716135786,0.6807734094770165,12983647.0,5.2,0.5000000000000001,-0.8660254037844386,1.0,25774.0,4106.7,38925.0,204.33,16.5,38986.42,5134.3,1593.0,612.6,27596.844,4758.0,3.3565443,2020
2019-06-09 15:00:00+00:00,21.537539,22.79031588,-0.9259247771938498,0.3777079652039649,9813065.0,13.3,-0.7071067811865477,-0.7071067811865475,0.0,23808.0,7117.2,38424.0,47.15166666666666,20.5,32047.88,2475.2,862.0,4562.4,2405031.8,4093.0,3.362938,2019
2022-10-14 08:00:00+00:00,17.77975,80.46928043999999,0.226115685508288,-0.9741004551724206,4757275.0,40.0,-0.4999999999999998,0.8660254037844387,1.0,28499.0,6111.4,30604.0,36.01545454545454,21.8,42678.81,5766.6,388.0,7242.0,481437.16,2959.0,1.6731951,2022
2020-09-02 03:00:00+00:00,17.344378,17.2389636,-0.4597327394521046,-0.888057322629493,9363826.0,11.75,0.7071067811865476,0.7071067811865476,1.0,22523.0,6071.9,32620.0,60.38454545454547,21.8,34409.06,2149.2000000000003,659.0,116.1,0.0,5894.0,3.2123487,2020
2018-09-03 21:00:00+00:00,21.877533,15.1252596,-0.4597327394521046,-0.888057322629493,9110095.3,29.5,0.7071067811865474,-0.7071067811865477,1.0,30276.0,7117.2,43500.0,53.9325,24.566666666666663,46980.1,6222.4,726.0,282.9,0.0,5657.0,0.4749383,2018
2019-02-23 15:00:00+00:00,16.829231,22.79031588,0.5981809144059164,0.8013610881746766,8866543.0,20.01,-0.7071067811865477,-0.7071067811865475,0.0,26386.0,7117.2,52558.0,157.72916666666666,10.1,44863.79,5322.0,1031.0,3120.3,1822562.9,4212.0,1.3778405,2019
2023-07-24 07:00:00+00:00,22.238457,89.55725625000001,-0.92592477719385,-0.3777079652039646,8309958.0,29.4,-0.2588190451025208,0.9659258262890684,1.0,30150.0,7117.2,36615.0,37.333636363636366,27.4,38031.45,3978.3,564.0,7405.8,559859.56,4024.0,3.0439212,2023
2023-09-30 19:00:00+00:00,23.768658,89.55725625000001,-0.0129102960750088,-0.999916658654738,7052792.0,40.0,0.2588190451025203,-0.9659258262890684,0.0,27703.0,5983.0,39641.0,33.791,23.23333333333333,39178.59,5938.9,408.0,529.1,2203.215,3164.0,1.0592861,2023
2020-09-01 08:00:00+00:00,19.423746,17.2389636,-0.4749510720670502,-0.8800122039735356,9363826.0,11.99,-0.4999999999999998,0.8660254037844387,1.0,30824.0,7117.2,33535.0,61.0290909090909,21.76666666666667,45061.61,4748.5,803.0,4030.0,893103.0,899.0,1.4841613,2020
2022-01-21 08:00:00+00:00,5.1976433,80.46928043999999,0.9353679493131484,0.3536761221763715,7209468.0,70.7,-0.4999999999999998,0.8660254037844387,1.0,35992.0,7117.2,49251.0,143.70454545454547,7.099999999999999,78578.7,4009.8,925.0,2768.5,51526.23,12262.0,4.074936,2022
2020-04-02 21:00:00+00:00,10.690048,17.2389636,-0.0301203048469081,0.9995462806873572,11022385.0,7.4,0.7071067811865474,-0.7071067811865477,1.0,24690.0,7117.2,44525.0,161.15,12.0,52336.88,5336.2,1322.0,104.8,0.0,6824.0,3.2506099,2020
2020-05-21 09:00:00+00:00,20.86937,17.2389636,-0.766658819300159,0.6420547132365637,12983647.0,5.5,-0.7071067811865475,0.7071067811865476,1.0,28213.0,4106.7,36610.0,136.39909090909092,18.3,33070.78,4866.5,1463.0,8062.1,2170484.8,638.0,0.78586894,2020
2022-02-04 02:00:00+00:00,9.475922,80.46928043999999,0.8239230057575543,0.5667017562911175,7003277.0,78.0,0.8660254037844387,0.4999999999999999,1.0,23725.0,7117.2,48656.0,111.54454545454549,8.533333333333333,52698.53,4216.1,617.0,23.5,0.0,5077.0,2.8358612,2022
2019-06-09 09:00:00+00:00,18.538876,22.79031588,-0.9259247771938498,0.3777079652039649,9813065.0,13.3,-0.7071067811865475,0.7071067811865476,0.0,25160.0,7117.2,38424.0,47.15166666666666,20.5,35702.85,3443.3,981.0,4435.3,1839712.1,1226.0,1.4463525,2019
2022-01-18 06:00:00+00:00,4.7363915,80.46928043999999,0.9523775757303976,0.304921224656289,7209468.0,82.0,6.123233995736766e-17,1.0,1.0,32200.0,7117.2,48625.0,162.80181818181816,6.9,76312.34,4703.0,983.0,12.8,0.0,2412.0,1.3533521,2022
2023-03-12 06:00:00+00:00,12.44022,89.55725625000001,0.3415707691678556,0.9398560579418954,9735057.0,55.0,6.123233995736766e-17,1.0,0.0,19588.0,7117.2,33942.0,89.09909090909092,13.8,37695.62,3824.8,1328.0,30.4,0.0,7205.0,3.050783,2023
2019-10-09 19:00:00+00:00,19.668219,22.79031588,0.141540295217043,-0.989932495087353,6275794.0,14.6,0.2588190451025203,-0.9659258262890684,1.0,31239.0,6111.4,40810.0,41.81583333333333,20.7,43041.72,4459.3,511.0,374.4,68.95976,5233.0,3.237172,2019
2023-07-27 16:00:00+00:00,26.999216,89.55725625000001,-0.9051931898913976,-0.4250003399695539,8309958.0,34.48,-0.5000000000000004,-0.8660254037844385,1.0,31937.0,7117.2,35720.0,36.770909090909086,25.6,32967.92,3034.4,524.0,13681.7,2108859.5,7168.0,1.9502817,2023
2022-03-21 05:00:00+00:00,11.055382,80.46928043999999,0.1924515819708299,0.9813064702716092,7046049.0,96.0,0.2588190451025207,0.9659258262890684,1.0,23624.0,6053.3,33895.0,108.83454545454546,12.633333333333333,49741.92,2226.9,905.0,0.2,0.0,12205.0,6.3919873,2022
2020-01-30 02:00:00+00:00,11.159846,17.2389636,0.869589389346611,0.4937755501599771,10148824.0,10.87,0.8660254037844387,0.4999999999999999,1.0,23651.0,7117.2,51620.0,180.88727272727272,9.766666666666666,53370.08,2718.8,1531.0,1.5,0.0,8853.0,4.8515615,2020
2022-02-15 13:00:00+00:00,12.349402,80.46928043999999,0.702527474169157,0.7116566222817747,6930013.0,83.8,-0.9659258262890684,-0.2588190451025203,1.0,31976.0,7117.2,44666.0,65.53363636363636,10.233333333333333,54159.68,5097.6,559.0,9918.4,2030789.8,9871.0,4.6788483,2022
2023-09-14 10:00:00+00:00,23.53549,89.55725625000001,-0.2843591872810036,-0.9587178169872964,7181439.0,36.0,-0.8660254037844387,0.4999999999999999,1.0,29572.0,7028.3,43980.0,48.13545454545454,24.3,39735.59,4741.4,432.0,13899.8,1887534.4,3040.0,2.775185,2023
2018-10-19 02:00:00+00:00,15.63627,15.1252596,0.3090169943749472,-0.9510565162951536,7777168.0,27.45,0.8660254037844387,0.4999999999999999,1.0,22562.0,7117.2,46425.0,74.63333333333333,19.266666666666666,35244.01,1347.5,622.0,8.1,0.0,7455.0,3.6238961,2018
2020-02-18 00:00:00+00:00,10.0885935,17.2389636,0.6648553979642865,0.7469720876965552,10406929.0,9.9,1.0,0.0,1.0,24377.0,7117.2,51664.0,100.24909090909092,11.266666666666666,49663.18,3968.6,1137.0,21.7,0.0,5396.0,4.184324,2020
2020-04-29 09:00:00+00:00,15.092267,17.2389636,-0.4749510720670499,0.8800122039735357,12486925.0,6.29,-0.7071067811865475,0.7071067811865476,1.0,26988.0,5110.1,38885.0,286.50181818181824,15.433333333333332,39627.54,2286.6,1670.0,7109.7,1760545.0,8719.0,4.3802667,2020
2020-02-25 02:00:00+00:00,10.158054,17.2389636,0.5702422926917871,0.8214765533024142,10318969.0,10.14,0.8660254037844387,0.4999999999999999,1.0,23128.0,7117.2,49444.0,93.02727272727272,11.0,43968.87,2609.4,1008.0,16.3,0.0,8887.0,4.522111,2020
2020-01-29 14:00:00+00:00,14.033044,17.2389636,0.8779600847008882,0.4787338401157884,10148824.0,11.35,-0.8660254037844386,-0.5000000000000001,1.0,33563.0,7117.2,50190.0,148.94636363636366,9.466666666666669,59803.73,5265.0,1575.0,2538.4,1140279.8,8679.0,4.3727384,2020
2023-04-04 10:00:00+00:00,14.251389,89.55725625000001,-0.0473213883224318,0.9988797155850336,10193567.0,43.0,-0.8660254037844387,0.4999999999999999,1.0,26419.0,7117.2,37680.0,63.877272727272725,14.933333333333332,44679.44,3360.9,872.0,13508.7,2163200.2,9009.0,3.6450152,2023
2020-11-04 20:00:00+00:00,12.908787,17.2389636,0.5702422926917867,-0.8214765533024145,8534366.0,13.3,0.5000000000000001,-0.8660254037844386,1.0,31822.0,6125.5,47742.0,91.32181818181816,15.566666666666668,54395.73,2869.9,919.0,12.6,0.0,12369.0,7.284748,2020
2021-08-07 19:00:00+00:00,23.159483,46.29497964,-0.8090169943749475,-0.587785252292473,8477701.0,43.35,0.2588190451025203,-0.9659258262890684,0.0,27949.0,7117.2,39093.0,58.12909090909091,25.3,31051.61,2976.9,591.0,942.7,299764.38,7311.0,4.5523047,2021
2021-07-09 16:00:00+00:00,26.613447,46.29497964,-0.99167731989929,-0.1287481774525806,9995849.0,34.0,-0.5000000000000004,-0.8660254037844385,1.0,31269.0,7117.2,40972.0,54.447272727272725,23.566666666666663,40801.37,5002.6,763.0,8310.1,2403092.0,4733.0,2.169813,2021
2020-11-21 06:00:00+00:00,9.061429,17.2389636,0.7829801036770624,-0.622046748440868,8582863.0,13.7,6.123233995736766e-17,1.0,0.0,23261.0,7117.2,50690.0,55.75909090909091,13.466666666666669,52257.67,1760.9,700.0,18.3,0.0,4927.0,4.562319,2020
2018-05-21 22:00:00+00:00,15.213838,15.1252596,-0.7554933140726803,0.6551563572090853,11943098.0,25.0,0.8660254037844384,-0.5000000000000004,1.0,25102.0,5068.5,45195.0,106.515,17.700000000000003,42963.41,5161.8,1525.0,132.2,0.0,1108.0,1.3544638,2018
2019-02-01 15:00:00+00:00,11.087433,22.79031588,0.8520775211013093,0.5234156073655503,8079559.0,23.5,-0.7071067811865477,-0.7071067811865475,1.0,33319.0,7117.2,55545.0,564.9576923076922,9.233333333333333,70410.58,2809.3,1604.0,1419.2,1074693.8,15138.0,10.518014,2019
2019-04-16 15:00:00+00:00,17.68017,22.79031588,-0.2511900638848191,0.9679377830240644,8991028.0,17.5,-0.7071067811865477,-0.7071067811865475,1.0,29571.0,6071.9,47371.0,60.876666666666665,15.766666666666666,49233.11,5040.7,1142.0,4305.8,2455429.5,3562.0,2.2812068,2019
2020-11-21 05:00:00+00:00,9.18526,17.2389636,0.7829801036770624,-0.622046748440868,8582863.0,13.7,0.2588190451025207,0.9659258262890684,0.0,22083.0,7117.2,50690.0,55.75909090909091,13.466666666666669,50212.21,1653.7000000000005,735.0,19.3,0.0,5346.0,4.5291014,2020
2022-11-04 19:00:00+00:00,14.639594,80.46928043999999,0.5560174366570438,-0.8311706263658084,5045030.0,40.0,0.2588190451025203,-0.9659258262890684,1.0,28850.0,6071.9,30695.0,33.776363636363634,21.5,45546.86,6946.7,832.0,46.7,0.0,8254.0,6.2272468,2022
2019-02-24 19:00:00+00:00,13.150174,22.79031588,0.5842981736283684,0.811539059007361,8866543.0,20.4,0.2588190451025203,-0.9659258262890684,0.0,30188.0,7117.2,54136.0,150.68416666666664,10.233333333333333,57664.64,5978.1,1126.0,101.2,2860.3518,2945.0,3.0583498,2019
2020-07-30 18:00:00+00:00,28.131493,17.2389636,-0.8738071036110809,-0.4862727071086898,11141120.0,7.0,-1.8369701987210292e-16,-1.0,1.0,35252.0,7117.2,35436.0,62.49181818181819,26.133333333333336,46474.72,5779.0,846.0,1965.4,877157.06,4622.0,1.0284733,2020
2020-04-02 12:00:00+00:00,12.797288,17.2389636,-0.0301203048469081,0.9995462806873572,11022385.0,7.4,-1.0,1.2246467991473532e-16,1.0,28745.0,7117.2,45349.0,161.15,12.0,45157.32,4618.2,1339.0,4870.8,2148937.5,5423.0,3.139106,2020
2020-09-05 08:00:00+00:00,21.357203,17.2389636,-0.4132786077829044,-0.9106046300942162,9363826.0,10.5,-0.4999999999999998,0.8660254037844387,0.0,27187.0,5966.1,33880.0,50.74272727272727,23.133333333333336,36824.04,4500.4,677.0,6581.9,907410.6,5253.0,2.7616076,2020
2018-12-07 02:00:00+00:00,10.380081,15.1252596,0.9158642882672872,-0.4014879892059729,8084888.0,25.2,0.8660254037844387,0.4999999999999999,1.0,21865.0,6121.4,52855.0,103.66166666666668,11.966666666666669,41968.1,3731.7,1125.0,33.7,0.0,4570.0,1.7440504,2018
2018-01-27 01:00:00+00:00,7.0935183,15.1252596,0.893918596519257,0.4482293417404106,5403403.3,18.87,0.9659258262890684,0.2588190451025207,0.0,25145.0,7117.2,58695.0,263.7592307692308,9.75,58862.55,2676.7,980.0,26.6,0.0,10305.0,6.3535085,2018
2019-07-24 09:00:00+00:00,25.982471,22.79031588,-0.92592477719385,-0.3777079652039646,8415226.0,14.3,-0.7071067811865475,0.7071067811865476,1.0,37460.0,7117.2,39366.0,45.41833333333333,25.03333333333333,52964.08,6319.6,785.0,4986.5,1984309.6,2569.0,1.8217785,2019
2022-03-28 21:00:00+00:00,13.088388,80.46928043999999,0.0730951298980775,0.9973249731081556,7240210.0,93.0,0.7071067811865474,-0.7071067811865477,1.0,25630.0,6053.3,31490.0,89.98181818181818,13.1,47084.54,5232.3,1028.0,11.3,0.0,6408.0,3.7543123,2022
2020-12-19 20:00:00+00:00,11.2596655,17.2389636,0.9821256058680004,-0.1882267098432448,8925312.0,18.88,0.5000000000000001,-0.8660254037844386,0.0,31362.0,7117.2,51105.0,167.34,10.4,48720.85,5650.8,1627.0,15.3,0.0,4142.0,2.6063647,2020
2021-05-13 17:00:00+00:00,17.077246,46.29497964,-0.6584015846980488,0.7526668275320085,11206561.0,26.0,-0.2588190451025206,-0.9659258262890684,1.0,28198.0,7117.2,40705.0,66.64090909090909,18.23333333333333,36273.68,2725.6000000000004,1257.0,3467.5,1119619.5,10156.0,5.7044826,2021
2019-07-25 19:00:00+00:00,25.932959,22.79031588,-0.9192859697186104,-0.3935902766564669,8415226.0,13.6,0.2588190451025203,-0.9659258262890684,1.0,34967.0,7117.2,39827.0,44.68333333333334,25.23333333333333,47930.99,5123.9,712.0,666.1,335091.12,5275.0,1.1490128,2019
2020-01-08 13:00:00+00:00,12.876146,17.2389636,0.9905324521322229,0.1372787721132647,9753093.0,12.87,-0.9659258262890684,-0.2588190451025203,1.0,34707.0,7117.2,54351.0,136.48545454545453,8.5,63143.26,7538.1,1300.0,5064.4,1497389.4,978.0,1.4754301,2020
2021-12-17 00:00:00+00:00,8.3259945,46.29497964,0.9711000518829505,-0.2386727660059499,6469940.0,130.5,1.0,0.0,1.0,25636.0,6105.9,43045.0,338.5333333333333,7.399999999999999,57995.7,3389.0,1224.0,21.6,0.0,5605.0,4.9826684,2021
2020-04-01 23:00:00+00:00,10.01732,17.2389636,-0.012910296075009,0.999916658654738,11022385.0,7.25,0.9659258262890684,-0.2588190451025207,1.0,20983.0,7117.2,45349.0,161.15,12.0,49377.51,4296.8,1265.0,109.3,0.0,3470.0,0.5869732,2020
2023-03-06 05:00:00+00:00,8.562092,89.55725625000001,0.436651231956064,0.8996308696522433,9735057.0,49.95,0.2588190451025207,0.9659258262890684,1.0,24007.0,7117.2,36325.0,72.73299999999999,12.3,61457.17,3825.2,788.0,0.0,0.0,6829.0,3.8892217,2023
2023-08-21 20:00:00+00:00,27.607384,89.55725625000001,-0.64534811322955,-0.7638886127905429,7451239.0,38.12,0.5000000000000001,-0.8660254037844386,1.0,33297.0,6947.5,33424.0,38.58636363636364,28.066666666666663,43942.31,5346.1,592.0,558.8,3687.6145,7221.0,2.1457102,2023
2020-01-07 04:00:00+00:00,6.339629,17.2389636,0.9927487224577402,0.1202080448993527,9753093.0,13.25,0.5000000000000001,0.8660254037844386,1.0,21863.0,7117.2,53725.0,137.07181818181817,7.399999999999999,57045.7,4470.2,1204.0,8.4,0.0,1878.0,1.3001409,2020
2018-11-29 05:00:00+00:00,8.799474,15.1252596,0.8520775211013093,-0.5234156073655503,7992028.0,26.84,0.2588190451025207,0.9659258262890684,1.0,27264.0,5110.1,49935.0,117.94083333333332,11.933333333333332,52650.88,1865.1,1196.0,19.2,0.0,6631.0,3.7136226,2018
2023-08-26 21:00:00+00:00,22.300169,89.55725625000001,-0.5772916165517278,-0.8165380514459157,7451239.0,32.5,0.7071067811865474,-0.7071067811865477,0.0,28939.0,6895.5,37622.0,32.75636363636364,27.766666666666666,40391.02,2086.1000000000004,464.0,230.8,0.0,11633.0,3.3115833,2023
2022-02-07 16:00:00+00:00,14.5440235,80.46928043999999,0.7935716089521474,0.6084768701151261,6964737.0,83.25,-0.5000000000000004,-0.8660254037844385,1.0,30913.0,7117.2,45896.0,85.11181818181818,8.866666666666667,58716.68,5501.5,525.0,5374.0,1064986.4,9843.0,3.3196378,2022
2021-02-04 13:00:00+00:00,13.580959,46.29497964,0.8239230057575543,0.5667017562911175,10269799.0,17.68,-0.9659258262890684,-0.2588190451025203,1.0,32654.0,7117.2,50102.0,284.3609090909091,9.833333333333334,60529.77,6694.1,1897.0,3968.4,1377586.2,3503.0,2.2824335,2021
2020-02-27 02:00:00+00:00,9.215577,17.2389636,0.5416278206559814,0.8406184056344782,10318969.0,9.1,0.8660254037844387,0.4999999999999999,1.0,23196.0,7117.2,47054.0,71.02,11.366666666666664,54885.11,2923.2,881.0,36.7,0.0,10251.0,3.4354627,2020
2019-06-09 08:00:00+00:00,17.543633,22.79031588,-0.9259247771938498,0.3777079652039649,9813065.0,13.3,-0.4999999999999998,0.8660254037844387,0.0,24186.0,7117.2,38424.0,47.15166666666666,20.5,35110.88,3141.6,953.0,3732.6,1265112.4,1158.0,1.2163414,2019
2019-07-07 14:00:00+00:00,27.13387,22.79031588,-0.9955213724144752,-0.0945367498171993,9194821.0,14.1,-0.8660254037844386,-0.5000000000000001,0.0,28319.0,7117.2,41656.0,55.844545454545454,25.633333333333336,35252.87,3993.0,766.0,4349.0,2766831.5,3665.0,1.4021904,2019
2023-10-02 20:00:00+00:00,22.164602,89.55725625000001,0.0215160974362222,-0.9997685019798908,6899173.0,39.89,0.5000000000000001,-0.8660254037844386,1.0,28626.0,5983.0,39601.0,36.446,23.433333333333337,35792.08,5834.4,436.0,510.4,0.0,5574.0,0.7230058,2023
2023-12-31 15:00:00+00:00,12.769933,89.55725625000001,1.0,-2.4492935982947064e-16,9483417.0,30.94,-0.7071067811865477,-0.7071067811865475,0.0,24879.0,7117.2,45675.0,86.07090909090908,9.133333333333333,28537.22,4432.1,840.0,4311.7,728754.56,9875.0,5.697045,2023
2019-01-16 06:00:00+00:00,6.1888294,22.79031588,0.9623090774541486,0.2719581575341055,7877846.0,26.25,6.123233995736766e-17,1.0,1.0,33774.0,7117.2,54037.0,50.00666666666667,9.433333333333332,72027.24,4936.0,755.0,22.5,0.0,2681.0,1.9046404,2019
2018-12-10 05:00:00+00:00,9.610237,15.1252596,0.935367949313148,-0.3536761221763721,8104824.0,25.55,0.2588190451025207,0.9659258262890684,1.0,25791.0,6121.4,53915.0,95.565,11.733333333333334,53273.71,2546.3,1023.0,7.2,0.0,5968.0,2.8801084,2018
2019-08-17 12:00:00+00:00,28.105032,22.79031588,-0.6963762255968724,-0.7176769136759618,7706520.0,11.25,-1.0,1.2246467991473532e-16,0.0,30706.0,7117.2,37401.0,48.27416666666667,24.63333333333333,31414.56,4468.4,628.0,6629.8,3079237.5,3497.0,1.3270024,2019
2021-10-16 19:00:00+00:00,17.738111,46.29497964,0.2595117970697994,-0.965739937654855,6132781.0,102.0,0.2588190451025203,-0.9659258262890684,0.0,26775.0,6121.4,44045.0,50.194545454545455,17.7,46659.03,5206.3,519.0,143.5,0.0,3425.0,0.86372346,2021
2020-04-11 11:00:00+00:00,16.1283,17.2389636,-0.18399835165768,0.9829265519799822,11312209.0,8.0,-0.9659258262890682,0.258819045102521,0.0,24733.0,7017.4,40750.0,146.51181818181817,14.933333333333332,33281.78,4834.3,1466.0,5680.3,2171654.2,2600.0,1.5908606,2020
2018-08-27 02:00:00+00:00,20.070168,15.1252596,-0.5631507242749187,-0.8263541987239094,9346210.2,28.2,0.8660254037844387,0.4999999999999999,1.0,22603.0,7117.2,35505.0,53.51999999999999,23.5,29478.44,3488.5,718.0,139.9,0.0,2736.0,1.9834627,2018
2020-05-19 21:00:00+00:00,18.50605,17.2389636,-0.7441039398713604,0.6680638642135338,12983647.0,5.5,0.7071067811865474,-0.7071067811865477,1.0,23863.0,4106.7,39030.0,191.04454545454547,16.933333333333334,42007.72,4917.3,1562.0,562.6,0.0,3698.0,2.5777178,2020
2020-07-29 20:00:00+00:00,25.974169,17.2389636,-0.8820480249558538,-0.4711595076738635,11141120.0,6.79,0.5000000000000001,-0.8660254037844386,1.0,33103.0,7117.2,35555.0,61.71818181818182,26.200000000000003,44805.95,5889.8,846.0,512.2,37307.707,6487.0,2.1063783,2020
2023-12-21 08:00:00+00:00,8.516228,89.55725625000001,0.9852201067560606,-0.1712931441814778,9597457.0,32.45,-0.4999999999999998,0.8660254037844387,1.0,33600.0,7117.2,46385.0,170.12727272727273,9.966666666666669,48085.39,4799.8,1200.0,2205.0,46447.562,10328.0,4.977368,2023
2022-02-06 16:00:00+00:00,13.161428,80.46928043999999,0.8039279618328213,0.5947266869607633,7003277.0,82.0,-0.5000000000000004,-0.8660254037844385,0.0,25026.0,7117.2,46051.0,86.32999999999998,9.1,39779.92,4156.9,574.0,4299.8,959564.25,5061.0,2.474021,2022
2019-05-02 09:00:00+00:00,16.042395,22.79031588,-0.5049610547215204,0.8631421280499114,9617996.0,15.45,-0.7071067811865475,0.7071067811865476,1.0,30135.0,6125.5,45045.0,67.29,17.366666666666664,51695.79,4839.1,1210.0,4430.2,1786359.5,7507.0,4.126074,2019
2019-11-07 13:00:00+00:00,13.953659,22.79031588,0.5981809144059166,-0.8013610881746764,6430248.0,12.51,-0.9659258262890684,-0.2588190451025203,1.0,31411.0,5047.5,40040.0,96.10083333333334,15.666666666666666,52946.84,2630.4,1221.0,3475.8,1464424.8,11258.0,7.678686,2019
2020-01-30 18:00:00+00:00,12.949587,17.2389636,0.869589389346611,0.4937755501599771,10148824.0,10.87,-1.8369701987210292e-16,-1.0,1.0,35444.0,7117.2,51760.0,180.88727272727272,9.766666666666666,65608.11,6013.0,1697.0,36.4,23191.973,9080.0,4.9753585,2020
2023-02-11 03:00:00+00:00,5.3734508,89.55725625000001,0.7498264012045687,0.6616346182422783,9996284.0,50.0,0.7071067811865476,0.7071067811865476,0.0,23084.0,7117.2,44870.0,81.16454545454546,11.0,57186.01,1242.6,796.0,65.5,0.0,6398.0,5.516296,2023
2023-03-05 08:00:00+00:00,7.241968,89.55725625000001,0.4520722039323043,0.8919813464595485,9758770.0,47.0,-0.4999999999999998,0.8660254037844387,0.0,22999.0,7117.2,36622.0,68.84363636363636,11.6,53372.58,3081.1,844.0,3732.5,385160.75,2115.0,1.59348,2023
2021-04-06 04:00:00+00:00,10.109824,46.29497964,-0.0816763953304224,0.9966589017541702,12000960.0,19.9,0.5000000000000001,0.8660254037844386,1.0,23531.0,6111.4,39520.0,53.595454545454544,15.7,49758.28,3996.5,985.0,31.2,0.0,7811.0,2.4110394,2021
2019-06-09 18:00:00+00:00,20.429886,22.79031588,-0.9259247771938498,0.3777079652039649,9813065.0,13.3,-1.8369701987210292e-16,-1.0,0.0,25022.0,7117.2,41229.0,47.15166666666666,20.5,36834.98,2815.8,878.0,1982.9,872211.8,6716.0,3.9982002,2019
2019-11-22 06:00:00+00:00,11.043469,22.79031588,0.7829801036770624,-0.622046748440868,7183697.0,14.0,6.123233995736766e-17,1.0,1.0,32059.0,5008.0,43225.0,170.39636363636365,11.1,65143.9,1212.1000000000004,1314.0,4.3,0.0,9441.0,6.844736,2019
2022-02-15 07:00:00+00:00,6.621522,80.46928043999999,0.702527474169157,0.7116566222817747,6930013.0,83.8,-0.2588190451025208,0.9659258262890684,1.0,32821.0,7117.2,44666.0,65.53363636363636,10.233333333333333,65618.23,5428.2,763.0,748.9,3026.917,8663.0,4.362417,2022
2022-09-23 01:00:00+00:00,18.13191,80.46928043999999,-0.1330147065341963,-0.9911140639934546,5094243.0,40.0,0.9659258262890684,0.2588190451025207,1.0,22198.0,7117.2,28415.0,38.37545454545455,23.066666666666663,35268.3,4409.7,348.0,174.3,0.0,2611.0,0.7160661,2022
2021-12-15 03:00:00+00:00,7.7531257,46.29497964,0.9623090774541484,-0.271958157534106,6469940.0,121.75,0.7071067811865476,0.7071067811865476,1.0,23978.0,6105.9,43885.0,663.3133333333334,8.6,57771.8,3309.0,1037.0,25.7,0.0,3777.0,3.693703,2021
2020-02-17 03:00:00+00:00,10.906319,17.2389636,0.6776147890466889,0.7354170229639855,10406929.0,9.8,0.7071067811865476,0.7071067811865476,1.0,21484.0,7117.2,50759.0,101.67636363636365,11.333333333333334,39777.25,2229.7,1152.0,1.3,0.0,7733.0,3.560927,2020
2021-08-21 14:00:00+00:00,27.95834,46.29497964,-0.64534811322955,-0.7638886127905429,7728542.0,42.95,-0.8660254037844386,-0.5000000000000001,0.0,28832.0,7117.2,41720.0,54.64363636363637,24.26666666666667,33664.32,3375.1,558.0,9956.9,2880494.8,2172.0,0.49551463,2021
2019-04-27 01:00:00+00:00,10.730113,22.79031588,-0.4288919379124835,0.9033558023246844,9241342.0,17.05,0.9659258262890684,0.2588190451025207,0.0,22158.0,6125.5,44750.0,122.53583333333334,15.833333333333334,36821.33,3478.7,1238.0,400.5,0.0,3386.0,2.4332333,2019
2023-12-31 20:00:00+00:00,10.480194,89.55725625000001,1.0,-2.4492935982947064e-16,9483417.0,30.94,0.5000000000000001,-0.8660254037844386,0.0,28487.0,7117.2,44880.0,86.07090909090908,9.133333333333333,33641.869999999995,6146.8,1084.0,5.4,0.0,5528.0,4.1018453,2023
2019-11-23 14:00:00+00:00,12.7792425,22.79031588,0.7935716089521472,-0.6084768701151264,7183697.0,13.0,-0.8660254037844386,-0.5000000000000001,0.0,29648.0,5008.0,41515.0,195.63454545454545,11.4,49882.75,2820.3,1556.0,2272.8,1045293.06,14995.0,9.925406,2019
2021-10-19 15:00:00+00:00,22.98146,46.29497964,0.3090169943749472,-0.9510565162951536,6017107.0,89.0,-0.7071067811865477,-0.7071067811865475,1.0,29370.0,6121.4,44890.0,46.23363636363637,18.366666666666664,39263.6,4580.4,403.0,7321.4,1517341.9,8138.0,3.3041182,2021
2019-08-16 01:00:00+00:00,21.01583,22.79031588,-0.7086266782644598,-0.7055836101071777,7706520.0,11.95,0.9659258262890684,0.2588190451025207,1.0,22140.0,7117.2,38330.0,48.715833333333336,24.066666666666663,30390.64,2928.5,517.0,564.3,0.0,2350.0,2.5646203,2019
2022-02-14 08:00:00+00:00,9.100425,80.46928043999999,0.7146733860429609,0.699458327051647,6930013.0,80.0,-0.4999999999999998,0.8660254037844387,1.0,32827.0,7117.2,44666.0,64.16090909090909,10.433333333333332,59415.31,4728.6,660.0,3092.6,131804.05,11389.0,5.7992973,2022
2023-12-24 05:00:00+00:00,7.0505767,89.55725625000001,0.9927487224577402,-0.1202080448993527,9597457.0,32.97,0.2588190451025207,0.9659258262890684,0.0,19261.0,7117.2,44595.0,168.8672727272727,10.433333333333332,29398.02,3747.2,1108.0,9.4,0.0,2561.0,1.1022164,2023
2021-08-23 02:00:00+00:00,21.482357,46.29497964,-0.6186714032625032,-0.7856498550787144,7373652.0,42.89,0.8660254037844387,0.4999999999999999,1.0,22743.0,7117.2,43377.0,52.95727272727272,24.933333333333334,30701.53,2449.7,528.0,180.2,0.0,8550.0,4.000495,2021
2022-04-28 23:00:00+00:00,12.98285,80.46928043999999,-0.4443781781046132,0.895839290734909,7856475.0,100.0,0.9659258262890684,-0.2588190451025207,1.0,22969.0,5061.6,28843.0,198.60454545454544,15.333333333333334,37286.64,3479.1,1230.0,177.2,0.0,5400.0,3.7415416,2022
2021-08-21 17:00:00+00:00,27.326279,46.29497964,-0.64534811322955,-0.7638886127905429,7728542.0,42.95,-0.2588190451025206,-0.9659258262890684,0.0,28390.0,7117.2,41505.0,54.64363636363637,24.26666666666667,37777.86,3374.3,624.0,5104.1,1352195.2,3431.0,0.9981618,2021
2020-03-22 10:00:00+00:00,12.344058,17.2389636,0.1585593851031345,0.9873494423939864,10818085.0,8.48,-0.8660254037844387,0.4999999999999999,0.0,24849.0,7117.2,41309.0,260.1881818181818,12.1,32236.71,4402.4,1514.0,3943.5,1527947.1,1545.0,1.4939513,2020
2022-02-01 01:00:00+00:00,8.627465,80.46928043999999,0.8520775211013093,0.5234156073655503,7003277.0,86.25,0.9659258262890684,0.2588190451025207,1.0,24450.0,7117.2,48191.0,99.4136363636364,7.833333333333333,57525.69,2428.1,592.0,14.5,0.0,13662.0,6.6877584,2022
2020-02-18 19:00:00+00:00,11.05787,17.2389636,0.6648553979642865,0.7469720876965552,10406929.0,9.9,0.2588190451025203,-0.9659258262890684,1.0,35285.0,7117.2,51629.0,100.24909090909092,11.266666666666666,60378.86,5494.0,1423.0,81.9,888.68756,5071.0,3.8109775,2020
2020-08-31 20:00:00+00:00,20.58841,17.2389636,-0.4900286664290594,-0.8717063187093217,9363826.0,11.52,0.5000000000000001,-0.8660254037844386,1.0,28314.0,7117.2,33535.0,51.32818181818182,21.766666666666666,42036.24,5321.3,787.0,496.9,117.31744,3830.0,1.5117834,2020
2023-10-03 21:00:00+00:00,21.08283,89.55725625000001,0.0387222808921739,-0.9992500112396836,6899173.0,40.0,0.7071067811865474,-0.7071067811865477,1.0,25641.0,7028.3,39916.0,34.41,23.53333333333333,40614.02,5467.5,392.0,423.2,0.0,9507.0,3.3363702,2023
2022-03-29 07:00:00+00:00,11.491553,80.46928043999999,0.0559169901006032,0.9984354211555644,7240210.0,95.0,-0.2588190451025208,0.9659258262890684,1.0,30667.0,6053.3,31490.0,85.81727272727272,13.066666666666668,52862.63,5770.6,993.0,1072.8,141527.81,1622.0,2.405736,2022
2019-08-03 05:00:00+00:00,19.712164,22.79031588,-0.847540922892831,-0.5307300481619335,8130738.0,13.0,0.2588190451025207,0.9659258262890684,0.0,23650.0,7117.2,40745.0,47.865833333333335,24.866666666666664,32906.13,3377.6,578.0,291.4,1043.998,1638.0,1.9450936,2019
2023-09-14 16:00:00+00:00,25.499527,89.55725625000001,-0.2843591872810036,-0.9587178169872964,7181439.0,36.0,-0.5000000000000004,-0.8660254037844385,1.0,29741.0,7028.3,43980.0,48.13545454545454,24.3,41250.4,5713.9,416.0,9523.4,1462928.2,3469.0,2.4877603,2023
2019-05-01 20:00:00+00:00,15.941431,22.79031588,-0.4900286664290592,0.8717063187093218,9617996.0,16.5,0.5000000000000001,-0.8660254037844386,0.0,26105.0,6125.5,46375.0,74.00333333333333,17.066666666666666,43512.75,3993.6,1122.0,460.4,6405.4365,8109.0,2.817823,2019
2022-01-17 10:00:00+00:00,8.209071,80.46928043999999,0.9574851883550392,0.288482432880609,7209468.0,93.0,-0.8660254037844387,0.4999999999999999,1.0,35645.0,7117.2,48625.0,173.66,7.0,76163.27,6150.4,942.0,7880.4,927180.2,2954.0,1.8970859,2022
2020-12-31 04:00:00+00:00,6.024577,17.2389636,0.9998518392091162,0.0172133561558347,9415749.0,21.53,0.5000000000000001,0.8660254037844386,1.0,20857.0,7117.2,52235.0,201.49000000000004,8.266666666666667,52312.28,2559.6,1269.0,26.3,0.0,10918.0,4.68208,2020
2018-12-26 22:00:00+00:00,9.062122,15.1252596,0.9962981749346076,-0.0859647987374467,8192252.0,25.0,0.8660254037844384,-0.5000000000000004,1.0,26613.0,6071.9,57455.0,101.67333333333336,10.533333333333331,65264.12,6074.0,1189.0,11.6,0.0,2027.0,1.428085,2018
2019-05-02 00:00:00+00:00,13.889049,22.79031588,-0.5049610547215204,0.8631421280499114,9617996.0,15.45,1.0,0.0,1.0,20358.0,6125.5,46375.0,67.29,17.366666666666664,41272.5,1595.1999999999998,1089.0,263.8,0.0,7923.0,2.920171,2019
2021-08-08 07:00:00+00:00,18.81277,46.29497964,-0.798779372886365,-0.6016240632249223,8477701.0,43.77,-0.2588190451025208,0.9659258262890684,0.0,22524.0,7117.2,37773.0,52.00454545454546,24.566666666666663,28050.55,2779.1,639.0,5233.0,506586.66,2584.0,2.8177116,2021
2018-01-12 02:00:00+00:00,7.0225997,15.1252596,0.9787400799669153,0.2051044998686192,5284527.7,21.99,0.8660254037844387,0.4999999999999999,1.0,24860.0,6053.3,57645.0,217.61166666666665,9.0,57418.93,5209.8,998.0,12.2,0.0,7756.0,5.1963143,2018
2019-08-01 17:00:00+00:00,26.509869,22.79031588,-0.8653072543632061,-0.5012418134457756,8130738.0,11.75,-0.2588190451025206,-0.9659258262890684,1.0,32940.0,7117.2,41489.0,46.88,24.03333333333333,43620.05,4527.9,634.0,3101.6,1503679.9,4801.0,2.1785758,2019
2021-08-22 18:00:00+00:00,26.758636,46.29497964,-0.6321034111873488,-0.7748840413670406,7728542.0,41.5,-1.8369701987210292e-16,-1.0,0.0,27141.0,7117.2,42805.0,52.73545454545455,24.766666666666666,35673.25,4150.9,580.0,1412.8,678823.94,8532.0,2.6067872,2021
2023-07-22 03:00:00+00:00,19.96102,89.55725625000001,-0.9383773917408642,-0.3456123126707333,8561884.0,30.48,0.7071067811865476,0.7071067811865476,0.0,22864.0,7117.2,36090.0,34.95272727272727,26.75,31455.84,3342.5,520.0,304.9,0.0,4674.0,2.6259358,2023
2023-10-22 19:00:00+00:00,16.73595,89.55725625000001,0.3576982388331254,-0.9338372288229252,6686078.0,45.83,0.2588190451025203,-0.9659258262890684,0.0,25721.0,4515.8,41335.0,36.71272727272727,18.666666666666668,39029.41,3601.2,756.0,118.5,0.0,13402.0,4.246372,2023
2023-03-14 18:00:00+00:00,14.213351,89.55725625000001,0.3090169943749474,0.9510565162951536,9946780.0,48.0,-1.8369701987210292e-16,-1.0,1.0,29534.0,7117.2,36760.0,92.20363636363636,13.933333333333332,55297.77,6052.7,1320.0,1112.8,340529.7,9142.0,4.697815,2023
2020-04-25 06:00:00+00:00,12.896333,17.2389636,-0.4132786077829042,0.9106046300942162,12134569.0,6.19,6.123233995736766e-17,1.0,0.0,19214.0,5890.1,39825.0,213.14,15.6,32767.36,2759.0,1574.0,707.0,72521.695,767.0,1.091972,2020
2022-09-23 11:00:00+00:00,22.776884,80.46928043999999,-0.1330147065341963,-0.9911140639934546,5094243.0,40.0,-0.9659258262890682,0.258819045102521,1.0,30520.0,7117.2,28385.0,38.37545454545455,23.066666666666663,41177.28,5118.9,364.0,11579.8,2179477.8,2779.0,0.6059125,2022
2021-06-24 13:00:00+00:00,23.198269,46.29497964,-0.99167731989929,0.1287481774525808,10560103.0,31.8,-0.9659258262890684,-0.2588190451025203,1.0,27764.0,5007.7,42196.0,60.25090909090909,21.53333333333333,42711.58,5184.0,1145.0,10586.0,3189797.8,3793.0,2.5141518,2021
2023-12-31 18:00:00+00:00,11.145283,89.55725625000001,1.0,-2.4492935982947064e-16,9483417.0,30.94,-1.8369701987210292e-16,-1.0,0.0,29654.0,7117.2,45675.0,86.07090909090908,9.133333333333333,35706.630000000005,6390.9,1048.0,31.8,1561.1803,6521.0,4.675946,2023
2020-01-27 07:00:00+00:00,8.226614,17.2389636,0.893918596519257,0.4482293417404106,10148824.0,11.8,-0.2588190451025208,0.9659258262890684,1.0,34887.0,7117.2,51975.0,140.04545454545453,9.033333333333331,67288.11,2969.5,1459.0,109.4,48.325882,8066.0,4.5394535,2020
2018-09-12 18:00:00+00:00,24.2036,15.1252596,-0.3171912885891059,-0.9483615800121716,8868060.9,29.5,-1.8369701987210292e-16,-1.0,1.0,33144.0,7117.2,48510.0,64.14,23.7,49125.77,5646.6,811.0,701.8,331195.8,2355.0,0.9273044,2018
2022-03-21 20:00:00+00:00,11.8009,80.46928043999999,0.1924515819708299,0.9813064702716092,7046049.0,96.0,0.5000000000000001,-0.8660254037844386,1.0,31600.0,6053.3,35455.0,108.83454545454546,12.633333333333333,51205.49,6676.2,1122.0,33.2,0.0,10309.0,5.347691,2022
2021-12-17 17:00:00+00:00,11.124435,46.29497964,0.9711000518829505,-0.2386727660059499,6469940.0,130.5,-0.2588190451025206,-0.9659258262890684,1.0,34767.0,6105.9,43855.0,338.5333333333333,7.399999999999999,66342.15,6798.8,1286.0,125.4,101812.52,4043.0,4.1565967,2021
2020-01-29 11:00:00+00:00,12.993937,17.2389636,0.8779600847008882,0.4787338401157884,10148824.0,11.35,-0.9659258262890682,0.258819045102521,1.0,35523.0,7117.2,50190.0,148.94636363636366,9.466666666666669,63863.55,5427.0,1537.0,2846.9,1015527.8,8212.0,3.7642736,2020
2022-06-13 13:00:00+00:00,28.297552,80.46928043999999,-0.9497178427914318,0.3131070409358265,7610604.0,40.0,-0.9659258262890684,-0.2588190451025203,1.0,34202.0,6113.8,29255.0,43.18,24.6,39554.92,4917.8,876.0,12168.1,3313910.8,4883.0,1.3602715,2022
2023-03-06 15:00:00+00:00,13.084047,89.55725625000001,0.436651231956064,0.8996308696522433,9735057.0,49.95,-0.7071067811865477,-0.7071067811865475,1.0,30860.0,7117.2,36824.0,72.73299999999999,12.3,52781.28,5193.7,800.0,4963.1,1336322.5,8843.0,4.397733,2023
2021-12-18 20:00:00+00:00,9.555295,46.29497964,0.9750645322571948,-0.2219215130041658,6469940.0,127.0,0.5000000000000001,-0.8660254037844386,0.0,31492.0,6105.9,44225.0,297.47583333333336,6.933333333333333,59957.85,6839.0,1181.0,29.9,0.0,4941.0,4.7964373,2021
2019-10-09 10:00:00+00:00,20.33525,22.79031588,0.141540295217043,-0.989932495087353,6275794.0,14.6,-0.8660254037844387,0.4999999999999999,1.0,31820.0,6111.4,40810.0,41.81583333333333,20.7,45630.02,4394.7,423.0,5450.9,1594497.2,2724.0,1.6389377,2019
2020-12-18 23:00:00+00:00,10.757985,17.2389636,0.9787400799669153,-0.2051044998686192,8925312.0,19.94,0.9659258262890684,-0.2588190451025207,0.0,26766.0,7117.2,50180.0,167.34,10.4,49188.14,2236.7000000000003,1547.0,24.0,0.0,8181.0,3.7341888,2020
2019-01-18 04:00:00+00:00,5.637926,22.79031588,0.9523775757303976,0.304921224656289,7877846.0,27.2,0.5000000000000001,0.8660254037844386,1.0,26206.0,7117.2,54291.0,45.08416666666667,9.566666666666665,62578.6,4709.0,623.0,18.7,0.0,3480.0,2.884255,2019
2022-01-19 16:00:00+00:00,11.818832,80.46928043999999,0.9469877530760752,0.3212696616923644,7209468.0,80.0,-0.5000000000000004,-0.8660254037844385,1.0,33913.0,7117.2,48341.0,156.3290909090909,6.833333333333333,70373.35,6653.9,931.0,4280.5,800068.1,5276.0,1.8444947,2022
2022-02-04 01:00:00+00:00,9.734727,80.46928043999999,0.8239230057575543,0.5667017562911175,7003277.0,78.0,0.9659258262890684,0.2588190451025207,1.0,24137.0,7117.2,48656.0,111.54454545454549,8.533333333333333,55714.32,4507.6,620.0,23.3,0.0,5063.0,2.8095655,2022
2023-03-04 13:00:00+00:00,12.199111,89.55725625000001,0.4673592171580022,0.8840675099433636,9758770.0,47.5,-0.9659258262890684,-0.2588190451025203,0.0,27873.0,6521.4,36622.0,68.36181818181818,11.3,42613.99,4722.8,788.0,14367.7,2420992.2,3256.0,0.53232497,2023
2020-01-08 08:00:00+00:00,7.0454473,17.2389636,0.9905324521322229,0.1372787721132647,9753093.0,12.87,-0.4999999999999998,0.8660254037844387,1.0,35856.0,7117.2,54515.0,136.48545454545453,8.5,66929.41,6554.2,1446.0,979.5,39179.383,1813.0,1.8979672,2020
2020-01-09 12:00:00+00:00,11.916359,17.2389636,0.9880226656636976,0.1543088206642811,9753093.0,13.35,-1.0,1.2246467991473532e-16,1.0,35800.0,7117.2,49561.0,141.3181818181818,8.666666666666666,54533.82,7501.0,1220.0,4422.3,1248202.6,5112.0,1.5723974,2020
2021-06-23 20:00:00+00:00,19.197594,46.29497964,-0.9893142039703664,0.1457991969198746,10560103.0,29.9,0.5000000000000001,-0.8660254037844386,1.0,28274.0,6171.9,41496.0,61.55090909090909,22.133333333333336,44300.0,4803.2,1249.0,546.1,75575.55,7569.0,3.491824,2021
2021-12-16 13:00:00+00:00,12.982342,46.29497964,0.9668478136052776,-0.2553532951161872,6469940.0,132.0,-0.9659258262890684,-0.2588190451025203,1.0,33676.0,6105.9,45345.0,498.2275,8.0,64206.13,5703.3,1221.0,6786.5,1488174.4,5106.0,4.5253134,2021
2020-02-26 03:00:00+00:00,9.97247,17.2389636,0.5560174366570445,0.831170626365808,10318969.0,9.5,0.7071067811865476,0.7071067811865476,1.0,22999.0,7117.2,49444.0,88.19999999999999,11.266666666666666,42627.53,2715.0,877.0,37.6,0.0,9342.0,6.6782146,2020
2020-12-22 17:00:00+00:00,13.477955,17.2389636,0.9905324521322229,-0.1372787721132651,9231297.0,18.4,-0.2588190451025206,-0.9659258262890684,1.0,33763.0,7117.2,52010.0,146.74272727272728,10.433333333333334,53224.54,5854.5,1648.0,168.6,102531.81,5987.0,3.319887,2020
2023-08-23 17:00:00+00:00,31.469439,89.55725625000001,-0.6186714032625032,-0.7856498550787144,7451239.0,40.89,-0.2588190451025206,-0.9659258262890684,1.0,35811.0,6952.5,35525.0,36.297272727272734,28.1,47367.47,5563.1,488.0,10200.0,1314701.2,4894.0,1.2795868,2023
2020-02-19 05:00:00+00:00,7.9759374,17.2389636,0.6518989958787126,0.7583058084785624,10406929.0,10.01,0.2588190451025207,0.9659258262890684,1.0,26764.0,7117.2,51019.0,100.18727272727271,10.9,55039.55,3445.0,1062.0,15.4,0.0,4172.0,3.3189623,2020
2019-11-23 05:00:00+00:00,11.129509,22.79031588,0.7935716089521472,-0.6084768701151264,7183697.0,13.0,0.2588190451025207,0.9659258262890684,0.0,23902.0,5008.0,42515.0,195.63454545454545,11.4,44572.16,776.1999999999998,1306.0,4.8,0.0,14981.0,9.0680895,2019
2018-12-20 11:00:00+00:00,12.101771,15.1252596,0.9821256058680004,-0.1882267098432448,8153074.0,26.1,-0.9659258262890682,0.258819045102521,1.0,35634.0,5076.1,53860.0,130.5066666666667,11.3,62849.98,6329.8,1424.0,2072.5,851889.3,6386.0,2.6502888,2018
2023-12-31 05:00:00+00:00,9.697811,89.55725625000001,1.0,-2.4492935982947064e-16,9483417.0,30.94,0.2588190451025207,0.9659258262890684,0.0,18950.0,7117.2,45675.0,86.07090909090908,9.133333333333333,26068.6,1563.6,804.0,1.8,0.0,13474.0,5.846441,2023
2018-08-25 06:00:00+00:00,18.783089,15.1252596,-0.5912614448635782,-0.8064799463209447,9628642.2,27.99,6.123233995736766e-17,1.0,0.0,24542.0,7117.2,32515.0,44.87916666666666,23.8,32921.33,2659.4,723.0,654.0,38598.805,3977.0,2.8454688,2018
2019-01-19 14:00:00+00:00,10.174071,22.79031588,0.9469877530760752,0.3212696616923644,7877846.0,25.7,-0.8660254037844386,-0.5000000000000001,0.0,31809.0,6053.3,49866.0,42.7825,9.366666666666664,62547.05,2798.4,686.0,1003.1,993656.0,6278.0,4.0635567,2019
2021-08-08 19:00:00+00:00,23.20858,46.29497964,-0.798779372886365,-0.6016240632249223,8477701.0,43.77,0.2588190451025203,-0.9659258262890684,0.0,27051.0,7117.2,39298.0,52.00454545454546,24.566666666666663,33720.59,3564.1,707.0,936.1,294825.88,5952.0,2.2741244,2021
2023-03-14 08:00:00+00:00,11.325984,89.55725625000001,0.3090169943749474,0.9510565162951536,9946780.0,48.0,-0.4999999999999998,0.8660254037844387,1.0,29274.0,7117.2,35550.0,92.20363636363636,13.933333333333332,38050.44,5326.8,1316.0,5960.9,505555.16,10715.0,5.509759,2023
2023-09-17 14:00:00+00:00,23.193819,89.55725625000001,-0.2344913895704105,-0.9721181966290612,7181439.0,38.49,-0.8660254037844386,-0.5000000000000001,0.0,22062.0,7028.3,40185.0,43.97636363636364,23.933333333333337,27362.12,-318.7000000000007,400.0,10737.0,1943382.8,12268.0,5.005366,2023
2022-03-31 21:00:00+00:00,10.45766,80.46928043999999,0.0215160974362222,0.9997685019798908,7240210.0,115.0,0.7071067811865474,-0.7071067811865477,1.0,26398.0,6053.3,30585.0,81.20272727272727,13.366666666666667,50872.19,3190.0,1023.0,73.6,0.0,13483.0,6.6045165,2022
2020-04-25 12:00:00+00:00,16.948778,17.2389636,-0.4132786077829042,0.9106046300942162,12134569.0,6.19,-1.0,1.2246467991473532e-16,0.0,24618.0,5890.1,39825.0,213.14,15.6,33447.28,3673.2,1652.0,5678.6,2201805.5,1118.0,0.20403244,2020
2023-09-29 01:00:00+00:00,19.074074,89.55725625000001,-0.0301203048469083,-0.9995462806873572,7052792.0,40.54,0.9659258262890684,0.2588190451025207,1.0,21719.0,5983.0,40836.0,34.277,23.1,27908.85,4161.0,396.0,224.5,0.0,1852.0,1.0906378,2023
2022-01-18 22:00:00+00:00,6.7158904,80.46928043999999,0.9523775757303976,0.304921224656289,7209468.0,82.0,0.8660254037844384,-0.5000000000000004,1.0,29962.0,7117.2,48625.0,162.80181818181816,6.9,72584.15,6608.7,902.0,10.8,0.0,2553.0,2.1351988,2022
2020-10-10 17:00:00+00:00,19.341185,17.2389636,0.1755314904214277,-0.9844738167520924,8345466.0,12.3,-0.2588190451025206,-0.9659258262890684,0.0,24712.0,6125.5,42805.0,78.99363636363636,19.133333333333333,45706.03,3383.0,785.0,1146.8,488896.47,9289.0,4.076258,2020
2021-07-11 18:00:00+00:00,26.644096,46.29497964,-0.9866579328916572,-0.1628070129385164,9995849.0,38.0,-1.8369701987210292e-16,-1.0,0.0,28527.0,7117.2,37282.0,55.15363636363636,24.83333333333333,38132.3,2552.6,788.0,2071.1,964441.25,8635.0,1.9057572,2021
2022-02-06 20:00:00+00:00,9.784278,80.46928043999999,0.8039279618328213,0.5947266869607633,7003277.0,82.0,0.5000000000000001,-0.8660254037844386,0.0,30447.0,7117.2,46051.0,86.32999999999998,9.1,45414.34,5361.7,668.0,54.8,0.0,7967.0,2.464793,2022
2018-12-23 03:00:00+00:00,9.712629,15.1252596,0.9905324521322229,-0.1372787721132651,8153074.0,24.5,0.7071067811865476,0.7071067811865476,0.0,20523.0,5076.1,51510.0,110.14416666666668,10.066666666666668,42103.15,3100.2,1219.0,11.9,0.0,2660.0,1.1842128,2018
2020-11-04 15:00:00+00:00,14.033511,17.2389636,0.5702422926917867,-0.8214765533024145,8534366.0,13.3,-0.7071067811865477,-0.7071067811865475,1.0,30076.0,6125.5,47917.0,91.32181818181816,15.566666666666668,51886.72,2893.0,931.0,1006.1,801305.06,9745.0,5.511295,2020
2022-10-13 22:00:00+00:00,18.078974,80.46928043999999,0.209314645963048,-0.9778483415056568,4757275.0,40.0,0.8660254037844384,-0.5000000000000004,1.0,23244.0,6111.4,30604.0,36.01545454545454,21.8,39525.3,4683.7,456.0,110.0,0.0,3894.0,2.192064,2022
2023-09-12 01:00:00+00:00,19.864317,89.55725625000001,-0.3171912885891059,-0.9483615800121716,7181439.0,36.95,0.9659258262890684,0.2588190451025207,1.0,21785.0,7043.3,40005.0,51.28727272727272,24.73333333333333,34869.09,4361.5,420.0,169.1,0.0,1289.0,1.0732392,2023
2021-03-11 11:00:00+00:00,14.370322,46.29497964,0.3576982388331257,0.9338372288229252,12602854.0,18.0,-0.9659258262890682,0.258819045102521,1.0,32908.0,7117.2,45120.0,140.34272727272727,11.8,46926.91,4474.3,1209.0,7587.3,1929667.2,8205.0,4.6104016,2021
2019-04-15 02:00:00+00:00,12.845248,22.79031588,-0.2344913895704096,0.9721181966290612,8991028.0,18.0,0.8660254037844387,0.4999999999999999,1.0,21208.0,6071.9,44430.0,58.325,15.733333333333334,47231.97,2862.0,974.0,186.2,0.0,3910.0,1.9760257,2019
2020-01-03 08:00:00+00:00,7.732234,17.2389636,0.998666816288476,0.0516196672232537,9522998.0,12.01,-0.4999999999999998,0.8660254037844387,1.0,34064.0,7117.2,52740.0,146.2527272727273,8.333333333333332,60814.68,5509.9,1561.0,712.2,38122.984,3089.0,1.4018832,2020
2020-10-15 15:00:00+00:00,16.34156,17.2389636,0.2595117970697994,-0.965739937654855,8253016.0,13.0,-0.7071067811865477,-0.7071067811865475,1.0,29005.0,6125.5,44383.0,142.32,15.966666666666669,48654.91,4906.5,878.0,5879.8,1486433.5,8146.0,4.6970534,2020
2020-11-03 00:00:00+00:00,14.693148,17.2389636,0.5560174366570438,-0.8311706263658084,8534366.0,13.6,1.0,0.0,1.0,22268.0,6125.5,47577.0,91.43,16.099999999999998,41537.15,2552.7,810.0,66.0,0.0,2892.0,2.0345273,2020
2023-08-24 13:00:00+00:00,31.272179,89.55725625000001,-0.6050560696488494,-0.7961828637826154,7451239.0,43.0,-0.9659258262890684,-0.2588190451025203,1.0,35015.0,6887.5,35387.0,33.79636363636364,28.3,40086.69,4022.8,476.0,16409.8,3078451.2,3672.0,0.86288023,2023
2023-12-30 13:00:00+00:00,13.357685,89.55725625000001,0.9998518392091162,-0.0172133561558352,9483417.0,32.5,-0.9659258262890684,-0.2588190451025203,0.0,25741.0,7117.2,43665.0,107.69454545454543,8.700000000000001,34854.4,3893.1,904.0,10983.9,1323139.9,6282.0,2.4909046,2023
2023-07-28 10:00:00+00:00,25.10767,89.55725625000001,-0.8977433935342338,-0.4405187843504948,8309958.0,30.0,-0.8660254037844387,0.4999999999999999,1.0,31204.0,7117.2,35720.0,40.03727272727273,25.399999999999995,34274.62,4227.9,604.0,15954.9,2384136.8,2573.0,0.58523816,2023
2022-03-14 14:00:00+00:00,12.805404,80.46928043999999,0.3090169943749474,0.9510565162951536,6880783.0,125.0,-0.8660254037844386,-0.5000000000000001,1.0,30184.0,6053.3,36005.0,122.99818181818182,12.199999999999998,48182.62,4212.5,903.0,3563.9,1342168.4,15579.0,8.067569,2022
2023-06-18 06:00:00+00:00,19.79509,89.55725625000001,-0.973118337233262,0.2303056702306122,9287024.0,33.73,6.123233995736766e-17,1.0,0.0,19588.0,6113.8,33535.0,44.67,23.966666666666665,29482.24,3113.8,888.0,2464.6,245593.11,4611.0,1.1246587,2023
2020-03-19 11:00:00+00:00,14.84521,17.2389636,0.2093146459630487,0.9778483415056568,10818085.0,9.24,-0.9659258262890682,0.258819045102521,1.0,28838.0,7117.2,43059.0,427.39,11.5,44218.27,5579.8,1763.0,6110.2,2242262.2,4546.0,4.356307,2020
2020-01-04 02:00:00+00:00,8.079039,17.2389636,0.9976303053065856,0.0688024268023198,9522998.0,10.7,0.8660254037844387,0.4999999999999999,0.0,21682.0,7117.2,50290.0,143.1590909090909,8.5,51866.12,4206.6,1212.0,7.0,0.0,4412.0,2.8139327,2020
2018-09-11 10:00:00+00:00,24.176342,15.1252596,-0.333468778918187,-0.9427611433904206,8868060.9,29.5,-0.8660254037844387,0.4999999999999999,1.0,32530.0,7117.2,46230.0,61.0625,23.866666666666664,48010.18,6250.5,865.0,3945.4,1988737.2,3573.0,4.259007,2018
2021-08-05 18:00:00+00:00,26.34914,46.29497964,-0.8287700871745037,-0.5595892624101767,8477701.0,41.75,-1.8369701987210292e-16,-1.0,1.0,30728.0,7117.2,39915.0,60.29454545454544,24.53333333333333,35823.38,4206.7,835.0,2838.9,901097.25,6415.0,3.5414906,2021
2018-12-23 12:00:00+00:00,13.482063,15.1252596,0.9905324521322229,-0.1372787721132651,8153074.0,24.5,-1.0,1.2246467991473532e-16,0.0,27996.0,5326.1,51510.0,110.14416666666668,10.066666666666668,49088.55,4385.8,1287.0,2799.3,1456363.5,1627.0,1.3314618,2018
2021-04-04 05:00:00+00:00,9.638865,46.29497964,-0.0473213883224318,0.9988797155850336,12137668.0,19.5,0.2588190451025207,0.9659258262890684,0.0,19597.0,6111.4,40480.0,58.11636363636364,15.8,39480.51,1505.8,990.0,42.8,0.0,9122.0,3.3528097,2021
2019-04-15 04:00:00+00:00,12.47071,22.79031588,-0.2344913895704096,0.9721181966290612,8991028.0,18.0,0.5000000000000001,0.8660254037844386,1.0,24388.0,6071.9,45270.0,58.325,15.733333333333334,53628.58,2718.8,1003.0,139.6,0.0,4932.0,2.3403246,2019
2018-09-13 06:00:00+00:00,19.174936,15.1252596,-0.300819807635668,-0.9536809966304456,8868060.9,29.24,6.123233995736766e-17,1.0,1.0,30854.0,7117.2,48510.0,70.1475,23.566666666666663,48037.54,4807.4,741.0,415.0,9105.137,2682.0,1.8411821,2018
2019-02-22 03:00:00+00:00,8.133069,22.79031588,0.6118864012687244,0.7909456567567772,8866543.0,20.8,0.7071067811865476,0.7071067811865476,1.0,24343.0,7117.2,54920.0,163.40083333333334,9.933333333333334,54308.59,2283.2,1021.0,25.1,0.0,3948.0,1.6003027,2019
2018-06-01 21:00:00+00:00,17.050346,15.1252596,-0.865307254363206,0.5012418134457758,12098391.3,24.0,0.7071067811865474,-0.7071067811865477,1.0,26597.0,4076.8,44070.0,425.71230769230766,16.5,47677.53,3907.1,1657.0,410.5,20.284153,3679.0,1.6023492,2018
2020-10-12 03:00:00+00:00,12.396311,17.2389636,0.209314645963048,-0.9778483415056568,8253016.0,12.17,0.7071067811865476,0.7071067811865476,0.0,19303.0,6125.5,42805.0,75.62090909090908,16.966666666666665,41227.46,1577.9,602.0,48.7,0.0,8016.0,5.5407615,2020
2020-03-20 23:00:00+00:00,11.22484,17.2389636,0.1924515819708299,0.9813064702716092,10818085.0,8.7,0.9659258262890684,-0.2588190451025207,0.0,23901.0,7117.2,42499.0,289.9791666666667,11.933333333333332,42811.49,4726.5,1638.0,24.4,0.0,5829.0,3.0413063,2020
2023-08-23 14:00:00+00:00,32.42884,89.55725625000001,-0.6186714032625032,-0.7856498550787144,7451239.0,40.89,-0.8660254037844386,-0.5000000000000001,1.0,35262.0,6952.5,35525.0,36.297272727272734,28.1,40509.62,4455.0,504.0,16237.0,2928070.8,4528.0,2.3336868,2023
2019-01-18 12:00:00+00:00,8.933743,22.79031588,0.9523775757303976,0.304921224656289,7877846.0,27.2,-1.0,1.2246467991473532e-16,1.0,37562.0,7117.2,54291.0,45.08416666666667,9.566666666666665,74027.42,7540.0,750.0,2467.4,1249029.5,3604.0,2.116821,2019
2020-12-23 23:00:00+00:00,10.839126,17.2389636,0.9927487224577402,-0.1202080448993527,9231297.0,18.8,0.9659258262890684,-0.2588190451025207,1.0,24717.0,7117.2,52130.0,144.19636363636363,10.533333333333331,41987.76,4278.0,1491.0,6.8,0.0,4290.0,3.09969,2020
2021-02-02 03:00:00+00:00,11.900795,46.29497964,0.8429415373547828,0.5380051715382996,10269799.0,19.99,0.7071067811865476,0.7071067811865476,1.0,22921.0,7117.2,50102.0,323.85083333333336,9.9,46837.63,2109.6,1656.0,18.9,0.0,13304.0,5.920446,2021
2019-08-01 15:00:00+00:00,27.133436,22.79031588,-0.8653072543632061,-0.5012418134457756,8130738.0,11.75,-0.7071067811865477,-0.7071067811865475,1.0,33776.0,7117.2,41489.0,46.88,24.03333333333333,41108.81,4918.3,660.0,4920.9,2581627.8,3313.0,1.9762262,2019
2019-01-30 07:00:00+00:00,7.782173,22.79031588,0.869589389346611,0.4937755501599771,8079559.0,23.9,-0.2588190451025208,0.9659258262890684,1.0,35882.0,7117.2,56242.0,536.5515384615385,8.5,73889.48,4542.9,1400.0,67.6,76.08147,9278.0,6.9302335,2019
2020-01-26 01:00:00+00:00,8.913285,17.2389636,0.901501684131884,0.4327755925504312,9950225.0,10.9,0.9659258262890684,0.2588190451025207,0.0,22805.0,7117.2,49545.0,141.62636363636364,9.033333333333331,59890.23,4375.5,1347.0,6.3,0.0,2909.0,2.5305235,2020
2022-02-14 13:00:00+00:00,12.158811,80.46928043999999,0.7146733860429609,0.699458327051647,6930013.0,80.0,-0.9659258262890684,-0.2588190451025203,1.0,31885.0,7117.2,44666.0,64.16090909090909,10.433333333333332,55507.47,3529.6,597.0,9164.8,1801343.9,13875.0,6.8219633,2022
2018-09-11 06:00:00+00:00,19.08779,15.1252596,-0.333468778918187,-0.9427611433904206,8868060.9,29.5,6.123233995736766e-17,1.0,1.0,28433.0,7117.2,46230.0,61.0625,23.866666666666664,47466.19,3937.7,750.0,333.7,13503.65,2755.0,4.189763,2018
2019-12-02 13:00:00+00:00,12.022494,22.79031588,0.8779600847008878,-0.478733840115789,8093412.0,15.8,-0.9659258262890684,-0.2588190451025203,1.0,33812.0,5008.0,43185.0,305.0933333333334,12.1,64803.8,3073.4,1738.0,2127.1,1167702.4,11515.0,7.040082,2019
2022-10-13 14:00:00+00:00,22.501867,80.46928043999999,0.209314645963048,-0.9778483415056568,4757275.0,40.0,-0.8660254037844386,-0.5000000000000001,1.0,27563.0,6111.4,29934.0,36.88181818181818,21.866666666666664,38870.1,5343.6,308.0,11575.1,1944226.6,2356.0,1.4803725,2022
2019-11-21 00:00:00+00:00,9.723094,22.79031588,0.7721565844991641,-0.6354323008901775,7183697.0,16.0,1.0,0.0,1.0,25828.0,5008.0,41865.0,217.2136363636364,11.3,60556.1,4130.0,1315.0,1.1,0.0,6996.0,5.040987,2019
2021-03-12 21:00:00+00:00,10.512414,46.29497964,0.3415707691678556,0.9398560579418954,12602854.0,18.05,0.7071067811865474,-0.7071067811865477,1.0,29751.0,7117.2,45910.0,135.19272727272727,12.266666666666666,46824.34,4796.5,1390.0,157.6,0.0,4626.0,3.5631082,2021
2019-10-10 06:00:00+00:00,15.4409075,22.79031588,0.1585593851031347,-0.9873494423939864,6275794.0,13.31,6.123233995736766e-17,1.0,1.0,29584.0,6111.4,40810.0,42.27166666666666,20.6,48819.21,3576.3,529.0,154.3,296.31396,4093.0,3.0288,2019
2020-07-30 13:00:00+00:00,30.07392,17.2389636,-0.8738071036110809,-0.4862727071086898,11141120.0,7.0,-0.9659258262890684,-0.2588190451025203,1.0,38005.0,7117.2,35436.0,62.49181818181819,26.133333333333336,44670.51,5908.5,821.0,8265.8,3219462.2,5856.0,2.3518593,2020
2019-07-24 05:00:00+00:00,21.21795,22.79031588,-0.92592477719385,-0.3777079652039646,8415226.0,14.3,0.2588190451025207,0.9659258262890684,1.0,30164.0,7117.2,39366.0,45.41833333333333,25.03333333333333,47236.87,4761.3,672.0,207.8,3538.9807,2194.0,1.5059202,2019
2022-03-22 13:00:00+00:00,13.359023,80.46928043999999,0.1755314904214282,0.9844738167520922,7046049.0,97.0,-0.9659258262890684,-0.2588190451025203,1.0,31260.0,6053.3,35455.0,109.67818181818184,12.266666666666666,44503.23,4577.0,924.0,4493.9,1784281.2,13482.0,5.866324,2022
2020-03-31 04:00:00+00:00,7.8150864,17.2389636,0.0043035382962442,0.99999073973619,11022385.0,7.35,0.5000000000000001,0.8660254037844386,1.0,21396.0,7117.2,41489.0,128.33090909090907,11.9,46945.86,805.5,1114.0,2.8,0.0,7957.0,4.5121727,2020
2022-03-15 20:00:00+00:00,14.122017,80.46928043999999,0.2926003356333486,0.9562348265919056,6880783.0,110.0,0.5000000000000001,-0.8660254037844386,1.0,31922.0,6053.3,36140.0,122.58272727272724,12.266666666666666,51385.02,6312.2,1086.0,11.5,0.0,13064.0,6.355496,2022
2020-08-30 18:00:00+00:00,21.30074,17.2389636,-0.5049610547215202,-0.8631421280499115,9705841.0,9.95,-1.8369701987210292e-16,-1.0,0.0,24168.0,7117.2,33750.0,48.08909090909091,22.433333333333334,34549.78,3926.7,728.0,1449.4,564589.1,7366.0,4.1704288,2020
2018-09-13 15:00:00+00:00,25.960678,15.1252596,-0.300819807635668,-0.9536809966304456,8868060.9,29.24,-0.7071067811865477,-0.7071067811865475,1.0,34017.0,7117.2,48630.0,70.1475,23.566666666666663,45066.09,6331.7,718.0,3268.1,1932764.9,3294.0,2.3191981,2018
2020-01-23 13:00:00+00:00,11.031009,17.2389636,0.9226395488404876,0.3856634062436071,9950225.0,13.0,-0.9659258262890684,-0.2588190451025203,1.0,36463.0,7117.2,53845.0,173.04545454545453,8.166666666666666,68117.11,5839.8,1417.0,2838.2,1409437.4,2943.0,3.2518399,2020
2022-10-13 13:00:00+00:00,22.229963,80.46928043999999,0.209314645963048,-0.9778483415056568,4757275.0,40.0,-0.9659258262890684,-0.2588190451025203,1.0,27766.0,6111.4,29934.0,36.88181818181818,21.866666666666664,38850.54,5338.1,300.0,11976.6,2183357.5,2093.0,1.1740301,2022
2020-07-31 16:00:00+00:00,30.185528,17.2389636,-0.8653072543632061,-0.5012418134457756,11141120.0,7.2,-0.5000000000000004,-0.8660254037844385,1.0,35421.0,7117.2,34505.0,62.68909090909092,26.133333333333336,45834.58,5111.7,909.0,6363.2,2214821.8,3903.0,1.6953666,2020
2023-03-05 06:00:00+00:00,5.943986,89.55725625000001,0.4520722039323043,0.8919813464595485,9758770.0,47.0,6.123233995736766e-17,1.0,0.0,21501.0,7117.2,36622.0,68.84363636363636,11.6,52990.45,3072.7,792.0,29.2,0.0,2666.0,1.3888218,2023
2020-05-19 03:00:00+00:00,14.559452,17.2389636,-0.7441039398713604,0.6680638642135338,12983647.0,5.5,0.7071067811865476,0.7071067811865476,1.0,19841.0,4106.7,39030.0,191.04454545454547,16.933333333333334,32731.29,3583.4,1391.0,417.3,0.0,4544.0,2.800566,2020
2018-01-26 22:00:00+00:00,7.727952,15.1252596,0.901501684131884,0.4327755925504312,5403403.3,18.95,0.8660254037844384,-0.5000000000000004,1.0,30747.0,7117.2,58695.0,173.1208333333333,9.85,65965.77,4711.4,1092.0,29.3,0.0,11098.0,6.1441507,2018
2022-12-14 05:00:00+00:00,13.919131,80.46928043999999,0.9574851883550392,-0.288482432880609,6191200.0,40.0,0.2588190451025207,0.9659258262890684,1.0,23814.0,7117.2,42100.0,57.89909090909091,12.5,65475.15,1593.6,1036.0,0.0,0.0,15412.0,7.2896934,2022
2020-07-24 20:00:00+00:00,24.48867,17.2389636,-0.9192859697186104,-0.3935902766564669,11502495.0,7.5,0.5000000000000001,-0.8660254037844386,1.0,31242.0,7117.2,36332.0,55.060909090909085,24.96666666666667,44493.06,4604.7,839.0,521.9,48753.85,6183.0,2.7892447,2020
2023-08-25 15:00:00+00:00,29.542475,89.55725625000001,-0.5912614448635782,-0.8064799463209447,7451239.0,32.89,-0.7071067811865477,-0.7071067811865475,1.0,33468.0,6962.4,36717.0,33.059999999999995,28.23333333333333,37174.05,3566.5,472.0,14209.2,2327345.5,7085.0,2.6681354,2023
2022-12-15 00:00:00+00:00,12.953747,80.46928043999999,0.9623090774541484,-0.271958157534106,6191200.0,40.0,1.0,0.0,1.0,23637.0,7117.2,42100.0,65.07454545454544,12.95,61059.81,3246.7,1080.0,4.8,0.0,10459.0,6.1694074,2022
2021-02-05 04:00:00+00:00,10.655964,46.29497964,0.8140460935082179,0.5808002734538008,10269799.0,17.71,0.5000000000000001,0.8660254037844386,1.0,23526.0,7117.2,50435.0,302.0354545454545,9.866666666666664,54028.12,3336.1,1870.0,4.4,0.0,5657.0,2.8011794,2021
2020-04-08 16:00:00+00:00,17.602795,17.2389636,-0.1330147065341959,0.9911140639934548,11312209.0,7.88,-0.5000000000000004,-0.8660254037844385,1.0,21857.0,7117.2,44685.0,133.88181818181818,13.733333333333334,36785.6,5417.7,1372.0,3148.7,1396017.1,2602.0,2.132412,2020
2020-12-19 10:00:00+00:00,11.723202,17.2389636,0.9821256058680004,-0.1882267098432448,8925312.0,18.88,-0.8660254037844387,0.4999999999999999,0.0,30956.0,7117.2,48825.0,167.34,10.4,47052.36,4931.5,1525.0,2046.7,524716.6,4807.0,3.019669,2020
2022-09-21 21:00:00+00:00,19.864574,80.46928043999999,-0.1670516255021195,-0.9859481499638304,5094243.0,40.0,0.7071067811865474,-0.7071067811865477,1.0,25758.0,7117.2,28150.0,38.094545454545454,23.166666666666668,42365.82,5494.2,404.0,84.8,0.0,4573.0,1.3135203,2022
2019-08-19 23:00:00+00:00,20.995295,22.79031588,-0.6712599575675318,-0.7412220108485954,7515195.0,11.7,0.9659258262890684,-0.2588190451025207,1.0,25084.0,7117.2,40098.0,48.4875,24.3,37378.75,2871.2,576.0,534.7,0.0,6760.0,2.9765167,2019
2020-02-19 13:00:00+00:00,13.463913,17.2389636,0.6518989958787126,0.7583058084785624,10406929.0,10.01,-0.9659258262890684,-0.2588190451025203,1.0,32820.0,7117.2,50584.0,100.18727272727271,10.9,58906.9,6085.9,1256.0,5419.4,2047637.9,2386.0,2.1997483,2020
2020-03-19 18:00:00+00:00,14.259642,17.2389636,0.2093146459630487,0.9778483415056568,10818085.0,9.24,-1.8369701987210292e-16,-1.0,1.0,27637.0,7117.2,43059.0,427.39,11.5,48861.9,6056.8,1804.0,319.4,335663.03,5871.0,3.889499,2020
2022-09-22 04:00:00+00:00,17.159374,80.46928043999999,-0.1500553983446526,-0.9886775902323404,5094243.0,40.0,0.5000000000000001,0.8660254037844386,1.0,23489.0,7117.2,28150.0,38.24454545454545,23.03333333333333,39097.02,4437.0,368.0,17.4,0.0,2086.0,1.8185722,2022
2020-12-19 14:00:00+00:00,12.787624,17.2389636,0.9821256058680004,-0.1882267098432448,8925312.0,18.88,-0.8660254037844386,-0.5000000000000001,0.0,29091.0,7117.2,50320.0,167.34,10.4,45762.88,4461.1,1590.0,1418.2,779212.06,3905.0,3.2796836,2020
2018-09-02 07:00:00+00:00,20.89085,15.1252596,-0.4749510720670502,-0.8800122039735356,9346210.2,28.84,-0.2588190451025208,0.9659258262890684,0.0,24201.0,7117.2,39152.0,47.61333333333334,24.3,33670.55,2991.7,749.0,1531.1,338351.75,2412.0,2.2446167,2018
2022-02-04 04:00:00+00:00,9.149492,80.46928043999999,0.8239230057575543,0.5667017562911175,7003277.0,78.0,0.5000000000000001,0.8660254037844386,1.0,24293.0,7117.2,48656.0,111.54454545454549,8.533333333333333,52311.92,4055.8,609.0,12.5,0.0,4800.0,2.8089619,2022
2023-03-07 02:00:00+00:00,10.036896,89.55725625000001,0.4211008707960896,0.907013812802636,9735057.0,47.49,0.8660254037844387,0.4999999999999999,1.0,22850.0,7117.2,37389.0,72.753,12.6,51983.52,2314.5,832.0,0.0,0.0,8807.0,5.1319485,2023
2022-12-16 14:00:00+00:00,13.148606,80.46928043999999,0.9668478136052776,-0.2553532951161872,6191200.0,40.0,-0.8660254037844386,-0.5000000000000001,1.0,30475.0,7117.2,42100.0,67.39090909090909,13.25,64790.69,5250.7,1072.0,3711.3,878531.3,6705.0,2.9169528,2022
2018-08-28 19:00:00+00:00,24.155472,15.1252596,-0.5488429582847199,-0.8359254794186365,9346210.2,28.2,0.2588190451025203,-0.9659258262890684,1.0,35441.0,7117.2,36575.0,63.63999999999999,24.23333333333333,46246.63,5232.5,767.0,622.6,99813.87,3431.0,0.6649554,2018
2023-06-02 14:00:00+00:00,21.099289,89.55725625000001,-0.8738071036110806,0.4862727071086904,9354774.0,25.9,-0.8660254037844386,-0.5000000000000001,1.0,25848.0,5118.0,33930.0,36.74818181818182,21.83333333333333,29835.36,4849.3,628.0,10866.0,2610287.0,2498.0,1.6425333,2023
2018-08-25 04:00:00+00:00,19.158945,15.1252596,-0.5912614448635782,-0.8064799463209447,9628642.2,27.99,0.5000000000000001,0.8660254037844386,0.0,23231.0,7117.2,32515.0,44.87916666666666,23.8,30895.37,2673.7,711.0,162.8,0.0,4434.0,3.1149344,2018
2022-02-28 00:00:00+00:00,9.333232,80.46928043999999,0.5270777086423722,0.8498170915275278,6817599.0,115.0,1.0,0.0,1.0,22760.0,7117.2,42715.0,63.41,10.933333333333332,55292.64,4872.8,566.0,36.5,0.0,2152.0,2.3978019,2022
2022-11-06 22:00:00+00:00,14.062907,80.46928043999999,0.5842981736283683,-0.8115390590073611,5045030.0,40.0,0.8660254037844384,-0.5000000000000004,0.0,22147.0,6071.9,30805.0,34.017272727272726,20.3,35290.520000000004,4961.5,736.0,21.9,0.0,5884.0,2.2715378,2022
2019-07-26 21:00:00+00:00,21.993866,22.79031588,-0.9123747579707272,-0.4093559588156215,8415226.0,14.0,0.7071067811865474,-0.7071067811865477,1.0,30330.0,7117.2,34832.0,43.82916666666666,24.899999999999995,48193.17,4490.5,675.0,611.2,0.8266269,5524.0,3.8597867,2019
2020-02-18 05:00:00+00:00,8.634661,17.2389636,0.6648553979642865,0.7469720876965552,10406929.0,9.9,0.2588190451025207,0.9659258262890684,1.0,26460.0,7117.2,51664.0,100.24909090909092,11.266666666666666,53779.75,3257.0,1131.0,6.8,0.0,5456.0,3.9680247,2020
2023-06-01 03:00:00+00:00,15.726465,89.55725625000001,-0.865307254363206,0.5012418134457758,9354774.0,24.94,0.7071067811865476,0.7071067811865476,1.0,19955.0,5118.0,33510.0,34.70636363636364,22.166666666666668,27966.19,4210.2,652.0,143.2,0.0,1417.0,1.6864253,2023
2020-04-29 12:00:00+00:00,16.943249,17.2389636,-0.4749510720670499,0.8800122039735357,12486925.0,6.29,-1.0,1.2246467991473532e-16,1.0,27397.0,5110.1,37810.0,286.50181818181824,15.433333333333332,37015.9,2032.0,1674.0,7582.1,2686345.5,11169.0,5.827439,2020
2020-09-04 15:00:00+00:00,27.50823,17.2389636,-0.4288919379124841,-0.9033558023246842,9363826.0,11.8,-0.7071067811865477,-0.7071067811865475,1.0,31477.0,6961.9,34660.0,54.28,22.666666666666668,40472.76,5614.1,704.0,7555.1,2427031.0,3988.0,2.3979704,2020
2019-01-29 11:00:00+00:00,10.210424,22.79031588,0.8779600847008882,0.4787338401157884,8079559.0,24.4,-0.9659258262890682,0.258819045102521,1.0,37048.0,7117.2,56242.0,523.5046153846154,8.6,76211.88,3176.2,1317.0,1758.9,994565.2,13750.0,6.586537,2019
2018-12-01 12:00:00+00:00,12.848793,15.1252596,0.8695893893466109,-0.4937755501599773,7992028.0,25.79,-1.0,1.2246467991473532e-16,0.0,30621.0,5110.1,47980.0,104.97416666666668,11.933333333333332,49679.34,5663.8,949.0,3041.6,1302250.6,6700.0,2.811779,2018
2023-09-19 15:00:00+00:00,23.28909,89.55725625000001,-0.2008905551306352,-0.97961369164549,7135990.0,35.0,-0.7071067811865477,-0.7071067811865475,1.0,27878.0,7028.3,40900.0,49.71000000000001,23.4,31032.1,4798.9,404.0,12402.4,1594538.6,2780.0,0.22470963,2023
2023-09-24 18:00:00+00:00,22.691956,89.55725625000001,-0.1159345995955006,-0.9932568492674144,7135990.0,42.53,-1.8369701987210292e-16,-1.0,0.0,24066.0,5983.0,37815.0,36.98363636363637,21.3,36501.65,4998.4,600.0,1079.3,249500.73,3526.0,0.6868065,2023
2022-03-22 18:00:00+00:00,12.277741,80.46928043999999,0.1755314904214282,0.9844738167520922,7046049.0,97.0,-1.8369701987210292e-16,-1.0,1.0,31230.0,6053.3,33435.0,109.67818181818184,12.266666666666666,57304.92,5831.7,1186.0,115.7,246063.94,12203.0,5.5670624,2022
2019-06-11 18:00:00+00:00,18.021404,22.79031588,-0.938377391740864,0.3456123126707335,9712119.0,13.75,-1.8369701987210292e-16,-1.0,1.0,29904.0,7117.2,42729.0,40.47666666666667,19.96666666666667,47045.38,3920.4,1013.0,1838.8,952069.44,7246.0,5.619164,2019
2018-11-03 07:00:00+00:00,10.51544,15.1252596,0.5416278206559811,-0.8406184056344783,7630760.0,25.0,-0.2588190451025208,0.9659258262890684,0.0,24964.0,6105.9,43655.0,134.48999999999998,14.333333333333334,53314.53,3993.4,919.0,531.9,18702.879,4191.0,4.440132,2018
2023-06-18 09:00:00+00:00,22.197039,89.55725625000001,-0.973118337233262,0.2303056702306122,9287024.0,33.73,-0.7071067811865475,0.7071067811865476,0.0,22828.0,6113.8,33535.0,44.67,23.966666666666665,30592.61,3117.4,828.0,11578.5,1756562.5,4397.0,1.1441401,2023
2018-11-04 15:00:00+00:00,15.883948,15.1252596,0.5560174366570438,-0.8311706263658084,7630760.0,25.2,-0.7071067811865477,-0.7071067811865475,0.0,24222.0,6105.9,44885.0,130.22500000000002,14.2,43873.41,2295.3,872.0,1732.0,961342.8,5752.0,3.7583227,2018
2020-04-27 14:00:00+00:00,16.012386,17.2389636,-0.4443781781046132,0.895839290734909,12486925.0,6.1,-0.8660254037844386,-0.5000000000000001,1.0,25072.0,5610.1,38585.0,239.1227272727273,15.933333333333332,37223.86,4428.3,1706.0,4289.4,2311933.8,6183.0,4.6636434,2020
2021-12-16 08:00:00+00:00,7.6745253,46.29497964,0.9668478136052776,-0.2553532951161872,6469940.0,132.0,-0.4999999999999998,0.8660254037844387,1.0,34426.0,5042.0,45345.0,498.2275,8.0,74191.27,5015.1,1186.0,1868.1,57570.973,5934.0,4.98428,2021
2019-05-01 07:00:00+00:00,13.474603,22.79031588,-0.4900286664290592,0.8717063187093218,9617996.0,16.5,-0.2588190451025208,0.9659258262890684,0.0,22415.0,6125.5,46375.0,74.00333333333333,17.066666666666666,39780.11,3131.8,1176.0,2117.4,602571.4,3072.0,2.1464548,2019
2020-07-22 02:00:00+00:00,21.181059,17.2389636,-0.9322892131745134,-0.3617137307297674,11502495.0,6.77,0.8660254037844387,0.4999999999999999,1.0,24506.0,7117.2,36337.0,55.32909090909091,24.766666666666666,33733.01,4522.3,704.0,192.7,0.0,4080.0,2.4102542,2020
2022-02-15 15:00:00+00:00,12.863388,80.46928043999999,0.702527474169157,0.7116566222817747,6930013.0,83.8,-0.7071067811865477,-0.7071067811865475,1.0,31050.0,7117.2,44666.0,65.53363636363636,10.233333333333333,51656.2,4796.5,624.0,8006.7,1555955.2,10096.0,4.899646,2022
2020-04-25 08:00:00+00:00,14.505336,17.2389636,-0.4132786077829042,0.9106046300942162,12134569.0,6.19,-0.4999999999999998,0.8660254037844387,0.0,22710.0,5890.1,39825.0,213.14,15.6,34060.15,3145.9,1627.0,3201.6,810801.5,691.0,0.84698236,2020
2018-01-12 07:00:00+00:00,6.0733795,15.1252596,0.9787400799669153,0.2051044998686192,5284527.7,21.99,-0.2588190451025208,0.9659258262890684,1.0,35794.0,6053.3,56345.0,217.61166666666665,9.0,74245.08,6119.5,1168.0,129.4,1.5260805,5830.0,3.4118922,2018
2021-03-12 06:00:00+00:00,10.057203,46.29497964,0.3415707691678556,0.9398560579418954,12602854.0,18.05,6.123233995736766e-17,1.0,1.0,29695.0,7117.2,45910.0,135.19272727272727,12.266666666666666,55356.65,3226.3,1283.0,103.3,0.0,6438.0,3.7854004,2021
2020-12-29 05:00:00+00:00,7.2490172,17.2389636,0.9998518392091162,-0.0172133561558352,9415749.0,19.5,0.2588190451025207,0.9659258262890684,1.0,23493.0,7117.2,52235.0,181.1563636363636,8.633333333333335,53079.81,1087.6999999999998,1368.0,2.0,0.0,13759.0,7.9731407,2020
2022-02-06 23:00:00+00:00,8.5523405,80.46928043999999,0.8039279618328213,0.5947266869607633,7003277.0,82.0,0.9659258262890684,-0.2588190451025207,1.0,24648.0,7117.2,46051.0,85.11181818181818,8.866666666666667,44536.09,4042.0,559.0,25.1,0.0,8096.0,2.3290675,2022
2022-09-16 14:00:00+00:00,24.54996,80.46928043999999,-0.2511900638848195,-0.9679377830240642,5329748.0,40.0,-0.8660254037844386,-0.5000000000000001,1.0,29308.0,7117.2,27926.0,39.623636363636365,24.566666666666663,33031.09,5615.4,404.0,11320.4,2223447.5,5164.0,2.2063048,2022
2022-12-14 06:00:00+00:00,13.81039,80.46928043999999,0.9574851883550392,-0.288482432880609,6191200.0,40.0,6.123233995736766e-17,1.0,1.0,28128.0,7117.2,42100.0,57.89909090909091,12.5,71282.84,1906.8,1120.0,0.0,0.0,14682.0,6.7677255,2022
2018-01-25 20:00:00+00:00,9.722155,15.1252596,0.9088176373395028,0.4171936026123168,5403403.3,19.04,0.5000000000000001,-0.8660254037844386,1.0,36063.0,7117.2,58695.0,216.375,9.55,62588.86,5129.3,1303.0,12.4,0.0,7691.0,4.772772,2018
2020-01-30 17:00:00+00:00,13.42702,17.2389636,0.869589389346611,0.4937755501599771,10148824.0,10.87,-0.2588190451025206,-0.9659258262890684,1.0,33979.0,7117.2,51760.0,180.88727272727272,9.766666666666666,63472.14,5494.4,1680.0,204.4,243165.1,9015.0,4.945257,2020
2023-09-13 22:00:00+00:00,21.068796,89.55725625000001,-0.300819807635668,-0.9536809966304456,7181439.0,36.0,0.8660254037844384,-0.5000000000000004,1.0,24976.0,7028.3,42555.0,48.13545454545454,24.3,38980.86,4510.4,448.0,349.9,0.0,6806.0,3.0765345,2023
2019-04-17 02:00:00+00:00,12.1350975,22.79031588,-0.2678143051621742,0.9634705485641488,8991028.0,15.0,0.8660254037844387,0.4999999999999999,1.0,22487.0,6042.2,46456.0,71.54916666666666,16.133333333333336,45268.83,1970.0,1045.0,218.8,0.0,9441.0,4.727573,2019
2018-03-24 02:00:00+00:00,9.264306,15.1252596,0.1415402952170432,0.989932495087353,9172002.5,22.4,0.8660254037844387,0.4999999999999999,0.0,24288.0,6071.9,43550.0,323.69083333333333,10.35,55511.22,923.9,1544.0,122.0,0.0,14221.0,8.788488,2018
2020-01-23 04:00:00+00:00,8.229708,17.2389636,0.9226395488404876,0.3856634062436071,9950225.0,13.0,0.5000000000000001,0.8660254037844386,1.0,25295.0,7117.2,53845.0,173.04545454545453,8.166666666666666,61218.43,2958.7,1102.0,10.0,0.0,2934.0,2.8259885,2020
2018-10-18 15:00:00+00:00,18.334305,15.1252596,0.2926003356333479,-0.9562348265919058,7777168.0,28.4,-0.7071067811865477,-0.7071067811865475,1.0,30109.0,7117.2,45535.0,73.66166666666668,19.366666666666667,42680.99,4956.6,741.0,1032.9,958616.1,6982.0,5.016552,2018
2020-01-30 03:00:00+00:00,10.983832,17.2389636,0.869589389346611,0.4937755501599771,10148824.0,10.87,0.7071067811865476,0.7071067811865476,1.0,23616.0,7117.2,51620.0,180.88727272727272,9.766666666666666,52374.27,2693.4,1526.0,1.3,0.0,8878.0,4.762384,2020
2020-07-23 21:00:00+00:00,23.9209,17.2389636,-0.92592477719385,-0.3777079652039646,11502495.0,7.5,0.7071067811865474,-0.7071067811865477,1.0,29931.0,7117.2,35422.0,56.690000000000005,24.73333333333333,46794.93,4766.2,780.0,515.3,10.523597,5747.0,2.8430781,2020
2019-07-09 04:00:00+00:00,18.948307,22.79031588,-0.99167731989929,-0.1287481774525806,8965089.0,15.0,0.5000000000000001,0.8660254037844386,1.0,26660.0,7117.2,43036.0,77.52454545454545,24.03333333333333,38490.77,4251.4,779.0,299.3,0.0,3778.0,2.9361985,2019
2019-07-08 23:00:00+00:00,20.332159,22.79031588,-0.993746580436178,-0.1116590071216944,8965089.0,15.48,0.9659258262890684,-0.2588190451025207,1.0,26423.0,7117.2,43036.0,77.52454545454545,24.03333333333333,39421.07,4552.5,731.0,459.8,0.0,4247.0,1.8995594,2019
2020-12-31 08:00:00+00:00,6.2828383,17.2389636,0.9998518392091162,0.0172133561558347,9415749.0,21.53,-0.4999999999999998,0.8660254037844387,1.0,28837.0,7117.2,52235.0,201.49000000000004,8.266666666666667,63581.09,2801.7,1492.0,1455.2,41321.234,10297.0,5.011331,2020
2023-03-13 21:00:00+00:00,13.732323,89.55725625000001,0.3253420847119803,0.9455963874271424,9946780.0,52.77,0.7071067811865474,-0.7071067811865477,1.0,28909.0,7117.2,36200.0,92.66818181818182,14.133333333333333,30647.19,4204.6,1440.0,162.4,0.0,18040.0,8.008681,2023
2022-02-16 12:00:00+00:00,13.359335,80.46928043999999,0.6901733882429719,0.7236440382959124,6930013.0,76.99,-1.0,1.2246467991473532e-16,1.0,32020.0,7117.2,45966.0,69.81636363636363,10.266666666666667,50907.17,4121.9,655.0,8905.7,1655603.5,12282.0,5.4153323,2022
2020-10-11 06:00:00+00:00,13.1916,17.2389636,0.1924515819708299,-0.9813064702716092,8345466.0,12.27,6.123233995736766e-17,1.0,0.0,20119.0,6125.5,42475.0,72.89545454545454,17.833333333333332,39491.04,1195.3000000000002,632.0,319.8,129.14456,9066.0,5.404008,2020
2022-03-25 17:00:00+00:00,13.635657,80.46928043999999,0.1244792638867893,0.9922222094179324,7046049.0,116.0,-0.2588190451025206,-0.9659258262890684,1.0,28990.0,6053.3,33435.0,100.84181818181818,12.1,42850.06,5430.2,1014.0,738.3,735547.4,8381.0,6.3947654,2022
2021-02-02 02:00:00+00:00,11.990997,46.29497964,0.8429415373547828,0.5380051715382996,10269799.0,19.99,0.8660254037844387,0.4999999999999999,1.0,22925.0,7117.2,50102.0,323.85083333333336,9.9,48937.95,2126.6,1635.0,19.6,0.0,13440.0,6.262501,2021
2022-02-13 09:00:00+00:00,9.920828,80.46928043999999,0.7266075247685656,0.687052767223667,6964737.0,79.5,-0.7071067811865475,0.7071067811865476,0.0,25733.0,7117.2,43356.0,68.68090909090908,9.9,51096.21,2997.7,589.0,4087.2,513474.1,9936.0,4.47299,2022
2023-02-08 10:00:00+00:00,8.708526,89.55725625000001,0.7829801036770629,0.6220467484408675,9996284.0,50.0,-0.8660254037844387,0.4999999999999999,1.0,34450.0,7117.2,45555.0,92.84181818181818,11.0,64131.19,3826.7,920.0,4980.3,903835.4,7588.0,5.9900646,2023
2019-08-02 05:00:00+00:00,19.355097,22.79031588,-0.8565509959010037,-0.5160623910158526,8130738.0,12.0,0.2588190451025207,0.9659258262890684,1.0,28056.0,7117.2,41489.0,48.225,24.4,39000.0,3846.5,609.0,309.5,1150.6965,2434.0,3.2404642,2019
2018-12-26 05:00:00+00:00,8.041471,15.1252596,0.9962981749346076,-0.0859647987374467,8192252.0,25.0,0.2588190451025207,0.9659258262890684,1.0,21238.0,6071.9,55030.0,101.67333333333336,10.533333333333331,57261.24,2880.6,1133.0,3.0,0.0,2246.0,2.361628,2018
2022-02-25 11:00:00+00:00,11.80834,80.46928043999999,0.5702422926917871,0.8214765533024142,6905883.0,112.97,-0.9659258262890682,0.258819045102521,1.0,32011.0,7117.2,44196.0,66.70454545454544,11.066666666666668,55117.09,3186.5,707.0,4038.7,1320520.0,12072.0,5.250679,2022
2018-09-11 02:00:00+00:00,19.659279,15.1252596,-0.333468778918187,-0.9427611433904206,8868060.9,29.5,0.8660254037844387,0.4999999999999999,1.0,23250.0,7117.2,46230.0,61.0625,23.866666666666664,35578.36,3405.2,723.0,99.0,0.0,3060.0,3.9686847,2018
2020-03-19 12:00:00+00:00,15.430661,17.2389636,0.2093146459630487,0.9778483415056568,10818085.0,9.24,-1.0,1.2246467991473532e-16,1.0,28906.0,7117.2,43059.0,427.39,11.5,43621.33,5670.8,1780.0,6157.5,2524699.8,4755.0,4.3360434,2020
2019-07-09 10:00:00+00:00,22.660816,22.79031588,-0.99167731989929,-0.1287481774525806,8965089.0,15.0,-0.8660254037844387,0.4999999999999999,1.0,35214.0,7117.2,43036.0,77.52454545454545,24.03333333333333,47838.95,6153.5,965.0,4832.0,2341356.0,3532.0,2.6239667,2019
2022-09-22 11:00:00+00:00,22.65105,80.46928043999999,-0.1500553983446526,-0.9886775902323404,5094243.0,40.0,-0.9659258262890682,0.258819045102521,1.0,30249.0,7117.2,28285.0,38.24454545454545,23.03333333333333,39985.0,5404.1,388.0,11607.6,2232424.5,585.0,0.7485416,2022
2020-04-01 06:00:00+00:00,9.423708,17.2389636,-0.012910296075009,0.999916658654738,11022385.0,7.25,6.123233995736766e-17,1.0,1.0,23648.0,7117.2,44489.0,138.29636363636362,11.766666666666666,51524.92,3911.9,1357.0,224.3,5050.595,3580.0,2.465726,2020
2018-08-26 15:00:00+00:00,27.116194,15.1252596,-0.5772916165517278,-0.8165380514459157,9628642.2,27.45,-0.7071067811865477,-0.7071067811865475,0.0,26677.0,7117.2,32275.0,49.33333333333332,23.2,29124.52,3745.4,771.0,4411.7,2528081.0,2356.0,1.2024648,2018
2018-05-24 04:00:00+00:00,15.6394005,15.1252596,-0.7883050558305252,0.615284599963328,11943098.0,24.63,0.5000000000000001,0.8660254037844386,1.0,25131.0,5068.5,46135.0,96.85416666666669,18.1,39931.14,4149.8,1438.0,77.7,0.0,2912.0,2.375148,2018
2022-02-01 05:00:00+00:00,7.6341596,80.46928043999999,0.8520775211013093,0.5234156073655503,7003277.0,86.25,0.2588190451025207,0.9659258262890684,1.0,27335.0,7117.2,48191.0,99.4136363636364,7.833333333333333,61043.03,1912.1,587.0,13.0,0.0,14003.0,6.768375,2022
2018-01-28 13:00:00+00:00,11.845915,15.1252596,0.886070621534138,0.4635502709028509,5403403.3,19.75,-0.9659258262890684,-0.2588190451025203,0.0,29497.0,7117.2,57285.0,339.5430769230769,9.8,52983.82,2467.9,972.0,2815.7,1718951.9,7839.0,6.3437934,2018
2023-07-24 09:00:00+00:00,24.008316,89.55725625000001,-0.92592477719385,-0.3777079652039646,8309958.0,29.4,-0.7071067811865475,0.7071067811865476,1.0,31622.0,7117.2,36615.0,37.333636363636366,27.4,37207.45,3703.1,584.0,14028.3,1697141.1,4368.0,3.6462028,2023
2018-01-28 16:00:00+00:00,12.427716,15.1252596,0.886070621534138,0.4635502709028509,5403403.3,19.75,-0.5000000000000004,-0.8660254037844385,0.0,27270.0,7117.2,57285.0,339.5430769230769,9.8,52310.35,2256.7,970.0,1150.9,851042.3,7317.0,6.4428515,2018
2023-09-12 15:00:00+00:00,24.137358,89.55725625000001,-0.3171912885891059,-0.9483615800121716,7181439.0,36.95,-0.7071067811865477,-0.7071067811865475,1.0,28490.0,7043.3,41475.0,51.28727272727272,24.73333333333333,40364.24,4730.0,396.0,13133.8,1784959.4,2353.0,1.6409345,2023
2020-05-01 14:00:00+00:00,19.51027,17.2389636,-0.5049610547215204,0.8631421280499114,12486925.0,6.23,-0.8660254037844386,-0.5000000000000001,0.0,19599.0,5110.1,37350.0,229.0309090909091,15.533333333333331,25774.32,2619.4,1678.0,6657.9,2328180.5,13421.0,7.368697,2020
2018-03-16 17:00:00+00:00,11.035258,15.1252596,0.276096973097469,0.9611297838723007,8217673.2,23.0,-0.2588190451025206,-0.9659258262890684,1.0,32003.0,6071.9,47770.0,372.66230769230776,10.65,59673.35,4355.5,1878.0,875.7,780832.2,9523.0,6.6751504,2018
2023-02-11 07:00:00+00:00,4.8357363,89.55725625000001,0.7498264012045687,0.6616346182422783,9996284.0,50.0,-0.2588190451025208,0.9659258262890684,0.0,26089.0,7117.2,44175.0,81.16454545454546,11.0,62752.96,1630.1999999999998,776.0,175.0,1399.2886,6298.0,5.5662036,2023
2019-12-04 16:00:00+00:00,11.332484,22.79031588,0.893918596519257,-0.4482293417404106,8093412.0,15.48,-0.5000000000000004,-0.8660254037844385,1.0,34245.0,5008.0,44495.0,250.4418181818182,11.166666666666666,74266.22,6425.2,1657.0,380.6,337334.06,6701.0,2.8557258,2019
2023-06-03 13:00:00+00:00,21.192581,89.55725625000001,-0.8820480249558534,0.4711595076738641,9354774.0,23.48,-0.9659258262890684,-0.2588190451025203,0.0,22937.0,5118.0,32600.0,37.33727272727273,22.0,25563.15,3833.7,584.0,13031.4,2777122.8,1176.0,0.7967813,2023
2022-09-15 00:00:00+00:00,20.229767,80.46928043999999,-0.2678143051621748,-0.9634705485641486,5329748.0,40.0,1.0,0.0,1.0,23168.0,7117.2,27926.0,41.448181818181816,24.9,36183.43,4069.4,436.0,77.3,0.0,3064.0,3.4818037,2022
2019-01-18 18:00:00+00:00,8.723416,22.79031588,0.9523775757303976,0.304921224656289,7877846.0,27.2,-1.8369701987210292e-16,-1.0,1.0,38133.0,7117.2,53736.0,45.08416666666667,9.566666666666665,76738.93,8247.0,882.0,50.7,10067.489,4453.0,2.8676522,2019
2018-03-25 07:00:00+00:00,8.151814,15.1252596,0.1244792638867893,0.9922222094179324,9172002.5,20.5,-0.2588190451025208,0.9659258262890684,0.0,25363.0,6071.9,43453.0,398.5730769230769,10.05,54321.43,4588.0,1591.0,658.7,98543.625,8544.0,6.118898,2018
2018-03-17 10:00:00+00:00,9.988589,15.1252596,0.2595117970697999,0.9657399376548548,8217673.2,23.8,-0.8660254037844387,0.4999999999999999,0.0,31773.0,6071.9,47330.0,380.4692307692307,10.1,56425.95,4730.6,1777.0,1613.0,1351256.2,8788.0,7.6588397,2018
2022-04-29 10:00:00+00:00,16.99825,80.46928043999999,-0.4597327394521039,0.8880573226294932,7856475.0,84.0,-0.8660254037844387,0.4999999999999999,1.0,29626.0,5061.6,28843.0,198.60454545454544,15.333333333333334,40020.06,4428.8,1209.0,12606.1,2430672.0,3025.0,3.6427014,2022
2020-02-25 15:00:00+00:00,15.015918,17.2389636,0.5702422926917871,0.8214765533024142,10318969.0,10.14,-0.7071067811865477,-0.7071067811865475,1.0,30645.0,7117.2,49444.0,93.02727272727272,11.0,49331.45,3395.0,931.0,4446.4,1387399.5,11112.0,6.770977,2020
2023-06-18 15:00:00+00:00,24.65881,89.55725625000001,-0.973118337233262,0.2303056702306122,9287024.0,33.73,-0.7071067811865477,-0.7071067811865475,0.0,23143.0,6113.8,32615.0,44.67,23.966666666666665,29059.18,2972.8,832.0,11548.8,2228221.2,5672.0,1.2253814,2023
2019-02-24 16:00:00+00:00,16.297512,22.79031588,0.5842981736283684,0.811539059007361,8866543.0,20.4,-0.5000000000000004,-0.8660254037844385,0.0,24505.0,7117.2,54136.0,150.68416666666664,10.233333333333333,45412.25,4346.7,1005.0,2847.8,1405804.9,2701.0,3.1434448,2019
2020-01-28 16:00:00+00:00,13.399747,17.2389636,0.886070621534138,0.4635502709028509,10148824.0,11.49,-0.5000000000000004,-0.8660254037844385,1.0,34018.0,7117.2,52290.0,137.99272727272728,8.866666666666665,59870.41,4743.3,1542.0,810.5,594321.44,8885.0,6.2771535,2020
2019-09-21 19:00:00+00:00,20.615858,22.79031588,-0.1670516255021195,-0.9859481499638304,6721584.0,11.22,0.2588190451025203,-0.9659258262890684,0.0,28479.0,7117.2,39630.0,59.8,23.0,37812.46,3554.6,608.0,89.8,6410.8735,7261.0,3.3760471,2019
2019-08-17 14:00:00+00:00,29.158813,22.79031588,-0.6963762255968724,-0.7176769136759618,7706520.0,11.25,-0.8660254037844386,-0.5000000000000001,0.0,29706.0,7117.2,38614.0,48.27416666666667,24.63333333333333,30828.54,3995.0,592.0,6110.1,2980652.2,4659.0,1.5387092,2019
2020-01-04 08:00:00+00:00,7.618838,17.2389636,0.9976303053065856,0.0688024268023198,9522998.0,10.7,-0.4999999999999998,0.8660254037844387,0.0,28227.0,7117.2,50500.0,143.1590909090909,8.5,58919.99,4203.8,1302.0,838.5,32804.18,5060.0,3.1640663,2020
2021-10-19 03:00:00+00:00,16.477362,46.29497964,0.3090169943749472,-0.9510565162951536,6017107.0,89.0,0.7071067811865476,0.7071067811865476,1.0,22387.0,6121.4,44130.0,46.23363636363637,18.366666666666664,36358.11,3234.3,343.0,35.3,0.0,6520.0,3.2256074,2021
2018-01-09 07:00:00+00:00,5.883947,15.1252596,0.9880226656636976,0.1543088206642811,5284527.7,23.6,-0.2588190451025208,0.9659258262890684,1.0,35941.0,6053.3,58215.0,335.9676923076923,9.35,74207.44,3191.5,1168.0,101.3,1.939394,7193.0,5.201979,2018
2020-09-01 06:00:00+00:00,17.15088,17.2389636,-0.4749510720670502,-0.8800122039735356,9363826.0,11.99,6.123233995736766e-17,1.0,1.0,27967.0,7117.2,33145.0,61.0290909090909,21.76666666666667,43766.37,4155.0,762.0,698.9,26367.236,1338.0,1.6420287,2020
2019-07-08 03:00:00+00:00,20.3541,22.79031588,-0.993746580436178,-0.1116590071216944,8965089.0,15.48,0.7071067811865476,0.7071067811865476,1.0,23952.0,7117.2,43036.0,56.81545454545455,25.133333333333336,36057.5,3941.0,664.0,436.9,0.0,5443.0,0.9753928,2019
2018-08-07 11:00:00+00:00,26.79525,15.1252596,-0.8090169943749475,-0.587785252292473,10042982.5,26.53,-0.9659258262890682,0.258819045102521,1.0,38111.0,7117.2,38436.0,45.91416666666667,25.95,47735.65,6460.0,959.0,5033.0,2707539.8,2929.0,0.50595766,2018
2019-02-21 08:00:00+00:00,8.038373,22.79031588,0.6254105729852463,0.7802958510707755,8866543.0,20.5,-0.4999999999999998,0.8660254037844387,1.0,35118.0,7117.2,54920.0,170.78583333333336,9.833333333333334,69958.39,3922.5,1340.0,1576.3,230485.33,4494.0,3.4337993,2019
2019-04-29 22:00:00+00:00,14.263704,22.79031588,-0.4597327394521039,0.8880573226294932,9617996.0,17.5,0.8660254037844384,-0.5000000000000004,1.0,24696.0,6125.5,45040.0,87.30916666666667,16.733333333333334,50237.65,5851.0,1350.0,506.9,0.0,3258.0,2.48666,2019
2020-03-20 01:00:00+00:00,11.361212,17.2389636,0.1924515819708299,0.9813064702716092,10818085.0,8.7,0.9659258262890684,0.2588190451025207,1.0,21529.0,7117.2,42499.0,348.535,11.699999999999998,41469.09,4307.6,1557.0,58.8,0.0,6156.0,3.8500664,2020
2021-03-12 01:00:00+00:00,11.100406,46.29497964,0.3415707691678556,0.9398560579418954,12602854.0,18.05,0.9659258262890684,0.2588190451025207,1.0,23145.0,7117.2,45910.0,135.19272727272727,12.266666666666666,43729.34,3197.2,1201.0,69.3,0.0,6667.0,4.6860657,2021
2019-07-25 09:00:00+00:00,25.684006,22.79031588,-0.9192859697186104,-0.3935902766564669,8415226.0,13.6,-0.7071067811865475,0.7071067811865476,1.0,35764.0,7117.2,38081.0,44.68333333333334,25.23333333333333,51122.33,5994.8,770.0,4902.3,1865169.2,3932.0,1.2798262,2019
2018-09-13 20:00:00+00:00,22.476616,15.1252596,-0.300819807635668,-0.9536809966304456,8868060.9,29.24,0.5000000000000001,-0.8660254037844386,1.0,30952.0,7117.2,48630.0,70.1475,23.566666666666663,44669.54,6063.2,756.0,325.6,0.0,4941.0,2.1871274,2018
2023-07-27 14:00:00+00:00,27.308107,89.55725625000001,-0.9051931898913976,-0.4250003399695539,8309958.0,34.48,-0.8660254037844386,-0.5000000000000001,1.0,31431.0,7117.2,35720.0,36.770909090909086,25.6,28212.38,2909.1000000000004,520.0,15572.5,2932587.0,6004.0,1.7558411,2023
2023-12-07 04:00:00+00:00,9.535294,89.55725625000001,0.9158642882672872,-0.4014879892059729,9349226.0,37.83,0.5000000000000001,0.8660254037844386,1.0,20773.0,6125.5,46535.0,163.26454545454547,10.766666666666667,53418.46,2757.2000000000003,1160.0,8.8,0.0,7593.0,3.1771028,2023
2020-02-27 09:00:00+00:00,10.530979,17.2389636,0.5416278206559814,0.8406184056344782,10318969.0,9.1,-0.7071067811865475,0.7071067811865476,1.0,33401.0,7117.2,47054.0,71.02,11.366666666666664,59093.61,4725.5,1042.0,5168.9,790781.7,11210.0,4.6298246,2020
2019-02-02 15:00:00+00:00,9.1943445,22.79031588,0.8429415373547828,0.5380051715382996,8079559.0,21.0,-0.7071067811865477,-0.7071067811865475,0.0,29890.0,7117.2,56450.0,631.8284615384614,8.933333333333332,58550.31,2477.3,1521.0,2698.7,1284761.2,14873.0,10.44814,2019
2018-03-25 20:00:00+00:00,9.771647,15.1252596,0.1244792638867893,0.9922222094179324,9172002.5,20.5,0.5000000000000001,-0.8660254037844386,0.0,31260.0,6071.9,44885.0,398.5730769230769,10.05,56830.0,6678.0,1700.0,42.9,0.0,7556.0,5.9144926,2018
2022-01-18 04:00:00+00:00,5.0504494,80.46928043999999,0.9523775757303976,0.304921224656289,7209468.0,82.0,0.5000000000000001,0.8660254037844386,1.0,25009.0,7117.2,48625.0,162.80181818181816,6.9,65194.37,4109.1,869.0,12.5,0.0,2508.0,1.2379098,2022
2022-05-11 02:00:00+00:00,14.943611,80.46928043999999,-0.6321034111873487,0.7748840413670407,7941866.0,74.25,0.8660254037844387,0.4999999999999999,1.0,21375.0,6125.5,29430.0,77.48272727272727,18.73333333333333,33979.48,4043.8,1052.0,410.1,0.0,5077.0,1.1329259,2022
2020-04-08 10:00:00+00:00,15.763232,17.2389636,-0.1330147065341959,0.9911140639934548,11312209.0,7.88,-0.8660254037844387,0.4999999999999999,1.0,24773.0,7117.2,46015.0,133.88181818181818,13.733333333333334,39819.4,5134.2,1351.0,6089.7,1930642.8,2412.0,2.5004134,2020
2020-10-15 16:00:00+00:00,16.054827,17.2389636,0.2595117970697994,-0.965739937654855,8253016.0,13.0,-0.5000000000000004,-0.8660254037844385,1.0,28950.0,6125.5,44540.0,142.32,15.966666666666669,52539.76,4891.5,906.0,3364.6,990847.44,8071.0,4.6166806,2020
2018-08-27 09:00:00+00:00,24.160002,15.1252596,-0.5631507242749187,-0.8263541987239094,9346210.2,28.2,-0.7071067811865475,0.7071067811865476,1.0,34519.0,7117.2,36580.0,53.51999999999999,23.5,44189.65,5935.9,805.0,4306.1,1675724.4,2724.0,2.6132843,2018
2020-05-18 14:00:00+00:00,21.479242,17.2389636,-0.7324940716135786,0.6807734094770165,12983647.0,5.2,-0.8660254037844386,-0.5000000000000001,1.0,25137.0,4106.7,38925.0,204.33,16.5,34975.07,4904.5,1438.0,8212.7,3082909.5,3883.0,2.904686,2020
2018-12-26 08:00:00+00:00,8.013414,15.1252596,0.9962981749346076,-0.0859647987374467,8192252.0,25.0,-0.4999999999999998,0.8660254037844387,1.0,28688.0,6071.9,55995.0,101.67333333333336,10.533333333333331,66005.91,4085.7,1192.0,393.9,38230.29,2193.0,2.4952352,2018
2023-12-29 11:00:00+00:00,11.72809,89.55725625000001,0.9994074007397048,-0.0344216116227458,9483417.0,32.94,-0.9659258262890682,0.258819045102521,1.0,29226.0,7117.2,43140.0,134.78636363636363,8.700000000000001,40105.57,5850.4,1112.0,6228.9,872239.8,1024.0,1.2261012,2023
2021-12-15 21:00:00+00:00,9.247025,46.29497964,0.9623090774541484,-0.271958157534106,6469940.0,121.75,0.7071067811865474,-0.7071067811865477,1.0,32141.0,5042.0,44510.0,663.3133333333334,8.6,64936.53,5852.9,1272.0,31.5,0.0,5784.0,4.772285,2021
2019-07-25 14:00:00+00:00,28.7509,22.79031588,-0.9192859697186104,-0.3935902766564669,8415226.0,13.6,-0.8660254037844386,-0.5000000000000001,1.0,37201.0,7117.2,39156.0,44.68333333333334,25.23333333333333,49325.65,5470.8,758.0,5165.8,2960756.2,5904.0,1.6636615,2019
2020-11-20 20:00:00+00:00,11.934713,17.2389636,0.7721565844991641,-0.6354323008901775,8582863.0,14.35,0.5000000000000001,-0.8660254037844386,1.0,30837.0,7117.2,50690.0,59.18090909090909,13.866666666666667,56635.33,4143.9,985.0,43.3,0.0,8764.0,5.442556,2020
2019-10-10 05:00:00+00:00,15.51902,22.79031588,0.1585593851031347,-0.9873494423939864,6275794.0,13.31,0.2588190451025207,0.9659258262890684,1.0,28185.0,6111.4,40810.0,42.27166666666666,20.6,46081.32,3023.8,380.0,42.6,0.0,4194.0,3.1063926,2019
2021-06-25 07:00:00+00:00,18.981716,46.29497964,-0.993746580436178,0.1116590071216946,10560103.0,31.5,-0.2588190451025208,0.9659258262890684,1.0,29338.0,6401.1,42175.0,55.73909090909091,21.866666666666664,46416.94,4914.0,1084.0,6746.6,795008.56,3831.0,3.43951,2021
2018-01-26 04:00:00+00:00,7.7687526,15.1252596,0.901501684131884,0.4327755925504312,5403403.3,18.95,0.5000000000000001,0.8660254037844386,1.0,25115.0,7117.2,58695.0,173.1208333333333,9.85,54074.31,1898.8,991.0,17.5,0.0,11745.0,6.0953355,2018
2022-03-26 01:00:00+00:00,11.082313,80.46928043999999,0.107381346664163,0.994217906893952,7046049.0,103.0,0.9659258262890684,0.2588190451025207,0.0,21751.0,6053.3,31585.0,95.07181818181816,12.4,41299.56,3117.6,986.0,12.3,0.0,6473.0,5.223012,2022
2018-10-22 00:00:00+00:00,16.32163,15.1252596,0.3576982388331254,-0.9338372288229252,7728196.0,27.0,1.0,0.0,1.0,20733.0,7117.2,46385.0,60.70499999999999,19.0,37049.13,3352.9,626.0,13.7,0.0,5016.0,2.2901967,2018
2020-05-20 05:00:00+00:00,14.900454,17.2389636,-0.7554933140726803,0.6551563572090853,12983647.0,5.05,0.2588190451025207,0.9659258262890684,1.0,22893.0,4106.7,39030.0,156.94636363636363,17.63333333333333,38340.7,3475.4,1439.0,563.6,10380.653,2257.0,2.1538963,2020
2019-12-03 00:00:00+00:00,8.91022,22.79031588,0.8860706215341378,-0.4635502709028512,8093412.0,15.65,1.0,0.0,1.0,24782.0,5008.0,44520.0,297.8858333333333,11.566666666666668,61683.32,2066.6,1632.0,10.0,0.0,9784.0,6.945523,2019
2018-01-12 08:00:00+00:00,6.175763,15.1252596,0.9787400799669153,0.2051044998686192,5284527.7,21.99,-0.4999999999999998,0.8660254037844387,1.0,37032.0,6053.3,56345.0,217.61166666666665,9.0,73705.26,6783.8,1235.0,683.0,43245.496,5486.0,2.991169,2018
2021-08-22 09:00:00+00:00,24.0302,46.29497964,-0.6321034111873488,-0.7748840413670406,7728542.0,41.5,-0.7071067811865475,0.7071067811865476,0.0,25339.0,7117.2,42805.0,52.73545454545455,24.766666666666666,33639.2,3352.9,663.0,8749.2,1617551.1,3080.0,2.700382,2021
2020-03-21 00:00:00+00:00,11.0213175,17.2389636,0.1755314904214282,0.9844738167520922,10818085.0,7.9,1.0,0.0,0.0,22375.0,7117.2,42499.0,289.9791666666667,11.933333333333332,40383.7,4375.1,1562.0,18.4,0.0,5627.0,2.7486234,2020
2018-09-12 01:00:00+00:00,20.747334,15.1252596,-0.3171912885891059,-0.9483615800121716,8868060.9,29.5,0.9659258262890684,0.2588190451025207,1.0,23702.0,7117.2,47700.0,64.14,23.7,36962.63,4176.8,649.0,106.9,0.0,3081.0,2.6130939,2018
2021-02-03 05:00:00+00:00,11.35195,46.29497964,0.8335557718385699,0.5524353131676196,10269799.0,18.49,0.2588190451025207,0.9659258262890684,1.0,26257.0,7117.2,49777.0,298.19250000000005,9.833333333333334,48065.08,1498.9,1690.0,19.6,0.0,13090.0,6.660604,2021
2018-11-02 18:00:00+00:00,14.254422,15.1252596,0.5270777086423716,-0.8498170915275282,7630760.0,25.0,-1.8369701987210292e-16,-1.0,1.0,31591.0,6105.9,45900.0,111.67583333333332,14.466666666666669,62937.25,5574.2,1033.0,91.8,6597.7544,6596.0,5.282342,2018
2018-06-01 22:00:00+00:00,16.405851,15.1252596,-0.865307254363206,0.5012418134457758,12098391.3,24.0,0.8660254037844384,-0.5000000000000004,0.0,25286.0,4076.8,43160.0,436.6530769230769,16.4,44576.1,3557.2,1637.0,324.7,0.0,3567.0,1.1433152,2018
2021-08-07 12:00:00+00:00,24.601063,46.29497964,-0.8090169943749475,-0.587785252292473,8477701.0,43.35,-1.0,1.2246467991473532e-16,0.0,28614.0,7117.2,38813.0,58.12909090909091,25.3,29860.49,2949.3,651.0,11080.4,2889687.2,6931.0,4.5743985,2021
2022-01-22 22:00:00+00:00,6.509058,80.46928043999999,0.9291414114031744,0.3697245428906731,7209468.0,75.0,0.8660254037844384,-0.5000000000000004,0.0,28547.0,7117.2,49251.0,141.8918181818182,7.033333333333334,68580.35,4553.6,854.0,14.1,0.0,4782.0,4.0570235,2022
2018-12-22 13:00:00+00:00,14.019543,15.1252596,0.9880226656636976,-0.154308820664281,8153074.0,24.8,-0.9659258262890684,-0.2588190451025203,0.0,29264.0,5076.1,51510.0,115.44083333333332,10.0,48840.67,5070.2,1291.0,2617.2,1316053.6,3058.0,1.5562425,2018
2020-02-17 04:00:00+00:00,10.842589,17.2389636,0.6776147890466889,0.7354170229639855,10406929.0,9.8,0.5000000000000001,0.8660254037844386,1.0,22334.0,7117.2,50759.0,101.67636363636365,11.333333333333334,42285.39,2258.6,1155.0,1.9,0.0,7621.0,3.5640075,2020
2021-05-15 07:00:00+00:00,14.863951,46.29497964,-0.6839194216246103,0.7295575540864878,11206561.0,24.8,-0.2588190451025208,0.9659258262890684,0.0,25136.0,6071.9,39795.0,50.99454545454546,18.166666666666668,39497.97,3046.3,1253.0,5470.7,541104.75,9364.0,3.248844,2021
2022-04-26 07:00:00+00:00,12.451791,80.46928043999999,-0.4132786077829042,0.9106046300942162,7856475.0,87.83,-0.2588190451025208,0.9659258262890684,1.0,29304.0,5061.6,30490.0,190.4209090909091,15.566666666666668,50577.25,5237.1,1322.0,5390.2,547495.1,1733.0,1.8378196,2022
2023-12-30 05:00:00+00:00,8.79631,89.55725625000001,0.9998518392091162,-0.0172133561558352,9483417.0,32.5,0.2588190451025207,0.9659258262890684,0.0,19281.0,7117.2,43140.0,107.69454545454543,8.700000000000001,38197.92,4059.5,1012.0,2.1,0.0,2987.0,0.78194994,2023
2020-07-22 04:00:00+00:00,20.707418,17.2389636,-0.9322892131745134,-0.3617137307297674,11502495.0,6.77,0.5000000000000001,0.8660254037844386,1.0,26336.0,7117.2,36337.0,55.32909090909091,24.766666666666666,37364.68,4599.5,739.0,117.8,0.0,3264.0,2.2084627,2020
2023-07-24 18:00:00+00:00,25.534168,89.55725625000001,-0.92592477719385,-0.3777079652039646,8309958.0,29.4,-1.8369701987210292e-16,-1.0,1.0,33136.0,7117.2,36615.0,37.333636363636366,27.4,40389.53,3975.8,512.0,6747.9,920424.94,11129.0,5.214164,2023
2022-01-16 16:00:00+00:00,11.689346,80.46928043999999,0.9623090774541486,0.2719581575341055,7149220.0,85.05,-0.5000000000000004,-0.8660254037844385,0.0,27072.0,7117.2,48625.0,189.04545454545453,7.166666666666667,63838.52,5410.7,982.0,2781.8,750666.1,2472.0,0.3744775,2022
2019-07-31 23:00:00+00:00,21.619379,22.79031588,-0.8738071036110809,-0.4862727071086898,8130738.0,12.45,0.9659258262890684,-0.2588190451025207,1.0,25637.0,7117.2,39397.0,46.88,24.03333333333333,38096.37,3533.9,576.0,531.8,0.0,6622.0,3.8720696,2019
2021-04-03 22:00:00+00:00,12.130771,46.29497964,-0.0301203048469081,0.9995462806873572,12137668.0,19.09,0.8660254037844384,-0.5000000000000004,0.0,21907.0,6111.4,41395.0,58.11636363636364,15.8,43676.94,3379.6,969.0,46.0,0.0,11292.0,2.9308631,2021
2023-07-26 23:00:00+00:00,21.967325,89.55725625000001,-0.9123747579707272,-0.4093559588156215,8309958.0,31.65,0.9659258262890684,-0.2588190451025207,1.0,26101.0,7117.2,34225.0,36.770909090909086,25.6,34524.63,4069.1,576.0,556.2,0.0,4211.0,0.5961424,2023
2020-04-02 18:00:00+00:00,12.528677,17.2389636,-0.0301203048469081,0.9995462806873572,11022385.0,7.4,-1.8369701987210292e-16,-1.0,1.0,27249.0,7117.2,44799.0,161.15,12.0,49790.88,5331.1,1430.0,352.1,426288.6,6426.0,3.6229696,2020
2019-02-21 03:00:00+00:00,7.6674075,22.79031588,0.6254105729852463,0.7802958510707755,8866543.0,20.5,0.7071067811865476,0.7071067811865476,1.0,24002.0,7117.2,54045.0,170.78583333333336,9.833333333333334,55468.69,2557.9,1059.0,41.6,0.0,4108.0,2.7557828,2019
2023-12-06 08:00:00+00:00,8.260067,89.55725625000001,0.9088176373395028,-0.4171936026123169,9349226.0,37.5,-0.4999999999999998,0.8660254037844387,0.0,25033.0,6125.5,45625.0,187.7090909090909,10.966666666666669,68620.58,6330.5,1308.0,2104.8,49754.645,2794.0,1.3774261,2023
2018-05-23 12:00:00+00:00,20.961763,15.1252596,-0.7775971469736267,0.6287628145958347,11943098.0,24.5,-1.0,1.2246467991473532e-16,1.0,31427.0,5068.5,46135.0,110.99083333333334,18.0,47885.78,5653.4,1491.0,3696.4,2886593.8,2128.0,1.6631649,2018
2022-02-15 14:00:00+00:00,12.711721,80.46928043999999,0.702527474169157,0.7116566222817747,6930013.0,83.8,-0.8660254037844386,-0.5000000000000001,1.0,31320.0,7117.2,44666.0,65.53363636363636,10.233333333333333,52192.7,4920.6,561.0,9391.0,1880474.2,10165.0,4.8612013,2022
2022-04-27 09:00:00+00:00,14.577251,80.46928043999999,-0.4288919379124835,0.9033558023246844,7856475.0,85.0,-0.7071067811865475,0.7071067811865476,1.0,29991.0,5061.6,30490.0,173.05272727272728,15.466666666666669,41544.72,5578.9,1245.0,7652.5,1459142.1,1112.0,0.63646424,2022
2023-10-22 17:00:00+00:00,17.373394,89.55725625000001,0.3576982388331254,-0.9338372288229252,6686078.0,45.83,-0.2588190451025206,-0.9659258262890684,0.0,22533.0,4765.8,41335.0,36.71272727272727,18.666666666666668,42027.26,3139.7000000000003,636.0,675.2,190973.9,11769.0,4.6052365,2023
2021-10-16 07:00:00+00:00,14.01102,46.29497964,0.2595117970697994,-0.965739937654855,6132781.0,102.0,-0.2588190451025208,0.9659258262890684,0.0,24957.0,6121.4,43944.0,50.194545454545455,17.7,47453.6,4649.4,429.0,2490.0,78531.625,1390.0,0.61354744,2021
2023-03-15 16:00:00+00:00,17.692734,89.55725625000001,0.2926003356333486,0.9562348265919056,9946780.0,46.5,-0.5000000000000004,-0.8660254037844385,1.0,27135.0,7117.2,37155.0,82.27636363636364,13.433333333333332,47313.35,4742.6,1164.0,10404.2,1689829.0,2539.0,0.74118924,2023
2022-02-14 18:00:00+00:00,10.837415,80.46928043999999,0.7146733860429609,0.699458327051647,6930013.0,80.0,-1.8369701987210292e-16,-1.0,1.0,33759.0,7117.2,44666.0,64.16090909090909,10.433333333333332,66362.35,5629.7,761.0,184.3,105987.945,12158.0,6.664903,2022
2019-11-07 06:00:00+00:00,11.922011,22.79031588,0.5981809144059166,-0.8013610881746764,6430248.0,12.51,6.123233995736766e-17,1.0,1.0,28768.0,5047.5,40040.0,96.10083333333334,15.666666666666666,53193.31,2351.5,1304.0,34.3,0.0,8225.0,5.952777,2019
2018-01-25 14:00:00+00:00,11.784727,15.1252596,0.9088176373395028,0.4171936026123168,5403403.3,19.04,-0.8660254037844386,-0.5000000000000001,1.0,33502.0,7117.2,58695.0,216.375,9.55,61015.57,3541.5,1245.0,1160.4,1081977.1,6609.0,4.46337,2018
2018-05-23 14:00:00+00:00,21.287054,15.1252596,-0.7775971469736267,0.6287628145958347,11943098.0,24.5,-0.8660254037844386,-0.5000000000000001,1.0,30529.0,5068.5,46135.0,110.99083333333334,18.0,45424.4,5832.3,1480.0,2955.7,2635954.5,2382.0,1.4473282,2018
2022-01-23 00:00:00+00:00,5.939934,80.46928043999999,0.9226395488404876,0.3856634062436071,7209468.0,80.0,1.0,0.0,0.0,24367.0,7117.2,49251.0,138.9109090909091,6.8,65489.13,3459.1,823.0,16.2,0.0,4341.0,4.076144,2022
2020-10-10 04:00:00+00:00,15.641741,17.2389636,0.1755314904214277,-0.9844738167520924,8345466.0,12.3,0.5000000000000001,0.8660254037844386,0.0,21271.0,6125.5,42805.0,78.99363636363636,19.133333333333333,37923.9,2538.8,604.0,42.4,0.0,6503.0,3.0964112,2020
2018-08-05 20:00:00+00:00,27.517992,15.1252596,-0.8287700871745037,-0.5595892624101767,10315467.2,25.25,0.5000000000000001,-0.8660254037844386,0.0,31805.0,6553.3,39071.0,42.91090909090909,25.65,42360.07,5697.0,921.0,442.0,24523.254,4246.0,1.1372303,2018
2018-09-05 19:00:00+00:00,21.979607,15.1252596,-0.4288919379124841,-0.9033558023246842,9110095.3,29.5,0.2588190451025203,-0.9659258262890684,1.0,34330.0,7117.2,45412.0,48.00583333333333,24.23333333333333,46670.65,6481.8,798.0,372.4,55082.76,3950.0,2.0527544,2018
2018-08-25 10:00:00+00:00,23.940323,15.1252596,-0.5912614448635782,-0.8064799463209447,9628642.2,27.99,-0.8660254037844387,0.4999999999999999,0.0,29814.0,7117.2,32515.0,44.87916666666666,23.8,37288.14,4286.3,814.0,4855.0,2161898.5,3521.0,1.9933294,2018
2019-06-12 22:00:00+00:00,15.772756,22.79031588,-0.9441875088341992,0.3294084822245304,9712119.0,13.9,0.8660254037844384,-0.5000000000000004,1.0,25730.0,7117.2,43739.0,40.844545454545454,19.833333333333336,42720.86,3071.0,877.0,605.7,0.0,5383.0,1.9316814,2019
2019-11-04 06:00:00+00:00,15.458536,22.79031588,0.5560174366570438,-0.8311706263658084,6430248.0,10.0,6.123233995736766e-17,1.0,1.0,27169.0,5047.5,39990.0,47.26916666666667,17.466666666666665,47229.3,897.1999999999998,1041.0,32.4,0.0,14729.0,8.946733,2019
2020-10-09 09:00:00+00:00,18.317673,17.2389636,0.1585593851031347,-0.9873494423939864,8345466.0,13.25,-0.7071067811865475,0.7071067811865476,1.0,30423.0,6125.5,42900.0,70.24181818181819,19.133333333333333,51467.52,5379.6,911.0,6643.6,1070438.0,914.0,0.9242744,2020
2019-02-24 20:00:00+00:00,12.0965185,22.79031588,0.5842981736283684,0.811539059007361,8866543.0,20.4,0.5000000000000001,-0.8660254037844386,0.0,30356.0,7117.2,54136.0,150.68416666666664,10.233333333333333,55908.9,5982.9,1127.0,268.5,0.0,2939.0,3.019548,2019
2020-05-01 08:00:00+00:00,16.158043,17.2389636,-0.5049610547215204,0.8631421280499114,12486925.0,6.23,-0.4999999999999998,0.8660254037844387,0.0,20428.0,5110.1,37350.0,229.0309090909091,15.533333333333331,31615.28,1993.0,1675.0,5424.4,997842.75,12308.0,6.460332,2020
2020-03-31 11:00:00+00:00,10.632898,17.2389636,0.0043035382962442,0.99999073973619,11022385.0,7.35,-0.9659258262890682,0.258819045102521,1.0,30156.0,7117.2,41489.0,128.33090909090907,11.9,44311.17,3659.7,1333.0,2478.2,1530114.1,9374.0,4.2463646,2020
2019-05-01 01:00:00+00:00,13.009411,22.79031588,-0.4900286664290592,0.8717063187093218,9617996.0,16.5,0.9659258262890684,0.2588190451025207,0.0,20785.0,6125.5,45040.0,74.00333333333333,17.066666666666666,40019.94,3189.2,1216.0,309.6,0.0,3836.0,2.0320764,2019
2020-11-21 08:00:00+00:00,9.574046,17.2389636,0.7829801036770624,-0.622046748440868,8582863.0,13.7,-0.4999999999999998,0.8660254037844387,0.0,26707.0,7117.2,50690.0,55.75909090909091,13.466666666666669,55814.04,2391.0,755.0,2659.0,161146.31,4030.0,4.6013026,2020
2023-03-19 17:00:00+00:00,15.504074,89.55725625000001,0.2261156855082882,0.9741004551724204,9946780.0,41.98,-0.2588190451025206,-0.9659258262890684,0.0,21977.0,7117.2,35020.0,61.86272727272728,14.033333333333331,38604.97,4225.1,996.0,5222.8,1002877.7,3280.0,2.180861,2023
2019-05-02 17:00:00+00:00,18.194408,22.79031588,-0.5049610547215204,0.8631421280499114,9617996.0,15.45,-0.2588190451025206,-0.9659258262890684,1.0,27806.0,6125.5,45045.0,67.29,17.366666666666664,49828.96,5173.4,1175.0,1914.5,1307647.9,8270.0,3.7469077,2019
2022-01-23 01:00:00+00:00,5.706286,80.46928043999999,0.9226395488404876,0.3856634062436071,7209468.0,80.0,0.9659258262890684,0.2588190451025207,0.0,22987.0,7117.2,48142.0,138.9109090909091,6.8,64892.79,3106.6000000000004,792.0,15.8,0.0,4084.0,4.0896873,2022
2020-03-31 10:00:00+00:00,10.089679,17.2389636,0.0043035382962442,0.99999073973619,11022385.0,7.35,-0.8660254037844387,0.4999999999999999,1.0,29264.0,7117.2,41489.0,128.33090909090907,11.9,45857.23,3488.1,1301.0,2144.6,1198444.8,9318.0,4.1494617,2020
2022-04-26 22:00:00+00:00,13.617541,80.46928043999999,-0.4132786077829042,0.9106046300942162,7856475.0,87.83,0.8660254037844384,-0.5000000000000004,1.0,24131.0,5061.6,30490.0,173.05272727272728,15.466666666666669,43412.06,4700.1,1265.0,64.1,0.0,3023.0,0.26260686,2022
2021-04-25 05:00:00+00:00,13.05056,46.29497964,-0.3975428142825558,0.9175836260593938,11503922.0,20.5,0.2588190451025207,0.9659258262890684,0.0,19812.0,6121.4,39375.0,51.44818181818182,16.066666666666666,30935.86,2526.1,842.0,127.6,148.15698,6507.0,4.4056797,2021
2023-08-22 21:00:00+00:00,27.127756,89.55725625000001,-0.6321034111873488,-0.7748840413670406,7451239.0,40.6,0.7071067811865474,-0.7071067811865477,1.0,31326.0,6947.5,33865.0,38.03727272727273,27.96666666666667,43158.82,5232.6,580.0,557.4,0.0,6985.0,2.60671,2023
2023-03-06 21:00:00+00:00,10.854801,89.55725625000001,0.436651231956064,0.8996308696522433,9735057.0,49.95,0.7071067811865474,-0.7071067811865477,1.0,32397.0,7117.2,37389.0,72.73299999999999,12.3,56347.75,5916.6,1048.0,179.6,0.0,7321.0,4.5503206,2023
2020-12-29 06:00:00+00:00,7.138495,17.2389636,0.9998518392091162,-0.0172133561558352,9415749.0,19.5,6.123233995736766e-17,1.0,1.0,26635.0,7117.2,52235.0,181.1563636363636,8.633333333333335,57362.76,1383.0,1414.0,3.3,0.0,13531.0,7.823923,2020
2020-11-03 14:00:00+00:00,16.726835,17.2389636,0.5560174366570438,-0.8311706263658084,8534366.0,13.6,-0.8660254037844386,-0.5000000000000001,1.0,29757.0,6125.5,48467.0,91.43,16.099999999999998,49515.94,3808.9,938.0,3027.1,1289663.2,8571.0,4.4905972,2020
2020-12-19 05:00:00+00:00,10.402584,17.2389636,0.9821256058680004,-0.1882267098432448,8925312.0,18.88,0.2588190451025207,0.9659258262890684,0.0,23191.0,7117.2,48825.0,167.34,10.4,41117.04,2882.3,1451.0,16.0,0.0,6401.0,3.350077,2020
2020-12-28 02:00:00+00:00,8.974193,17.2389636,0.9994074007397048,-0.0344216116227458,9415749.0,19.48,0.8660254037844387,0.4999999999999999,1.0,19810.0,7117.2,49105.0,157.29272727272726,8.466666666666667,51777.06,-55.69999999999982,1218.0,5.6,0.0,15853.0,11.702631,2020
2020-10-09 14:00:00+00:00,22.508638,17.2389636,0.1585593851031347,-0.9873494423939864,8345466.0,13.25,-0.8660254037844386,-0.5000000000000001,1.0,28417.0,6125.5,42900.0,70.24181818181819,19.133333333333333,43338.93,5015.9,736.0,6754.0,1960794.5,1497.0,1.0802981,2020
2019-08-02 15:00:00+00:00,27.789204,22.79031588,-0.8565509959010037,-0.5160623910158526,8130738.0,12.0,-0.7071067811865477,-0.7071067811865475,1.0,33777.0,7117.2,41489.0,48.225,24.4,38542.24,5076.5,683.0,5134.2,2748503.0,2151.0,2.4807546,2019
2018-01-12 17:00:00+00:00,9.742404,15.1252596,0.9787400799669153,0.2051044998686192,5284527.7,21.99,-0.2588190451025206,-0.9659258262890684,1.0,35927.0,6053.3,56345.0,217.61166666666665,9.0,73297.96,6720.8,1322.0,137.4,179396.86,4926.0,1.4678369,2018
2023-12-08 01:00:00+00:00,12.364942,89.55725625000001,0.9226395488404876,-0.3856634062436074,9349226.0,37.9,0.9659258262890684,0.2588190451025207,0.0,21774.0,6125.5,45645.0,126.98818181818184,11.266666666666666,51191.09,1824.7000000000005,1232.0,9.2,0.0,14001.0,7.1304607,2023
2018-06-01 08:00:00+00:00,17.164303,15.1252596,-0.865307254363206,0.5012418134457758,12098391.3,24.0,-0.4999999999999998,0.8660254037844387,1.0,31381.0,4076.8,44702.0,425.71230769230766,16.5,48785.8,4785.0,1676.0,3264.0,1247774.9,1485.0,1.2347784,2018
2020-04-02 07:00:00+00:00,9.217383,17.2389636,-0.0301203048469081,0.9995462806873572,11022385.0,7.4,-0.2588190451025208,0.9659258262890684,1.0,24998.0,7117.2,45349.0,161.15,12.0,53226.91,4088.3,1385.0,1347.7,175330.97,3842.0,2.531094,2020
2019-07-25 23:00:00+00:00,22.831612,22.79031588,-0.9192859697186104,-0.3935902766564669,8415226.0,13.6,0.9659258262890684,-0.2588190451025207,1.0,27951.0,7117.2,38116.0,43.82916666666666,24.899999999999995,41071.32,3470.5,642.0,417.5,0.0,5165.0,1.3373272,2019
2021-05-16 20:00:00+00:00,17.737135,46.29497964,-0.6963762255968722,0.717676913675962,11206561.0,25.82,0.5000000000000001,-0.8660254037844386,0.0,26219.0,5068.5,40650.0,52.44545454545455,19.53333333333333,36146.51,3695.9,1448.0,526.9,20525.592,8857.0,4.947725,2021
2019-01-19 21:00:00+00:00,9.145867,22.79031588,0.9469877530760752,0.3212696616923644,7877846.0,25.7,0.7071067811865474,-0.7071067811865477,0.0,32728.0,6053.3,50163.0,42.7825,9.366666666666664,65341.45,4356.0,830.0,12.0,0.0,7789.0,3.7891316,2019
2018-12-07 00:00:00+00:00,11.046728,15.1252596,0.9158642882672872,-0.4014879892059729,8084888.0,25.2,1.0,0.0,1.0,23717.0,6121.4,52520.0,103.66166666666668,11.966666666666669,47079.3,4797.6,1126.0,17.5,0.0,4552.0,1.8580945,2018
2022-02-16 09:00:00+00:00,10.4424305,80.46928043999999,0.6901733882429719,0.7236440382959124,6930013.0,76.99,-0.7071067811865475,0.7071067811865476,1.0,33118.0,7117.2,45966.0,69.81636363636363,10.266666666666667,54112.43,4976.6,622.0,5792.6,570823.06,11783.0,4.903569,2022
2020-01-04 03:00:00+00:00,7.861554,17.2389636,0.9976303053065856,0.0688024268023198,9522998.0,10.7,0.7071067811865476,0.7071067811865476,0.0,21353.0,7117.2,50290.0,143.1590909090909,8.5,50267.65,3949.2,1218.0,7.9,0.0,4495.0,2.8403072,2020
2021-06-04 16:00:00+00:00,21.112242,46.29497964,-0.8900275764346767,0.4559066935084588,11052279.0,26.25,-0.5000000000000004,-0.8660254037844385,1.0,28226.0,5068.5,40670.0,60.658181818181816,21.83333333333333,40119.85,3892.5,1162.0,6755.2,1775184.9,4606.0,1.3665944,2021
2020-01-06 14:00:00+00:00,12.269784,17.2389636,0.9946708199115212,0.1031016974474348,9753093.0,13.0,-0.8660254037844386,-0.5000000000000001,0.0,24191.0,7117.2,54490.0,139.1327272727273,8.5,63172.57,7280.1,1260.0,4748.9,1404374.9,1032.0,0.011168208,2020
2022-09-21 01:00:00+00:00,18.684776,80.46928043999999,-0.1670516255021195,-0.9859481499638304,5094243.0,40.0,0.9659258262890684,0.2588190451025207,1.0,22187.0,7117.2,28905.0,38.094545454545454,23.166666666666668,33513.79,4431.7,368.0,57.8,0.0,4927.0,1.5983766,2022
2019-05-01 05:00:00+00:00,11.851114,22.79031588,-0.4900286664290592,0.8717063187093218,9617996.0,16.5,0.2588190451025207,0.9659258262890684,0.0,19891.0,6125.5,46375.0,74.00333333333333,17.066666666666666,38117.97,2920.7,1179.0,150.9,884.8723,3349.0,2.1060526,2019
2022-04-27 03:00:00+00:00,12.417946,80.46928043999999,-0.4288919379124835,0.9033558023246844,7856475.0,85.0,0.7071067811865476,0.7071067811865476,1.0,22037.0,5061.6,30490.0,173.05272727272728,15.466666666666669,38140.9,4239.9,1239.0,12.7,0.0,2092.0,0.38480785,2022
2019-02-01 13:00:00+00:00,11.503939,22.79031588,0.8520775211013093,0.5234156073655503,8079559.0,23.5,-0.9659258262890684,-0.2588190451025203,1.0,34571.0,7117.2,55545.0,564.9576923076922,9.233333333333333,72847.03,2484.6000000000004,1639.0,2359.2,1359040.4,15307.0,10.582368,2019
2020-02-25 08:00:00+00:00,10.453211,17.2389636,0.5702422926917871,0.8214765533024142,10318969.0,10.14,-0.4999999999999998,0.8660254037844387,1.0,33385.0,7117.2,49444.0,93.02727272727272,11.0,59387.91,2626.0,1111.0,2158.3,257972.78,7952.0,5.044275,2020
2022-02-01 07:00:00+00:00,7.3814254,80.46928043999999,0.8520775211013093,0.5234156073655503,7003277.0,86.25,-0.2588190451025208,0.9659258262890684,1.0,33761.0,7117.2,48191.0,99.4136363636364,7.833333333333333,70186.93,3151.1,634.0,279.8,121.51416,13905.0,6.5193667,2022
2018-12-09 15:00:00+00:00,15.808345,15.1252596,0.9291414114031744,-0.3697245428906732,8084888.0,25.39,-0.7071067811865477,-0.7071067811865475,0.0,25493.0,6121.4,52340.0,98.72499999999998,11.733333333333334,40842.71,4956.4,1037.0,1947.7,963718.0,5286.0,3.789713,2018
2019-06-11 02:00:00+00:00,14.572217,22.79031588,-0.938377391740864,0.3456123126707335,9712119.0,13.75,0.8660254037844387,0.4999999999999999,1.0,22547.0,7117.2,42729.0,40.47666666666667,19.96666666666667,34945.38,2413.7,874.0,544.7,0.0,4682.0,3.5351493,2019
2020-11-04 19:00:00+00:00,13.029817,17.2389636,0.5702422926917867,-0.8214765533024145,8534366.0,13.3,0.2588190451025203,-0.9659258262890684,1.0,33110.0,6125.5,47917.0,91.32181818181816,15.566666666666668,58686.54,3256.0,943.0,17.8,0.0,11912.0,6.964995,2020
2019-01-16 05:00:00+00:00,6.2227077,22.79031588,0.9623090774541486,0.2719581575341055,7877846.0,26.25,0.2588190451025207,0.9659258262890684,1.0,28773.0,7117.2,54037.0,50.00666666666667,9.433333333333332,64986.25,4650.0,742.0,16.4,0.0,2809.0,1.7901633,2019
2018-09-04 14:00:00+00:00,25.578617,15.1252596,-0.4443781781046134,-0.8958392907349089,9110095.3,29.7,-0.8660254037844386,-0.5000000000000001,1.0,35051.0,7117.2,45177.0,50.44416666666667,24.433333333333334,45151.75,6627.2,748.0,4239.1,2443514.0,3548.0,0.5554752,2018
2019-08-17 06:00:00+00:00,20.129755,22.79031588,-0.6963762255968724,-0.7176769136759618,7706520.0,11.25,6.123233995736766e-17,1.0,0.0,24206.0,7117.2,38281.0,48.27416666666667,24.63333333333333,30020.870000000003,3568.4,528.0,871.3,67650.83,1939.0,0.10179725,2019
2018-12-01 02:00:00+00:00,9.273628,15.1252596,0.8695893893466109,-0.4937755501599773,7992028.0,25.79,0.8660254037844387,0.4999999999999999,0.0,23430.0,5110.1,48510.0,104.97416666666668,11.933333333333332,48749.66,4850.4,1084.0,15.9,0.0,6615.0,2.7916408,2018
2023-02-08 01:00:00+00:00,7.2137527,89.55725625000001,0.7829801036770629,0.6220467484408675,9996284.0,50.0,0.9659258262890684,0.2588190451025207,1.0,24454.0,7117.2,44985.0,92.84181818181818,11.0,59343.08,2560.1,872.0,2.3,0.0,11249.0,6.4836726,2023
2022-05-10 15:00:00+00:00,22.784143,80.46928043999999,-0.6186714032625031,0.7856498550787147,7941866.0,83.0,-0.7071067811865477,-0.7071067811865475,1.0,28398.0,6125.5,29430.0,78.91272727272727,18.1,36295.71,4564.8,1005.0,12051.6,2746450.5,3309.0,0.33641598,2022
2023-02-08 18:00:00+00:00,9.430016,89.55725625000001,0.7829801036770629,0.6220467484408675,9996284.0,50.0,-1.8369701987210292e-16,-1.0,1.0,35721.0,7117.2,45555.0,92.84181818181818,11.0,71523.02,5018.0,1048.0,95.5,59269.47,6968.0,5.8911266,2023
2023-09-16 13:00:00+00:00,23.31558,89.55725625000001,-0.2511900638848195,-0.9679377830240642,7181439.0,35.4,-0.9659258262890684,-0.2588190451025203,0.0,24625.0,7028.3,42675.0,45.22,23.666666666666668,30251.34,2177.6,492.0,9678.0,2222016.0,5766.0,3.3331535,2023
2020-04-25 02:00:00+00:00,13.322973,17.2389636,-0.4132786077829042,0.9106046300942162,12134569.0,6.19,0.8660254037844387,0.4999999999999999,0.0,18796.0,5890.1,39825.0,213.14,15.6,32648.91,3347.8,1577.0,35.1,0.0,1611.0,1.3995553,2020
2018-09-13 23:00:00+00:00,20.758678,15.1252596,-0.300819807635668,-0.9536809966304456,8868060.9,29.24,0.9659258262890684,-0.2588190451025207,1.0,25698.0,7117.2,48105.0,65.24583333333332,23.26666666666667,39942.7,4665.4,633.0,147.1,0.0,4503.0,1.8470335,2018
2019-11-07 12:00:00+00:00,13.841041,22.79031588,0.5981809144059166,-0.8013610881746764,6430248.0,12.51,-1.0,1.2246467991473532e-16,1.0,32403.0,5047.5,40040.0,96.10083333333334,15.666666666666666,53127.61,2870.7,1250.0,3577.3,1448258.2,10990.0,7.4752235,2019
2021-06-25 09:00:00+00:00,21.74014,46.29497964,-0.993746580436178,0.1116590071216946,10560103.0,31.5,-0.7071067811865475,0.7071067811865476,1.0,30684.0,6401.1,42175.0,55.73909090909091,21.866666666666664,44496.64,5339.5,1103.0,10131.3,2089458.1,3498.0,3.0155504,2021
2020-01-26 06:00:00+00:00,8.168811,17.2389636,0.901501684131884,0.4327755925504312,9950225.0,10.9,6.123233995736766e-17,1.0,0.0,23087.0,7117.2,50180.0,141.62636363636364,9.033333333333331,56234.12,3896.4,1130.0,10.8,0.0,5060.0,3.3368695,2020
2021-02-04 02:00:00+00:00,11.025686,46.29497964,0.8239230057575543,0.5667017562911175,10269799.0,17.68,0.8660254037844387,0.4999999999999999,1.0,23114.0,7117.2,50102.0,284.3609090909091,9.833333333333334,50514.77,3466.4,1797.0,20.7,0.0,5570.0,3.037045,2021
2020-12-23 01:00:00+00:00,11.044571,17.2389636,0.9927487224577402,-0.1202080448993527,9231297.0,18.8,0.9659258262890684,0.2588190451025207,1.0,22718.0,7117.2,52010.0,145.3790909090909,10.366666666666664,43623.93,2973.6,1442.0,30.6,0.0,7246.0,3.9035692,2020
2023-03-14 23:00:00+00:00,10.957767,89.55725625000001,0.3090169943749474,0.9510565162951536,9946780.0,48.0,0.9659258262890684,-0.2588190451025207,1.0,24566.0,7117.2,36760.0,82.27636363636364,13.433333333333332,48816.04,5231.2,1356.0,202.3,0.0,4531.0,3.4094207,2023
2020-12-21 01:00:00+00:00,10.148571,17.2389636,0.9880226656636976,-0.154308820664281,9231297.0,18.87,0.9659258262890684,0.2588190451025207,1.0,21498.0,7117.2,52010.0,150.12454545454543,10.4,48948.33,2852.8,1410.0,42.3,0.0,7062.0,1.8225743,2020
2021-08-05 07:00:00+00:00,20.331701,46.29497964,-0.8287700871745037,-0.5595892624101767,8477701.0,41.75,-0.2588190451025208,0.9659258262890684,1.0,29356.0,7117.2,41710.0,60.29454545454544,24.53333333333333,41456.77,4297.7,793.0,5590.1,543109.94,3313.0,1.5979068,2021
2022-03-27 08:00:00+00:00,11.28979,80.46928043999999,0.0902516100310411,0.995918996147179,7046049.0,94.0,-0.4999999999999998,0.8660254037844387,0.0,23559.0,6053.3,31605.0,92.62727272727273,12.533333333333331,38343.51,2372.5,926.0,4400.7,618254.25,4114.0,4.080386,2022
2019-08-02 17:00:00+00:00,27.370125,22.79031588,-0.8565509959010037,-0.5160623910158526,8130738.0,12.0,-0.2588190451025206,-0.9659258262890684,1.0,32717.0,7117.2,41489.0,48.225,24.4,41536.3,4593.2,647.0,3153.1,1651318.2,2977.0,2.6229594,2019
2023-07-26 12:00:00+00:00,25.911243,89.55725625000001,-0.9123747579707272,-0.4093559588156215,8309958.0,31.65,-1.0,1.2246467991473532e-16,1.0,31526.0,7117.2,35225.0,37.18454545454545,25.1,34341.42,4309.7,548.0,16462.9,3056070.8,2000.0,1.3523676,2023
2019-11-04 16:00:00+00:00,16.808989,22.79031588,0.5560174366570438,-0.8311706263658084,6430248.0,10.0,-0.5000000000000004,-0.8660254037844385,1.0,29787.0,5047.5,41100.0,47.26916666666667,17.466666666666665,47631.73,2567.2000000000003,1146.0,473.9,505487.84,14259.0,9.9244995,2019
2018-03-17 06:00:00+00:00,7.769716,15.1252596,0.2595117970697999,0.9657399376548548,8217673.2,23.8,6.123233995736766e-17,1.0,0.0,24825.0,6071.9,47330.0,380.4692307692307,10.1,54281.27,3214.0,1728.0,55.1,84.474915,8986.0,6.679654,2018
2020-08-01 19:00:00+00:00,26.624216,17.2389636,-0.8565509959010037,-0.5160623910158526,11141120.0,7.19,0.2588190451025203,-0.9659258262890684,0.0,31184.0,7117.2,34190.0,62.367,26.466666666666665,40032.85,3776.5,792.0,773.2,343052.72,8860.0,3.944219,2020
2022-02-04 14:00:00+00:00,13.73381,80.46928043999999,0.8239230057575543,0.5667017562911175,7003277.0,78.0,-0.8660254037844386,-0.5000000000000001,1.0,31066.0,7117.2,48656.0,111.54454545454549,8.533333333333333,53276.73,5932.7,617.0,4800.0,1359703.4,4639.0,3.1148484,2022
2019-02-23 19:00:00+00:00,13.40746,22.79031588,0.5981809144059164,0.8013610881746766,8866543.0,20.01,0.2588190451025203,-0.9659258262890684,0.0,30413.0,7117.2,52269.0,157.72916666666666,10.1,55311.14,6912.9,1218.0,72.4,2408.2505,5093.0,1.7648656,2019
2023-09-30 18:00:00+00:00,25.116829,89.55725625000001,-0.0129102960750088,-0.999916658654738,7052792.0,40.0,-1.8369701987210292e-16,-1.0,0.0,27029.0,5983.0,39641.0,33.791,23.23333333333333,41502.12,5723.0,384.0,755.5,180894.78,3097.0,1.066791,2023
2018-12-07 21:00:00+00:00,11.833933,15.1252596,0.9158642882672872,-0.4014879892059729,8084888.0,25.2,0.7071067811865474,-0.7071067811865477,1.0,29878.0,6121.4,52705.0,103.66166666666668,11.966666666666669,47877.09,6392.0,1225.0,53.5,0.0,7059.0,4.9438686,2018
2023-12-23 12:00:00+00:00,12.484247,89.55725625000001,0.9905324521322229,-0.1372787721132651,9597457.0,31.43,-1.0,1.2246467991473532e-16,0.0,24962.0,7117.2,42745.0,169.24727272727273,10.666666666666666,33980.97,6037.0,1072.0,11592.9,1405255.8,6602.0,1.9393789,2023
2019-07-31 03:00:00+00:00,18.631174,22.79031588,-0.8738071036110809,-0.4862727071086898,8130738.0,12.45,0.7071067811865476,0.7071067811865476,1.0,24276.0,7117.2,39397.0,47.693333333333335,23.633333333333336,32290.01,2228.4,552.0,435.7,0.0,5688.0,4.9089694,2019
2022-03-27 22:00:00+00:00,12.074043,80.46928043999999,0.0902516100310411,0.995918996147179,7046049.0,94.0,0.8660254037844384,-0.5000000000000004,1.0,22742.0,6053.3,31490.0,89.98181818181818,13.1,42634.17,2913.1,959.0,128.8,0.0,7987.0,4.7732944,2022
2020-12-31 13:00:00+00:00,10.068489,17.2389636,0.9998518392091162,0.0172133561558347,9415749.0,21.53,-0.9659258262890684,-0.2588190451025203,1.0,29478.0,7117.2,52235.0,201.49000000000004,8.266666666666667,62098.38,2504.8,1532.0,4872.2,1272639.5,9315.0,6.1345887,2020
2022-02-01 19:00:00+00:00,10.750646,80.46928043999999,0.8520775211013093,0.5234156073655503,7003277.0,86.25,0.2588190451025203,-0.9659258262890684,1.0,35907.0,7117.2,48191.0,99.4136363636364,7.833333333333333,62406.74,5541.3,760.0,43.6,0.41331345,12444.0,3.7865348,2022
2018-10-19 03:00:00+00:00,15.534855,15.1252596,0.3090169943749472,-0.9510565162951536,7777168.0,27.45,0.7071067811865476,0.7071067811865476,1.0,22949.0,7117.2,46425.0,74.63333333333333,19.266666666666666,36869.19,1234.1,623.0,9.7,0.0,7663.0,3.6486194,2018
2018-12-23 00:00:00+00:00,10.261145,15.1252596,0.9905324521322229,-0.1372787721132651,8153074.0,24.5,1.0,0.0,0.0,23112.0,5076.1,51510.0,110.14416666666668,10.066666666666668,48882.34,4449.8,1231.0,14.5,0.0,2805.0,1.0479354,2018
2022-02-08 18:00:00+00:00,12.617265,80.46928043999999,0.7829801036770629,0.6220467484408675,6964737.0,78.0,-1.8369701987210292e-16,-1.0,1.0,33992.0,7117.2,46051.0,92.72727272727272,10.05,70720.13,6477.1,739.0,167.0,84417.24,4466.0,3.5107048,2022
2022-01-18 10:00:00+00:00,8.10567,80.46928043999999,0.9523775757303976,0.304921224656289,7209468.0,82.0,-0.8660254037844387,0.4999999999999999,1.0,35480.0,7117.2,48625.0,162.80181818181816,6.9,75528.55,6003.1,954.0,7864.3,963603.94,1902.0,1.3762099,2022
2018-09-02 16:00:00+00:00,27.887928,15.1252596,-0.4749510720670502,-0.8800122039735356,9346210.2,28.84,-0.5000000000000004,-0.8660254037844385,0.0,28110.0,7117.2,38762.0,47.61333333333334,24.3,34895.88,3827.4,732.0,2872.3,1751836.5,2575.0,0.72508484,2018
2020-12-20 05:00:00+00:00,10.233563,17.2389636,0.9852201067560606,-0.1712931441814778,8925312.0,17.8,0.2588190451025207,0.9659258262890684,0.0,21082.0,7117.2,51105.0,158.01727272727274,10.566666666666666,43849.02,3460.5,1431.0,4.7,0.0,4321.0,2.7782397,2020
2021-05-15 09:00:00+00:00,17.21175,46.29497964,-0.6839194216246103,0.7295575540864878,11206561.0,24.8,-0.7071067811865475,0.7071067811865476,0.0,26856.0,6071.9,39795.0,50.99454545454546,18.166666666666668,38679.34,3043.7,1233.0,9345.4,1529014.6,10310.0,3.6753118,2021
2022-03-23 01:00:00+00:00,10.423304,80.46928043999999,0.1585593851031345,0.9873494423939864,7046049.0,92.0,0.9659258262890684,0.2588190451025207,1.0,21933.0,6053.3,33435.0,119.93545454545456,11.966666666666669,47701.19,2939.3,938.0,9.9,0.0,11912.0,6.339977,2022
2019-07-26 22:00:00+00:00,21.28162,22.79031588,-0.9123747579707272,-0.4093559588156215,8415226.0,14.0,0.8660254037844384,-0.5000000000000004,0.0,28095.0,7117.2,35067.0,45.59166666666666,24.3,42880.49,4039.6,641.0,488.1,0.0,5330.0,3.4396908,2019
2020-04-30 11:00:00+00:00,16.705671,17.2389636,-0.4900286664290592,0.8717063187093218,12486925.0,6.3,-0.9659258262890682,0.258819045102521,1.0,27934.0,5110.1,39170.0,259.9790909090909,15.466666666666669,37803.11,2950.9,1664.0,5826.2,2084258.1,15492.0,7.2846084,2020
2023-07-29 01:00:00+00:00,21.896563,89.55725625000001,-0.8900275764346768,-0.4559066935084586,8309958.0,27.74,0.9659258262890684,0.2588190451025207,0.0,23450.0,7117.2,33500.0,39.99545454545455,26.23333333333333,29171.35,3433.0,544.0,551.5,0.0,3218.0,1.2955947,2023
2018-10-20 15:00:00+00:00,19.898165,15.1252596,0.3253420847119803,-0.9455963874271424,7777168.0,25.69,-0.7071067811865477,-0.7071067811865475,0.0,25129.0,7117.2,43775.0,75.15416666666667,19.3,37137.39,2655.9,728.0,992.9,1161422.1,8448.0,5.9514256,2018
2020-01-24 03:00:00+00:00,8.714418,17.2389636,0.9158642882672872,0.401487989205973,9950225.0,14.32,0.7071067811865476,0.7071067811865476,1.0,24385.0,7117.2,53195.0,167.29090909090908,8.200000000000001,61425.4,4103.9,1153.0,1.3,0.0,3712.0,2.8455753,2020
2020-03-21 14:00:00+00:00,13.30147,17.2389636,0.1755314904214282,0.9844738167520922,10818085.0,7.9,-0.8660254037844386,-0.5000000000000001,0.0,25184.0,7117.2,42499.0,289.9791666666667,11.933333333333332,34284.35,4580.0,1724.0,2654.4,1895361.4,3469.0,0.82720494,2020
2018-11-30 18:00:00+00:00,11.554822,15.1252596,0.8609610158889941,-0.5086709438521049,7992028.0,26.75,-1.8369701987210292e-16,-1.0,1.0,36076.0,5110.1,51530.0,104.96166666666666,11.9,64840.48,7697.6,1288.0,55.9,559.18134,6968.0,4.349038,2018
2019-07-31 21:00:00+00:00,22.846087,22.79031588,-0.8738071036110809,-0.4862727071086898,8130738.0,12.45,0.7071067811865474,-0.7071067811865477,1.0,29026.0,7117.2,39397.0,47.693333333333335,23.633333333333336,46132.58,4674.1,593.0,582.1,0.0,7652.0,4.1393366,2019
2023-10-02 15:00:00+00:00,26.960327,89.55725625000001,0.0215160974362222,-0.9997685019798908,6899173.0,39.89,-0.7071067811865477,-0.7071067811865475,1.0,29058.0,5983.0,39601.0,36.446,23.433333333333337,36483.85,4370.0,364.0,13301.2,1891880.1,5763.0,1.3124202,2023
2018-12-24 23:00:00+00:00,9.483662,15.1252596,0.9927487224577402,-0.1202080448993527,8192252.0,25.5,0.9659258262890684,-0.2588190451025207,0.0,22468.0,5776.1,54005.0,103.295,10.4,54668.74,3810.5,1184.0,18.2,0.0,1873.0,1.9876729,2018
2020-11-18 02:00:00+00:00,12.878381,17.2389636,0.7498264012045686,-0.6616346182422783,8582863.0,14.57,0.8660254037844387,0.4999999999999999,1.0,22197.0,6345.5,49310.0,79.13999999999999,14.033333333333331,45456.46,2702.0,733.0,35.1,0.0,5069.0,2.1448443,2020
2022-09-13 04:00:00+00:00,21.970734,80.46928043999999,-0.300819807635668,-0.9536809966304456,5329748.0,40.0,0.5000000000000001,0.8660254037844386,1.0,24890.0,7117.2,28226.0,40.654545454545456,23.3,37453.27,893.9000000000001,408.0,9.6,0.0,12081.0,5.2978306,2022
2019-06-10 02:00:00+00:00,15.010776,22.79031588,-0.9322892131745132,0.3617137307297676,9712119.0,14.95,0.8660254037844387,0.4999999999999999,1.0,21073.0,7117.2,41229.0,43.13833333333334,20.83333333333333,31979.88,3084.3,831.0,470.1,0.0,6051.0,3.96931,2019
2023-07-28 12:00:00+00:00,26.75728,89.55725625000001,-0.8977433935342338,-0.4405187843504948,8309958.0,30.0,-1.0,1.2246467991473532e-16,1.0,32062.0,7117.2,35720.0,40.03727272727273,25.399999999999995,32466.66,3716.5,584.0,16378.8,3042500.8,3458.0,1.2642745,2023
2021-08-05 09:00:00+00:00,23.300682,46.29497964,-0.8287700871745037,-0.5595892624101767,8477701.0,41.75,-0.7071067811865475,0.7071067811865476,1.0,31428.0,7087.2,42140.0,60.29454545454544,24.53333333333333,40621.64,4487.6,775.0,10066.6,1794113.1,3724.0,2.025911,2021
2021-03-13 21:00:00+00:00,11.156733,46.29497964,0.3253420847119803,0.9455963874271424,12602854.0,17.5,0.7071067811865474,-0.7071067811865477,0.0,28132.0,6111.4,45775.0,128.79727272727274,12.233333333333333,44591.86,3663.9,1235.0,328.3,0.0,7465.0,4.211785,2021
2023-12-05 02:00:00+00:00,9.203545,89.55725625000001,0.9015016841318838,-0.4327755925504317,9349226.0,40.9,0.8660254037844387,0.4999999999999999,1.0,22328.0,6125.5,45190.0,203.5172727272728,11.2,42481.79,4498.0,1296.0,5.9,0.0,7673.0,3.7347598,2023
2019-07-09 01:00:00+00:00,19.695683,22.79031588,-0.99167731989929,-0.1287481774525806,8965089.0,15.0,0.9659258262890684,0.2588190451025207,1.0,24791.0,7117.2,43036.0,77.52454545454545,24.03333333333333,35889.51,4274.0,749.0,410.4,0.0,4085.0,2.3923786,2019
2018-01-09 02:00:00+00:00,5.9634953,15.1252596,0.9880226656636976,0.1543088206642811,5284527.7,23.6,0.8660254037844387,0.4999999999999999,1.0,24829.0,6053.3,58215.0,335.9676923076923,9.35,56451.12,3028.9,1025.0,12.1,0.0,4964.0,3.9238505,2018
2023-09-30 12:00:00+00:00,26.616213,89.55725625000001,-0.0129102960750088,-0.999916658654738,7052792.0,40.0,-1.0,1.2246467991473532e-16,0.0,25197.0,5983.0,39641.0,33.791,23.23333333333333,28883.77,2746.1,356.0,15408.3,2622693.8,2481.0,1.7063339,2023
2020-01-26 14:00:00+00:00,11.91348,17.2389636,0.901501684131884,0.4327755925504312,9950225.0,10.9,-0.8660254037844386,-0.5000000000000001,0.0,28262.0,7117.2,50900.0,141.62636363636364,9.033333333333331,53885.07,4163.3,1249.0,3536.0,1395475.2,7650.0,4.0236797,2020
2018-08-05 10:00:00+00:00,28.660814,15.1252596,-0.8287700871745037,-0.5595892624101767,10315467.2,25.25,-0.8660254037844387,0.4999999999999999,0.0,29153.0,6553.3,39156.0,42.91090909090909,25.65,38784.35,4948.0,908.0,5055.5,2465346.8,1926.0,1.5897632,2018
2020-11-04 08:00:00+00:00,11.644576,17.2389636,0.5702422926917867,-0.8214765533024145,8534366.0,13.3,-0.4999999999999998,0.8660254037844387,1.0,31296.0,6125.5,47917.0,91.32181818181816,15.566666666666668,61104.17,3305.8,959.0,1034.3,194622.28,6285.0,4.114976,2020
2018-03-15 02:00:00+00:00,10.99688,15.1252596,0.2926003356333486,0.9562348265919056,8217673.2,24.8,0.8660254037844387,0.4999999999999999,1.0,24179.0,6071.9,51315.0,337.3684615384616,10.55,46358.63,1372.6999999999998,1846.0,4.6,0.0,13199.0,8.228534,2018
2023-07-22 11:00:00+00:00,25.50495,89.55725625000001,-0.9383773917408642,-0.3456123126707333,8561884.0,30.48,-0.9659258262890682,0.258819045102521,0.0,27684.0,7117.2,35920.0,34.95272727272727,26.75,28682.16,3413.4,548.0,15635.1,2835806.0,1613.0,1.214133,2023
2019-01-16 13:00:00+00:00,11.311036,22.79031588,0.9623090774541486,0.2719581575341055,7877846.0,26.25,-0.9659258262890684,-0.2588190451025203,1.0,35940.0,7117.2,54037.0,50.00666666666667,9.433333333333332,66215.32,7163.0,778.0,2628.6,1365643.0,1781.0,2.5708098,2019
2021-08-23 08:00:00+00:00,22.764553,46.29497964,-0.6186714032625032,-0.7856498550787144,7373652.0,42.89,-0.4999999999999998,0.8660254037844387,1.0,31465.0,7117.2,43377.0,52.95727272727272,24.933333333333334,40492.63,3690.2,657.0,6642.2,1004447.5,6506.0,4.1117563,2021
2019-11-05 14:00:00+00:00,15.103747,22.79031588,0.5702422926917867,-0.8214765533024145,6430248.0,9.75,-0.8660254037844386,-0.5000000000000001,1.0,30426.0,5047.5,40710.0,49.59416666666666,16.933333333333334,53759.4,3298.6,1194.0,2454.9,1347228.1,14972.0,9.227226,2019
2022-02-05 04:00:00+00:00,9.16073,80.46928043999999,0.8140460935082179,0.5808002734538008,7003277.0,80.5,0.5000000000000001,0.8660254037844386,0.0,22472.0,7117.2,46731.0,92.96181818181816,9.166666666666666,50564.44,3125.3,566.0,11.3,0.0,7109.0,3.0650625,2022
2020-09-01 16:00:00+00:00,24.288465,17.2389636,-0.4749510720670502,-0.8800122039735356,9363826.0,11.99,-0.5000000000000004,-0.8660254037844385,1.0,30620.0,6071.9,33535.0,61.0290909090909,21.76666666666667,42142.99,4516.9,740.0,4836.5,1607107.8,4485.0,2.108469,2020
2019-10-07 03:00:00+00:00,16.19431,22.79031588,0.1073813466641621,-0.994217906893952,6275794.0,14.25,0.7071067811865476,0.7071067811865476,1.0,21273.0,6111.4,41085.0,43.09916666666667,20.3,34596.35,3468.3,364.0,25.0,0.0,4879.0,4.027657,2019
2021-08-07 17:00:00+00:00,24.759329,46.29497964,-0.8090169943749475,-0.587785252292473,8477701.0,43.35,-0.2588190451025206,-0.9659258262890684,0.0,27135.0,7117.2,39093.0,58.12909090909091,25.3,29925.03,2533.8,601.0,6050.3,1530536.9,7890.0,4.895049,2021
2018-01-10 21:00:00+00:00,9.4843025,15.1252596,0.9852201067560606,0.1712931441814776,5284527.7,23.2,0.7071067811865474,-0.7071067811865477,1.0,35171.0,6053.3,57480.0,276.2523076923077,9.05,62554.05,4614.7,1170.0,9.7,0.0,14267.0,8.126757,2018
2022-12-15 19:00:00+00:00,12.154004,80.46928043999999,0.9623090774541484,-0.271958157534106,6191200.0,40.0,0.2588190451025203,-0.9659258262890684,1.0,33368.0,7117.2,42100.0,65.07454545454544,12.95,67621.81,6879.7,1252.0,6.0,0.0,5931.0,6.341078,2022
2023-10-25 15:00:00+00:00,19.367924,89.55725625000001,0.4054257283599965,-0.914127988185334,7110879.0,46.26,-0.7071067811865477,-0.7071067811865475,1.0,27257.0,4065.8,41335.0,49.693636363636365,18.3,33898.65,3307.4,832.0,6051.3,877165.3,15096.0,8.3323145,2023
2022-03-13 08:00:00+00:00,9.578469,80.46928043999999,0.3253420847119803,0.9455963874271424,6793423.0,126.93,-0.4999999999999998,0.8660254037844387,0.0,22956.0,6053.3,36920.0,108.86818181818184,12.133333333333333,41203.24,3539.7,946.0,4087.2,337991.7,7016.0,2.9539673,2022
2020-12-17 14:00:00+00:00,13.447349,17.2389636,0.9750645322571948,-0.2219215130041658,8925312.0,19.26,-0.8660254037844386,-0.5000000000000001,1.0,33182.0,7117.2,47520.0,204.31272727272727,10.4,58290.96,6658.0,1622.0,3852.5,1039441.3,1677.0,0.18813857,2020
2020-07-21 08:00:00+00:00,23.717997,17.2389636,-0.9383773917408642,-0.3456123126707333,11502495.0,5.91,-0.4999999999999998,0.8660254037844387,1.0,33568.0,7117.2,36337.0,57.70636363636363,24.96666666666667,45144.48,5585.0,837.0,5825.0,1276708.0,4847.0,3.1614645,2020
2023-09-16 19:00:00+00:00,21.822641,89.55725625000001,-0.2511900638848195,-0.9679377830240642,7181439.0,35.4,0.2588190451025203,-0.9659258262890684,0.0,26952.0,7028.3,41265.0,45.22,23.666666666666668,37442.05,3995.6,568.0,69.0,17748.762,5793.0,3.032081,2023
2022-02-01 09:00:00+00:00,8.719653,80.46928043999999,0.8520775211013093,0.5234156073655503,7003277.0,86.25,-0.7071067811865475,0.7071067811865476,1.0,34487.0,7117.2,48191.0,99.4136363636364,7.833333333333333,66835.44,4039.7,632.0,6499.0,471325.97,13284.0,6.174585,2022
2021-02-03 08:00:00+00:00,11.507012,46.29497964,0.8335557718385699,0.5524353131676196,10269799.0,18.49,-0.4999999999999998,0.8660254037844387,1.0,33131.0,7117.2,50102.0,298.19250000000005,9.833333333333334,54889.96,3886.6,1838.0,1217.5,92998.484,11995.0,6.132772,2021
2019-11-23 02:00:00+00:00,11.792728,22.79031588,0.7935716089521472,-0.6084768701151264,7183697.0,13.0,0.8660254037844387,0.4999999999999999,0.0,23420.0,5008.0,42515.0,195.63454545454545,11.4,42960.99,668.5,1480.0,4.4,0.0,14534.0,9.014834,2019
2021-04-26 10:00:00+00:00,15.331531,46.29497964,-0.4132786077829042,0.9106046300942162,11313372.0,21.7,-0.8660254037844387,0.4999999999999999,1.0,32007.0,6121.4,39525.0,54.290000000000006,16.066666666666666,42560.62,5509.3,1081.0,5141.2,1877182.9,1995.0,1.0774697,2021
2021-04-25 12:00:00+00:00,16.45634,46.29497964,-0.3975428142825558,0.9175836260593938,11503922.0,20.5,-1.0,1.2246467991473532e-16,0.0,25383.0,6121.4,39375.0,51.44818181818182,16.066666666666666,27062.2,3277.2,886.0,5468.2,2469938.8,7261.0,4.4943514,2021
2022-01-16 02:00:00+00:00,5.4687715,80.46928043999999,0.9623090774541486,0.2719581575341055,7149220.0,85.05,0.8660254037844387,0.4999999999999999,0.0,21719.0,7117.2,48625.0,189.04545454545453,7.166666666666667,63583.59,3289.6000000000004,944.0,23.4,0.0,3390.0,1.0804464,2022
2021-10-17 09:00:00+00:00,17.529902,46.29497964,0.276096973097468,-0.961129783872301,6132781.0,89.99,-0.7071067811865475,0.7071067811865476,0.0,23717.0,6121.4,44130.0,53.32545454545455,17.599999999999998,44277.28,4595.0,436.0,5471.7,780941.2,1865.0,0.83937997,2021
2023-12-24 09:00:00+00:00,8.08927,89.55725625000001,0.9927487224577402,-0.1202080448993527,9597457.0,32.97,-0.7071067811865475,0.7071067811865476,0.0,24855.0,7117.2,44595.0,168.8672727272727,10.433333333333332,33697.119999999995,3869.2,1112.0,7025.3,366116.25,1836.0,0.8811934,2023
2018-03-25 02:00:00+00:00,8.424069,15.1252596,0.1244792638867893,0.9922222094179324,9172002.5,20.5,0.8660254037844387,0.4999999999999999,0.0,22053.0,6071.9,43143.0,398.5730769230769,10.05,53264.52,4648.0,1567.0,25.8,0.0,10067.0,6.519689,2018
2018-03-14 13:00:00+00:00,14.065491,15.1252596,0.3090169943749474,0.9510565162951536,8217673.2,25.82,-0.9659258262890684,-0.2588190451025203,1.0,33530.0,6071.9,51210.0,354.8607692307692,10.2,53680.44,2804.9,1774.0,1425.7,1529840.1,13687.0,9.192301,2018
2018-03-23 01:00:00+00:00,7.488651,15.1252596,0.1585593851031345,0.9873494423939864,9172002.5,23.5,0.9659258262890684,0.2588190451025207,1.0,25310.0,6071.9,48565.0,298.62166666666667,9.95,62291.12,3800.4,1540.0,262.9,0.0,10549.0,6.388998,2018
2019-04-28 22:00:00+00:00,14.210071,22.79031588,-0.4443781781046132,0.895839290734909,9241342.0,17.08,0.8660254037844384,-0.5000000000000004,1.0,23060.0,6125.5,46375.0,101.57083333333333,16.3,48893.22,5229.0,1240.0,494.9,0.0,4841.0,3.001003,2019
2023-09-26 02:00:00+00:00,17.791803,89.55725625000001,-0.0816763953304228,-0.99665890175417,7052792.0,42.5,0.8660254037844387,0.4999999999999999,1.0,20821.0,5983.0,40836.0,34.93090909090909,21.96666666666667,31449.92,4090.8,400.0,261.9,0.0,3748.0,1.5020859,2023
2020-02-16 20:00:00+00:00,13.139904,17.2389636,0.6901733882429719,0.7236440382959124,10452323.0,9.3,0.5000000000000001,-0.8660254037844386,0.0,29945.0,7117.2,50030.0,103.17909090909092,11.166666666666666,40667.75,4444.2,1398.0,120.8,0.0,8043.0,4.076301,2020
2019-04-30 20:00:00+00:00,16.184818,22.79031588,-0.4749510720670499,0.8800122039735357,9617996.0,18.07,0.5000000000000001,-0.8660254037844386,1.0,28151.0,6125.5,45040.0,87.30916666666667,16.733333333333334,47659.35,6794.0,1259.0,560.3,5976.195,3670.0,1.9372907,2019
2019-02-21 19:00:00+00:00,12.224122,22.79031588,0.6254105729852463,0.7802958510707755,8866543.0,20.5,0.2588190451025203,-0.9659258262890684,1.0,35693.0,7117.2,54920.0,170.78583333333336,9.833333333333334,65770.41,5854.1,1416.0,235.1,1547.6682,4793.0,2.7286289,2019
2019-01-16 03:00:00+00:00,6.2954245,22.79031588,0.9623090774541486,0.2719581575341055,7877846.0,26.25,0.7071067811865476,0.7071067811865476,1.0,25362.0,7117.2,54037.0,50.00666666666667,9.433333333333332,58503.3,4656.0,643.0,13.2,0.0,2775.0,1.5147247,2019
2023-08-20 02:00:00+00:00,22.685186,89.55725625000001,-0.6584015846980489,-0.7526668275320083,7667381.0,36.95,0.8660254037844387,0.4999999999999999,0.0,21385.0,6947.5,36698.0,37.58181818181818,27.96666666666667,30356.37,3864.2,480.0,322.2,0.0,1595.0,1.8029914,2023
2023-06-03 07:00:00+00:00,17.1011,89.55725625000001,-0.8820480249558534,0.4711595076738641,9354774.0,23.48,-0.2588190451025208,0.9659258262890684,0.0,22206.0,5118.0,32600.0,37.33727272727273,22.0,29539.77,4187.2,728.0,8267.6,691497.7,750.0,1.2115763,2023
2018-09-03 22:00:00+00:00,21.332142,15.1252596,-0.4597327394521046,-0.888057322629493,9110095.3,29.5,0.8660254037844384,-0.5000000000000004,1.0,27973.0,7117.2,43325.0,50.44416666666667,24.433333333333334,43608.42,5632.6,732.0,291.9,0.0,6014.0,0.5248951,2018
2022-11-05 02:00:00+00:00,11.745848,80.46928043999999,0.5702422926917867,-0.8214765533024145,5045030.0,40.0,0.8660254037844387,0.4999999999999999,0.0,20120.0,6071.9,30805.0,34.40181818181818,20.75,37863.24,4255.0,660.0,20.2,0.0,6425.0,4.6255627,2022
2023-03-16 19:00:00+00:00,15.100377,89.55725625000001,0.276096973097469,0.9611297838723007,9946780.0,45.0,0.2588190451025203,-0.9659258262890684,1.0,31277.0,7117.2,37000.0,72.72000000000001,13.566666666666668,46133.03,5084.6,1164.0,311.1,14785.271,12167.0,3.5579298,2023
2020-03-20 08:00:00+00:00,11.524156,17.2389636,0.1924515819708299,0.9813064702716092,10818085.0,8.7,-0.4999999999999998,0.8660254037844387,1.0,28282.0,7117.2,41989.0,348.535,11.699999999999998,44503.31,5000.5,1663.0,2154.1,506636.25,5064.0,3.951551,2020
2020-01-08 04:00:00+00:00,7.104355,17.2389636,0.9905324521322229,0.1372787721132647,9753093.0,12.87,0.5000000000000001,0.8660254037844386,1.0,23898.0,7117.2,54515.0,136.48545454545453,8.5,50750.63,4427.4,1157.0,9.1,0.0,2883.0,1.8185233,2020
2018-09-02 04:00:00+00:00,20.355537,15.1252596,-0.4749510720670502,-0.8800122039735356,9346210.2,28.84,0.5000000000000001,0.8660254037844386,0.0,22384.0,7117.2,39152.0,47.61333333333334,24.3,30672.27,2663.9,687.0,109.4,0.0,3519.0,2.3879385,2018
2022-02-02 01:00:00+00:00,8.690624,80.46928043999999,0.8429415373547828,0.5380051715382996,7003277.0,78.8,0.9659258262890684,0.2588190451025207,1.0,24133.0,7117.2,48191.0,106.9509090909091,8.2,53310.28,2402.9,607.0,22.0,0.0,9539.0,1.5995888,2022
2023-09-17 07:00:00+00:00,19.893095,89.55725625000001,-0.2344913895704105,-0.9721181966290612,7181439.0,38.49,-0.2588190451025208,0.9659258262890684,0.0,20464.0,7028.3,40865.0,43.97636363636364,23.933333333333337,31202.57,-424.5,468.0,3607.4,198851.81,6735.0,3.7767773,2023
2021-05-13 22:00:00+00:00,14.487986,46.29497964,-0.6584015846980488,0.7526668275320085,11206561.0,26.0,0.8660254037844384,-0.5000000000000004,1.0,25021.0,7117.2,40705.0,54.32909090909091,18.166666666666668,42951.56,3072.5,1287.0,215.8,0.0,8904.0,5.323986,2021
2019-07-23 08:00:00+00:00,24.930773,22.79031588,-0.9322892131745134,-0.3617137307297674,8415226.0,15.75,-0.4999999999999998,0.8660254037844387,1.0,36627.0,7117.2,43639.0,45.52666666666666,24.933333333333337,49566.11,6114.7,779.0,3374.3,1270980.4,4239.0,1.7969334,2019
2022-05-11 23:00:00+00:00,16.835934,80.46928043999999,-0.6321034111873487,0.7748840413670407,7941866.0,74.25,0.9659258262890684,-0.2588190451025207,1.0,22752.0,6125.5,30020.0,81.70363636363636,18.933333333333334,36921.56,4360.2,998.0,267.5,0.0,6823.0,2.1246345,2022
2022-03-23 12:00:00+00:00,12.50682,80.46928043999999,0.1585593851031345,0.9873494423939864,7046049.0,92.0,-1.0,1.2246467991473532e-16,1.0,31890.0,6053.3,33435.0,119.93545454545456,11.966666666666669,45827.77,3161.0,1057.0,3860.4,1613691.2,14105.0,7.077252,2022
2021-07-09 15:00:00+00:00,26.594217,46.29497964,-0.99167731989929,-0.1287481774525806,9995849.0,34.0,-0.7071067811865477,-0.7071067811865475,1.0,31946.0,7117.2,40972.0,54.447272727272725,23.566666666666663,38782.58,5141.8,758.0,9452.4,2890548.0,4419.0,2.190619,2021
2022-04-01 04:00:00+00:00,7.941917,80.46928043999999,0.0043035382962442,0.99999073973619,7240210.0,113.5,0.5000000000000001,0.8660254037844386,1.0,24945.0,6053.3,30795.0,79.34727272727272,12.7,46840.7,2650.6000000000004,862.0,1.3,0.0,14116.0,6.8725386,2022
2018-02-02 14:00:00+00:00,8.502536,15.1252596,0.8429415373547828,0.5380051715382996,5411688.3,21.21,-0.8660254037844386,-0.5000000000000001,1.0,35220.0,7117.2,57790.0,166.01916666666668,8.9,64581.29,4883.8,1007.0,3387.3,1426416.5,11285.0,8.187517,2018
2018-08-25 15:00:00+00:00,26.170462,15.1252596,-0.5912614448635782,-0.8064799463209447,9628642.2,27.99,-0.7071067811865477,-0.7071067811865475,0.0,28938.0,7117.2,32255.0,44.87916666666666,23.8,32971.84,3815.8,765.0,4078.1,2345738.8,5615.0,3.554003,2018
2021-08-07 00:00:00+00:00,20.970854,46.29497964,-0.8090169943749475,-0.587785252292473,8477701.0,43.35,1.0,0.0,0.0,24194.0,7117.2,39723.0,58.12909090909091,25.3,32925.62,2962.4,621.0,526.6,0.0,6253.0,2.725825,2021
2021-08-07 06:00:00+00:00,19.563303,46.29497964,-0.8090169943749475,-0.587785252292473,8477701.0,43.35,6.123233995736766e-17,1.0,0.0,24035.0,7117.2,39723.0,58.12909090909091,25.3,31069.8,3264.7,621.0,2054.5,83346.47,5646.0,3.3774016,2021
2022-11-04 05:00:00+00:00,13.629507,80.46928043999999,0.5560174366570438,-0.8311706263658084,5045030.0,40.0,0.2588190451025207,0.9659258262890684,1.0,22131.0,5066.1,30065.0,33.776363636363634,21.5,36233.95,3468.5,672.0,0.0,0.0,8525.0,5.3923388,2022
2019-04-17 05:00:00+00:00,11.694193,22.79031588,-0.2678143051621742,0.9634705485641488,8991028.0,15.0,0.2588190451025207,0.9659258262890684,1.0,27352.0,6042.2,46456.0,71.54916666666666,16.133333333333336,55053.47,1751.1999999999998,1195.0,81.4,0.06358669,9715.0,5.0497117,2019
2020-01-25 07:00:00+00:00,8.630671,17.2389636,0.9088176373395028,0.4171936026123168,9950225.0,12.5,-0.2588190451025208,0.9659258262890684,0.0,27822.0,7117.2,50390.0,184.01636363636365,8.233333333333334,66214.47,4579.2,1364.0,23.9,35.67213,2519.0,2.6093724,2020
2023-10-22 21:00:00+00:00,16.475805,89.55725625000001,0.3576982388331254,-0.9338372288229252,6686078.0,45.83,0.7071067811865474,-0.7071067811865477,0.0,22759.0,4390.8,41335.0,36.71272727272727,18.666666666666668,37976.3,3436.3,664.0,197.2,0.0,14490.0,3.729295,2023
2018-02-02 08:00:00+00:00,5.261437,15.1252596,0.8429415373547828,0.5380051715382996,5411688.3,21.21,-0.4999999999999998,0.8660254037844387,1.0,37285.0,7117.2,57790.0,166.01916666666668,8.9,74359.37,4333.8,1210.0,832.5,54414.594,9346.0,6.92133,2018
2022-01-22 21:00:00+00:00,6.825753,80.46928043999999,0.9291414114031744,0.3697245428906731,7209468.0,75.0,0.7071067811865474,-0.7071067811865477,0.0,30961.0,7117.2,49251.0,141.8918181818182,7.033333333333334,65883.33,4927.0,880.0,16.0,0.0,5022.0,4.122525,2022
2018-02-04 17:00:00+00:00,7.9033904,15.1252596,0.8239230057575543,0.5667017562911175,5411688.3,21.6,-0.2588190451025206,-0.9659258262890684,0.0,30164.0,7117.2,56450.0,206.5675,9.05,65656.26,3169.1,996.0,135.2,326229.0,4640.0,1.9660444,2018
2021-02-04 20:00:00+00:00,11.6309,46.29497964,0.8239230057575543,0.5667017562911175,10269799.0,17.68,0.5000000000000001,-0.8660254037844386,1.0,33109.0,7117.2,50102.0,284.3609090909091,9.833333333333334,58048.1,6502.6,1957.0,25.7,0.0,5066.0,2.50842,2021
2022-03-26 11:00:00+00:00,13.490328,80.46928043999999,0.107381346664163,0.994217906893952,7046049.0,103.0,-0.9659258262890682,0.258819045102521,0.0,27712.0,6053.3,29875.0,95.07181818181816,12.4,36493.69,3718.0,903.0,6329.7,1988917.5,4742.0,4.3483973,2022
2018-01-09 13:00:00+00:00,9.540943,15.1252596,0.9880226656636976,0.1543088206642811,5284527.7,23.6,-0.9659258262890684,-0.2588190451025203,1.0,37022.0,6053.3,58215.0,335.9676923076923,9.35,67976.77,4185.9,1205.0,930.2,1058445.5,8692.0,5.887822,2018
2021-06-02 13:00:00+00:00,21.355787,46.29497964,-0.8738071036110806,0.4862727071086904,11052279.0,26.2,-0.9659258262890684,-0.2588190451025203,1.0,29546.0,5068.5,41185.0,57.73181818181818,21.4,41829.39,4702.2,1102.0,10175.4,2847114.2,3050.0,0.637402,2021
2020-11-04 14:00:00+00:00,14.087808,17.2389636,0.5702422926917867,-0.8214765533024145,8534366.0,13.3,-0.8660254037844386,-0.5000000000000001,1.0,30591.0,6125.5,47917.0,91.32181818181816,15.566666666666668,51827.49,2972.2,937.0,1655.3,1131374.9,9114.0,5.127412,2020
2020-11-18 18:00:00+00:00,15.599958,17.2389636,0.7498264012045686,-0.6616346182422783,8582863.0,14.57,-1.8369701987210292e-16,-1.0,1.0,32705.0,6625.5,49455.0,79.13999999999999,14.033333333333331,54424.25,6736.7,1085.0,84.8,1321.4585,1686.0,1.1219662,2020
2023-02-10 15:00:00+00:00,11.129659,89.55725625000001,0.7611042586607746,0.6486295610349815,9996284.0,50.0,-0.7071067811865477,-0.7071067811865475,1.0,31731.0,7117.2,45675.0,85.93636363636362,11.1,57686.17,3471.7,792.0,10130.1,1518454.9,4746.0,5.497142,2023
2020-01-08 10:00:00+00:00,9.90495,17.2389636,0.9905324521322229,0.1372787721132647,9753093.0,12.87,-0.8660254037844387,0.4999999999999999,1.0,36803.0,7117.2,54351.0,136.48545454545453,8.5,64840.59,7403.2,1461.0,3942.4,781739.56,1133.0,1.7582921,2020
2020-03-31 00:00:00+00:00,8.007901,17.2389636,0.0043035382962442,0.99999073973619,11022385.0,7.35,1.0,0.0,1.0,20726.0,7117.2,41489.0,128.33090909090907,11.9,48284.93,355.9000000000001,1142.0,0.4,0.0,7763.0,4.8132696,2020
2022-03-21 15:00:00+00:00,13.614068,80.46928043999999,0.1924515819708299,0.9813064702716092,7046049.0,96.0,-0.7071067811865477,-0.7071067811865475,1.0,29893.0,6053.3,36235.0,108.83454545454546,12.633333333333333,44851.73,5114.3,908.0,3747.7,1534067.4,10646.0,5.1716456,2022
2023-06-19 09:00:00+00:00,21.942076,89.55725625000001,-0.9769384927771816,0.2135209154397961,9239022.0,34.3,-0.7071067811865475,0.7071067811865476,1.0,29100.0,6113.8,33055.0,54.974545454545456,23.366666666666664,39126.09,4770.9,896.0,11471.2,1699134.8,3055.0,2.0042229,2023
2021-06-03 22:00:00+00:00,17.172201,46.29497964,-0.8820480249558534,0.4711595076738641,11052279.0,26.0,0.8660254037844384,-0.5000000000000004,1.0,25480.0,5068.5,40670.0,60.658181818181816,21.83333333333333,42972.51,2007.1000000000004,1110.0,452.2,0.0,6000.0,2.1664085,2021
2019-07-23 18:00:00+00:00,27.591614,22.79031588,-0.9322892131745134,-0.3617137307297674,8415226.0,15.75,-1.8369701987210292e-16,-1.0,1.0,36608.0,7117.2,40847.0,45.52666666666666,24.933333333333337,50338.02,5660.2,725.0,1466.3,915487.75,4702.0,0.7605107,2019
2018-05-30 15:00:00+00:00,18.468353,15.1252596,-0.8475409228928309,0.5307300481619337,12098391.3,22.89,-0.7071067811865477,-0.7071067811865475,1.0,29932.0,4076.8,44915.0,315.37583333333333,16.95,44673.15,4841.5,1656.0,2429.4,2047314.8,3483.0,3.7793024,2018
2022-06-16 03:00:00+00:00,21.108994,80.46928043999999,-0.9646141756912434,0.2636654927280075,7610604.0,40.0,0.7071067811865476,0.7071067811865476,1.0,25259.0,6113.8,28180.0,42.968,25.5,36190.84,3774.0,616.0,12.3,0.0,3318.0,1.2465764,2022
2020-11-20 13:00:00+00:00,15.633464,17.2389636,0.7721565844991641,-0.6354323008901775,8582863.0,14.35,-0.9659258262890684,-0.2588190451025203,1.0,30874.0,7117.2,50765.0,59.18090909090909,13.866666666666667,56465.38,4552.9,892.0,6177.0,1512036.8,8187.0,4.868627,2020
2019-07-23 00:00:00+00:00,23.448996,22.79031588,-0.9322892131745134,-0.3617137307297674,8415226.0,15.75,1.0,0.0,1.0,27231.0,7117.2,42329.0,45.52666666666666,24.933333333333337,39717.66,4637.5,632.0,59.4,0.0,5337.0,2.267721,2019
2023-09-16 05:00:00+00:00,19.236242,89.55725625000001,-0.2511900638848195,-0.9679377830240642,7181439.0,35.4,0.2588190451025207,0.9659258262890684,0.0,21779.0,7028.3,42795.0,45.22,23.666666666666668,30541.18,2452.4,544.0,26.6,0.0,4211.0,3.4084346,2023
2020-04-28 06:00:00+00:00,11.851386,17.2389636,-0.4597327394521039,0.8880573226294932,12486925.0,6.29,6.123233995736766e-17,1.0,1.0,23299.0,5110.1,38585.0,282.02363636363634,15.666666666666666,36918.25,3511.7,1744.0,1143.4,88376.84,6752.0,4.4622307,2020
2023-03-12 20:00:00+00:00,15.323127,89.55725625000001,0.3415707691678556,0.9398560579418954,9735057.0,55.0,0.5000000000000001,-0.8660254037844386,0.0,27337.0,7117.2,34072.0,89.09909090909092,13.8,39861.97,5705.8,1404.0,311.3,0.0,7405.0,2.3205886,2023
2020-11-04 16:00:00+00:00,13.864688,17.2389636,0.5702422926917867,-0.8214765533024145,8534366.0,13.3,-0.5000000000000004,-0.8660254037844385,1.0,30322.0,6125.5,47917.0,91.32181818181816,15.566666666666668,54397.71,2892.9,908.0,348.3,467476.4,10347.0,5.7281303,2020
2022-11-05 10:00:00+00:00,14.833057,80.46928043999999,0.5702422926917867,-0.8214765533024145,5045030.0,40.0,-0.8660254037844387,0.4999999999999999,0.0,24401.0,6071.9,30805.0,34.40181818181818,20.75,38629.06,4431.7,628.0,10738.0,1385467.9,3625.0,2.6111417,2022
2020-05-20 08:00:00+00:00,19.3585,17.2389636,-0.7554933140726803,0.6551563572090853,12983647.0,5.05,-0.4999999999999998,0.8660254037844387,1.0,27083.0,4106.7,39030.0,156.94636363636363,17.63333333333333,40554.68,4689.0,1492.0,6925.5,1515972.0,1213.0,1.8120078,2020
2022-12-15 14:00:00+00:00,13.81006,80.46928043999999,0.9623090774541484,-0.271958157534106,6191200.0,40.0,-0.8660254037844386,-0.5000000000000001,1.0,31311.0,7117.2,42100.0,65.07454545454544,12.95,64023.08,5410.6,1104.0,3630.6,932752.2,6128.0,7.1192966,2022
2018-02-02 06:00:00+00:00,5.315288,15.1252596,0.8429415373547828,0.5380051715382996,5411688.3,21.21,6.123233995736766e-17,1.0,1.0,33120.0,7117.2,57790.0,166.01916666666668,8.9,71407.76,2716.2,1080.0,19.1,0.0,9619.0,6.588109,2018
2021-05-16 08:00:00+00:00,17.878101,46.29497964,-0.6963762255968722,0.717676913675962,11206561.0,25.82,-0.4999999999999998,0.8660254037844387,0.0,23996.0,5068.5,40160.0,52.44545454545455,19.53333333333333,37989.47,2296.3,1415.0,8147.2,1092955.1,10645.0,4.7937317,2021
2018-10-21 21:00:00+00:00,17.193523,15.1252596,0.3415707691678551,-0.9398560579418956,7777168.0,25.8,0.7071067811865474,-0.7071067811865477,0.0,24575.0,7117.2,46385.0,72.60333333333334,19.2,42844.4,4514.7,773.0,33.1,0.0,3959.0,2.1140468,2018
2020-02-27 14:00:00+00:00,15.6099205,17.2389636,0.5416278206559814,0.8406184056344782,10318969.0,9.1,-0.8660254037844386,-0.5000000000000001,1.0,30613.0,7117.2,47054.0,71.02,11.366666666666664,50477.81,4794.4,910.0,6967.8,2017056.1,13358.0,6.504491,2020
2023-10-04 03:00:00+00:00,18.799131,89.55725625000001,0.055916990100603,-0.9984354211555644,6899173.0,34.57,0.7071067811865476,0.7071067811865476,1.0,21325.0,7028.3,39916.0,32.477999999999994,23.600000000000005,32671.26,3735.5,360.0,53.8,0.0,6169.0,3.0302613,2023
2019-09-21 15:00:00+00:00,22.25116,22.79031588,-0.1670516255021195,-0.9859481499638304,6721584.0,11.22,-0.7071067811865477,-0.7071067811865475,0.0,26011.0,7117.2,39630.0,59.8,23.0,33036.78,1883.6000000000004,563.0,1532.7,1170856.6,7080.0,3.9417512,2019
2019-04-15 21:00:00+00:00,13.491358,22.79031588,-0.2344913895704096,0.9721181966290612,8991028.0,18.0,0.7071067811865474,-0.7071067811865477,1.0,27000.0,6071.9,46456.0,58.325,15.733333333333334,52449.42,5696.8,1315.0,411.0,0.0,5901.0,1.2722611,2019
2019-07-07 22:00:00+00:00,22.491991,22.79031588,-0.9955213724144752,-0.0945367498171993,9194821.0,14.1,0.8660254037844384,-0.5000000000000004,1.0,26732.0,7117.2,43036.0,56.81545454545455,25.133333333333336,41446.83,4093.0,677.0,466.4,0.0,6834.0,1.8316091,2019
2022-12-17 19:00:00+00:00,11.261865,80.46928043999999,0.9711000518829505,-0.2386727660059499,6191200.0,40.0,0.2588190451025203,-0.9659258262890684,0.0,28665.0,7117.2,42100.0,68.13727272727273,13.0,66425.1,6426.7,1196.0,6.2,0.0,3360.0,1.6482807,2022
2023-06-16 05:00:00+00:00,18.690258,89.55725625000001,-0.9646141756912434,0.2636654927280075,9287024.0,38.02,0.2588190451025207,0.9659258262890684,1.0,25232.0,6113.8,32635.0,50.86909090909091,23.766666666666666,39171.65,4252.9,900.0,670.4,20312.13,2291.0,1.6315852,2023
2023-12-07 06:00:00+00:00,9.820364,89.55725625000001,0.9158642882672872,-0.4014879892059729,9349226.0,37.83,6.123233995736766e-17,1.0,1.0,25207.0,6125.5,46535.0,163.26454545454547,10.766666666666667,64027.17,2970.1,1136.0,38.5,0.0,8132.0,3.4852982,2023
2019-08-16 11:00:00+00:00,26.372179,22.79031588,-0.7086266782644598,-0.7055836101071777,7706520.0,11.95,-0.9659258262890682,0.258819045102521,1.0,32891.0,7117.2,38330.0,48.715833333333336,24.066666666666663,37904.64,4688.3,683.0,6614.2,2846993.0,1684.0,0.35557902,2019
2021-06-25 17:00:00+00:00,24.950901,46.29497964,-0.993746580436178,0.1116590071216946,10560103.0,31.5,-0.2588190451025206,-0.9659258262890684,1.0,29332.0,6821.9,42175.0,55.73909090909091,21.866666666666664,40762.45,4942.9,1048.0,6141.5,1744130.6,4875.0,1.2896687,2021
2021-06-25 02:00:00+00:00,17.578777,46.29497964,-0.993746580436178,0.1116590071216946,10560103.0,31.5,0.8660254037844387,0.4999999999999999,1.0,22302.0,6401.1,42325.0,55.73909090909091,21.866666666666664,34322.82,3511.3,1030.0,489.1,0.0,6789.0,3.8218336,2021
2023-12-22 09:00:00+00:00,10.089327,89.55725625000001,0.9880226656636976,-0.154308820664281,9597457.0,32.26,-0.7071067811865475,0.7071067811865476,1.0,32360.0,7117.2,45965.0,186.35454545454547,10.5,41597.95,4674.6,1216.0,7424.9,369292.84,10528.0,3.9989362,2023
2020-04-28 15:00:00+00:00,16.536472,17.2389636,-0.4597327394521039,0.8880573226294932,12486925.0,6.29,-0.7071067811865477,-0.7071067811865475,1.0,23869.0,5110.1,38380.0,282.02363636363634,15.666666666666666,34069.72,3664.8,1665.0,4488.8,2098369.5,8643.0,5.799023,2020
2023-12-07 12:00:00+00:00,13.2391205,89.55725625000001,0.9158642882672872,-0.4014879892059729,9349226.0,37.83,-1.0,1.2246467991473532e-16,1.0,28773.0,6125.5,46535.0,163.26454545454547,10.766666666666667,52217.66,3975.4,1256.0,5438.5,963929.4,9685.0,4.700585,2023
2021-04-05 16:00:00+00:00,17.854576,46.29497964,-0.0645084494493162,0.9979171608653922,12000960.0,19.5,-0.5000000000000004,-0.8660254037844385,1.0,24395.0,6111.4,39025.0,56.627272727272725,15.733333333333334,34647.74,4297.1,959.0,6412.7,1901896.9,5396.0,1.7172925,2021
2020-05-20 18:00:00+00:00,22.909271,17.2389636,-0.7554933140726803,0.6551563572090853,12983647.0,5.05,-1.8369701987210292e-16,-1.0,1.0,25806.0,4106.7,39945.0,156.94636363636363,17.63333333333333,40799.16,4544.5,1508.0,2213.7,899694.75,2857.0,2.6265674,2020
2019-02-02 16:00:00+00:00,8.959805,22.79031588,0.8429415373547828,0.5380051715382996,8079559.0,21.0,-0.5000000000000004,-0.8660254037844385,0.0,29698.0,7117.2,56450.0,631.8284615384614,8.933333333333332,60232.49,2553.6,1536.0,1545.0,852231.8,14409.0,10.446598,2019
2020-03-20 20:00:00+00:00,12.1657715,17.2389636,0.1924515819708299,0.9813064702716092,10818085.0,8.7,0.5000000000000001,-0.8660254037844386,1.0,29389.0,7117.2,42499.0,348.535,11.699999999999998,41951.36,6172.2,1750.0,30.3,0.0,6002.0,3.4198568,2020
2018-08-06 05:00:00+00:00,22.333904,15.1252596,-0.8190148866680799,-0.5737722679043247,10042982.5,26.75,0.2588190451025207,0.9659258262890684,1.0,27943.0,6553.3,38291.0,45.94545454545455,25.75,39457.75,4206.0,829.0,299.9,567.8291,1944.0,0.41374165,2018
2018-01-25 05:00:00+00:00,8.970858,15.1252596,0.9088176373395028,0.4171936026123168,5403403.3,19.04,0.2588190451025207,0.9659258262890684,1.0,27486.0,7117.2,58695.0,216.375,9.55,53482.43,3186.0,1043.0,11.1,0.0,4333.0,3.041283,2018
2023-12-06 20:00:00+00:00,9.9703455,89.55725625000001,0.9088176373395028,-0.4171936026123169,9349226.0,37.5,0.5000000000000001,-0.8660254037844386,0.0,30753.0,6125.5,46535.0,187.7090909090909,10.966666666666669,61982.62,7375.1,1356.0,8.6,0.0,5207.0,1.5429748,2023
2022-06-13 18:00:00+00:00,27.560783,80.46928043999999,-0.9497178427914318,0.3131070409358265,7610604.0,40.0,-1.8369701987210292e-16,-1.0,1.0,32899.0,6113.8,29255.0,43.18,24.6,43867.07,5816.5,928.0,3882.6,995152.94,5762.0,0.7008883,2022
2022-12-16 07:00:00+00:00,10.660098,80.46928043999999,0.9668478136052776,-0.2553532951161872,6191200.0,40.0,-0.2588190451025208,0.9659258262890684,1.0,30449.0,7117.2,42100.0,67.39090909090909,13.25,70796.12,3523.3,1100.0,11.5,44.478886,6635.0,2.889635,2022
2023-08-24 03:00:00+00:00,23.552528,89.55725625000001,-0.6050560696488494,-0.7961828637826154,7451239.0,43.0,0.7071067811865476,0.7071067811865476,1.0,24581.0,6887.5,35387.0,33.79636363636364,28.3,33630.22,4340.3,484.0,258.8,0.0,3952.0,0.7110843,2023
2020-02-19 19:00:00+00:00,11.275872,17.2389636,0.6518989958787126,0.7583058084785624,10406929.0,10.01,0.2588190451025203,-0.9659258262890684,1.0,35166.0,7117.2,50259.0,100.18727272727271,10.9,64171.92,7406.7,1385.0,187.0,1082.4362,2490.0,1.3310937,2020
2021-07-10 00:00:00+00:00,20.575212,46.29497964,-0.9893142039703664,-0.1457991969198744,9995849.0,34.99,1.0,0.0,0.0,24813.0,7117.2,36632.0,52.60181818181818,24.366666666666664,37103.56,3518.0,773.0,478.6,0.0,4990.0,2.4559236,2021
2018-02-04 16:00:00+00:00,8.341942,15.1252596,0.8239230057575543,0.5667017562911175,5411688.3,21.6,-0.5000000000000004,-0.8660254037844385,0.0,28623.0,7117.2,56450.0,206.5675,9.05,59281.19,2745.5,909.0,545.8,737862.2,5045.0,2.0167718,2018
2018-03-23 23:00:00+00:00,10.341193,15.1252596,0.1585593851031345,0.9873494423939864,9172002.5,23.5,0.9659258262890684,-0.2588190451025207,0.0,28591.0,6071.9,46620.0,323.69083333333333,10.35,62787.47,2063.7,1671.0,75.2,0.0,13497.0,8.604489,2018
2018-10-18 01:00:00+00:00,15.492751,15.1252596,0.2926003356333479,-0.9562348265919058,7777168.0,28.4,0.9659258262890684,0.2588190451025207,1.0,22629.0,7117.2,45245.0,73.66166666666668,19.366666666666667,36382.88,2923.4,604.0,17.5,0.0,3345.0,3.275265,2018
2020-10-30 12:00:00+00:00,19.282001,17.2389636,0.4975132889071803,-0.8674563547295971,8440297.0,14.6,-1.0,1.2246467991473532e-16,1.0,31453.0,6125.5,46142.0,99.85454545454546,15.566666666666665,46540.46,5458.8,1013.0,7592.8,2085485.4,3238.0,1.2324802,2020
2018-08-06 08:00:00+00:00,25.46779,15.1252596,-0.8190148866680799,-0.5737722679043247,10042982.5,26.75,-0.4999999999999998,0.8660254037844387,1.0,34878.0,7117.2,38291.0,45.94545454545455,25.75,46201.6,6083.0,1013.0,3518.8,1204444.0,1256.0,0.43895188,2018
2022-03-16 15:00:00+00:00,13.436964,80.46928043999999,0.276096973097469,0.9611297838723007,6880783.0,107.0,-0.7071067811865477,-0.7071067811865475,1.0,29869.0,6053.3,36920.0,117.75090909090908,12.466666666666669,47518.23,4564.299999999999,978.0,2777.5,1295794.2,9066.0,5.2020435,2022
2020-11-12 06:00:00+00:00,12.165664,17.2389636,0.6776147890466887,-0.7354170229639858,8602562.0,14.4,6.123233995736766e-17,1.0,1.0,28534.0,6125.5,48605.0,92.47818181818182,14.733333333333334,55100.0,4231.2,1151.0,29.7,0.0,3433.0,1.5568156,2020
2019-09-24 13:00:00+00:00,23.571068,22.79031588,-0.1159345995955006,-0.9932568492674144,6541441.0,13.11,-0.9659258262890684,-0.2588190451025203,1.0,30851.0,7117.2,40240.0,46.020833333333336,22.433333333333334,38072.31,4799.1,528.0,5789.6,2298194.5,6849.0,4.7620416,2019
2018-10-18 23:00:00+00:00,15.934437,15.1252596,0.2926003356333479,-0.9562348265919058,7777168.0,28.4,0.9659258262890684,-0.2588190451025207,1.0,23833.0,7117.2,46095.0,74.63333333333333,19.266666666666666,40205.18,2334.9,629.0,12.9,0.0,6983.0,3.7720745,2018
2022-05-08 12:00:00+00:00,20.612072,80.46928043999999,-0.5912614448635781,0.8064799463209448,7954466.0,83.47,-1.0,1.2246467991473532e-16,0.0,23459.0,6125.5,29520.0,122.0290909090909,16.666666666666668,29434.94,3606.3,985.0,13885.5,3285575.8,2441.0,1.2395414,2022
2020-01-28 20:00:00+00:00,12.006949,17.2389636,0.886070621534138,0.4635502709028509,10148824.0,11.49,0.5000000000000001,-0.8660254037844386,1.0,36412.0,7117.2,50860.0,137.99272727272728,8.866666666666665,58346.2,6256.4,1555.0,11.4,0.0,7562.0,5.495252,2020
2023-06-18 12:00:00+00:00,24.225636,89.55725625000001,-0.973118337233262,0.2303056702306122,9287024.0,33.73,-1.0,1.2246467991473532e-16,0.0,24564.0,6113.8,33235.0,44.67,23.966666666666665,28827.52,2873.5,828.0,13710.6,2762122.8,5144.0,1.0023991,2023
2021-04-03 07:00:00+00:00,11.670011,46.29497964,-0.0301203048469081,0.9995462806873572,12137668.0,19.09,-0.2588190451025208,0.9659258262890684,0.0,23344.0,6111.4,41395.0,58.47818181818182,15.6,41251.04,2976.3,1086.0,2252.5,264686.1,6655.0,3.122154,2021
2021-06-04 19:00:00+00:00,19.633327,46.29497964,-0.8900275764346767,0.4559066935084588,11052279.0,26.25,0.2588190451025203,-0.9659258262890684,1.0,28320.0,5068.5,40670.0,60.658181818181816,21.83333333333333,39815.72,3959.0,1157.0,882.8,379752.8,6551.0,2.1340232,2021
2020-09-06 01:00:00+00:00,19.94385,17.2389636,-0.3975428142825566,-0.9175836260593934,9363826.0,12.0,0.9659258262890684,0.2588190451025207,0.0,20822.0,6121.4,32805.0,47.66,23.2,30497.29,2344.9,580.0,326.5,0.0,10494.0,2.9972064,2020
2022-05-11 04:00:00+00:00,14.3994055,80.46928043999999,-0.6321034111873487,0.7748840413670407,7941866.0,74.25,0.5000000000000001,0.8660254037844386,1.0,24164.0,6125.5,29540.0,77.48272727272727,18.73333333333333,37988.87,4247.6,1079.0,203.9,0.0,4490.0,1.3093184,2022
2020-11-03 17:00:00+00:00,15.287312,17.2389636,0.5560174366570438,-0.8311706263658084,8534366.0,13.6,-0.2588190451025206,-0.9659258262890684,1.0,31147.0,6125.5,47552.0,91.43,16.099999999999998,58186.43,3972.1,1003.0,166.3,176065.05,9139.0,5.3177423,2020
2023-06-02 09:00:00+00:00,19.075294,89.55725625000001,-0.8738071036110806,0.4862727071086904,9354774.0,25.9,-0.7071067811865475,0.7071067811865476,1.0,27244.0,5118.0,33930.0,36.74818181818182,21.83333333333333,33533.68,4790.6,724.0,12003.0,1892931.4,1408.0,1.9898245,2023
2023-08-25 20:00:00+00:00,25.805967,89.55725625000001,-0.5912614448635782,-0.8064799463209447,7451239.0,32.89,0.5000000000000001,-0.8660254037844386,1.0,32578.0,6962.4,35660.0,33.059999999999995,28.23333333333333,40390.89,4999.5,516.0,556.0,1440.1748,7371.0,2.1454477,2023
2018-12-26 21:00:00+00:00,9.246945,15.1252596,0.9962981749346076,-0.0859647987374467,8192252.0,25.0,0.7071067811865474,-0.7071067811865477,1.0,29316.0,6071.9,57455.0,101.67333333333336,10.533333333333331,62087.48,6483.0,1253.0,13.2,0.0,1872.0,1.4331902,2018
2019-10-07 07:00:00+00:00,15.8733425,22.79031588,0.1073813466641621,-0.994217906893952,6275794.0,14.25,-0.2588190451025208,0.9659258262890684,1.0,30247.0,6111.4,42000.0,43.09916666666667,20.3,51173.6,5307.8,429.0,1350.3,112172.83,4882.0,4.368588,2019
2019-01-19 19:00:00+00:00,9.329206,22.79031588,0.9469877530760752,0.3212696616923644,7877846.0,25.7,0.2588190451025203,-0.9659258262890684,0.0,34496.0,6053.3,50516.0,42.7825,9.366666666666664,68826.09,4744.0,793.0,13.8,0.0,7489.0,3.8088195,2019
2018-01-09 08:00:00+00:00,6.242232,15.1252596,0.9880226656636976,0.1543088206642811,5284527.7,23.6,-0.4999999999999998,0.8660254037844387,1.0,37340.0,6053.3,58215.0,335.9676923076923,9.35,73166.14,3727.4,1202.0,481.0,41676.273,7630.0,5.516844,2018
2023-10-04 19:00:00+00:00,22.08105,89.55725625000001,0.055916990100603,-0.9984354211555644,6899173.0,34.57,0.2588190451025203,-0.9659258262890684,1.0,31504.0,6893.0,41226.0,32.477999999999994,23.600000000000005,42564.65,6600.8,420.0,226.6,679.32837,3389.0,0.92980736,2023
2023-06-02 08:00:00+00:00,18.177357,89.55725625000001,-0.8738071036110806,0.4862727071086904,9354774.0,25.9,-0.4999999999999998,0.8660254037844387,1.0,27162.0,5118.0,33930.0,36.74818181818182,21.83333333333333,34926.48,4955.6,752.0,10294.6,1314886.2,1444.0,2.0468767,2023
2020-10-13 02:00:00+00:00,13.276491,17.2389636,0.226115685508288,-0.9741004551724206,8253016.0,12.9,0.8660254037844387,0.4999999999999999,1.0,19929.0,6125.5,42935.0,84.19545454545454,17.0,41943.23,3193.6,625.0,43.6,0.0,6753.0,3.6824937,2020
2022-02-08 05:00:00+00:00,7.4093556,80.46928043999999,0.7829801036770629,0.6220467484408675,6964737.0,78.0,0.2588190451025207,0.9659258262890684,1.0,26866.0,7117.2,45896.0,92.72727272727272,10.05,59962.32,1929.9,522.0,11.5,0.0,5159.0,4.154919,2022
2019-11-06 06:00:00+00:00,11.241599,22.79031588,0.5842981736283683,-0.8115390590073611,6430248.0,10.5,6.123233995736766e-17,1.0,1.0,28741.0,5047.5,41130.0,65.02583333333334,15.833333333333334,55976.72,3778.4,1283.0,37.8,0.0,9586.0,6.6736336,2019
2021-07-09 01:00:00+00:00,18.685452,46.29497964,-0.99167731989929,-0.1287481774525806,9995849.0,34.0,0.9659258262890684,0.2588190451025207,1.0,24301.0,6111.4,40972.0,54.447272727272725,23.566666666666663,36242.97,3343.1000000000004,751.0,529.2,0.0,5760.0,4.021722,2021
2018-12-19 13:00:00+00:00,12.980861,15.1252596,0.9787400799669153,-0.2051044998686192,8153074.0,25.8,-0.9659258262890684,-0.2588190451025203,1.0,34960.0,5076.1,55655.0,144.75916666666666,11.3,65439.43,4792.7,1416.0,2114.1,1249413.5,9932.0,5.9569373,2018
2018-10-21 03:00:00+00:00,16.3662,15.1252596,0.3415707691678551,-0.9398560579418956,7777168.0,25.8,0.7071067811865476,0.7071067811865476,0.0,19713.0,7117.2,45075.0,72.60333333333334,19.2,33834.98,1192.9,610.0,17.4,0.0,4866.0,4.5955067,2018
2018-10-16 12:00:00+00:00,18.562521,15.1252596,0.2595117970697994,-0.965739937654855,7777168.0,28.7,-1.0,1.2246467991473532e-16,1.0,30793.0,7117.2,45135.0,77.01583333333333,18.933333333333334,47952.73,5877.5,709.0,3279.6,1802372.5,889.0,1.9584401,2018
2021-12-16 20:00:00+00:00,9.518313,46.29497964,0.9668478136052776,-0.2553532951161872,6469940.0,132.0,0.5000000000000001,-0.8660254037844386,1.0,35036.0,6105.9,45835.0,498.2275,8.0,64562.8,5747.799999999999,1262.0,35.1,0.0,6344.0,5.1384797,2021
2018-08-07 07:00:00+00:00,22.561579,15.1252596,-0.8090169943749475,-0.587785252292473,10042982.5,26.53,-0.2588190451025208,0.9659258262890684,1.0,33257.0,7117.2,38436.0,45.91416666666667,25.95,44691.96,5487.0,990.0,1963.5,502788.44,2839.0,0.49752292,2018
2021-06-22 09:00:00+00:00,19.27792,46.29497964,-0.986657932891657,0.1628070129385171,10560103.0,29.96,-0.7071067811865475,0.7071067811865476,1.0,31022.0,4072.7,41235.0,64.81090909090908,22.366666666666664,45269.34,4246.3,1232.0,8904.8,1888901.9,2913.0,3.5664124,2021
2023-06-18 23:00:00+00:00,20.656006,89.55725625000001,-0.973118337233262,0.2303056702306122,9287024.0,33.73,0.9659258262890684,-0.2588190451025207,1.0,21784.0,6113.8,32615.0,54.974545454545456,23.366666666666664,32304.43,4114.5,868.0,238.8,0.0,3454.0,1.1032835,2023
2020-12-18 21:00:00+00:00,10.98672,17.2389636,0.9787400799669153,-0.2051044998686192,8925312.0,19.94,0.7071067811865474,-0.7071067811865477,1.0,31477.0,7117.2,51085.0,180.64454545454544,10.433333333333334,49863.2,3643.6,1609.0,28.1,0.0,8245.0,3.8712363,2020
2023-10-01 21:00:00+00:00,21.838552,89.55725625000001,0.0043035382962438,-0.99999073973619,7052792.0,39.76,0.7071067811865474,-0.7071067811865477,0.0,24203.0,5983.0,39416.0,33.93300000000001,23.2,39955.72,4928.5,364.0,447.4,0.0,3805.0,1.7583547,2023
2021-04-03 13:00:00+00:00,16.859833,46.29497964,-0.0301203048469081,0.9995462806873572,12137668.0,19.09,-0.9659258262890684,-0.2588190451025203,0.0,24029.0,6111.4,41395.0,58.47818181818182,15.6,28575.9,3424.7,933.0,7954.4,2770702.2,9422.0,2.7474728,2021
2018-10-17 20:00:00+00:00,16.789865,15.1252596,0.276096973097468,-0.961129783872301,7777168.0,29.3,0.5000000000000001,-0.8660254037844386,1.0,28604.0,7117.2,45245.0,71.8325,19.1,44757.51,5125.3,678.0,222.7,0.0,2249.0,2.7591636,2018
2023-08-26 17:00:00+00:00,25.130766,89.55725625000001,-0.5772916165517278,-0.8165380514459157,7451239.0,32.5,-0.2588190451025206,-0.9659258262890684,0.0,30176.0,6895.5,36717.0,32.75636363636364,27.766666666666666,38156.73,861.0,444.0,5135.3,978826.6,10581.0,3.4462578,2023
2021-02-04 16:00:00+00:00,13.390185,46.29497964,0.8239230057575543,0.5667017562911175,10269799.0,17.68,-0.5000000000000004,-0.8660254037844385,1.0,30898.0,7117.2,50102.0,284.3609090909091,9.833333333333334,59755.9,6638.7,1944.0,1241.0,689612.9,4515.0,1.9399478,2021
2023-10-25 06:00:00+00:00,16.080341,89.55725625000001,0.4054257283599965,-0.914127988185334,7110879.0,46.26,6.123233995736766e-17,1.0,1.0,28792.0,4065.8,41335.0,49.693636363636365,18.3,37728.59,3418.5,840.0,16.5,0.0,15401.0,7.6466074,2023
2022-03-23 20:00:00+00:00,11.44067,80.46928043999999,0.1585593851031345,0.9873494423939864,7046049.0,92.0,0.5000000000000001,-0.8660254037844386,1.0,31919.0,6053.3,33435.0,119.93545454545456,11.966666666666669,51329.57,3919.6,1162.0,5.6,0.0,12396.0,7.186174,2022
2020-11-10 06:00:00+00:00,11.671696,17.2389636,0.6518989958787125,-0.7583058084785625,8602562.0,14.05,6.123233995736766e-17,1.0,1.0,28566.0,6125.5,49495.0,105.16636363636364,15.133333333333333,53767.52,4638.4,1111.0,35.9,0.0,1758.0,1.6826874,2020
2023-06-19 10:00:00+00:00,22.795872,89.55725625000001,-0.9769384927771816,0.2135209154397961,9239022.0,34.3,-0.8660254037844387,0.4999999999999999,1.0,29511.0,6113.8,33055.0,54.974545454545456,23.366666666666664,38735.08,4628.0,928.0,12686.9,2199591.2,3729.0,1.8301032,2023
2020-10-16 16:00:00+00:00,16.528986,17.2389636,0.276096973097468,-0.961129783872301,8253016.0,13.28,-0.5000000000000004,-0.8660254037844385,1.0,28483.0,6125.5,44650.0,159.87818181818182,15.766666666666666,53125.56,5516.8,1008.0,3426.5,1040542.44,2537.0,1.9477959,2020
2023-09-12 14:00:00+00:00,24.205,89.55725625000001,-0.3171912885891059,-0.9483615800121716,7181439.0,36.95,-0.8660254037844386,-0.5000000000000001,1.0,28215.0,7043.3,41475.0,51.28727272727272,24.73333333333333,40256.9,4597.0,420.0,13944.5,2123801.5,1713.0,1.4023057,2023
2020-10-09 13:00:00+00:00,22.230677,17.2389636,0.1585593851031347,-0.9873494423939864,8345466.0,13.25,-0.9659258262890684,-0.2588190451025203,1.0,28892.0,6125.5,42900.0,70.24181818181819,19.133333333333333,44705.52,5063.7,743.0,7441.0,2166766.2,1276.0,0.80345786,2020
2020-03-20 07:00:00+00:00,10.744377,17.2389636,0.1924515819708299,0.9813064702716092,10818085.0,8.7,-0.2588190451025208,0.9659258262890684,1.0,26419.0,7117.2,41989.0,348.535,11.699999999999998,45192.15,4228.5,1698.0,929.0,108180.6,5293.0,3.9513547,2020
2019-09-24 06:00:00+00:00,17.01034,22.79031588,-0.1159345995955006,-0.9932568492674144,6541441.0,13.11,6.123233995736766e-17,1.0,1.0,28600.0,7117.2,40240.0,46.020833333333336,22.433333333333334,44444.6,3735.3,629.0,306.6,4024.1152,5920.0,3.3316724,2019
2021-06-23 11:00:00+00:00,20.05792,46.29497964,-0.9893142039703664,0.1457991969198746,10560103.0,29.9,-0.9659258262890682,0.258819045102521,1.0,31247.0,4172.7,41496.0,61.55090909090909,22.133333333333336,52800.0,4572.1,1269.0,9553.3,2545804.8,3866.0,3.329414,2021
2019-12-04 10:00:00+00:00,9.740866,22.79031588,0.893918596519257,-0.4482293417404106,8093412.0,15.48,-0.8660254037844387,0.4999999999999999,1.0,35398.0,5008.0,45830.0,250.4418181818182,11.166666666666666,75659.39,6829.2,1628.0,2046.7,665191.2,4394.0,2.1368062,2019
2023-07-27 02:00:00+00:00,20.655888,89.55725625000001,-0.9051931898913976,-0.4250003399695539,8309958.0,34.48,0.8660254037844387,0.4999999999999999,1.0,23574.0,7117.2,34225.0,36.770909090909086,25.6,28955.0,3709.0,520.0,488.1,0.0,3444.0,0.62740415,2023
2023-07-22 01:00:00+00:00,20.764572,89.55725625000001,-0.9383773917408642,-0.3456123126707333,8561884.0,30.48,0.9659258262890684,0.2588190451025207,0.0,24056.0,6786.3,36090.0,34.95272727272727,26.75,32857.64,3521.2,536.0,457.0,0.0,5489.0,2.6306534,2023
2020-09-01 18:00:00+00:00,22.996687,17.2389636,-0.4749510720670502,-0.8800122039735356,9363826.0,11.99,-1.8369701987210292e-16,-1.0,1.0,30882.0,6071.9,33535.0,61.0290909090909,21.76666666666667,43509.43,4680.4,815.0,1251.9,506948.6,6238.0,2.4809477,2020
2022-01-21 03:00:00+00:00,5.8702216,80.46928043999999,0.9353679493131484,0.3536761221763715,7209468.0,70.7,0.7071067811865476,0.7071067811865476,1.0,24544.0,7117.2,49251.0,143.70454545454547,7.099999999999999,60566.12,1878.0,832.0,16.8,0.0,12666.0,3.7174742,2022
2022-02-04 21:00:00+00:00,10.985101,80.46928043999999,0.8239230057575543,0.5667017562911175,7003277.0,78.0,0.7071067811865474,-0.7071067811865477,1.0,30251.0,7117.2,48036.0,111.54454545454549,8.533333333333333,58018.98,6340.8,692.0,23.9,0.0,6647.0,2.8925314,2022
2020-05-21 04:00:00+00:00,15.710325,17.2389636,-0.766658819300159,0.6420547132365637,12983647.0,5.5,0.5000000000000001,0.8660254037844386,1.0,21880.0,4106.7,36610.0,136.39909090909092,18.3,30247.6,3558.1,1396.0,285.4,0.0,2803.0,1.9595125,2020
2022-01-22 20:00:00+00:00,7.3761683,80.46928043999999,0.9291414114031744,0.3697245428906731,7209468.0,75.0,0.5000000000000001,-0.8660254037844386,0.0,33149.0,7117.2,49251.0,141.8918181818182,7.033333333333334,67408.68,5389.1,980.0,20.5,0.0,5164.0,4.088471,2022
2020-10-30 00:00:00+00:00,13.147494,17.2389636,0.4975132889071803,-0.8674563547295971,8440297.0,14.6,1.0,0.0,1.0,23430.0,6125.5,46142.0,99.85454545454546,15.566666666666665,40041.8,4016.4,960.0,46.9,0.0,3273.0,1.1378733,2020
2021-02-04 06:00:00+00:00,10.631131,46.29497964,0.8239230057575543,0.5667017562911175,10269799.0,17.68,6.123233995736766e-17,1.0,1.0,30123.0,7117.2,50102.0,284.3609090909091,9.833333333333334,63541.73,4397.3,1859.0,20.7,0.0,3549.0,2.3735015,2021
2023-07-24 11:00:00+00:00,25.753696,89.55725625000001,-0.92592477719385,-0.3777079652039646,8309958.0,29.4,-0.9659258262890682,0.258819045102521,1.0,33075.0,7117.2,36615.0,37.333636363636366,27.4,35611.66,3105.4,580.0,15734.5,2605264.5,5490.0,4.2824683,2023
2019-02-23 00:00:00+00:00,9.726456,22.79031588,0.5981809144059164,0.8013610881746766,8866543.0,20.01,1.0,0.0,0.0,25406.0,7117.2,53460.0,157.72916666666666,10.1,52277.21,4357.2,1015.0,126.6,0.0,4514.0,1.1982193,2019
2019-07-23 16:00:00+00:00,29.451166,22.79031588,-0.9322892131745134,-0.3617137307297674,8415226.0,15.75,-0.5000000000000004,-0.8660254037844385,1.0,38093.0,7117.2,40847.0,45.52666666666666,24.933333333333337,50544.19,5634.8,713.0,3564.1,2127088.2,5853.0,0.74809414,2019
2019-02-23 21:00:00+00:00,11.827718,22.79031588,0.5981809144059164,0.8013610881746766,8866543.0,20.01,0.7071067811865474,-0.7071067811865477,0.0,29101.0,7117.2,52269.0,157.72916666666666,10.1,52048.57,6437.5,1106.0,42.8,0.0,4780.0,2.1906312,2019
2020-08-30 13:00:00+00:00,21.852217,17.2389636,-0.5049610547215202,-0.8631421280499115,9705841.0,9.95,-0.9659258262890684,-0.2588190451025203,0.0,24330.0,7117.2,33750.0,48.08909090909091,22.433333333333334,27122.46,3766.5,689.0,8816.2,2699710.0,5175.0,3.6409106,2020
2023-12-24 04:00:00+00:00,7.2550917,89.55725625000001,0.9927487224577402,-0.1202080448993527,9597457.0,32.97,0.5000000000000001,0.8660254037844386,0.0,18815.0,7117.2,44595.0,168.8672727272727,10.433333333333332,27771.04,3682.0,1124.0,10.5,0.0,2898.0,1.0415679,2023
2020-01-07 10:00:00+00:00,8.949011,17.2389636,0.9927487224577402,0.1202080448993527,9753093.0,13.25,-0.8660254037844387,0.4999999999999999,1.0,36644.0,7117.2,53725.0,137.07181818181817,7.399999999999999,69372.21,7354.6,1494.0,4121.1,805038.7,1801.0,0.76969355,2020
2019-05-03 07:00:00+00:00,12.836104,22.79031588,-0.5197438121555155,0.854322169749827,9617996.0,14.0,-0.2588190451025208,0.9659258262890684,1.0,30333.0,6125.5,46375.0,63.19833333333332,16.766666666666666,53936.24,5980.0,1230.0,2552.2,443114.5,4975.0,3.093345,2019
2021-02-02 18:00:00+00:00,13.454062,46.29497964,0.8429415373547828,0.5380051715382996,10269799.0,19.99,-1.8369701987210292e-16,-1.0,1.0,33770.0,7117.2,50102.0,323.85083333333336,9.9,60680.85,3847.8,1825.0,72.3,35490.527,10650.0,6.0405216,2021
2018-03-23 20:00:00+00:00,11.345859,15.1252596,0.1585593851031345,0.9873494423939864,9172002.5,23.5,0.5000000000000001,-0.8660254037844386,1.0,35120.0,6071.9,48565.0,298.62166666666667,9.95,66690.38,3413.3,1730.0,128.3,0.0,13385.0,8.304702,2018
2018-01-27 22:00:00+00:00,7.7587733,15.1252596,0.893918596519257,0.4482293417404106,5403403.3,18.87,0.8660254037844384,-0.5000000000000004,0.0,29330.0,7117.2,58695.0,263.7592307692308,9.75,62175.57,4115.1,1057.0,42.6,0.0,7254.0,6.502317,2018
2019-12-05 15:00:00+00:00,12.783616,22.79031588,0.9015016841318838,-0.4327755925504317,8093412.0,15.21,-0.7071067811865477,-0.7071067811865475,1.0,33517.0,5008.0,44495.0,213.74454545454543,11.166666666666666,68951.84,4927.9,1635.0,1257.5,696884.4,6651.0,4.4265556,2019
2018-05-21 14:00:00+00:00,19.158974,15.1252596,-0.7554933140726803,0.6551563572090853,11943098.0,25.0,-0.8660254037844386,-0.5000000000000001,1.0,29441.0,5068.5,39775.0,105.53833333333334,17.2,35226.84,5473.1,1497.0,3142.9,2601222.2,1445.0,1.3228397,2018
2021-08-23 11:00:00+00:00,26.231827,46.29497964,-0.6186714032625032,-0.7856498550787144,7373652.0,42.89,-0.9659258262890682,0.258819045102521,1.0,34209.0,7117.2,43377.0,52.95727272727272,24.933333333333334,38251.18,4363.4,642.0,9853.3,2658624.8,6748.0,3.2194777,2021
2023-08-22 07:00:00+00:00,24.306507,89.55725625000001,-0.6321034111873488,-0.7748840413670406,7451239.0,40.6,-0.2588190451025208,0.9659258262890684,1.0,29997.0,6947.5,33424.0,38.03727272727273,27.96666666666667,41432.19,4789.2,580.0,7247.5,453290.62,3629.0,2.7275703,2023
2022-05-10 17:00:00+00:00,22.2808,80.46928043999999,-0.6186714032625031,0.7856498550787147,7941866.0,83.0,-0.2588190451025206,-0.9659258262890684,1.0,28523.0,6125.5,29430.0,78.91272727272727,18.1,42067.12,4897.0,1069.0,6710.8,1556792.6,3867.0,0.43097115,2022
2022-06-13 04:00:00+00:00,19.924444,80.46928043999999,-0.9497178427914318,0.3131070409358265,7610604.0,40.0,0.5000000000000001,0.8660254037844386,1.0,24056.0,6113.8,29255.0,43.18,24.6,36083.07,3576.3,676.0,63.4,0.0,8410.0,1.6088629,2022
2023-12-31 13:00:00+00:00,12.679156,89.55725625000001,1.0,-2.4492935982947064e-16,9483417.0,30.94,-0.9659258262890684,-0.2588190451025203,0.0,25718.0,7117.2,45675.0,86.07090909090908,9.133333333333333,26891.85,3845.0,892.0,6013.3,1139532.1,11739.0,6.0960755,2023
2020-08-31 10:00:00+00:00,21.372541,17.2389636,-0.4900286664290594,-0.8717063187093217,9363826.0,11.52,-0.8660254037844387,0.4999999999999999,1.0,30893.0,7117.2,34845.0,51.32818181818182,21.766666666666666,43636.97,5218.7,785.0,8628.4,2272208.8,2679.0,1.6677089,2020
2019-04-28 05:00:00+00:00,10.999657,22.79031588,-0.4443781781046132,0.895839290734909,9241342.0,17.08,0.2588190451025207,0.9659258262890684,0.0,20317.0,6125.5,43965.0,115.89,15.966666666666669,36572.76,3898.0,1285.0,193.1,398.97467,5115.0,3.2028618,2019
2018-05-21 06:00:00+00:00,13.821253,15.1252596,-0.7554933140726803,0.6551563572090853,11943098.0,25.0,6.123233995736766e-17,1.0,1.0,28769.0,5068.5,40140.0,105.53833333333334,17.2,34651.41,4738.8,1515.0,986.2,185744.98,998.0,0.1866422,2018
2020-02-17 16:00:00+00:00,14.061921,17.2389636,0.6776147890466889,0.7354170229639855,10406929.0,9.8,-0.5000000000000004,-0.8660254037844385,1.0,30707.0,7117.2,51664.0,101.67636363636365,11.333333333333334,51822.05,5058.5,1241.0,2121.0,923533.3,8073.0,4.089174,2020
2021-04-06 22:00:00+00:00,11.700028,46.29497964,-0.0816763953304224,0.9966589017541702,12000960.0,19.9,0.8660254037844384,-0.5000000000000004,1.0,24313.0,6111.4,40035.0,53.34,14.766666666666666,55719.69,4344.1,996.0,152.4,0.0,12442.0,3.4890015,2021
2019-11-21 03:00:00+00:00,9.556915,22.79031588,0.7721565844991641,-0.6354323008901775,7183697.0,16.0,0.7071067811865476,0.7071067811865476,1.0,24054.0,5008.0,42190.0,217.2136363636364,11.3,55701.21,3736.5,1301.0,2.4,0.0,6891.0,5.175499,2019
2023-12-06 02:00:00+00:00,8.993534,89.55725625000001,0.9088176373395028,-0.4171936026123169,9349226.0,37.5,0.8660254037844387,0.4999999999999999,0.0,22103.0,6125.5,45505.0,187.7090909090909,10.966666666666669,53102.57,4053.6,1284.0,7.1,0.0,2807.0,2.297812,2023
2021-06-22 06:00:00+00:00,16.52581,46.29497964,-0.986657932891657,0.1628070129385171,10560103.0,29.96,6.123233995736766e-17,1.0,1.0,29239.0,4072.7,41235.0,64.81090909090908,22.366666666666664,44623.39,3911.0,1220.0,3166.2,249170.56,3198.0,3.7306578,2021
2021-04-24 06:00:00+00:00,12.4626665,46.29497964,-0.3816892202666589,0.9242907221930932,11503922.0,22.0,6.123233995736766e-17,1.0,0.0,23744.0,5115.6,39375.0,54.54363636363637,16.099999999999998,39042.87,1739.1,879.0,1181.0,80203.57,8175.0,5.0548368,2021
2019-07-25 04:00:00+00:00,21.587889,22.79031588,-0.9192859697186104,-0.3935902766564669,8415226.0,13.6,0.5000000000000001,0.8660254037844386,1.0,27356.0,7117.2,37346.0,44.68333333333334,25.23333333333333,40326.9,4283.7,607.0,156.8,0.0,5132.0,1.0742117,2019
2022-06-14 09:00:00+00:00,25.563482,80.46928043999999,-0.9549667548552552,0.2967128192734903,7610604.0,40.0,-0.7071067811865475,0.7071067811865476,1.0,33233.0,6113.8,29255.0,42.514,24.633333333333336,41960.59,5636.4,748.0,10789.1,2035882.1,1885.0,1.5124425,2022
2022-02-08 17:00:00+00:00,14.075528,80.46928043999999,0.7829801036770629,0.6220467484408675,6964737.0,78.0,-0.2588190451025206,-0.9659258262890684,1.0,31604.0,7117.2,46051.0,92.72727272727272,10.05,65220.24,5801.7,646.0,1474.3,545399.6,4222.0,3.4025218,2022
2021-04-06 02:00:00+00:00,10.788564,46.29497964,-0.0816763953304224,0.9966589017541702,12000960.0,19.9,0.8660254037844387,0.4999999999999999,1.0,20296.0,6111.4,39385.0,53.595454545454544,15.7,42235.07,3849.6,968.0,66.7,0.0,7591.0,2.4047062,2021
2018-01-25 22:00:00+00:00,9.024993,15.1252596,0.9088176373395028,0.4171936026123168,5403403.3,19.04,0.8660254037844384,-0.5000000000000004,1.0,30385.0,7117.2,58695.0,216.375,9.55,62745.09,4736.9,1163.0,11.8,0.0,8611.0,4.8857017,2018
2020-05-19 01:00:00+00:00,15.259272,17.2389636,-0.7441039398713604,0.6680638642135338,12983647.0,5.5,0.9659258262890684,0.2588190451025207,1.0,19520.0,4106.7,39030.0,191.04454545454547,16.933333333333334,32985.79,3708.3,1404.0,511.3,0.0,5082.0,2.9155126,2020
2019-06-10 23:00:00+00:00,15.905562,22.79031588,-0.9322892131745132,0.3617137307297676,9712119.0,14.95,0.9659258262890684,-0.2588190451025207,1.0,23857.0,7117.2,42729.0,40.47666666666667,19.96666666666667,38720.63,2487.3,890.0,588.1,0.0,4729.0,3.6147535,2019
2018-09-10 21:00:00+00:00,21.720901,15.1252596,-0.3496474552512282,-0.9368813462954316,8868060.9,29.75,0.7071067811865474,-0.7071067811865477,1.0,27094.0,7117.2,46230.0,60.6625,23.633333333333336,47810.49,5496.4,815.0,167.1,0.0,4356.0,4.175127,2018
2018-12-20 13:00:00+00:00,13.023636,15.1252596,0.9821256058680004,-0.1882267098432448,8153074.0,26.1,-0.9659258262890684,-0.2588190451025203,1.0,34063.0,5076.1,53860.0,130.5066666666667,11.3,61187.94,5700.7,1434.0,2174.2,1080229.5,6628.0,2.9797995,2018
2018-05-21 18:00:00+00:00,17.873775,15.1252596,-0.7554933140726803,0.6551563572090853,11943098.0,25.0,-1.8369701987210292e-16,-1.0,1.0,29178.0,5068.5,44125.0,105.53833333333334,17.2,41186.45,5492.3,1629.0,881.9,785671.4,1339.0,1.5754972,2018
2022-02-03 05:00:00+00:00,7.9102325,80.46928043999999,0.8335557718385699,0.5524353131676196,7003277.0,77.0,0.2588190451025207,0.9659258262890684,1.0,26861.0,7117.2,48656.0,111.4590909090909,8.133333333333333,60588.53,4762.2,622.0,14.4,0.0,3111.0,1.2829049,2022
2021-04-03 15:00:00+00:00,17.042616,46.29497964,-0.0301203048469081,0.9995462806873572,12137668.0,19.09,-0.7071067811865477,-0.7071067811865475,0.0,22757.0,6111.4,41395.0,58.47818181818182,15.6,27022.69,3410.5,914.0,6131.0,2226653.0,10284.0,3.2255607,2021
2020-01-06 11:00:00+00:00,9.925961,17.2389636,0.9946708199115212,0.1031016974474348,9753093.0,13.0,-0.9659258262890682,0.258819045102521,0.0,25305.0,7117.2,54490.0,139.1327272727273,8.5,69343.11,7420.5,1239.0,4870.5,1215056.1,1314.0,0.48120713,2020
2020-07-22 17:00:00+00:00,27.25863,17.2389636,-0.9322892131745134,-0.3617137307297674,11502495.0,6.77,-0.2588190451025206,-0.9659258262890684,1.0,33637.0,7117.2,36337.0,55.32909090909091,24.766666666666666,46563.15,5812.9,875.0,4082.3,1522069.6,3621.0,1.3579395,2020
2018-12-21 14:00:00+00:00,13.647775,15.1252596,0.9852201067560606,-0.1712931441814778,8153074.0,26.0,-0.8660254037844386,-0.5000000000000001,1.0,32275.0,5076.1,54485.0,120.68416666666668,10.633333333333333,50504.0,5689.3,1335.0,2314.4,1074690.2,6763.0,3.6480496,2018
2020-05-01 07:00:00+00:00,15.119435,17.2389636,-0.5049610547215204,0.8631421280499114,12486925.0,6.23,-0.2588190451025208,0.9659258262890684,0.0,19090.0,5110.1,37350.0,229.0309090909091,15.533333333333331,30665.25,1662.0,1648.0,3614.3,482074.3,12013.0,6.3047633,2020
2019-04-15 05:00:00+00:00,12.319122,22.79031588,-0.2344913895704096,0.9721181966290612,8991028.0,18.0,0.2588190451025207,0.9659258262890684,1.0,27389.0,6071.9,45270.0,58.325,15.733333333333334,59393.7,3007.0,1049.0,139.4,0.0,5496.0,2.3940346,2019
2020-02-27 03:00:00+00:00,9.011536,17.2389636,0.5416278206559814,0.8406184056344782,10318969.0,9.1,0.7071067811865476,0.7071067811865476,1.0,23195.0,7117.2,47054.0,71.02,11.366666666666664,53410.85,2738.6,878.0,20.8,0.0,10552.0,3.4029918,2020
2021-08-06 06:00:00+00:00,19.520893,46.29497964,-0.8190148866680799,-0.5737722679043247,8477701.0,41.75,6.123233995736766e-17,1.0,1.0,28463.0,7117.2,39373.0,64.57636363636364,25.066666666666663,32839.44,3665.9,760.0,2009.2,93932.03,2375.0,2.3160338,2021
2023-09-25 04:00:00+00:00,16.545052,89.55725625000001,-0.0988201387328721,-0.9951053111006974,7052792.0,42.48,0.5000000000000001,0.8660254037844386,1.0,20949.0,5983.0,37570.0,36.06272727272728,21.433333333333334,32033.29,4043.4,456.0,99.2,0.0,2064.0,2.2050142,2023
2019-08-17 21:00:00+00:00,24.593456,22.79031588,-0.6963762255968724,-0.7176769136759618,7706520.0,11.25,0.7071067811865474,-0.7071067811865477,0.0,27220.0,7117.2,39008.0,48.27416666666667,24.63333333333333,39080.46,3927.1,550.0,583.9,0.0,6366.0,0.67221665,2019
2021-10-17 10:00:00+00:00,18.706108,46.29497964,0.276096973097468,-0.961129783872301,6132781.0,89.99,-0.8660254037844387,0.4999999999999999,0.0,23974.0,6121.4,44130.0,53.32545454545455,17.599999999999998,43473.75,4877.5,429.0,6558.0,1146327.1,1946.0,1.1750149,2021
2019-01-17 23:00:00+00:00,7.2134495,22.79031588,0.9574851883550392,0.288482432880609,7877846.0,27.99,0.9659258262890684,-0.2588190451025207,1.0,29503.0,7117.2,54291.0,45.08416666666667,9.566666666666665,66731.62,6723.0,758.0,15.1,0.0,3864.0,3.34467,2019
2020-12-17 02:00:00+00:00,9.743789,17.2389636,0.9750645322571948,-0.2219215130041658,8925312.0,19.26,0.8660254037844387,0.4999999999999999,1.0,23416.0,7117.2,47520.0,204.31272727272727,10.4,49731.89,3332.8,1538.0,6.9,0.0,1434.0,0.30364302,2020
2019-04-17 00:00:00+00:00,12.822754,22.79031588,-0.2678143051621742,0.9634705485641488,8991028.0,15.0,1.0,0.0,1.0,23119.0,6042.2,46456.0,71.54916666666666,16.133333333333336,49642.71,2872.8,1086.0,318.8,0.0,8896.0,4.480703,2019
2021-02-05 20:00:00+00:00,12.20611,46.29497964,0.8140460935082179,0.5808002734538008,10269799.0,17.71,0.5000000000000001,-0.8660254037844386,1.0,32168.0,7117.2,50015.0,302.0354545454545,9.866666666666664,58093.25,5542.4,1984.0,41.0,0.0,8801.0,2.19911,2021
2019-11-06 00:00:00+00:00,12.128617,22.79031588,0.5842981736283683,-0.8115390590073611,6430248.0,10.5,1.0,0.0,1.0,23594.0,5047.5,39830.0,65.02583333333334,15.833333333333334,48306.07,3403.8,1258.0,20.2,0.0,10877.0,7.572937,2019
2018-09-10 20:00:00+00:00,22.366478,15.1252596,-0.3496474552512282,-0.9368813462954316,8868060.9,29.75,0.5000000000000001,-0.8660254037844386,1.0,29450.0,7117.2,46230.0,60.6625,23.633333333333336,45478.28,5971.8,850.0,220.9,0.0,4448.0,4.1535087,2018
2020-10-12 14:00:00+00:00,18.042326,17.2389636,0.209314645963048,-0.9778483415056568,8253016.0,12.17,-0.8660254037844386,-0.5000000000000001,0.0,22299.0,6125.5,42805.0,75.62090909090908,16.966666666666665,47574.88,5307.3,677.0,7597.2,2002670.1,6488.0,4.7578173,2020
2023-09-14 22:00:00+00:00,21.537296,89.55725625000001,-0.2843591872810036,-0.9587178169872964,7181439.0,36.0,0.8660254037844384,-0.5000000000000004,1.0,25292.0,7028.3,44095.0,45.35909090909092,24.133333333333336,38465.33,5334.7,428.0,55.8,0.0,5191.0,2.667193,2023
2023-12-30 19:00:00+00:00,11.105796,89.55725625000001,0.9998518392091162,-0.0172133561558352,9483417.0,32.5,0.2588190451025203,-0.9659258262890684,0.0,28502.0,7117.2,45675.0,107.69454545454543,8.700000000000001,39690.97,5080.0,1060.0,74.7,0.0,9534.0,4.057493,2023
2023-07-29 13:00:00+00:00,28.086828,89.55725625000001,-0.8900275764346768,-0.4559066935084586,8309958.0,27.74,-0.9659258262890684,-0.2588190451025203,0.0,27580.0,7117.2,31675.0,39.99545454545455,26.23333333333333,24490.28,2551.8,492.0,16541.5,3135813.2,2798.0,2.3209398,2023
2020-01-27 01:00:00+00:00,8.612945,17.2389636,0.893918596519257,0.4482293417404106,10148824.0,11.8,0.9659258262890684,0.2588190451025207,1.0,22817.0,7117.2,51975.0,140.04545454545453,9.033333333333331,51681.67,2363.6,1145.0,16.5,0.0,8155.0,4.1059785,2020
2023-02-11 01:00:00+00:00,5.884717,89.55725625000001,0.7498264012045687,0.6616346182422783,9996284.0,50.0,0.9659258262890684,0.2588190451025207,0.0,24586.0,7117.2,45780.0,81.16454545454546,11.0,61090.01,1694.5,836.0,86.8,0.0,6635.0,5.5774612,2023
2023-03-04 01:00:00+00:00,6.3413825,89.55725625000001,0.4673592171580022,0.8840675099433636,9758770.0,47.5,0.9659258262890684,0.2588190451025207,0.0,24256.0,6121.4,36571.0,68.36181818181818,11.3,55585.95,4320.8,812.0,19.6,0.0,5868.0,2.4745014,2023
2020-11-18 14:00:00+00:00,18.6338,17.2389636,0.7498264012045686,-0.6616346182422783,8582863.0,14.57,-0.8660254037844386,-0.5000000000000001,1.0,30161.0,6525.5,49455.0,79.13999999999999,14.033333333333331,46030.31,5709.2,1033.0,5672.0,1425945.1,2469.0,0.9891417,2020
2019-11-06 12:00:00+00:00,14.62099,22.79031588,0.5842981736283683,-0.8115390590073611,6430248.0,10.5,-1.0,1.2246467991473532e-16,1.0,32216.0,5047.5,41130.0,65.02583333333334,15.833333333333334,57529.15,4985.7,1249.0,4806.2,1475750.4,9895.0,5.9526734,2019
2020-02-18 22:00:00+00:00,9.764198,17.2389636,0.6648553979642865,0.7469720876965552,10406929.0,9.9,0.8660254037844384,-0.5000000000000004,1.0,28623.0,7117.2,51629.0,100.24909090909092,11.266666666666666,55748.0,4912.7,1218.0,16.0,0.0,4856.0,3.61844,2020
2022-03-25 10:00:00+00:00,12.885258,80.46928043999999,0.1244792638867893,0.9922222094179324,7046049.0,116.0,-0.8660254037844387,0.4999999999999999,1.0,31347.0,6053.3,33435.0,100.84181818181818,12.1,44877.81,3692.5,1025.0,3454.4,1364268.6,9427.0,6.9407687,2022
2019-09-24 05:00:00+00:00,17.00641,22.79031588,-0.1159345995955006,-0.9932568492674144,6541441.0,13.11,0.2588190451025207,0.9659258262890684,1.0,27336.0,7117.2,40240.0,46.020833333333336,22.433333333333334,42639.01,3248.0,555.0,34.0,0.0,6152.0,3.2416508,2019
2020-12-31 19:00:00+00:00,8.574974,17.2389636,0.9998518392091162,0.0172133561558347,9415749.0,21.53,0.2588190451025203,-0.9659258262890684,1.0,31158.0,7117.2,52905.0,201.49000000000004,8.266666666666667,64424.48,3543.6,1636.0,15.8,0.0,7891.0,6.020412,2020
2022-02-28 02:00:00+00:00,8.735064,80.46928043999999,0.5270777086423722,0.8498170915275278,6817599.0,115.0,0.8660254037844387,0.4999999999999999,1.0,21458.0,7117.2,42715.0,63.41,10.933333333333332,54045.84,4407.4,555.0,35.2,0.0,2083.0,2.749127,2022
2018-02-04 12:00:00+00:00,8.157758,15.1252596,0.8239230057575543,0.5667017562911175,5411688.3,21.6,-1.0,1.2246467991473532e-16,0.0,31033.0,7117.2,56450.0,206.5675,9.05,63772.28,3448.9,947.0,1480.7,1320958.5,5536.0,2.225857,2018
2022-02-06 21:00:00+00:00,9.285497,80.46928043999999,0.8039279618328213,0.5947266869607633,7003277.0,82.0,0.7071067811865474,-0.7071067811865477,0.0,28725.0,7117.2,46051.0,86.32999999999998,9.1,44051.77,4901.6,620.0,29.5,0.0,8258.0,2.3446755,2022
2023-07-23 03:00:00+00:00,20.59674,89.55725625000001,-0.9322892131745134,-0.3617137307297674,8561884.0,28.9,0.7071067811865476,0.7071067811865476,0.0,21269.0,7117.2,35330.0,37.42818181818182,27.05,22600.25,3108.7,512.0,228.1,0.0,2616.0,1.1987286,2023
2021-04-24 07:00:00+00:00,13.236007,46.29497964,-0.3816892202666589,0.9242907221930932,11503922.0,22.0,-0.2588190451025208,0.9659258262890684,0.0,25523.0,5115.6,39375.0,54.54363636363637,16.099999999999998,39964.67,1952.5,912.0,3456.6,460116.56,8131.0,5.060152,2021
2022-11-05 01:00:00+00:00,12.075618,80.46928043999999,0.5702422926917867,-0.8214765533024145,5045030.0,40.0,0.9659258262890684,0.2588190451025207,0.0,20796.0,6071.9,30005.0,34.40181818181818,20.75,40593.99,4513.9,700.0,15.3,0.0,6551.0,4.753795,2022
2023-12-24 14:00:00+00:00,12.977513,89.55725625000001,0.9927487224577402,-0.1202080448993527,9597457.0,32.97,-0.8660254037844386,-0.5000000000000001,0.0,23600.0,7117.2,42790.0,168.8672727272727,10.433333333333332,28558.49,3867.1,1044.0,11626.3,1325583.9,1094.0,1.7973164,2023
2019-11-22 05:00:00+00:00,10.872452,22.79031588,0.7829801036770624,-0.622046748440868,7183697.0,14.0,0.2588190451025207,0.9659258262890684,1.0,27657.0,5008.0,43225.0,170.39636363636365,11.1,57971.5,887.5,1282.0,2.6,0.0,8687.0,6.4340367,2019
2020-07-29 14:00:00+00:00,29.311607,17.2389636,-0.8820480249558538,-0.4711595076738635,11141120.0,6.79,-0.8660254037844386,-0.5000000000000001,1.0,36474.0,7117.2,35230.0,61.71818181818182,26.200000000000003,42634.14,6021.1,853.0,8348.9,3110268.0,4667.0,2.0492506,2020
2022-10-13 20:00:00+00:00,19.094887,80.46928043999999,0.209314645963048,-0.9778483415056568,4757275.0,40.0,0.5000000000000001,-0.8660254037844386,1.0,26834.0,6111.4,30604.0,36.88181818181818,21.866666666666664,40584.57,5645.6,500.0,203.6,0.0,3195.0,2.244871,2022
2023-09-13 05:00:00+00:00,18.631329,89.55725625000001,-0.300819807635668,-0.9536809966304456,7181439.0,36.0,0.2588190451025207,0.9659258262890684,1.0,26387.0,7043.3,41475.0,51.78,24.2,40962.24,3919.3,408.0,65.6,0.0,4761.0,2.037458,2023
2023-12-07 16:00:00+00:00,13.380207,89.55725625000001,0.9158642882672872,-0.4014879892059729,9349226.0,37.83,-0.5000000000000004,-0.8660254037844385,1.0,28922.0,6125.5,45645.0,163.26454545454547,10.766666666666667,57421.32,4952.9,1312.0,802.6,254444.22,9816.0,5.322707,2023
2021-12-16 01:00:00+00:00,8.356459,46.29497964,0.9668478136052776,-0.2553532951161872,6469940.0,132.0,0.9659258262890684,0.2588190451025207,1.0,24584.0,5042.0,44965.0,498.2275,8.0,60858.42,3348.3,1173.0,14.2,0.0,5601.0,4.7926645,2021
2023-08-19 14:00:00+00:00,29.665956,89.55725625000001,-0.6712599575675318,-0.7412220108485954,7667381.0,36.46,-0.8660254037844386,-0.5000000000000001,0.0,26694.0,6939.5,36698.0,37.16727272727273,27.566666666666663,29909.33,3003.3,488.0,15511.5,2818368.5,1995.0,1.0715976,2023
2018-08-25 16:00:00+00:00,26.097004,15.1252596,-0.5912614448635782,-0.8064799463209447,9628642.2,27.99,-0.5000000000000004,-0.8660254037844385,0.0,28657.0,7117.2,32255.0,44.87916666666666,23.8,34569.97,3750.8,758.0,3347.7,1835076.5,6016.0,3.7042415,2018
2018-03-17 02:00:00+00:00,8.149326,15.1252596,0.2595117970697999,0.9657399376548548,8217673.2,23.8,0.8660254037844387,0.4999999999999999,0.0,23657.0,6071.9,47330.0,380.4692307692307,10.1,51585.39,2592.7,1735.0,17.4,0.0,9599.0,6.5331645,2018
2018-12-02 14:00:00+00:00,14.966093,15.1252596,0.8779600847008878,-0.478733840115789,7992028.0,25.8,-0.8660254037844386,-0.5000000000000001,0.0,26432.0,6121.4,50563.0,101.25,11.9,40791.43,4181.6,971.0,2148.9,1139674.5,7180.0,3.9978771,2018
2018-01-25 06:00:00+00:00,8.993889,15.1252596,0.9088176373395028,0.4171936026123168,5403403.3,19.04,6.123233995736766e-17,1.0,1.0,32057.0,7117.2,58695.0,216.375,9.55,61093.31,3560.2,1105.0,13.0,0.0,4641.0,3.121848,2018
2022-11-06 02:00:00+00:00,11.339077,80.46928043999999,0.5842981736283683,-0.8115390590073611,5045030.0,40.0,0.8660254037844387,0.4999999999999999,0.0,18112.0,6071.9,30805.0,34.017272727272726,20.3,31994.53,3165.6,572.0,10.6,0.0,5004.0,2.0791597,2022
2020-11-03 13:00:00+00:00,16.6574,17.2389636,0.5560174366570438,-0.8311706263658084,8534366.0,13.6,-0.9659258262890684,-0.2588190451025203,1.0,30734.0,6125.5,48467.0,91.43,16.099999999999998,49881.07,3688.3,964.0,3556.9,1448046.6,8241.0,4.1992745,2020
2018-01-28 06:00:00+00:00,6.7561207,15.1252596,0.886070621534138,0.4635502709028509,5403403.3,19.75,6.123233995736766e-17,1.0,0.0,23538.0,7117.2,57395.0,339.5430769230769,9.8,52335.88,1057.4,939.0,14.6,0.0,8205.0,6.367586,2018
2021-02-02 10:00:00+00:00,13.372603,46.29497964,0.8429415373547828,0.5380051715382996,10269799.0,19.99,-0.8660254037844387,0.4999999999999999,1.0,33660.0,7117.2,50102.0,323.85083333333336,9.9,55823.46,4271.0,1790.0,3774.8,850306.0,10660.0,4.636405,2021
2023-04-02 18:00:00+00:00,14.883568,89.55725625000001,-0.012910296075009,0.999916658654738,10208205.0,43.76,-1.8369701987210292e-16,-1.0,0.0,23590.0,7117.2,37580.0,37.488181818181815,15.1,44052.35,4564.6,724.0,2085.7,550554.8,11467.0,5.296276,2023
2023-09-18 01:00:00+00:00,19.440989,89.55725625000001,-0.2177232303965322,-0.9760105506323682,7135990.0,38.37,0.9659258262890684,0.2588190451025207,1.0,19751.0,7028.3,41890.0,50.94090909090908,23.866666666666664,28484.99,1941.3,500.0,66.1,0.0,8234.0,4.325518,2023
2018-12-22 02:00:00+00:00,10.4166355,15.1252596,0.9880226656636976,-0.154308820664281,8153074.0,24.8,0.8660254037844387,0.4999999999999999,0.0,22939.0,5076.1,51510.0,115.44083333333332,10.0,40774.27,4080.1,1214.0,18.8,0.0,6313.0,2.3438802,2018
2019-10-08 17:00:00+00:00,23.006285,22.79031588,0.1244792638867886,-0.9922222094179324,6275794.0,14.5,-0.2588190451025206,-0.9659258262890684,1.0,30826.0,6111.4,40670.0,42.39416666666667,20.366666666666667,49939.34,4760.8,437.0,1106.9,548248.44,4338.0,1.2820017,2019
2023-09-18 04:00:00+00:00,18.776993,89.55725625000001,-0.2177232303965322,-0.9760105506323682,7135990.0,38.37,0.5000000000000001,0.8660254037844386,1.0,21655.0,7028.3,42385.0,50.94090909090908,23.866666666666664,32537.95,2686.1,448.0,43.3,0.0,6606.0,3.7980351,2023
2020-03-22 13:00:00+00:00,13.633821,17.2389636,0.1585593851031345,0.9873494423939864,10818085.0,8.48,-0.9659258262890684,-0.2588190451025203,0.0,26282.0,7117.2,41309.0,260.1881818181818,12.1,30289.54,4596.9,1540.0,4115.7,2101144.5,2695.0,1.691399,2020
