timestamp,air_temp_era5_FR,carbon_price_FR,day_of_year_cos,day_of_year_sin,filling_rate_FR,gas_price_FR,hour_cos,hour_sin,isworkingday_FR,load_da_FR,nuclear_avail_esios_ES,nuclear_avail_rte_FR,river_flow_mean_FR,river_temp_FR,rl_BE,rl_DE_LU,rl_ES,rl_IT_NORD,run_off_gen_FR,solar_da_FR,ssrd_FR,wind_da_FR,wind_speed_100m_FR,year
2022-02-03 00:00:00+00:00,7.079428,80.46928043999999,0.8335557718385699,0.5524353131676196,1747271.0,77.6,1.0,0.0,1.0,60750.0,7117.2,48656.0,258.3570488807489,6.328333271874324,7291.045,36857.895,22412.0,15657.0,3179.0,0.0,0.0,2041.7,2.379212,2022
2019-11-06 17:00:00+00:00,10.263161,22.79031588,0.5842981736283683,-0.8115390590073611,2986771.0,13.0,-0.2588190451025206,-0.9659258262890684,1.0,65000.0,5047.5,40220.0,487.6493190272691,12.408458232879658,11898.33,64063.155,23101.1,23999.0,6918.0,0.0,24269.764,2161.15,4.6434426,2019
2018-03-22 19:00:00+00:00,6.141589,15.1252596,0.1755314904214282,0.9844738167520922,643391.0,20.65,0.2588190451025203,-0.9659258262890684,1.0,76250.0,6071.9,48565.0,495.7462448514448,6.89358341693878,10903.275,67510.86249999999,28117.2,24102.0,6325.0,0.0,7239.636,3088.12,4.5313735,2018
2022-01-22 23:00:00+00:00,3.6423762,80.46928043999999,0.9291414114031744,0.3697245428906731,1998118.0,84.66666666666667,0.9659258262890684,-0.2588190451025207,0.0,69650.0,7117.2,49251.0,246.35135089540088,4.544166571564144,9307.92,38568.62,21701.6,14156.0,3021.0,0.0,0.0,1847.99,2.1624177,2022
2021-02-02 05:00:00+00:00,8.6879835,46.29497964,0.8429415373547828,0.5380051715382996,1859154.0,18.03,0.2588190451025207,0.9659258262890684,1.0,60000.0,7117.2,50102.0,1251.3319153337404,8.244666576385498,9366.8475,55727.4,13829.8,19726.0,6445.0,0.0,0.0,8328.35,6.8030205,2021
2019-05-01 21:00:00+00:00,11.36989,22.79031588,-0.4900286664290592,0.8717063187093218,1112875.0,14.4,0.7071067811865474,-0.7071067811865477,0.0,48300.0,6125.5,46375.0,246.3488556369557,14.168000009324832,8295.055,27451.4575,15965.0,11957.0,5089.0,0.0,0.0,1643.04,3.1113975,2019
2020-10-13 10:00:00+00:00,11.520414,17.2389636,0.226115685508288,-0.9741004551724206,3019708.0,13.25,-0.8660254037844387,0.4999999999999999,1.0,61650.0,6125.5,43570.0,271.3814257224257,12.25756667455036,8359.8125,51488.8125,17310.0,18683.0,4308.0,3562.62,1029844.9,3673.23,3.271772,2020
2019-12-03 09:00:00+00:00,4.5161805,22.79031588,0.8860706215341378,-0.4635502709028512,2815166.0,15.02,-0.7071067811865475,0.7071067811865476,1.0,77300.0,5008.0,44520.0,499.41807035002034,8.428875247637428,11316.0875,56269.9075,26200.1,24731.0,6874.0,1314.24,299536.5,2365.22,3.3011804,2019
2021-07-09 13:00:00+00:00,20.610546,46.29497964,-0.99167731989929,-0.1287481774525806,2349488.0,36.85,-0.9659258262890684,-0.2588190451025203,1.0,49150.0,7117.2,40972.0,517.8795501017499,18.840416669845585,7233.455,42668.705,18080.1,24161.0,5412.0,7608.1,2429494.8,880.61,2.113084,2021
2018-03-24 10:00:00+00:00,7.9384713,15.1252596,0.1415402952170432,0.989932495087353,643391.0,19.2,-0.8660254037844387,0.4999999999999999,0.0,64450.0,6071.9,43550.0,433.37646319133546,6.604500015576682,9248.145,49785.9325,13695.4,15436.0,5567.0,2686.21,1325598.2,1398.34,1.109344,2018
2018-08-27 16:00:00+00:00,22.395012,15.1252596,-0.5631507242749187,-0.8263541987239094,2778684.0,25.6,-0.5000000000000004,-0.8660254037844385,1.0,47300.0,7117.2,36580.0,157.39053321123322,18.16712510585784,9263.53,44875.3175,26771.2,19892.0,3103.0,2155.1,1312618.5,1721.8,3.0099294,2018
2019-05-03 14:00:00+00:00,12.54393,22.79031588,-0.5197438121555155,0.854322169749827,1112875.0,14.75,-0.8660254037844386,-0.5000000000000001,1.0,51000.0,6125.5,46375.0,243.59310217745207,12.876222186618373,9116.6725,26229.945000000007,17031.8,21640.0,4821.0,3727.92,1967668.0,1667.81,3.647594,2019
2019-04-27 15:00:00+00:00,12.518488,22.79031588,-0.4288919379124835,0.9033558023246844,1004280.0,14.39,-0.7071067811865477,-0.7071067811865475,0.0,45050.0,6125.5,44875.0,277.48008746438745,12.719222068786612,5738.462500000001,29742.71,16919.0,12464.0,4394.0,3487.63,1750849.4,9618.7,8.498396,2019
2020-05-19 14:00:00+00:00,20.409826,17.2389636,-0.7441039398713604,0.6680638642135338,2355412.0,4.22,-0.8660254037844386,-0.5000000000000001,1.0,43500.0,4106.7,39030.0,295.79278431013427,16.523625135421778,6232.110000000001,33775.26000000001,14246.8,19905.0,5864.0,6065.57,2736434.8,2194.1,3.3054254,2020
2023-03-13 13:00:00+00:00,15.437113,89.55725625000001,0.3253420847119803,0.9455963874271424,1437424.0,49.45,-0.9659258262890684,-0.2588190451025203,1.0,49550.0,7117.2,34590.0,409.6432458332328,11.306888951195589,3367.775,10226.7975,-129.72499999999854,17594.0,5076.0,6552.87,1811473.9,15246.66,10.221152,2023
2018-01-09 22:00:00+00:00,7.3236117,15.1252596,0.9880226656636976,0.1543088206642811,1719409.0,19.42,0.8660254037844384,-0.5000000000000004,1.0,68100.0,6053.3,58560.0,919.742566117216,7.063083449999489,10462.4975,47788.8025,25115.5,17535.0,6230.0,0.0,0.0,4300.57,5.8981814,2018
2022-03-26 19:00:00+00:00,12.226946,80.46928043999999,0.107381346664163,0.994217906893952,1369050.0,101.66666666666669,0.2588190451025203,-0.9659258262890684,0.0,49300.0,6053.3,31135.0,189.38260966625964,11.564388751983673,6872.702500000001,48543.11,23752.7,17712.0,4049.0,0.0,13993.048,5980.52,6.496258,2022
2022-01-22 00:00:00+00:00,2.617051,80.46928043999999,0.9291414114031744,0.3697245428906731,1998118.0,84.66666666666667,1.0,0.0,0.0,68950.0,7117.2,49251.0,272.2612286528286,4.545777798940739,8316.029999999999,25357.4575,15083.8,15727.0,3654.0,0.0,0.0,2647.88,3.4744434,2022
2020-11-10 08:00:00+00:00,10.594348,17.2389636,0.6518989958787125,-0.7583058084785625,3035130.0,14.07,-0.4999999999999998,0.8660254037844387,1.0,57150.0,6125.5,49495.0,231.83007387057387,11.197208563486736,10802.76,61090.465,27715.8,23333.0,5398.0,414.34,170720.03,851.41,1.6150998,2020
2018-01-10 03:00:00+00:00,6.847117,15.1252596,0.9852201067560606,0.1712931441814776,1719409.0,19.43,0.7071067811865476,0.7071067811865476,1.0,55200.0,6053.3,58560.0,877.1520770146519,6.964666604995728,8290.9025,48079.545,19542.6,13795.0,5848.0,0.0,0.0,3396.3,5.4664483,2018
2023-03-05 06:00:00+00:00,2.5667012,89.55725625000001,0.4520722039323043,0.8919813464595485,1343353.0,44.57333333333333,6.123233995736766e-17,1.0,0.0,55000.0,7117.2,36622.0,175.5083426076339,7.298055516348934,7760.5,26479.325,18947.625,12297.0,2274.0,0.0,15.99453,2009.55,1.8086209,2023
2022-05-09 04:00:00+00:00,10.584249,80.46928043999999,-0.6050560696488488,0.7961828637826158,1511294.0,89.65,0.5000000000000001,0.8660254037844386,1.0,39800.0,6125.5,28887.0,208.8328338624339,15.283944712744804,8238.095000000001,45685.71,20022.0,14524.0,4852.0,0.0,107.12615,2691.57,2.890727,2022
2021-02-03 22:00:00+00:00,8.468195,46.29497964,0.8335557718385699,0.5524353131676196,1859154.0,17.85,0.8660254037844384,-0.5000000000000004,1.0,60850.0,7117.2,50102.0,1288.6469238146112,8.609583377838144,7743.56,26823.68,21438.2,16890.0,6396.0,0.0,0.0,4505.61,4.7474747,2021
2022-12-17 00:00:00+00:00,1.8757815,80.46928043999999,0.9711000518829505,-0.2386727660059499,2190805.0,114.75,1.0,0.0,0.0,65300.0,7117.2,42100.0,289.68059787209563,5.980833331743878,8827.935,45193.775,19782.75,14354.0,4806.0,0.0,0.0,2225.18,1.1063709,2022
2020-11-02 17:00:00+00:00,14.949737,17.2389636,0.5416278206559811,-0.8406184056344783,3088786.0,13.2,-0.2588190451025206,-0.9659258262890684,1.0,56800.0,6125.5,47227.0,266.204627085877,12.951958298683182,8393.765000000001,34379.845,26399.6,22320.0,5035.0,0.0,42230.37,5805.86,6.174143,2020
2022-10-12 12:00:00+00:00,17.256922,80.46928043999999,0.1924515819708299,-0.9813064702716092,2320864.0,101.75,-1.0,1.2246467991473532e-16,1.0,49400.0,6111.4,30230.0,164.947699590667,15.935999790827417,7087.1575,37858.065,10655.875,18354.0,2129.0,5932.2,1523892.6,582.37,0.729322,2022
2022-01-18 16:00:00+00:00,6.909227,80.46928043999999,0.9523775757303976,0.304921224656289,1998118.0,79.08,-0.5000000000000004,-0.8660254037844385,1.0,75450.0,7117.2,48625.0,351.2121664835165,4.438222246037586,12560.8375,61261.82750000001,28781.6,26294.0,5943.0,150.98,288703.44,3211.0,1.4534618,2022
2021-06-25 09:00:00+00:00,17.778086,46.29497964,-0.993746580436178,0.1116590071216946,2183321.0,32.1,-0.7071067811865475,0.7071067811865476,1.0,50850.0,6401.1,42175.0,415.7459748066749,17.456499656041466,6993.492499999999,46518.8325,17054.7,22356.0,6258.0,4711.17,1670244.6,1642.19,2.74821,2021
2020-12-20 07:00:00+00:00,8.003619,17.2389636,0.9852201067560606,-0.1712931441814778,2454326.0,16.493333333333332,-0.2588190451025208,0.9659258262890684,0.0,51450.0,7117.2,51105.0,339.5592379324379,7.778611050711736,6572.7575,28938.0775,18266.2,13288.0,4506.0,0.0,44.17641,4177.57,4.5496006,2020
2019-02-02 14:00:00+00:00,5.202265,22.79031588,0.8429415373547828,0.5380051715382996,1591274.0,19.27,-0.8660254037844386,-0.5000000000000001,0.0,67200.0,7117.2,56450.0,486.5530208791209,6.38408335049947,9784.0675,52034.6025,12292.6,17852.0,4963.0,1610.19,884719.4,6274.24,7.556937,2019
2018-01-12 23:00:00+00:00,4.872176,15.1252596,0.9787400799669153,0.2051044998686192,1719409.0,19.6,0.9659258262890684,-0.2588190451025207,0.0,67400.0,6053.3,56345.0,701.8764592592593,6.6531666914621965,10468.885,50821.7225,24436.8,15940.0,5989.0,0.0,0.0,1411.98,3.325054,2018
2019-02-24 05:00:00+00:00,4.624161,22.79031588,0.5842981736283684,0.811539059007361,1319494.0,16.87666666666667,0.2588190451025207,0.9659258262890684,0.0,51200.0,7117.2,52824.0,229.16613284493283,7.839958389600117,8424.53,37562.4475,18040.5,13501.0,3438.0,0.0,0.0,2507.22,3.638773,2019
2023-10-23 05:00:00+00:00,11.978017,89.55725625000001,0.3737197147904684,-0.9275416835791968,2730776.0,49.35,0.2588190451025207,0.9659258262890684,1.0,44700.0,4065.8,41335.0,182.5081702908203,14.671333471933986,9340.47,52590.33,18459.725,19829.0,2805.0,0.0,0.0,8190.61,5.40305,2023
2022-11-05 01:00:00+00:00,8.606977,80.46928043999999,0.5702422926917867,-0.8214765533024145,2455704.0,57.0,0.9659258262890684,0.2588190451025207,0.0,43950.0,6071.9,30005.0,191.10415024323504,11.673833211263034,6745.847500000001,34023.9575,14005.075,13477.0,3451.0,0.0,0.0,3356.01,4.69238,2022
2019-07-25 02:00:00+00:00,21.522327,22.79031588,-0.9192859697186104,-0.3935902766564669,2697155.0,10.3,0.8660254037844387,0.4999999999999999,1.0,39800.0,7117.2,37346.0,179.51291133496133,24.64333311716716,6934.7625,39849.905,20160.5,18867.0,2993.0,0.0,0.0,3027.01,2.913685,2019
2022-03-26 22:00:00+00:00,10.0854025,80.46928043999999,0.107381346664163,0.994217906893952,1369050.0,101.66666666666669,0.8660254037844384,-0.5000000000000004,0.0,49550.0,6053.3,30625.0,189.38260966625964,11.236222081714216,6951.975,44299.6375,20083.9,13437.0,2846.0,0.0,0.0,6210.02,6.6901326,2022
2020-01-28 15:00:00+00:00,8.338389,17.2389636,0.886070621534138,0.4635502709028509,2194236.0,10.88,-0.7071067811865477,-0.7071067811865475,1.0,68700.0,7117.2,52290.0,276.11772173382167,7.294583320617678,9043.5225,28996.9275,22705.9,26408.0,4382.0,873.13,667899.4,10424.23,10.565831,2020
2020-01-26 15:00:00+00:00,9.225026,17.2389636,0.901501684131884,0.4327755925504312,2426891.0,10.486666666666666,-0.7071067811865477,-0.7071067811865475,0.0,58950.0,7117.2,50900.0,250.66716943426945,6.933041791121164,7873.512500000001,42356.56,17349.4,14605.0,3843.0,803.7,563021.1,5233.32,5.1118116,2020
2023-09-25 07:00:00+00:00,14.013049,89.55725625000001,-0.0988201387328721,-0.9951053111006974,2776356.0,44.35,-0.2588190451025208,0.9659258262890684,1.0,45050.0,5983.0,38596.0,185.0064315628816,17.53094424141779,7176.08,23088.697499999995,17369.175,19654.0,3134.0,1788.83,294333.16,2347.73,1.283989,2023
2018-08-26 18:00:00+00:00,20.118835,15.1252596,-0.5772916165517278,-0.8165380514459157,2837907.0,25.45,-1.8369701987210292e-16,-1.0,0.0,39650.0,7117.2,35245.0,148.39552541717543,17.462750196456902,7179.205,49647.995,22893.1,16730.0,2806.0,167.42,348916.28,3571.33,4.108391,2018
2018-03-25 00:00:00+00:00,6.0209985,15.1252596,0.1244792638867893,0.9922222094179324,643391.0,18.8,1.0,0.0,0.0,58600.0,6071.9,43143.0,398.3182029908878,6.904833436012266,8758.130000000001,49877.8775,12843.6,12451.0,5282.0,0.0,0.0,1385.2,2.09733,2018
2019-02-04 12:00:00+00:00,6.067624,22.79031588,0.8239230057575543,0.5667017562911175,1474810.0,19.35,-1.0,1.2246467991473532e-16,1.0,81700.0,7117.2,55920.0,406.1965167887668,5.258749882380169,9753.35,42902.405,28875.8,22762.0,5820.0,3680.08,1016087.7,5432.46,3.3092744,2019
2023-07-29 03:00:00+00:00,18.103647,89.55725625000001,-0.8900275764346768,-0.4559066935084586,3000966.0,26.23333333333333,0.7071067811865476,0.7071067811865476,0.0,32200.0,7117.2,33500.0,193.43753531653533,21.977722591824005,4804.475,27034.6775,19452.15,14407.0,2912.0,0.0,0.0,4444.27,4.366031,2023
2023-03-15 04:00:00+00:00,5.0174317,89.55725625000001,0.2926003356333486,0.9562348265919056,1437424.0,44.75,0.5000000000000001,0.8660254037844386,1.0,48950.0,6553.3,36510.0,499.3220810403768,9.994722180896344,7515.820000000001,33288.119999999995,18307.725,15578.0,5668.0,0.0,0.0,3729.63,4.4273844,2023
2023-03-15 17:00:00+00:00,10.609834,89.55725625000001,0.2926003356333486,0.9562348265919056,1437424.0,44.75,-0.2588190451025206,-0.9659258262890684,1.0,54650.0,7117.2,37155.0,499.3220810403768,10.552222278383034,10826.7225,50218.105,21015.9,22276.0,5956.0,573.59,524514.56,1767.55,1.8156497,2023
2018-12-10 23:00:00+00:00,5.9232626,15.1252596,0.935367949313148,-0.3536761221763721,2230364.0,23.1,0.9659258262890684,-0.2588190451025207,1.0,64700.0,6121.4,54805.0,318.3567947903948,9.312333186467498,9170.7525,22419.675000000003,24836.1,15650.0,4587.0,0.0,0.0,1546.49,2.6100514,2018
2022-02-13 04:00:00+00:00,4.2630615,80.46928043999999,0.7266075247685656,0.687052767223667,1729375.0,78.19,0.5000000000000001,0.8660254037844386,0.0,57350.0,7117.2,43356.0,253.03201682946687,6.468944509824116,5549.232499999999,21692.63,13219.5,12721.0,3284.0,0.0,0.0,7650.27,6.499463,2022
2020-04-01 03:00:00+00:00,4.0791926,17.2389636,-0.012910296075009,0.999916658654738,1614814.0,6.97,0.7071067811865476,0.7071067811865476,1.0,49650.0,7117.2,44489.0,242.21076412291416,9.381083488464355,8579.615,37184.600000000006,14677.5,10454.0,4349.0,0.0,0.0,4523.4,6.1269393,2020
2019-12-04 02:00:00+00:00,3.26901,22.79031588,0.893918596519257,-0.4482293417404106,2815166.0,14.88,0.8660254037844387,0.4999999999999999,1.0,64150.0,5008.0,45830.0,459.6146235042735,8.302875121434528,8940.7975,33499.46,19554.8,13942.0,5441.0,0.0,0.0,2115.21,4.129748,2019
2023-12-31 18:00:00+00:00,8.167306,89.55725625000001,1.0,-2.4492935982947064e-16,2795844.0,31.85,-1.8369701987210292e-16,-1.0,0.0,53150.0,7117.2,45675.0,419.8925184648685,8.664222240447998,5182.967500000001,16908.870000000003,23269.9,14297.0,5465.0,0.0,0.0,17443.37,9.140805,2023
2023-08-25 10:00:00+00:00,22.079332,89.55725625000001,-0.5912614448635782,-0.8064799463209447,2829706.0,36.1,-0.8660254037844387,0.4999999999999999,1.0,52500.0,6888.5,35387.0,189.4657919025419,24.38405534956191,7299.284999999999,29392.6625,13633.3,19039.0,2737.0,7911.74,1586608.8,3495.74,3.1996233,2023
2018-03-23 11:00:00+00:00,8.023053,15.1252596,0.1585593851031345,0.9873494423939864,643391.0,19.6,-0.9659258262890682,0.258819045102521,1.0,73400.0,6071.9,48565.0,473.5583820467598,6.039666573206583,9378.2975,65260.067500000005,22367.0,20203.0,5984.0,3616.45,1445833.0,3242.62,3.717867,2018
2019-05-01 18:00:00+00:00,14.485409,22.79031588,-0.4900286664290592,0.8717063187093218,1112875.0,14.4,-1.8369701987210292e-16,-1.0,0.0,43300.0,6125.5,46375.0,246.3488556369557,14.387666808234323,8551.38,33183.14750000001,15197.2,13984.0,4841.0,425.96,513226.9,1026.0,2.8605196,2019
2020-04-01 23:00:00+00:00,5.58976,17.2389636,-0.012910296075009,0.999916658654738,1614814.0,6.97,0.9659258262890684,-0.2588190451025207,1.0,52200.0,7117.2,45349.0,241.62191286121288,10.067791620890292,7698.835000000001,31554.1925,17403.7,10507.0,4656.0,0.0,0.0,2822.49,3.6165102,2020
2021-06-02 23:00:00+00:00,15.830617,46.29497964,-0.8738071036110806,0.4862727071086904,1628356.0,25.52,0.9659258262890684,-0.2588190451025207,1.0,40300.0,5068.5,40670.0,302.4562314204314,16.98099984063044,7438.1625,26255.8675,18713.4,11678.0,5392.0,0.0,0.0,1759.45,2.2343886,2021
2019-11-22 00:00:00+00:00,7.119436,22.79031588,0.7829801036770624,-0.622046748440868,2792032.0,15.65,1.0,0.0,1.0,62100.0,5008.0,42370.0,318.25844898249903,8.526208420594537,7821.5175,42060.662500000006,19569.4,14881.0,4601.0,0.0,0.0,5236.38,5.8150234,2019
2022-12-16 05:00:00+00:00,3.0902956,80.46928043999999,0.9668478136052776,-0.2553532951161872,2190805.0,119.0,0.2588190451025207,0.9659258262890684,1.0,66550.0,7117.2,42100.0,316.01599466821415,5.86166669925054,9136.9575,55883.16,18085.5,19896.0,5162.0,0.0,0.0,6124.42,4.015879,2022
2023-10-05 17:00:00+00:00,18.717705,89.55725625000001,0.0730951298980768,-0.9973249731081556,2705939.0,28.45,-0.2588190451025206,-0.9659258262890684,1.0,47400.0,7011.9,41706.0,151.73741301291304,18.64644458558825,9058.36,50419.33,25141.75,22314.0,2564.0,396.33,333645.4,847.37,1.0613055,2023
2020-10-10 08:00:00+00:00,11.936729,17.2389636,0.1755314904214277,-0.9844738167520924,2964842.0,13.826666666666666,-0.4999999999999998,0.8660254037844387,0.0,48450.0,6125.5,42805.0,269.2489207570207,13.479866504669175,6136.342500000001,31604.54,15367.5,15354.0,4147.0,1551.1,436770.25,2090.1,4.4227886,2020
2019-04-17 22:00:00+00:00,11.836468,22.79031588,-0.2678143051621742,0.9634705485641488,921232.0,15.05,0.8660254037844384,-0.5000000000000004,1.0,52000.0,6141.2,46456.0,212.1104480260481,12.605111228095154,8795.1525,28081.572499999995,18705.6,15736.0,3999.0,0.0,0.0,4969.16,6.452547,2019
2022-03-26 14:00:00+00:00,15.404376,80.46928043999999,0.107381346664163,0.994217906893952,1369050.0,101.66666666666669,-0.8660254037844386,-0.5000000000000001,0.0,43300.0,6053.3,29875.0,189.38260966625964,11.2214443948534,3994.272499999999,26792.007500000003,16114.6,11894.0,2543.0,6579.8,2220895.2,5515.87,6.174681,2022
2023-12-31 05:00:00+00:00,8.390512,89.55725625000001,1.0,-2.4492935982947064e-16,2795844.0,31.85,0.2588190451025207,0.9659258262890684,0.0,43750.0,7117.2,45675.0,419.8925184648685,8.623889022403285,3421.9775,12802.5375,5888.549999999999,10007.0,4719.0,0.0,0.0,17681.4,8.653629,2023
2022-12-17 09:00:00+00:00,1.4116716,80.46928043999999,0.9711000518829505,-0.2386727660059499,2190805.0,114.75,-0.7071067811865475,0.7071067811865476,0.0,72500.0,7117.2,42100.0,289.68059787209563,5.7202500104904175,8846.91,48739.72,22534.625,18359.0,5303.0,2055.04,268379.94,2830.88,1.812598,2022
2018-05-24 07:00:00+00:00,15.20537,15.1252596,-0.7883050558305252,0.615284599963328,1497111.0,22.7,-0.2588190451025208,0.9659258262890684,1.0,50400.0,5068.5,46135.0,369.8716421448922,12.961166818936665,9229.1825,49448.467500000006,27026.0,22687.0,7461.0,1590.27,843335.25,512.94,1.8106984,2018
2023-02-11 09:00:00+00:00,4.2926197,89.55725625000001,0.7498264012045687,0.6616346182422783,1548596.0,54.5,-0.7071067811865475,0.7071067811865476,0.0,67850.0,7117.2,44175.0,207.9655814466532,5.669777764214406,8903.7425,23178.870000000003,16541.975,17583.0,3365.0,4946.1,539891.7,2343.64,0.6565636,2023
2020-02-17 17:00:00+00:00,9.075523,17.2389636,0.6776147890466889,0.7354170229639855,2116585.0,9.38,-0.2588190451025206,-0.9659258262890684,1.0,65900.0,7117.2,51664.0,409.43124247049246,9.226291775703428,8709.1325,40810.5,22993.3,25179.0,6368.0,7.98,215740.17,9418.47,7.9584775,2020
2018-09-10 01:00:00+00:00,16.180443,15.1252596,-0.3496474552512282,-0.9368813462954316,2678886.0,29.18,0.9659258262890684,0.2588190451025207,1.0,35050.0,7117.2,46357.0,161.7952796092796,17.345533498128265,6926.335,36011.649999999994,19248.9,12619.0,2442.0,0.0,0.0,1704.02,1.9869413,2018
2023-03-19 23:00:00+00:00,7.8795447,89.55725625000001,0.2261156855082882,0.9741004551724204,1437424.0,41.333333333333336,0.9659258262890684,-0.2588190451025207,1.0,48050.0,7117.2,35020.0,330.655773132021,11.05283329221938,6988.0275,38330.5025,18564.75,11911.0,5327.0,0.0,0.0,2021.38,3.0630457,2023
2023-02-10 18:00:00+00:00,5.47561,89.55725625000001,0.7611042586607746,0.6486295610349815,1548596.0,55.3,-1.8369701987210292e-16,-1.0,1.0,72450.0,7117.2,45780.0,230.5559586074152,6.621166719330684,8925.677500000002,37842.49999999999,29038.075,24921.0,5073.0,0.0,12354.035,2542.8,0.59071326,2023
2022-02-01 23:00:00+00:00,7.765143,80.46928043999999,0.8520775211013093,0.5234156073655503,1747271.0,75.9,0.9659258262890684,-0.2588190451025207,1.0,64800.0,7117.2,48191.0,222.1442855921856,5.677111049493152,6716.070000000001,9993.2725,15473.7,16383.0,2933.0,0.0,0.0,9130.27,7.498057,2022
2020-11-04 05:00:00+00:00,6.7567797,17.2389636,0.5702422926917867,-0.8214765533024145,3088786.0,13.9,0.2588190451025207,0.9659258262890684,1.0,53550.0,6125.5,47917.0,256.4137358363859,10.863958279291802,9299.13,41107.495,18269.6,17899.0,4122.0,0.0,0.0,1142.15,2.451707,2020
2023-09-18 01:00:00+00:00,18.5949,89.55725625000001,-0.2177232303965322,-0.9760105506323682,2809675.0,34.3,0.9659258262890684,0.2588190451025207,1.0,33050.0,7028.3,41890.0,190.4693383357383,21.85355536142985,5854.452499999999,22349.612500000003,11575.55,12368.0,2848.0,0.0,0.0,4565.01,5.229302,2023
2023-09-24 05:00:00+00:00,11.648914,89.55725625000001,-0.1159345995955006,-0.9932568492674144,2809675.0,43.11666666666667,0.2588190451025207,0.9659258262890684,0.0,32750.0,5983.0,38455.0,192.1280058312058,17.757222228580037,5122.040000000001,30100.960000000003,15004.9,11440.0,2786.0,0.0,0.0,3934.81,2.5932653,2023
2021-08-22 02:00:00+00:00,17.637611,46.29497964,-0.6321034111873488,-0.7748840413670406,2655591.0,42.11666666666667,0.8660254037844387,0.4999999999999999,0.0,32300.0,7117.2,42805.0,222.4302127187627,18.92145824432372,5987.2325,28402.77,16797.5,11311.0,2850.0,0.0,0.0,3237.28,3.5062742,2021
2020-05-21 16:00:00+00:00,22.883495,17.2389636,-0.766658819300159,0.6420547132365637,2355412.0,3.1,-0.5000000000000004,-0.8660254037844385,0.0,36850.0,4106.7,36610.0,256.07985417175416,18.389666795730587,7034.0975,36291.3075,18190.0,18385.0,5977.0,3404.92,1887670.9,787.24,0.4460721,2020
2020-04-09 00:00:00+00:00,10.451793,17.2389636,-0.1500553983446526,0.9886775902323404,1513412.0,7.05,1.0,0.0,1.0,40550.0,7038.4,43375.0,208.18990767195768,12.812500119209297,6693.1225,35857.725,14602.9,10358.0,4796.0,0.0,0.0,1066.52,1.6515929,2020
2023-09-28 01:00:00+00:00,16.459585,89.55725625000001,-0.0473213883224323,-0.9988797155850336,2776356.0,39.53,0.9659258262890684,0.2588190451025207,1.0,35100.0,5983.0,40836.0,177.03378376993376,18.99127753575644,4545.8325,25031.145000000004,18343.275,13403.0,2436.0,0.0,0.0,3900.72,3.7161472,2023
2019-01-16 14:00:00+00:00,8.480039,22.79031588,0.9623090774541486,0.2719581575341055,1931241.0,21.7,-0.8660254037844386,-0.5000000000000001,1.0,70850.0,7117.2,53903.0,299.659858099308,6.356333374977113,9638.432500000004,42938.9,31140.2,24782.0,4480.0,1707.09,786926.06,4557.04,5.201342,2019
2019-06-11 02:00:00+00:00,11.696002,22.79031588,-0.938377391740864,0.3456123126707335,1959725.0,11.2,0.8660254037844387,0.4999999999999999,1.0,36500.0,7117.2,42729.0,356.37419533984536,15.8888332049052,7113.8925,28691.45,17320.3,15635.0,5512.0,0.0,0.0,1554.62,3.22177,2019
2023-05-31 13:00:00+00:00,20.437365,89.55725625000001,-0.8565509959010036,0.5160623910158528,2404082.0,26.0,-0.9659258262890684,-0.2588190451025203,1.0,45450.0,5118.0,33765.0,283.51314396344395,18.006611506144193,1386.0325000000005,12803.51999999999,10943.3,17279.0,4384.0,10307.19,2853791.0,6213.37,5.0410285,2023
2018-03-24 00:00:00+00:00,5.802799,15.1252596,0.1415402952170432,0.989932495087353,643391.0,19.2,1.0,0.0,0.0,62600.0,6071.9,45285.0,433.37646319133546,6.637083252271016,8995.842499999999,50158.8125,12673.8,14804.0,5403.0,0.0,0.0,3226.1,3.6370714,2018
2018-03-24 11:00:00+00:00,8.618417,15.1252596,0.1415402952170432,0.989932495087353,643391.0,19.2,-0.9659258262890682,0.258819045102521,0.0,64800.0,6071.9,43550.0,433.37646319133546,6.729666709899902,9128.015,48472.72,13125.6,14427.0,5635.0,2997.37,1605721.1,1304.17,0.9448164,2018
2022-05-09 17:00:00+00:00,19.992891,80.46928043999999,-0.6050560696488488,0.7961828637826158,1511294.0,89.65,-0.2588190451025206,-0.9659258262890684,1.0,47800.0,6125.5,28887.0,208.8328338624339,17.264277617136667,9321.275,54077.8925,18386.9,19692.0,5880.0,2932.76,1185456.8,824.07,0.5368227,2022
2020-12-28 11:00:00+00:00,5.5621634,17.2389636,0.9994074007397048,-0.0344216116227458,2532396.0,18.695,-0.9659258262890682,0.258819045102521,1.0,74150.0,7117.2,50720.0,399.8442234228734,5.499666611353555,8483.7175,45961.13,12238.7,16460.0,6163.0,2349.89,602196.4,8015.97,7.0722547,2020
2022-02-26 08:00:00+00:00,3.964426,80.46928043999999,0.5560174366570445,0.831170626365808,1739794.0,93.67666666666666,-0.4999999999999998,0.8660254037844387,0.0,65500.0,7117.2,43170.0,321.8547415750916,7.615166823069255,8660.2525,47801.9975,18539.6,16861.0,5663.0,2362.71,327983.97,3879.36,4.0339637,2022
2023-07-25 01:00:00+00:00,16.876734,89.55725625000001,-0.9192859697186104,-0.3935902766564669,3000966.0,32.65,0.9659258262890684,0.2588190451025207,1.0,36450.0,7117.2,36305.0,196.8483010878011,22.588499916924388,6175.055,25166.0475,15986.075,15309.0,3194.0,0.0,0.0,5440.39,4.656563,2023
2022-03-28 04:00:00+00:00,7.394631,80.46928043999999,0.0730951298980775,0.9973249731081556,1334846.0,103.0,0.5000000000000001,0.8660254037844386,1.0,47050.0,6053.3,31490.0,185.5221605616605,11.02383335431417,9638.775,51357.740000000005,16420.8,16937.0,3267.0,0.0,0.0,1838.62,3.2148352,2022
2020-01-03 23:00:00+00:00,6.9537687,17.2389636,0.998666816288476,0.0516196672232537,2780215.0,12.73,0.9659258262890684,-0.2588190451025207,0.0,62000.0,7117.2,50290.0,378.0505107651608,7.668666779994965,8562.452500000001,21748.4125,21966.4,11872.0,5233.0,0.0,0.0,3430.21,4.5981064,2020
2018-01-28 16:00:00+00:00,9.709531,15.1252596,0.886070621534138,0.4635502709028509,1704964.0,17.433333333333334,-0.5000000000000004,-0.8660254037844385,0.0,55450.0,7117.2,57285.0,948.0772559546422,7.229250152905783,9102.36,32379.7775,18802.1,16296.0,5782.0,168.88,364736.75,2970.77,3.3360565,2018
2023-04-04 10:00:00+00:00,8.229929,89.55725625000001,-0.0473213883224318,0.9988797155850336,1512237.0,47.38,-0.8660254037844387,0.4999999999999999,1.0,59300.0,7117.2,37680.0,363.9292792490118,10.908278120888625,5604.1,35991.75749999999,3745.75,15349.0,5239.0,10875.24,2171941.0,3745.32,3.6793413,2023
2021-08-08 17:00:00+00:00,19.993937,46.29497964,-0.798779372886365,-0.6016240632249223,2607829.0,42.8,-0.2588190451025206,-0.9659258262890684,0.0,37400.0,7117.2,38688.0,427.76368992674,18.297916730244964,4838.150000000001,23932.057500000003,13938.1,14621.0,4892.0,3862.47,1096057.6,5370.04,4.9446464,2021
2019-05-02 22:00:00+00:00,10.174605,22.79031588,-0.5049610547215204,0.8631421280499114,1112875.0,14.65,0.8660254037844384,-0.5000000000000004,1.0,51350.0,6125.5,46375.0,243.59310217745207,13.177999920315202,8433.6025,26155.9825,16396.6,14902.0,5155.0,0.0,0.0,1665.89,3.7411234,2019
2021-04-23 03:00:00+00:00,7.234874,46.29497964,-0.3657225234972692,0.9307239310379792,874649.0,20.17,0.7071067811865476,0.7071067811865476,1.0,45500.0,6111.4,39485.0,173.78255757020756,11.400333245595291,8631.3125,35606.785,17178.4,15213.0,2874.0,0.0,0.0,4161.07,5.054448,2021
2020-12-30 08:00:00+00:00,3.1640956,17.2389636,1.0,-2.4492935982947064e-16,2532396.0,19.0,-0.4999999999999998,0.8660254037844387,1.0,67700.0,7117.2,52235.0,499.7033444240944,5.4517777760823565,8668.650000000001,34044.80500000001,20757.1,18330.0,5248.0,155.32,25399.598,3296.25,5.68367,2020
2022-03-31 04:00:00+00:00,6.7126703,80.46928043999999,0.0215160974362222,0.9997685019798908,1334846.0,124.75,0.5000000000000001,0.8660254037844386,1.0,51750.0,6053.3,30585.0,213.6812014245014,11.104722261428828,7856.5175,41276.2475,13495.3,18600.0,3871.0,0.0,0.0,2999.92,4.8445024,2022
2018-11-04 18:00:00+00:00,11.530641,15.1252596,0.5560174366570438,-0.8311706263658084,2418967.0,23.386666666666667,-1.8369701987210292e-16,-1.0,0.0,58400.0,6105.9,45055.0,137.0479409035409,9.993166844050082,10077.72,48891.5725,21169.9,16396.0,2909.0,0.0,19.035898,3949.49,5.9049172,2018
2022-02-15 14:00:00+00:00,9.148754,80.46928043999999,0.702527474169157,0.7116566222817747,1697421.0,67.95,-0.8660254037844386,-0.5000000000000001,1.0,66300.0,7117.2,44666.0,288.0290616198615,7.427333235740662,7255.577499999999,37529.35250000001,11764.0,25057.0,4278.0,3203.92,936816.8,10903.38,8.193266,2022
2018-08-08 16:00:00+00:00,24.279453,15.1252596,-0.798779372886365,-0.6016240632249223,2837239.0,22.63,-0.5000000000000004,-0.8660254037844385,1.0,47300.0,7117.2,43540.0,182.933621021571,20.895124912261952,8581.785,54585.7775,24913.7,22330.0,4017.0,2294.7,1455836.2,1102.87,2.299295,2018
2019-07-26 06:00:00+00:00,21.361603,22.79031588,-0.9123747579707272,-0.4093559588156215,2697155.0,10.05,6.123233995736766e-17,1.0,1.0,50350.0,7117.2,36926.0,177.71964076109077,24.22224950790408,8105.535000000001,42661.12,28522.9,26960.0,3917.0,853.3,320879.03,2847.88,1.376462,2019
2023-12-23 05:00:00+00:00,8.456717,89.55725625000001,0.9905324521322229,-0.1372787721132651,2761956.0,33.809999999999995,0.2588190451025207,0.9659258262890684,0.0,47050.0,7117.2,45115.0,722.9839787434788,8.564889060126411,3753.215,3578.4300000000003,12258.375,12686.0,5379.0,0.0,0.0,11058.24,8.229857,2023
2022-02-01 04:00:00+00:00,4.9423375,80.46928043999999,0.8520775211013093,0.5234156073655503,1747271.0,75.9,0.5000000000000001,0.8660254037844386,1.0,61950.0,7117.2,48191.0,219.9959107041108,5.346833447615307,7190.337500000001,31105.645000000004,10750.1,16611.0,2740.0,0.0,0.0,5973.39,7.6691766,2022
2022-09-24 21:00:00+00:00,13.628582,80.46928043999999,-0.1159345995955006,-0.9932568492674144,2254828.0,168.33333333333334,0.7071067811865474,-0.7071067811865477,0.0,42500.0,7117.2,28155.0,139.61278335275836,15.97866678237916,5759.9375,41367.51,14292.3,13336.0,2007.0,0.0,0.0,2836.27,3.7233691,2022
2020-11-02 10:00:00+00:00,16.394384,17.2389636,0.5416278206559811,-0.8406184056344783,3088786.0,13.2,-0.8660254037844387,0.4999999999999999,1.0,54600.0,6125.5,46197.0,266.204627085877,12.29312507311504,6807.592500000001,25813.255000000005,19845.8,21151.0,4563.0,2790.92,757640.25,10611.51,6.8891196,2020
2019-01-30 14:00:00+00:00,4.904017,22.79031588,0.869589389346611,0.4937755501599771,1591274.0,20.15,-0.8660254037844386,-0.5000000000000001,1.0,76650.0,7117.2,55337.0,303.3764901709402,6.072249968846639,11026.4925,43717.732500000006,21104.6,26896.0,4541.0,1785.09,897084.6,4198.39,6.2897034,2019
2018-08-07 23:00:00+00:00,20.785427,15.1252596,-0.8090169943749475,-0.587785252292473,2837239.0,22.73,0.9659258262890684,-0.2588190451025207,1.0,40800.0,7117.2,38436.0,182.933621021571,21.78219966888428,7608.380000000001,38031.9575,22406.0,15709.0,2962.0,0.0,0.0,3932.89,3.175515,2018
2018-10-20 14:00:00+00:00,17.600668,15.1252596,0.3253420847119803,-0.9455963874271424,2504641.0,25.85,-0.8660254037844386,-0.5000000000000001,0.0,41600.0,7117.2,42860.0,128.8757015873016,15.708083152770984,8046.4825,42680.415,15330.1,14242.0,1753.0,3070.6,1399436.5,1488.06,2.8646436,2018
2021-06-03 08:00:00+00:00,17.509777,46.29497964,-0.8820480249558534,0.4711595076738641,1628356.0,25.83,-0.4999999999999998,0.8660254037844387,1.0,49450.0,5068.5,40670.0,302.4562314204314,16.554999669392906,8395.135,19334.7025,18787.2,19130.0,5684.0,2436.0,1268592.2,1099.39,0.8920274,2021
2020-01-06 00:00:00+00:00,4.4400496,17.2389636,0.9946708199115212,0.1031016974474348,2742325.0,12.23,1.0,0.0,1.0,62250.0,7117.2,53740.0,333.09359106634105,7.123999973138171,7683.615,24806.2725,21770.3,10285.0,4065.0,0.0,0.0,1936.81,3.1406226,2020
2019-07-31 14:00:00+00:00,22.131271,22.79031588,-0.8738071036110809,-0.4862727071086898,2742271.0,10.15,-0.8660254037844386,-0.5000000000000001,1.0,47700.0,7117.2,39397.0,214.1813473748473,21.34691691398621,6715.617500000001,43104.0025,22614.1,24988.0,3755.0,5281.47,2370704.8,3037.65,3.3596497,2019
2022-09-21 02:00:00+00:00,11.893225,80.46928043999999,-0.1670516255021195,-0.9859481499638304,2254828.0,178.8,0.8660254037844387,0.4999999999999999,1.0,35900.0,7117.2,28905.0,142.01147794612797,14.957666714986166,7613.63,43510.4675,17488.9,14209.0,1628.0,0.0,0.0,2964.42,3.0319824,2022
2019-02-24 07:00:00+00:00,4.343156,22.79031588,0.5842981736283684,0.811539059007361,1319494.0,16.87666666666667,-0.2588190451025208,0.9659258262890684,0.0,53450.0,7117.2,52824.0,229.16613284493283,7.649291495482129,8573.84,38110.1425,19128.1,14223.0,3571.0,196.88,24319.781,2219.02,3.6818662,2019
2022-03-15 21:00:00+00:00,10.177515,80.46928043999999,0.2926003356333486,0.9562348265919056,1375108.0,114.15,0.7071067811865474,-0.7071067811865477,1.0,53500.0,6053.3,36140.0,281.3082191290192,9.329944398668074,9047.565,53748.155,16655.4,17840.0,4295.0,0.0,0.0,4447.88,4.53695,2022
2022-02-07 17:00:00+00:00,8.492562,80.46928043999999,0.7935716089521474,0.6084768701151261,1729375.0,78.5,-0.2588190451025206,-0.9659258262890684,1.0,67200.0,7117.2,45896.0,275.4719218559219,7.326055539978874,10211.495,35147.75,19986.9,25086.0,5266.0,0.0,154542.52,3467.95,4.2670097,2022
2022-12-17 21:00:00+00:00,1.6471254,80.46928043999999,0.9711000518829505,-0.2386727660059499,2190805.0,114.75,0.7071067811865474,-0.7071067811865477,0.0,68050.0,7117.2,42100.0,289.68059787209563,5.645916581153869,8761.735,35712.0675,22236.3,14990.0,4903.0,0.0,0.0,5134.69,3.851476,2022
2020-01-08 06:00:00+00:00,7.377134,17.2389636,0.9905324521322229,0.1372787721132647,2742325.0,11.8,6.123233995736766e-17,1.0,1.0,67300.0,7117.2,54515.0,328.8892456654456,7.346458256244659,9362.67,32503.4725,28788.7,21052.0,4954.0,0.0,0.0,4653.86,3.3648555,2020
2020-04-27 07:00:00+00:00,12.23323,17.2389636,-0.4443781781046132,0.895839290734909,1740867.0,6.13,-0.2588190451025208,0.9659258262890684,1.0,43150.0,5887.1,39500.0,230.62826465201465,15.378125031789152,7092.904999999999,39546.65,19098.7,16549.0,5731.0,1503.33,624000.06,1397.94,1.662501,2020
2022-11-07 03:00:00+00:00,10.890372,80.46928043999999,0.5981809144059166,-0.8013610881746764,2495545.0,53.0,0.7071067811865476,0.7071067811865476,1.0,37600.0,6071.9,30805.0,179.01824777316085,10.90916661421459,4025.6100000000006,16105.165000000008,13541.3,11650.0,2598.0,0.0,0.0,9688.88,7.0198894,2022
2020-10-11 08:00:00+00:00,10.141018,17.2389636,0.1924515819708299,-0.9813064702716092,2964842.0,13.753333333333334,-0.4999999999999998,0.8660254037844387,0.0,47300.0,6125.5,42475.0,257.29792781847783,12.77546656926472,6288.045,29108.080000000005,9472.3,12536.0,4004.0,1506.4,457670.6,2816.24,5.9002438,2020
2018-12-08 06:00:00+00:00,8.266628,15.1252596,0.9226395488404876,-0.3856634062436074,2232914.0,22.76666666666667,6.123233995736766e-17,1.0,0.0,52650.0,6121.4,52040.0,255.91669975579973,10.061222076416032,6693.4125,15549.347500000003,18057.8,15314.0,4145.0,0.0,0.0,10600.55,9.785375,2018
2020-01-28 00:00:00+00:00,7.760301,17.2389636,0.886070621534138,0.4635502709028509,2194236.0,10.88,1.0,0.0,1.0,61350.0,7117.2,52135.0,276.11772173382167,7.098791718482971,6926.579999999999,26234.410000000003,13245.9,15481.0,3638.0,0.0,0.0,10879.09,9.701798,2020
2022-02-28 08:00:00+00:00,4.956416,80.46928043999999,0.5270777086423722,0.8498170915275278,1604668.0,101.13,-0.4999999999999998,0.8660254037844387,1.0,73700.0,7117.2,42715.0,270.10869149369154,7.051500134997899,8787.0875,45595.100000000006,24507.6,22859.0,5799.0,2460.19,359296.97,2721.82,3.2983892,2022
2020-12-19 18:00:00+00:00,9.690049,17.2389636,0.9821256058680004,-0.1882267098432448,2454326.0,16.086666666666666,-1.8369701987210292e-16,-1.0,0.0,61400.0,7117.2,51105.0,353.1544061864063,7.837388886345759,7846.762500000001,31034.3175,27096.4,20658.0,5410.0,0.0,0.0,7227.39,5.915009,2020
2018-05-31 16:00:00+00:00,19.332731,15.1252596,-0.8565509959010036,0.5160623910158528,1791003.0,22.45,-0.5000000000000004,-0.8660254037844385,1.0,48850.0,4076.8,45795.0,461.6990308099309,15.288333574930826,10012.91,46422.06999999999,23898.3,23600.0,7698.0,2146.25,1428348.9,1016.95,1.8602014,2018
2018-05-29 07:00:00+00:00,16.489565,15.1252596,-0.8382797052177741,0.5452404385406513,1791003.0,22.6,-0.2588190451025208,0.9659258262890684,1.0,51950.0,4076.8,44915.0,392.7398693325193,13.799583077430723,9554.009999999998,49115.83,28343.6,22980.0,7130.0,1489.83,665769.44,874.73,1.30984,2018
2021-06-25 07:00:00+00:00,15.8780985,46.29497964,-0.993746580436178,0.1116590071216946,2183321.0,32.1,-0.2588190451025208,0.9659258262890684,1.0,49400.0,6401.1,42175.0,415.7459748066749,17.133999903996795,7765.894999999999,50887.302500000005,18760.4,22800.0,6300.0,1486.84,768616.94,1496.22,2.6602407,2021
2021-10-17 11:00:00+00:00,15.139957,46.29497964,0.276096973097468,-0.961129783872301,2385992.0,85.8,-0.9659258262890682,0.258819045102521,0.0,49500.0,6121.4,44130.0,150.3794877696378,12.712666617499451,6783.5975,31514.567500000005,15105.0,9708.0,1876.0,5519.93,1460929.8,2041.39,2.551862,2021
2021-08-21 11:00:00+00:00,22.991573,46.29497964,-0.64534811322955,-0.7638886127905429,2655591.0,41.83333333333333,-0.9659258262890682,0.258819045102521,0.0,45300.0,7117.2,41720.0,237.33002625152625,18.786166429519632,6465.772499999999,27845.81,16967.2,10891.0,3119.0,6633.38,2273074.2,882.53,2.1481113,2021
2022-02-05 03:00:00+00:00,5.3529444,80.46928043999999,0.8140460935082179,0.5808002734538008,1747271.0,79.63333333333334,0.7071067811865476,0.7071067811865476,0.0,54300.0,7117.2,46731.0,243.3844269230769,6.7824444770813,5719.4575,11117.7275,15525.2,14549.0,3060.0,0.0,0.0,4397.47,5.0375586,2022
2018-09-02 05:00:00+00:00,13.858941,15.1252596,-0.4749510720670502,-0.8800122039735356,2778684.0,26.2,0.2588190451025207,0.9659258262890684,0.0,32500.0,7117.2,39152.0,168.9233286935287,16.85760002136232,7184.4,37485.6125,19041.3,12433.0,2508.0,0.0,387.26016,2131.17,3.3184898,2018
2022-02-04 17:00:00+00:00,8.3582,80.46928043999999,0.8239230057575543,0.5667017562911175,1747271.0,80.2,-0.2588190451025206,-0.9659258262890684,1.0,69100.0,7117.2,48656.0,258.06962435897435,6.914666612943015,9011.07,27273.8975,25750.1,25058.0,4876.0,0.0,105256.52,7480.85,6.0551047,2022
2021-04-26 18:00:00+00:00,12.863217,46.29497964,-0.4132786077829042,0.9106046300942162,940614.0,20.17,-1.8369701987210292e-16,-1.0,1.0,49700.0,6121.4,39525.0,176.52031872201871,13.553389178382034,7675.4125,51853.75000000001,27577.8,19955.0,4467.0,1376.61,468120.16,6743.89,5.2567043,2021
2022-02-04 23:00:00+00:00,6.263637,80.46928043999999,0.8239230057575543,0.5667017562911175,1747271.0,80.2,0.9659258262890684,-0.2588190451025207,0.0,61950.0,7117.2,45961.0,243.3844269230769,6.83949993716346,6744.182500000001,11698.760000000002,19926.1,16324.0,3684.0,0.0,0.0,4772.8,5.669618,2022
2021-08-23 01:00:00+00:00,16.855394,46.29497964,-0.6186714032625032,-0.7856498550787144,2612909.0,42.4,0.9659258262890684,0.2588190451025207,1.0,33750.0,7117.2,43377.0,255.9606637362637,18.331833124160774,5396.455,30747.7875,13690.3,11551.0,3088.0,0.0,0.0,2267.52,3.5697088,2021
2023-10-25 15:00:00+00:00,14.992034,89.55725625000001,0.4054257283599965,-0.914127988185334,2730776.0,49.3,-0.7071067811865477,-0.7071067811865475,1.0,47050.0,4065.8,41335.0,255.1913876142376,14.961722426944322,8760.0225,45194.5775,7509.2249999999985,22302.0,4065.0,2296.63,433372.72,10854.72,5.816468,2023
2023-09-17 08:00:00+00:00,19.84271,89.55725625000001,-0.2344913895704105,-0.9721181966290612,2818485.0,35.266666666666666,-0.4999999999999998,0.8660254037844387,0.0,38400.0,7028.3,40865.0,171.4912976023976,21.40049987369113,6376.540000000001,19200.0025,6130.325000000001,11703.0,2421.0,4034.86,685430.2,2948.13,4.4436874,2023
2018-08-25 08:00:00+00:00,15.83474,15.1252596,-0.5912614448635782,-0.8064799463209447,2837907.0,25.3,-0.4999999999999998,0.8660254037844387,0.0,40500.0,7117.2,32515.0,148.17063998778997,17.44219989776609,7009.739999999999,37157.6575,21623.2,14686.0,2604.0,2279.91,842699.1,2184.74,4.7648296,2018
2019-12-04 18:00:00+00:00,4.997732,22.79031588,0.893918596519257,-0.4482293417404106,2815166.0,14.88,-1.8369701987210292e-16,-1.0,1.0,81550.0,5008.0,44495.0,459.6146235042735,8.204291741053263,11951.6025,58356.01,28652.5,25298.0,7285.0,0.0,0.0,1310.98,3.613361,2019
2023-09-24 01:00:00+00:00,12.291488,89.55725625000001,-0.1159345995955006,-0.9932568492674144,2809675.0,43.11666666666667,0.9659258262890684,0.2588190451025207,0.0,31600.0,5983.0,38455.0,192.1280058312058,18.241499847835986,5514.4275,26677.915,15224.5,11225.0,2884.0,0.0,0.0,2822.3,2.2781892,2023
2019-01-30 03:00:00+00:00,2.8944569,22.79031588,0.869589389346611,0.4937755501599771,1591274.0,20.15,0.7071067811865476,0.7071067811865476,1.0,65550.0,7117.2,56242.0,303.3764901709402,5.901999897427026,9149.3275,37913.6675,14591.7,15882.0,3401.0,0.0,0.0,6687.66,5.930687,2019
2023-09-24 09:00:00+00:00,16.413868,89.55725625000001,-0.1159345995955006,-0.9932568492674144,2809675.0,43.11666666666667,-0.7071067811865475,0.7071067811865476,0.0,38500.0,5983.0,37125.0,192.1280058312058,17.941389242808018,1822.7724999999984,10486.525,2032.0250000000008,9105.0,2627.0,8748.88,1356592.5,3464.87,3.3585389,2023
2023-07-26 17:00:00+00:00,21.012745,89.55725625000001,-0.9123747579707272,-0.4093559588156215,3000966.0,32.33,-0.2588190451025206,-0.9659258262890684,1.0,45600.0,7117.2,35225.0,216.54690857845856,22.275000042385503,6304.3375000000015,36739.0525,17728.725,19829.0,4100.0,3334.31,1055553.9,2479.43,4.5066657,2023
2019-04-16 02:00:00+00:00,8.855178,22.79031588,-0.2511900638848191,0.9679377830240644,921232.0,15.35,0.8660254037844387,0.4999999999999999,1.0,47700.0,6071.9,46456.0,212.8412824175824,11.853666861852007,7130.4625000000015,27368.7125,19208.8,14306.0,3399.0,0.0,0.0,3922.56,1.6657828,2019
2023-02-09 08:00:00+00:00,0.9139887,89.55725625000001,0.7721565844991642,0.6354323008901774,1548596.0,53.97,-0.4999999999999998,0.8660254037844387,1.0,79100.0,7117.2,45555.0,231.93706387268125,5.92855546540684,10246.6275,39501.855,27182.225,26798.0,5588.0,1740.49,133940.6,1362.77,0.70925653,2023
2019-11-07 06:00:00+00:00,8.183437,22.79031588,0.5981809144059166,-0.8013610881746764,2986771.0,14.38,6.123233995736766e-17,1.0,1.0,61000.0,5047.5,40040.0,473.74174088319097,12.139291763305666,9749.995,56773.3875,20508.7,21275.0,6395.0,0.0,0.0,7806.69,5.429732,2019
2018-05-31 08:00:00+00:00,17.131067,15.1252596,-0.8565509959010036,0.5160623910158528,1791003.0,22.45,-0.4999999999999998,0.8660254037844387,1.0,53000.0,4076.8,44915.0,461.6990308099309,13.549500266710917,10147.325,35436.31,25598.9,23244.0,7885.0,2061.08,1111759.4,692.73,1.4928821,2018
2018-03-22 04:00:00+00:00,1.7949889,15.1252596,0.1755314904214282,0.9844738167520922,643391.0,20.65,0.5000000000000001,0.8660254037844386,1.0,66250.0,6071.9,48565.0,495.7462448514448,5.51441671450933,8549.220000000001,38892.645,16844.3,16532.0,5386.0,0.0,0.0,2869.58,4.0355706,2018
2020-12-19 13:00:00+00:00,10.905701,17.2389636,0.9821256058680004,-0.1882267098432448,2454326.0,16.086666666666666,-0.9659258262890684,-0.2588190451025203,0.0,57200.0,7117.2,50320.0,353.1544061864063,7.549888875749377,6673.055,27999.65,24447.7,16040.0,5027.0,1752.64,624374.56,9227.57,6.726325,2020
2023-12-07 10:00:00+00:00,6.3633575,89.55725625000001,0.9158642882672872,-0.4014879892059729,2789836.0,40.25,-0.8660254037844387,0.4999999999999999,1.0,71150.0,6125.5,46535.0,606.1116042087542,7.5527779261271135,8264.005000000001,64741.9325,14617.25,22756.0,6114.0,4277.58,457146.03,8709.15,6.029829,2023
2020-10-29 17:00:00+00:00,13.803777,17.2389636,0.4825077417612184,-0.875891705144243,3041148.0,13.82,-0.2588190451025206,-0.9659258262890684,1.0,57550.0,6125.5,45242.0,350.861166035816,12.079083244005842,8141.3225,48579.4925,27326.6,23513.0,5958.0,0.0,70413.48,6090.21,6.111829,2020
2023-06-18 02:00:00+00:00,17.362461,89.55725625000001,-0.973118337233262,0.2303056702306122,2708825.0,35.233333333333334,0.8660254037844387,0.4999999999999999,0.0,30950.0,6113.8,34115.0,230.159197955748,19.9903891881307,6169.31,35262.027500000004,14024.6,11353.0,4878.0,0.0,0.0,2193.69,1.7247084,2023
2020-12-30 12:00:00+00:00,5.5321255,17.2389636,1.0,-2.4492935982947064e-16,2532396.0,19.0,-1.0,1.2246467991473532e-16,1.0,70750.0,7117.2,52235.0,499.7033444240944,5.561777671178184,8461.965000000002,33297.275,17164.4,16996.0,5564.0,2644.25,768976.5,3324.75,5.6748447,2020
2018-11-29 20:00:00+00:00,9.429816,15.1252596,0.8520775211013093,-0.5234156073655503,2227100.0,24.55,0.5000000000000001,-0.8660254037844386,1.0,61250.0,5110.1,51415.0,158.37330775335775,8.644333243370054,9049.46,32910.47749999999,30434.3,22165.0,2682.0,0.0,0.0,6187.22,6.669468,2018
2023-06-03 19:00:00+00:00,18.452042,89.55725625000001,-0.8820480249558534,0.4711595076738641,2404082.0,25.1,0.2588190451025203,-0.9659258262890684,0.0,36650.0,5118.0,32600.0,272.4244376382876,18.46122217178344,4992.52,35118.932499999995,22228.675,14992.0,5738.0,316.21,348607.0,5422.72,4.2788725,2023
2022-02-16 00:00:00+00:00,7.723612,80.46928043999999,0.6901733882429719,0.7236440382959124,1697421.0,68.9,1.0,0.0,1.0,59200.0,7117.2,44666.0,302.25689403744406,7.310333424144321,6614.214999999999,17861.924999999996,14143.5,15885.0,4432.0,0.0,0.0,12068.95,9.034321,2022
2020-01-06 08:00:00+00:00,3.7489836,17.2389636,0.9946708199115212,0.1031016974474348,2742325.0,12.23,-0.4999999999999998,0.8660254037844387,1.0,77800.0,7117.2,53480.0,333.09359106634105,6.779041707515713,9568.02,41962.5925,19799.5,12086.0,5657.0,225.75,31890.008,3060.99,4.336846,2020
2021-04-05 14:00:00+00:00,11.183746,46.29497964,-0.0645084494493162,0.9979171608653922,998746.0,20.1,-0.8660254037844386,-0.5000000000000001,0.0,45900.0,6111.4,39025.0,213.7143095238095,12.363277700212237,2800.7974999999988,2345.917500000003,11827.8,7885.0,3003.0,6218.99,2003316.0,8635.45,5.5335393,2021
2018-11-30 21:00:00+00:00,7.9453406,15.1252596,0.8609610158889941,-0.5086709438521049,2227100.0,24.15,0.7071067811865474,-0.7071067811865477,1.0,60700.0,5110.1,51150.0,159.53244609279608,9.117249965667728,9272.5725,40934.775,26300.9,19975.0,3035.0,0.0,0.0,3889.08,4.9802256,2018
2019-12-02 15:00:00+00:00,7.140683,22.79031588,0.8779600847008878,-0.478733840115789,2815166.0,15.43,-0.7071067811865477,-0.7071067811865475,1.0,68250.0,5008.0,43185.0,535.6913039275539,8.987333416938782,11220.3525,50361.29,20793.2,24836.0,6770.0,861.44,444923.28,3699.45,4.7203717,2019
2019-01-19 03:00:00+00:00,2.3231547,22.79031588,0.9469877530760752,0.3212696616923644,1931241.0,22.1,0.7071067811865476,0.7071067811865476,0.0,63800.0,6053.3,49866.0,251.3187812576313,6.2182222737206345,8495.11,45291.037500000006,19678.0,14252.0,3474.0,0.0,0.0,2812.65,2.2036617,2019
2023-09-30 10:00:00+00:00,19.692625,89.55725625000001,-0.0129102960750088,-0.999916658654738,2776356.0,35.833333333333336,-0.8660254037844387,0.4999999999999999,0.0,43550.0,5983.0,39641.0,167.3265316646317,19.28250010808308,4117.972499999999,9849.605000000003,6727.200000000001,10727.0,2293.0,9723.3,1581172.8,971.94,1.5902472,2023
2020-10-10 15:00:00+00:00,14.188354,17.2389636,0.1755314904214277,-0.9844738167520924,2964842.0,13.826666666666666,-0.7071067811865477,-0.7071067811865475,0.0,43600.0,6125.5,42805.0,269.2489207570207,13.927366574605292,5946.6575,33440.2925,9247.1,14935.0,3861.0,2356.77,971301.44,4591.85,5.408276,2020
2020-01-26 13:00:00+00:00,9.07204,17.2389636,0.901501684131884,0.4327755925504312,2426891.0,10.486666666666666,-0.9659258262890684,-0.2588190451025203,0.0,63500.0,7117.2,50900.0,250.66716943426945,6.804416716098785,7385.410000000001,38769.35250000001,18021.3,13186.0,4024.0,1936.06,934096.1,4701.03,5.132056,2020
2018-10-16 11:00:00+00:00,17.825075,15.1252596,0.2595117970697994,-0.965739937654855,2504641.0,25.53,-0.9659258262890682,0.258819045102521,1.0,53450.0,7117.2,45135.0,149.28016473341475,15.307832876841236,8680.29,48391.63500000001,27665.5,21290.0,2005.0,3243.95,1489395.0,869.34,0.8075731,2018
2023-12-06 15:00:00+00:00,7.2627296,89.55725625000001,0.9088176373395028,-0.4171936026123169,2789836.0,39.0,-0.7071067811865477,-0.7071067811865475,1.0,64550.0,6125.5,46425.0,615.1474013227513,7.846333397759333,11185.315,58762.965,19198.6,26219.0,5887.0,1592.04,416318.53,1774.04,1.5776166,2023
2023-12-21 07:00:00+00:00,8.5891695,89.55725625000001,0.9852201067560606,-0.1712931441814778,2761956.0,33.0,-0.2588190451025208,0.9659258262890684,1.0,64900.0,7117.2,46385.0,699.2087736652236,7.7621110280354815,7195.2325,10751.817500000005,22157.925,23895.0,6054.0,0.0,49.12137,16040.03,9.174444,2023
2022-01-17 07:00:00+00:00,3.287482,80.46928043999999,0.9574851883550392,0.288482432880609,1998118.0,76.05,-0.2588190451025208,0.9659258262890684,1.0,80350.0,7117.2,48625.0,354.359414997965,4.30088883307245,10866.1675,27493.4825,30166.6,25580.0,6277.0,0.0,48.07111,1507.86,2.477092,2022
2018-10-21 02:00:00+00:00,10.840043,15.1252596,0.3415707691678551,-0.9398560579418956,2504641.0,25.4,0.8660254037844387,0.4999999999999999,0.0,36100.0,7117.2,43775.0,126.05051914936914,15.353833357493096,7229.54,37193.45,14725.1,11392.0,1751.0,0.0,0.0,2087.11,2.4891539,2018
2018-11-03 22:00:00+00:00,8.623085,15.1252596,0.5416278206559811,-0.8406184056344783,2418967.0,23.493333333333336,0.8660254037844384,-0.5000000000000004,0.0,60150.0,6105.9,43725.0,146.4936383190883,9.957166592280077,8750.039999999999,34758.3575,24856.4,13537.0,2686.0,0.0,0.0,2430.15,2.9661617,2018
2023-12-30 13:00:00+00:00,11.148427,89.55725625000001,0.9998518392091162,-0.0172133561558352,2795844.0,31.85,-0.9659258262890684,-0.2588190451025203,0.0,50200.0,7117.2,43665.0,462.5666737947238,8.668666521708174,5457.6,16752.2725,8222.05,12431.0,5291.0,4671.26,793892.94,10674.34,7.0761256,2023
2019-11-23 19:00:00+00:00,9.151453,22.79031588,0.7935716089521472,-0.6084768701151264,2792032.0,15.966666666666669,0.2588190451025203,-0.9659258262890684,0.0,59500.0,5008.0,41285.0,361.672238013838,9.160999894142144,8673.4025,30275.595,19071.0,18022.0,5501.0,0.0,0.0,3895.49,1.6680609,2019
2022-11-05 11:00:00+00:00,12.105011,80.46928043999999,0.5702422926917867,-0.8214765533024145,2455704.0,57.0,-0.9659258262890682,0.258819045102521,0.0,49350.0,6071.9,30805.0,191.10415024323504,11.33791661262512,5493.412499999999,34820.715,9570.125,12466.0,3168.0,6210.29,1048647.5,4292.81,3.5867925,2022
2022-04-27 01:00:00+00:00,9.031149,80.46928043999999,-0.4288919379124835,0.9033558023246844,1380258.0,108.35,0.9659258262890684,0.2588190451025207,1.0,41250.0,5061.6,30490.0,296.69646735856736,13.894111050499813,7621.14,42696.7375,18958.1,14473.0,4993.0,0.0,0.0,3671.76,3.9837415,2022
2020-04-09 13:00:00+00:00,18.507784,17.2389636,-0.1500553983446526,0.9886775902323404,1513412.0,7.05,-0.9659258262890684,-0.2588190451025203,1.0,42700.0,7038.4,43375.0,208.18990767195768,13.294958392779028,4815.462500000001,29358.8875,11911.8,10856.0,3870.0,6619.82,2651230.5,1441.42,2.5801055,2020
2020-05-18 21:00:00+00:00,15.068222,17.2389636,-0.7324940716135786,0.6807734094770165,2355412.0,4.5,0.7071067811865474,-0.7071067811865477,1.0,45200.0,4106.7,38925.0,317.722747008547,16.207374572753906,7358.282499999999,34748.9375,18388.4,14471.0,7089.0,0.0,6.848547,3225.03,3.9527767,2020
2018-09-13 08:00:00+00:00,17.57463,15.1252596,-0.300819807635668,-0.9536809966304456,2678886.0,26.55,-0.4999999999999998,0.8660254037844387,1.0,52550.0,7117.2,48510.0,156.99191984126983,17.227033201853427,10478.8875,64019.5275,28652.1,26519.0,2830.0,1979.74,648887.1,1713.21,2.7188313,2018
2020-10-12 15:00:00+00:00,13.129137,17.2389636,0.209314645963048,-0.9778483415056568,3019708.0,13.68,-0.7071067811865477,-0.7071067811865475,1.0,53600.0,6125.5,42805.0,267.5914591168091,12.783966668446864,9617.4875,58025.02249999999,9386.7,21411.0,4259.0,2597.02,826553.9,2685.34,4.107959,2020
2022-02-25 11:00:00+00:00,7.992835,80.46928043999999,0.5702422926917871,0.8214765533024142,1739794.0,89.95,-0.9659258262890682,0.258819045102521,1.0,66450.0,7117.2,44196.0,342.7383049857549,8.176666630638968,6724.4175,20690.90250000001,15900.3,20695.0,5639.0,6606.77,1468850.8,4726.14,4.076344,2022
2020-04-29 16:00:00+00:00,14.433481,17.2389636,-0.4749510720670499,0.8800122039735357,1740867.0,5.65,-0.5000000000000004,-0.8660254037844385,1.0,44750.0,5110.1,38365.0,277.70011953601954,14.91366704305015,8077.4975,43357.715,6839.5,15385.0,5382.0,2116.88,1069831.4,7335.46,7.622045,2020
2018-12-10 22:00:00+00:00,6.196712,15.1252596,0.935367949313148,-0.3536761221763721,2230364.0,23.1,0.8660254037844384,-0.5000000000000004,1.0,67000.0,6121.4,54805.0,315.22847547822545,9.33091664314269,9788.7775,22417.182500000003,26885.1,17571.0,4655.0,0.0,0.0,1971.22,2.7483087,2018
2019-02-21 09:00:00+00:00,7.5864763,22.79031588,0.6254105729852463,0.7802958510707755,1319494.0,17.5,-0.7071067811865475,0.7071067811865476,1.0,71500.0,7117.2,54920.0,275.16357466422465,7.017083267370859,10292.3525,42834.5175,27568.8,23727.0,5618.0,2708.6,710908.75,1203.31,2.8456118,2019
2020-11-13 03:00:00+00:00,9.983561,17.2389636,0.6901733882429714,-0.723644038295913,3035130.0,13.9,0.7071067811865476,0.7071067811865476,1.0,44050.0,6125.5,49300.0,200.5434160968661,10.83149989446004,6359.28,37470.5275,18319.9,13696.0,2872.0,0.0,0.0,5158.32,5.1801267,2020
2019-07-23 16:00:00+00:00,30.351149,22.79031588,-0.9322892131745134,-0.3617137307297674,2697155.0,10.65,-0.5000000000000004,-0.8660254037844385,1.0,55300.0,7117.2,40847.0,181.81790205535205,24.754582802454628,8070.254999999999,49577.8475,28675.9,28330.0,4610.0,3279.55,1969780.6,1476.26,1.5959841,2019
2019-02-03 15:00:00+00:00,5.7826424,22.79031588,0.8335557718385699,0.5524353131676196,1591274.0,19.31,-0.7071067811865477,-0.7071067811865475,0.0,63550.0,7117.2,55920.0,431.6944281237281,5.748999913533528,9510.785,43859.6725,15830.6,16240.0,4537.0,1304.68,815410.9,3249.97,5.4411335,2019
2018-11-04 02:00:00+00:00,8.216009,15.1252596,0.5560174366570438,-0.8311706263658084,2418967.0,23.386666666666667,0.8660254037844387,0.4999999999999999,0.0,49800.0,6105.9,43725.0,137.0479409035409,10.41622220145332,7320.45,31205.925,18422.6,10466.0,2115.0,0.0,0.0,2476.19,2.6151633,2018
2019-02-22 05:00:00+00:00,5.969422,22.79031588,0.6118864012687244,0.7909456567567772,1319494.0,16.93,0.2588190451025207,0.9659258262890684,1.0,62700.0,7117.2,54920.0,273.0476947496948,7.359833260377248,10601.42,51270.295,23481.7,19447.0,4833.0,0.0,0.0,1359.02,0.40303493,2019
2021-06-22 20:00:00+00:00,16.172094,46.29497964,-0.986657932891657,0.1628070129385171,2183321.0,31.4,0.5000000000000001,-0.8660254037844386,1.0,44200.0,4072.7,41625.0,368.7169053113553,19.27975010871888,7688.9,47575.6375,21107.8,23714.0,6356.0,184.15,56266.33,3272.19,4.052811,2021
2023-02-08 15:00:00+00:00,6.7338433,89.55725625000001,0.7829801036770629,0.6220467484408675,1548596.0,54.8,-0.7071067811865477,-0.7071067811865475,1.0,63600.0,7117.2,45555.0,235.455415269674,6.710111015372807,10041.8275,52252.64,22151.15,24263.0,3964.0,3691.53,1067441.8,1732.98,3.1026392,2023
2023-09-29 11:00:00+00:00,21.039915,89.55725625000001,-0.0301203048469083,-0.9995462806873572,2776356.0,37.4,-0.9659258262890682,0.258819045102521,1.0,48900.0,5983.0,40836.0,169.58058755503757,19.306110805935344,5895.15,23060.9075,11504.525,15494.0,2519.0,9872.56,1803307.0,5728.93,3.1879642,2023
2018-09-03 20:00:00+00:00,18.54725,15.1252596,-0.4597327394521046,-0.888057322629493,2718547.0,26.35,0.5000000000000001,-0.8660254037844386,1.0,46200.0,7117.2,44575.0,168.64544006919007,17.27674984931946,9332.425,48419.38,26611.6,18866.0,2699.0,0.0,0.021880342,1533.94,3.6943293,2018
2019-07-08 16:00:00+00:00,22.377365,22.79031588,-0.993746580436178,-0.1116590071216944,2673159.0,11.9,-0.5000000000000004,-0.8660254037844385,1.0,52350.0,7117.2,43036.0,262.7812875050875,23.57483291625977,8199.52,39935.83500000001,26313.7,25483.0,4851.0,3173.16,1651901.4,2827.94,2.336043,2019
2018-01-12 07:00:00+00:00,5.0546145,15.1252596,0.9787400799669153,0.2051044998686192,1719409.0,19.6,-0.2588190451025208,0.9659258262890684,1.0,75500.0,6053.3,56345.0,750.9399901098901,6.691666682561238,12699.447499999998,71950.91500000001,29834.6,24789.0,6628.0,0.0,14.069059,1254.92,2.2656207,2018
2022-02-25 03:00:00+00:00,5.1090026,80.46928043999999,0.5702422926917871,0.8214765533024142,1739794.0,89.95,0.7071067811865476,0.7071067811865476,1.0,55000.0,7117.2,44196.0,342.7383049857549,8.394111262427442,5748.415,19559.76,10338.0,14951.0,4339.0,0.0,0.0,7396.59,5.462479,2022
2021-05-15 04:00:00+00:00,9.858173,46.29497964,-0.6839194216246103,0.7295575540864878,1231647.0,26.796666666666667,0.5000000000000001,0.8660254037844386,0.0,38600.0,6071.9,39795.0,452.4962674196174,12.119277901119672,7699.9325,36328.6125,12308.7,13281.0,6305.0,0.0,465.1323,3589.9,4.9134927,2021
2021-08-06 03:00:00+00:00,16.845812,46.29497964,-0.8190148866680799,-0.5737722679043247,2607829.0,42.9,0.7071067811865476,0.7071067811865476,1.0,33250.0,7117.2,39475.0,420.15629780219774,17.563166459401454,5445.355,36662.1275,19974.2,14374.0,4172.0,0.0,0.0,7561.69,6.4924903,2021
2023-07-23 12:00:00+00:00,23.236736,89.55725625000001,-0.9322892131745134,-0.3617137307297674,3013784.0,29.366666666666667,-1.0,1.2246467991473532e-16,0.0,39900.0,7117.2,32780.0,165.63911078736083,23.097166167365177,2467.9574999999995,-1608.679999999993,5321.125,10595.0,2427.0,10236.62,2278132.2,10532.99,6.2690773,2023
2023-03-05 03:00:00+00:00,3.1987786,89.55725625000001,0.4520722039323043,0.8919813464595485,1343353.0,44.57333333333333,0.7071067811865476,0.7071067811865476,0.0,53350.0,7117.2,36622.0,175.5083426076339,7.588833517498444,7569.1125,24602.245000000003,17873.325,11725.0,2126.0,0.0,0.0,2606.51,2.100457,2023
2023-07-26 13:00:00+00:00,20.703817,89.55725625000001,-0.9123747579707272,-0.4093559588156215,3000966.0,32.33,-0.9659258262890684,-0.2588190451025203,1.0,45350.0,7117.2,35225.0,216.54690857845856,21.96661112043594,3846.7675,19250.8825,12590.7,18040.0,3145.0,9507.0,2299242.5,2584.99,4.5505347,2023
2023-12-29 11:00:00+00:00,10.269521,89.55725625000001,0.9994074007397048,-0.0344216116227458,2795844.0,31.85,-0.9659258262890682,0.258819045102521,1.0,58150.0,7117.2,43140.0,480.4434224627225,8.304666890038382,5600.18,7428.947500000009,21789.9,14669.0,5408.0,4019.97,574679.94,14024.46,6.890589,2023
2022-03-15 22:00:00+00:00,9.823234,80.46928043999999,0.2926003356333486,0.9562348265919056,1375108.0,114.15,0.8660254037844384,-0.5000000000000004,1.0,55300.0,6053.3,36140.0,281.3082191290192,9.29838893148633,8832.07,50088.315,14565.3,16305.0,4066.0,0.0,0.0,4349.12,4.5653424,2022
2018-09-05 00:00:00+00:00,16.931086,15.1252596,-0.4288919379124841,-0.9033558023246842,2718547.0,27.2,1.0,0.0,1.0,40250.0,7117.2,44411.0,156.05983872608874,17.71420021057127,7874.2925,43689.215,20565.9,15604.0,2035.0,0.0,0.0,1233.56,3.7742963,2018
2019-04-15 01:00:00+00:00,6.392593,22.79031588,-0.2344913895704096,0.9721181966290612,921232.0,15.0,0.9659258262890684,0.2588190451025207,1.0,51250.0,6071.9,44430.0,213.6738077330077,11.554999907811483,7413.68,25757.315,17598.5,11546.0,3165.0,0.0,0.0,3398.26,5.1824574,2019
2018-05-22 14:00:00+00:00,18.965414,15.1252596,-0.766658819300159,0.6420547132365637,1497111.0,22.8,-0.8660254037844386,-0.5000000000000001,1.0,50400.0,5068.5,46035.0,361.4281544566545,14.68483312924702,9118.335,48133.6975,25814.9,22615.0,6847.0,3375.65,2344416.2,674.01,2.28277,2018
2022-03-25 14:00:00+00:00,15.203581,80.46928043999999,0.1244792638867893,0.9922222094179324,1369050.0,101.0,-0.8660254037844386,-0.5000000000000001,1.0,48700.0,6053.3,33435.0,199.7098277167277,10.926666604148002,5796.952499999999,39213.2825,17110.5,18505.0,2862.0,6764.5,2233883.8,3498.85,5.210362,2022
2020-09-01 23:00:00+00:00,14.714291,17.2389636,-0.4749510720670502,-0.8800122039735356,2975651.0,10.7,0.9659258262890684,-0.2588190451025207,1.0,39350.0,6071.9,32620.0,241.87579540089536,17.351566886901857,7892.96,38561.065,16762.6,14384.0,3364.0,0.0,0.0,2216.7,2.162747,2020
2022-01-22 15:00:00+00:00,6.369246,80.46928043999999,0.9291414114031744,0.3697245428906731,1998118.0,84.66666666666667,-0.7071067811865477,-0.7071067811865475,0.0,65250.0,7117.2,49251.0,272.2612286528286,4.661999997165467,10227.3925,47580.47,18875.9,16671.0,3349.0,1717.1,689935.56,2036.45,2.4893372,2022
2023-08-19 04:00:00+00:00,20.064007,89.55725625000001,-0.6712599575675318,-0.7412220108485954,2870892.0,36.15,0.5000000000000001,0.8660254037844386,0.0,32750.0,6939.5,36698.0,165.22276338846336,23.12355560726589,6435.2025,25722.9625,19275.425,12111.0,2506.0,0.0,0.0,3888.25,3.0547628,2023
2023-10-25 04:00:00+00:00,12.354678,89.55725625000001,0.4054257283599965,-0.914127988185334,2730776.0,49.3,0.5000000000000001,0.8660254037844386,1.0,41900.0,4065.8,41335.0,255.1913876142376,14.58144431644015,7764.844999999999,39279.575,8077.85,18015.0,4059.0,0.0,0.0,11466.84,4.4737773,2023
2020-05-01 22:00:00+00:00,11.8544855,17.2389636,-0.5049610547215204,0.8631421280499114,1740867.0,5.25,0.8660254037844384,-0.5000000000000004,0.0,43150.0,5110.1,37350.0,330.0816075905575,14.136666933695476,6102.049999999999,26964.7125,11597.4,8803.0,6051.0,0.0,0.0,4429.47,7.0038037,2020
2019-09-21 19:00:00+00:00,19.209435,22.79031588,-0.1670516255021195,-0.9859481499638304,2689334.0,9.95,0.2588190451025203,-0.9659258262890684,0.0,41900.0,7117.2,39630.0,142.2904198819699,18.9501665433248,7537.12,35840.125,21128.2,17255.0,2100.0,0.0,828.6523,4087.54,6.069958,2019
2021-07-10 05:00:00+00:00,15.039657,46.29497964,-0.9893142039703664,-0.1457991969198744,2349488.0,36.11666666666667,0.2588190451025207,0.9659258262890684,0.0,35400.0,6632.3,36632.0,526.1645962352462,17.391749779383353,7595.9625,32530.13,19082.1,16093.0,5379.0,3.42,76231.46,1039.1,1.3957947,2021
2021-03-11 11:00:00+00:00,11.669416,46.29497964,0.3576982388331257,0.9338372288229252,1176034.0,18.2,-0.9659258262890682,0.258819045102521,1.0,64250.0,7117.2,45120.0,265.31124654049654,8.439916769663489,5788.075000000001,17741.257499999992,17115.7,20862.0,4593.0,3824.64,1231553.2,13498.45,10.044848,2021
2021-08-06 11:00:00+00:00,20.110058,46.29497964,-0.8190148866680799,-0.5737722679043247,2607829.0,42.9,-0.9659258262890682,0.258819045102521,1.0,46500.0,7117.2,38463.0,420.15629780219774,17.961499929428108,4243.675,27180.152500000004,18894.1,16935.0,4435.0,6274.17,2174755.5,7753.44,5.948762,2021
2023-02-11 05:00:00+00:00,2.116744,89.55725625000001,0.7498264012045687,0.6616346182422783,1548596.0,54.5,0.2588190451025207,0.9659258262890684,0.0,61300.0,7117.2,44175.0,207.9655814466532,5.715055475632347,7479.215,17062.3225,17564.9,17226.0,2753.0,0.0,0.0,2450.66,0.43901768,2023
2019-04-15 07:00:00+00:00,7.6077557,22.79031588,-0.2344913895704096,0.9721181966290612,921232.0,15.0,-0.2588190451025208,0.9659258262890684,1.0,66250.0,6071.9,45270.0,213.6738077330077,10.913249969482418,10063.1075,36974.61,23441.7,21748.0,5404.0,1790.35,577435.94,3626.21,6.172575,2019
2022-06-15 02:00:00+00:00,16.696537,80.46928043999999,-0.9599326896597444,0.2802306751992163,2411291.0,116.55,0.8660254037844387,0.4999999999999999,1.0,36200.0,6113.8,28180.0,173.31391080586084,21.15416643354629,7177.595,39433.41,22549.925,16178.0,3164.0,0.0,0.0,3207.67,1.9013786,2022
2021-02-02 02:00:00+00:00,8.461642,46.29497964,0.8429415373547828,0.5380051715382996,1859154.0,18.03,0.8660254037844387,0.4999999999999999,1.0,54750.0,7117.2,50102.0,1251.3319153337404,8.24666666984558,8971.345000000001,44619.6575,9465.4,14756.0,6482.0,0.0,0.0,5812.05,6.5180793,2021
2022-09-21 10:00:00+00:00,16.872875,80.46928043999999,-0.1670516255021195,-0.9859481499638304,2254828.0,178.8,-0.8660254037844387,0.4999999999999999,1.0,50500.0,7117.2,28905.0,142.01147794612797,14.898583491643258,7140.17,36625.2525,17675.775,18308.0,1735.0,8960.38,1885710.8,1746.69,2.639591,2022
2019-11-05 13:00:00+00:00,11.780036,22.79031588,0.5702422926917867,-0.8214765533024145,2986771.0,13.33,-0.9659258262890684,-0.2588190451025203,1.0,59700.0,5047.5,40710.0,487.2189792022792,12.519708514213546,10263.6025,52513.61,12955.9,23432.0,6299.0,2300.27,1015504.5,2603.21,5.206372,2019
2022-09-23 21:00:00+00:00,15.208282,80.46928043999999,-0.1330147065341963,-0.9911140639934546,2254828.0,168.0,0.7071067811865474,-0.7071067811865477,1.0,44500.0,7117.2,28725.0,136.5262089160839,16.157250324885066,7783.900000000001,44285.565,19331.0,15862.0,1998.0,0.0,0.0,1315.73,1.3328326,2022
2019-11-06 21:00:00+00:00,9.378238,22.79031588,0.5842981736283683,-0.8115390590073611,2986771.0,13.0,0.7071067811865474,-0.7071067811865477,1.0,56000.0,5047.5,40220.0,487.6493190272691,12.381791671117142,9837.0775,52197.19,18955.1,18163.0,6674.0,0.0,0.0,2649.97,4.478987,2019
2023-10-01 17:00:00+00:00,22.169956,89.55725625000001,0.0043035382962438,-0.99999073973619,2776356.0,34.266666666666666,-0.2588190451025206,-0.9659258262890684,0.0,42000.0,5983.0,39416.0,159.20596513671515,20.153944704267715,8000.277500000001,35571.457500000004,18361.275,15769.0,2490.0,547.48,401686.94,1483.05,1.3006816,2023
2020-10-16 00:00:00+00:00,8.639199,17.2389636,0.276096973097468,-0.961129783872301,3019708.0,14.77,1.0,0.0,1.0,51200.0,6125.5,44650.0,254.05487973137977,11.551033306121829,7263.3275,34859.46,15987.4,13641.0,3514.0,0.0,0.0,3516.45,4.231398,2020
2021-06-02 19:00:00+00:00,18.506866,46.29497964,-0.8738071036110806,0.4862727071086904,1628356.0,25.52,0.2588190451025203,-0.9659258262890684,1.0,44550.0,5068.5,40670.0,306.55738978428974,17.579500198364254,8822.815,38945.4925,22811.3,15489.0,6307.0,820.97,276733.62,2031.92,1.8714943,2021
2021-08-21 17:00:00+00:00,23.075954,46.29497964,-0.64534811322955,-0.7638886127905429,2655591.0,41.83333333333333,-0.2588190451025206,-0.9659258262890684,0.0,43000.0,7117.2,41505.0,237.33002625152625,20.230333328247063,8492.272500000001,46270.525,19854.9,15944.0,3713.0,3048.56,927724.25,2173.58,2.747083,2021
2020-04-29 18:00:00+00:00,13.499302,17.2389636,-0.4749510720670499,0.8800122039735357,1740867.0,5.65,-1.8369701987210292e-16,-1.0,1.0,47000.0,5110.1,39170.0,277.70011953601954,14.803999980290726,7097.754999999999,49277.715,11683.7,17771.0,5822.0,299.08,319252.47,6683.19,7.5995092,2020
2018-01-09 19:00:00+00:00,7.4509587,15.1252596,0.9880226656636976,0.1543088206642811,1719409.0,19.42,0.2588190451025203,-0.9659258262890684,1.0,72050.0,6053.3,58560.0,919.742566117216,7.244250019391377,11104.795,55457.87,30850.0,23729.0,6469.0,0.0,0.0,4199.26,6.4045243,2018
2022-02-14 22:00:00+00:00,6.5293508,80.46928043999999,0.7146733860429609,0.699458327051647,1697421.0,80.0,0.8660254037844384,-0.5000000000000004,1.0,65250.0,7117.2,44666.0,253.3881357956858,7.456666641765172,8645.86,29452.245,16366.5,17493.0,4794.0,0.0,0.0,5991.26,6.550049,2022
2020-03-20 16:00:00+00:00,13.203015,17.2389636,0.1924515819708299,0.9813064702716092,1779274.0,8.75,-0.5000000000000004,-0.8660254037844385,1.0,43750.0,7117.2,42499.0,413.971215079365,11.51625025272369,7609.995000000001,49459.015,18699.9,16161.0,6074.0,2056.45,1063211.9,4710.24,4.9940786,2020
2023-04-01 07:00:00+00:00,9.300217,89.55725625000001,0.0043035382962442,0.99999073973619,1508365.0,48.8,-0.2588190451025208,0.9659258262890684,0.0,45550.0,7117.2,35988.0,331.6218696258653,12.030111153920474,5989.5725,24323.28,11138.225,14810.0,4864.0,1936.26,203880.98,13578.28,8.6189575,2023
2020-07-24 20:00:00+00:00,20.105955,17.2389636,-0.9192859697186104,-0.3935902766564669,3088372.0,4.78,0.5000000000000001,-0.8660254037844386,1.0,46050.0,7117.2,36332.0,200.97030606430607,21.606966400146472,7834.1975,43285.4625,24537.1,19644.0,4577.0,0.0,31659.104,1556.94,3.6588492,2020
2020-04-26 17:00:00+00:00,16.000616,17.2389636,-0.4288919379124835,0.9033558023246844,1670557.0,5.953333333333333,-0.2588190451025206,-0.9659258262890684,0.0,38700.0,5890.1,39890.0,213.74661746031745,16.126249790191643,8525.664999999999,44468.0625,16212.8,12925.0,4588.0,1461.08,1001998.7,577.62,1.0318236,2020
2018-11-30 20:00:00+00:00,8.110702,15.1252596,0.8609610158889941,-0.5086709438521049,2227100.0,24.15,0.5000000000000001,-0.8660254037844386,1.0,61950.0,5110.1,51530.0,159.53244609279608,9.112999836603802,9145.9775,43555.2025,28384.4,22031.0,3290.0,0.0,0.0,3795.77,4.9739485,2018
2019-02-24 06:00:00+00:00,4.432292,22.79031588,0.5842981736283684,0.811539059007361,1319494.0,16.87666666666667,6.123233995736766e-17,1.0,0.0,52600.0,7117.2,52824.0,229.16613284493283,7.810458302497868,8499.465,39236.4975,18690.8,13757.0,3475.0,0.0,0.0,2271.59,3.6447692,2019
2019-12-04 22:00:00+00:00,4.1243043,22.79031588,0.893918596519257,-0.4482293417404106,2815166.0,14.88,0.8660254037844384,-0.5000000000000004,1.0,74200.0,5008.0,44495.0,459.6146235042735,8.150333305199943,10525.6425,45117.235,22060.0,17850.0,6327.0,0.0,0.0,1136.13,2.1460576,2019
2018-11-29 05:00:00+00:00,8.364458,15.1252596,0.8520775211013093,-0.5234156073655503,2227100.0,24.55,0.2588190451025207,0.9659258262890684,1.0,60000.0,5110.1,49935.0,158.37330775335775,8.3577221499549,8740.622500000001,36567.32,20613.8,19341.0,2528.0,0.0,0.0,7349.12,8.261019,2018
2023-08-22 04:00:00+00:00,19.587984,89.55725625000001,-0.6321034111873488,-0.7748840413670406,2829706.0,43.2,0.5000000000000001,0.8660254037844386,1.0,38250.0,6947.5,33424.0,172.7614137991638,24.72077814737955,8068.2575,45934.0325,21744.075,16425.0,2980.0,0.0,0.0,1473.45,1.1780576,2023
2019-09-22 20:00:00+00:00,16.428375,22.79031588,-0.1500553983446526,-0.9886775902323404,2689334.0,10.0,0.5000000000000001,-0.8660254037844386,0.0,41100.0,7117.2,41010.0,135.31916135531137,18.32412536938985,8058.389999999999,30650.0,21354.2,14529.0,2324.0,0.0,0.0,3758.42,4.325854,2019
2019-12-02 10:00:00+00:00,6.083165,22.79031588,0.8779600847008878,-0.478733840115789,2815166.0,15.43,-0.8660254037844387,0.4999999999999999,1.0,74150.0,5008.0,43185.0,535.6913039275539,8.919708410898847,10190.21,44850.99250000001,22058.9,22920.0,6579.0,2188.95,607217.3,3729.69,4.5981364,2019
2022-02-14 20:00:00+00:00,6.9331903,80.46928043999999,0.7146733860429609,0.699458327051647,1697421.0,80.0,0.5000000000000001,-0.8660254037844386,1.0,65150.0,7117.2,44666.0,253.3881357956858,7.549277755949234,8632.4275,33592.8,21796.6,21366.0,5428.0,0.0,0.0,5937.85,6.4596157,2022
2022-01-23 12:00:00+00:00,6.133436,80.46928043999999,0.9226395488404876,0.3856634062436071,1998118.0,88.83333333333333,-1.0,1.2246467991473532e-16,0.0,71850.0,7117.2,49251.0,246.35135089540088,4.552444398403168,9675.985,48190.5825,18866.8,12789.0,3385.0,5371.23,1124123.4,2282.41,2.5592613,2022
2022-11-07 10:00:00+00:00,13.869446,80.46928043999999,0.5981809144059166,-0.8013610881746764,2495545.0,53.0,-0.8660254037844387,0.4999999999999999,1.0,53350.0,6071.9,30805.0,179.01824777316085,10.566749970118224,6036.03,27112.540000000008,11443.975,19070.0,3288.0,5235.21,859463.44,10458.35,6.2264104,2022
2023-08-20 22:00:00+00:00,21.68583,89.55725625000001,-0.6584015846980489,-0.7526668275320083,2870892.0,37.8,0.8660254037844384,-0.5000000000000004,1.0,40300.0,6947.5,36698.0,175.05161205091204,24.635277430216465,7228.34,34427.4625,20136.45,14627.0,2788.0,0.0,0.0,2467.49,2.2946095,2023
2020-02-26 11:00:00+00:00,6.823824,17.2389636,0.5560174366570445,0.831170626365808,2008603.0,9.5,-0.9659258262890682,0.258819045102521,1.0,69450.0,7117.2,49444.0,384.0378834554334,8.662208358446758,7620.645,41775.9,17545.2,20958.0,6262.0,3901.32,1330364.2,10448.2,9.601896,2020
2020-08-01 17:00:00+00:00,24.480919,17.2389636,-0.8565509959010037,-0.5160623910158526,3100546.0,5.54,-0.2588190451025206,-0.9659258262890684,0.0,45750.0,7117.2,34190.0,172.4019780830281,22.298800150553387,6424.3075,39123.425,17764.4,20630.0,4122.0,1710.91,1156748.0,3269.87,4.384505,2020
2019-02-02 10:00:00+00:00,4.494596,22.79031588,0.8429415373547828,0.5380051715382996,1591274.0,19.27,-0.8660254037844387,0.4999999999999999,0.0,71650.0,7117.2,56450.0,486.5530208791209,5.947222285800511,10443.18,54394.6175,15432.6,20934.0,5502.0,1702.92,533292.6,4382.51,5.8894787,2019
2018-01-09 15:00:00+00:00,8.224492,15.1252596,0.9880226656636976,0.1543088206642811,1719409.0,19.42,-0.7071067811865477,-0.7071067811865475,1.0,68500.0,6053.3,58215.0,919.742566117216,7.364166855812071,11561.482500000002,56651.8325,27134.8,26881.0,6202.0,496.56,371218.66,3138.46,6.4684167,2018
2023-09-16 21:00:00+00:00,19.563538,89.55725625000001,-0.2511900638848195,-0.9679377830240642,2818485.0,36.23333333333333,0.7071067811865474,-0.7071067811865477,0.0,41300.0,7028.3,40665.0,179.45179174529176,22.10005569458009,6559.077499999999,36063.7575,17370.05,14445.0,2919.0,0.0,0.0,3790.9,4.0220633,2023
2020-11-13 05:00:00+00:00,10.002823,17.2389636,0.6901733882429714,-0.723644038295913,3035130.0,13.9,0.2588190451025207,0.9659258262890684,1.0,49700.0,6125.5,49495.0,200.5434160968661,10.710874915123,7722.137500000001,46715.23,21863.7,17817.0,3317.0,0.0,0.0,5810.42,4.863521,2020
2019-04-30 12:00:00+00:00,14.600653,22.79031588,-0.4749510720670499,0.8800122039735357,1112875.0,14.35,-1.0,1.2246467991473532e-16,1.0,53550.0,6125.5,45040.0,273.198594017094,13.21266640557181,8272.65,31202.7925,22573.1,18070.0,5215.0,6309.0,2635960.2,1552.39,1.8390881,2019
2019-07-31 21:00:00+00:00,18.395441,22.79031588,-0.8738071036110809,-0.4862727071086898,2742271.0,10.15,0.7071067811865474,-0.7071067811865477,1.0,47450.0,7117.2,39397.0,214.1813473748473,21.10712552070617,7484.96,44603.1225,20791.9,20730.0,4197.0,0.0,8.839658,1317.42,1.9727639,2019
2019-08-19 12:00:00+00:00,20.682877,22.79031588,-0.6712599575675318,-0.7412220108485954,2777986.0,9.55,-1.0,1.2246467991473532e-16,1.0,48800.0,7117.2,40098.0,196.8427709401709,20.567958593368537,6754.022500000001,24496.522500000006,23265.3,14061.0,3241.0,4337.41,2349905.2,3149.8,2.9489145,2019
2019-06-11 08:00:00+00:00,13.084693,22.79031588,-0.938377391740864,0.3456123126707335,1959725.0,11.2,-0.4999999999999998,0.8660254037844387,1.0,54400.0,7117.2,42729.0,356.37419533984536,15.704416831334433,9204.905,45941.8775,21238.3,23331.0,6763.0,2387.51,989478.6,1061.84,2.6918473,2019
2018-01-27 17:00:00+00:00,7.3891926,15.1252596,0.893918596519257,0.4482293417404106,1704964.0,17.416666666666664,-0.2588190451025206,-0.9659258262890684,0.0,65850.0,7117.2,58695.0,1028.1394874841722,7.505333344141642,9804.61,52883.605,22852.6,20546.0,6499.0,0.0,59989.77,2529.67,2.3410158,2018
2018-08-06 18:00:00+00:00,27.397179,15.1252596,-0.8190148866680799,-0.5737722679043247,2837239.0,22.48,-1.8369701987210292e-16,-1.0,1.0,48600.0,7117.2,38431.0,163.81194004884006,22.46575021743775,9277.8575,62227.105,30179.3,21825.0,4106.0,446.07,705126.56,813.89,0.6909584,2018
2021-02-02 01:00:00+00:00,8.437698,46.29497964,0.8429415373547828,0.5380051715382996,1859154.0,18.03,0.9659258262890684,0.2588190451025207,1.0,57500.0,7117.2,50102.0,1251.3319153337404,8.25708333651225,9378.1425,44337.8625,9630.0,14724.0,6528.0,0.0,0.0,4862.62,6.325245,2021
2020-03-21 21:00:00+00:00,8.421995,17.2389636,0.1755314904214282,0.9844738167520922,1779274.0,8.566666666666666,0.7071067811865474,-0.7071067811865477,0.0,49000.0,7117.2,42219.0,384.44558319088327,11.373249888420093,6200.6900000000005,24072.6025,23790.0,12142.0,6154.0,0.0,0.0,6715.24,6.2980027,2020
2018-06-01 23:00:00+00:00,15.190185,15.1252596,-0.865307254363206,0.5012418134457758,1791003.0,21.85,0.9659258262890684,-0.2588190451025207,0.0,41150.0,4076.8,43160.0,444.4777311965812,14.510416666666693,7962.614999999999,42437.81,20086.4,15219.0,7845.0,0.0,0.0,727.89,1.5014275,2018
2023-07-25 09:00:00+00:00,17.97564,89.55725625000001,-0.9192859697186104,-0.3935902766564669,3000966.0,32.65,-0.7071067811865475,0.7071067811865476,1.0,50000.0,7117.2,35615.0,196.8483010878011,21.803166601392963,5582.1275000000005,32130.230000000003,8966.75,22393.0,3249.0,7717.41,1569490.9,4648.54,5.383246,2023
2022-01-20 09:00:00+00:00,4.510322,80.46928043999999,0.9413173175128472,0.3375228995941133,1998118.0,76.0,-0.7071067811865475,0.7071067811865476,1.0,81050.0,7117.2,48721.0,318.1816279405779,4.5221110218101055,9511.33,26354.4375,24091.2,26384.0,6044.0,1679.86,240504.97,3382.92,4.915082,2022
2019-07-23 00:00:00+00:00,20.480309,22.79031588,-0.9322892131745134,-0.3617137307297674,2697155.0,10.65,1.0,0.0,1.0,42400.0,7117.2,42329.0,181.81790205535205,23.66149981816612,7047.08,35742.5175,21834.6,18641.0,3306.0,0.0,0.0,2682.34,2.2930202,2019
2019-06-10 23:00:00+00:00,12.62886,22.79031588,-0.9322892131745132,0.3617137307297676,1959725.0,11.57,0.9659258262890684,-0.2588190451025207,1.0,40650.0,7117.2,42729.0,356.37419533984536,16.09824991226196,6804.8675,25919.1825,18539.9,16176.0,5737.0,0.0,0.0,1929.37,3.471365,2019
2023-10-24 09:00:00+00:00,13.063283,89.55725625000001,0.3896304495307877,-0.9209712877166348,2730776.0,47.9,-0.7071067811865475,0.7071067811865476,1.0,52500.0,4065.8,41335.0,219.2667132608132,14.75872214635212,7912.735000000001,42411.555,5075.674999999999,22611.0,3945.0,3423.83,487309.7,5963.16,5.602187,2023
2022-02-08 18:00:00+00:00,8.641312,80.46928043999999,0.7829801036770629,0.6220467484408675,1729375.0,75.7,-1.8369701987210292e-16,-1.0,1.0,72550.0,7117.2,46051.0,311.2079174399675,7.221388869815403,9203.995,40860.7825,29359.0,25267.0,5699.0,0.0,9475.938,1829.87,2.5207956,2022
2023-07-27 21:00:00+00:00,19.11294,89.55725625000001,-0.9051931898913976,-0.4250003399695539,3000966.0,28.4,0.7071067811865474,-0.7071067811865477,1.0,45286.0,7117.2,35582.0,218.2320718873719,22.581388685438384,4865.717500000001,27589.945,23311.575,17663.0,3801.0,0.0,48.68376,3567.88,4.8488784,2023
2023-06-01 11:00:00+00:00,19.472494,89.55725625000001,-0.865307254363206,0.5012418134457758,2404082.0,23.9,-0.9659258262890682,0.258819045102521,1.0,49050.0,5118.0,33930.0,268.4643461519961,17.568277729882134,2134.8725000000004,9361.305,11841.35,15479.0,4369.0,11852.38,2781838.8,4311.42,3.8278193,2023
2021-04-04 16:00:00+00:00,12.485561,46.29497964,-0.0473213883224318,0.9988797155850336,961615.0,19.8,-0.5000000000000004,-0.8660254037844385,0.0,40250.0,6111.4,39570.0,234.87139863654863,12.862555450863317,7125.202499999999,24943.3425,9508.4,8708.0,4134.0,5233.88,1560228.9,1787.35,2.800613,2021
2022-09-13 20:00:00+00:00,20.368135,80.46928043999999,-0.300819807635668,-0.9536809966304456,2252727.0,194.5,0.5000000000000001,-0.8660254037844386,1.0,44950.0,7117.2,27126.0,136.9191282828283,20.49241638183593,8323.5225,40349.3775,20990.5,18791.0,2058.0,0.0,0.0,3309.29,3.013853,2022
2021-04-25 20:00:00+00:00,12.179717,46.29497964,-0.3975428142825558,0.9175836260593938,874649.0,20.17,0.5000000000000001,-0.8660254037844386,0.0,43050.0,6121.4,39375.0,165.37287621082623,14.100555525885689,6543.629999999999,38338.0775,20630.7,13570.0,3556.0,0.69,1999.2943,8878.06,6.6817017,2021
2020-02-19 04:00:00+00:00,5.811398,17.2389636,0.6518989958787126,0.7583058084785624,2116585.0,9.8,0.5000000000000001,0.8660254037844386,1.0,57700.0,7117.2,51019.0,438.5154327635328,8.647791703542072,6833.695,19262.56,19832.8,15640.0,5011.0,0.0,0.0,7920.14,7.1437535,2020
2020-12-21 21:00:00+00:00,10.882076,17.2389636,0.9880226656636976,-0.154308820664281,2473628.0,16.9,0.7071067811865474,-0.7071067811865477,1.0,55350.0,7117.2,52010.0,349.2270796906797,8.05361122555203,6728.182500000001,17623.432499999995,25844.5,17678.0,4619.0,0.0,0.0,11311.56,8.417005,2020
2023-03-15 22:00:00+00:00,7.122797,89.55725625000001,0.2926003356333486,0.9562348265919056,1437424.0,44.75,0.8660254037844384,-0.5000000000000004,1.0,55350.0,7117.2,37155.0,499.3220810403768,10.194166739781709,8158.910000000001,41996.48,19744.575,16009.0,5823.0,0.0,0.0,3470.59,3.9101539,2023
2022-01-22 16:00:00+00:00,6.09825,80.46928043999999,0.9291414114031744,0.3697245428906731,1998118.0,84.66666666666667,-0.5000000000000004,-0.8660254037844385,0.0,67500.0,7117.2,49251.0,272.2612286528286,4.686444471279781,10878.53,50200.62,21992.4,19201.0,3736.0,235.11,360721.6,2104.67,2.5551205,2022
2020-11-21 14:00:00+00:00,10.34686,17.2389636,0.7829801036770624,-0.622046748440868,3012185.0,12.906666666666666,-0.8660254037844386,-0.5000000000000001,0.0,54000.0,7117.2,50690.0,181.4430767195768,8.599874973297117,6516.89,22806.4225,17915.2,14785.0,2933.0,2861.04,910366.75,1984.94,0.89304894,2020
2019-12-03 03:00:00+00:00,3.9820368,22.79031588,0.8860706215341378,-0.4635502709028512,2815166.0,15.02,0.7071067811865476,0.7071067811865476,1.0,60500.0,5008.0,44520.0,499.41807035002034,8.610125144322712,8993.342499999999,42233.5125,14206.5,14092.0,5703.0,0.0,0.0,2785.99,3.874753,2019
2019-11-05 07:00:00+00:00,9.534001,22.79031588,0.5702422926917867,-0.8214765533024145,2986771.0,13.33,-0.2588190451025208,0.9659258262890684,1.0,59750.0,5047.5,39945.0,487.2189792022792,12.5002917051315,10086.075,52426.46250000001,14542.9,23485.0,6241.0,8.94,18520.33,4240.99,4.4989157,2019
2023-10-23 01:00:00+00:00,11.980115,89.55725625000001,0.3737197147904684,-0.9275416835791968,2730776.0,49.35,0.9659258262890684,0.2588190451025207,1.0,34600.0,4215.8,41335.0,182.5081702908203,14.787277486589238,6692.5175,29758.9675,10283.575,10898.0,2402.0,0.0,0.0,5461.61,5.2911167,2023
2023-09-13 20:00:00+00:00,17.806074,89.55725625000001,-0.300819807635668,-0.9536809966304456,2818485.0,37.2,0.5000000000000001,-0.8660254037844386,1.0,43150.0,7028.3,42435.0,184.9207195896696,22.065721617804645,8140.325,40132.075,21201.325,19467.0,2647.0,0.0,0.0,1992.74,2.0722406,2023
2019-02-02 20:00:00+00:00,3.8232808,22.79031588,0.8429415373547828,0.5380051715382996,1591274.0,19.27,0.5000000000000001,-0.8660254037844386,0.0,68650.0,7117.2,56450.0,486.5530208791209,6.082666595776878,9180.4475,48752.435000000005,20025.3,18170.0,4950.0,0.0,0.0,6527.06,8.212012,2019
2018-11-04 17:00:00+00:00,12.022169,15.1252596,0.5560174366570438,-0.8311706263658084,2418967.0,23.386666666666667,-0.2588190451025206,-0.9659258262890684,0.0,55400.0,6105.9,45055.0,137.0479409035409,10.043833494186408,9679.337499999998,50801.7725,19591.1,16064.0,2736.0,0.0,35422.566,3269.89,5.5018754,2018
2023-07-26 22:00:00+00:00,17.51874,89.55725625000001,-0.9123747579707272,-0.4093559588156215,3000966.0,32.33,0.8660254037844384,-0.5000000000000004,1.0,41535.0,7117.2,34225.0,218.2320718873719,21.93983300526936,5777.3025,28557.795,22382.15,15743.0,3871.0,0.0,0.0,3942.43,4.655237,2023
2018-08-26 14:00:00+00:00,20.91561,15.1252596,-0.5772916165517278,-0.8165380514459157,2837907.0,25.45,-0.8660254037844386,-0.5000000000000001,0.0,35800.0,7117.2,32275.0,148.39552541717543,17.46325004100799,6080.0075,31855.145,19928.0,11310.0,2279.0,3865.82,1944899.6,3009.78,4.0928335,2018
2023-12-05 00:00:00+00:00,6.4606595,89.55725625000001,0.9015016841318838,-0.4327755925504317,2789836.0,38.1,1.0,0.0,1.0,57750.0,6125.5,45190.0,624.0015778018277,7.531111293368869,8139.165000000001,20767.605000000003,15038.1,16067.0,5260.0,0.0,0.0,13182.65,5.5759964,2023
2023-03-05 16:00:00+00:00,7.778501,89.55725625000001,0.4520722039323043,0.8919813464595485,1343353.0,44.57333333333333,-0.5000000000000004,-0.8660254037844385,0.0,53050.0,7117.2,36876.0,175.5083426076339,8.186222182379817,8932.7175,42831.1025,18551.025,13832.0,2462.0,2615.62,812448.44,1390.76,2.238777,2023
2020-02-18 21:00:00+00:00,7.1769857,17.2389636,0.6648553979642865,0.7469720876965552,2116585.0,9.65,0.7071067811865474,-0.7071067811865477,1.0,63550.0,7117.2,51629.0,440.3275334554335,8.947416742642723,7261.7425,23391.5025,26506.4,20274.0,5586.0,0.0,0.0,10278.75,7.061616,2020
2020-11-21 11:00:00+00:00,8.8310795,17.2389636,0.7829801036770624,-0.622046748440868,3012185.0,12.906666666666666,-0.9659258262890682,0.258819045102521,0.0,61000.0,7117.2,50690.0,181.4430767195768,8.206333319346108,6474.4975,19540.735,19179.5,14225.0,3180.0,4103.33,1084569.4,2271.18,1.1533123,2020
2020-12-23 03:00:00+00:00,10.765244,17.2389636,0.9927487224577402,-0.1202080448993527,2473628.0,17.1,0.7071067811865476,0.7071067811865476,1.0,45550.0,7117.2,52010.0,380.21357138787135,8.681555747985838,6793.3175,38501.0575,15050.4,13757.0,4783.0,0.0,0.0,5783.6,6.7102647,2020
2021-08-23 23:00:00+00:00,17.103231,46.29497964,-0.6186714032625032,-0.7856498550787144,2612909.0,42.4,0.9659258262890684,-0.2588190451025207,1.0,39600.0,7117.2,43377.0,248.9943825396826,18.367458343505845,6385.392499999999,32826.677500000005,14487.9,15036.0,3323.0,0.0,0.0,4191.3,5.5183554,2021
2020-08-30 16:00:00+00:00,17.660538,17.2389636,-0.5049610547215202,-0.8631421280499115,2955316.0,9.943333333333332,-0.5000000000000004,-0.8660254037844385,0.0,36850.0,7117.2,33750.0,180.22855498575493,18.09430007934569,5982.3675,36001.7925,10682.0,14643.0,3496.0,2699.09,1157066.8,5106.28,4.4028516,2020
2023-09-19 19:00:00+00:00,18.343405,89.55725625000001,-0.2008905551306352,-0.97961369164549,2809675.0,37.55,0.2588190451025203,-0.9659258262890684,1.0,44800.0,7028.3,40900.0,203.1401278702779,21.395055452982582,5842.497500000001,20526.13,26920.8,21306.0,3407.0,0.0,1941.8147,5742.9,5.498022,2023
2023-07-22 22:00:00+00:00,18.586452,89.55725625000001,-0.9383773917408642,-0.3456123126707333,3013784.0,28.933333333333334,0.8660254037844384,-0.5000000000000004,0.0,39350.0,7117.2,36340.0,165.63911078736083,22.982777489556227,5160.452499999999,27339.1225,20871.65,15813.0,3242.0,0.0,0.0,6278.83,5.432661,2023
2023-12-23 09:00:00+00:00,9.028784,89.55725625000001,0.9905324521322229,-0.1372787721132651,2761956.0,33.809999999999995,-0.7071067811865475,0.7071067811865476,0.0,54300.0,7117.2,43785.0,722.9839787434788,8.551222271389433,4915.624999999999,18915.315,9678.675,12840.0,5816.0,1892.83,187631.94,12056.8,8.204292,2023
2019-08-16 15:00:00+00:00,22.987873,22.79031588,-0.7086266782644598,-0.7055836101071777,2762882.0,9.6,-0.7071067811865477,-0.7071067811865475,1.0,40450.0,7117.2,38330.0,197.6125184778185,20.86404140790303,7081.9275,42690.350000000006,22535.9,10242.0,3050.0,4241.82,1825377.5,3068.85,4.839008,2019
2021-04-03 06:00:00+00:00,6.934883,46.29497964,-0.0301203048469081,0.9995462806873572,961615.0,19.5,6.123233995736766e-17,1.0,0.0,45400.0,6111.4,41395.0,249.31851271876272,10.679500050014925,6464.935,32152.442500000005,14177.8,13368.0,4534.0,0.0,45503.19,6141.39,5.8609114,2021
2021-12-18 12:00:00+00:00,7.701694,46.29497964,0.9750645322571948,-0.2219215130041658,2010670.0,140.93333333333334,-1.0,1.2246467991473532e-16,0.0,68000.0,6105.9,44225.0,277.35934126984125,5.551277740134132,9756.9075,42578.7575,22319.8,16247.0,3769.0,4619.41,1012376.56,4187.81,3.7632778,2021
2021-03-11 23:00:00+00:00,8.293397,46.29497964,0.3576982388331257,0.9338372288229252,1176034.0,18.2,0.9659258262890684,-0.2588190451025207,1.0,57100.0,7117.2,45910.0,265.2303641432642,8.692416747411094,5805.19,14107.405,18662.0,15421.0,4116.0,0.0,0.0,11547.15,8.698419,2021
2023-12-31 09:00:00+00:00,8.537251,89.55725625000001,1.0,-2.4492935982947064e-16,2795844.0,31.85,-0.7071067811865475,0.7071067811865476,0.0,50500.0,7117.2,45675.0,419.8925184648685,8.543999883863657,4442.022500000001,11850.582499999997,9083.075,11734.0,4994.0,1346.18,142719.84,17819.62,9.312939,2023
2019-11-21 03:00:00+00:00,5.4856663,22.79031588,0.7721565844991641,-0.6354323008901775,2792032.0,15.7,0.7071067811865476,0.7071067811865476,1.0,59600.0,5008.0,42190.0,315.70298109483105,8.411249995231628,7846.309999999999,45807.685,17160.6,14708.0,4383.0,0.0,0.0,3898.79,4.786228,2019
2022-04-28 12:00:00+00:00,15.664749,80.46928043999999,-0.4443781781046132,0.895839290734909,1380258.0,99.0,-1.0,1.2246467991473532e-16,1.0,49050.0,5061.6,29600.0,271.9722147944647,14.310499880048964,5116.92,28905.40500000001,15527.7,17413.0,4955.0,8647.86,2575788.8,3204.15,3.643964,2022
2020-04-29 08:00:00+00:00,12.024061,17.2389636,-0.4749510720670499,0.8800122039735357,1740867.0,5.65,-0.4999999999999998,0.8660254037844387,1.0,47050.0,5110.1,38885.0,277.70011953601954,14.410999933878564,7295.655000000001,42143.79000000001,12409.4,16136.0,5874.0,3051.0,971877.5,4490.49,5.8385625,2020
2022-03-28 23:00:00+00:00,10.262615,80.46928043999999,0.0730951298980775,0.9973249731081556,1334846.0,103.0,0.9659258262890684,-0.2588190451025207,1.0,45450.0,6053.3,31490.0,187.13525264550265,11.699666473600605,8279.69,38187.09,17605.2,14750.0,2545.0,0.0,0.0,2825.65,1.9111063,2022
2023-09-24 21:00:00+00:00,15.15088,89.55725625000001,-0.1159345995955006,-0.9932568492674144,2809675.0,43.11666666666667,0.7071067811865474,-0.7071067811865477,0.0,39400.0,5983.0,37815.0,192.1280058312058,18.48744450675115,5045.742499999999,22222.52,19232.325,12559.0,2806.0,0.0,0.0,6710.21,3.3067324,2023
2023-06-02 06:00:00+00:00,14.079693,89.55725625000001,-0.8738071036110806,0.4862727071086904,2404082.0,23.3,6.123233995736766e-17,1.0,1.0,44650.0,5118.0,33930.0,272.2244987493987,17.16005521350436,6533.2225,38171.0125,20417.975,10517.0,5408.0,2351.4,476923.88,5429.95,4.378248,2023
2023-07-29 01:00:00+00:00,18.499174,89.55725625000001,-0.8900275764346768,-0.4559066935084586,3000966.0,26.23333333333333,0.9659258262890684,0.2588190451025207,0.0,33350.0,7117.2,33500.0,193.43753531653533,22.16750060187444,4894.755,27727.48,19660.275,14254.0,3084.0,0.0,0.0,4178.65,4.3759737,2023
2021-04-24 22:00:00+00:00,11.447532,46.29497964,-0.3816892202666589,0.9242907221930932,874649.0,20.17,0.8660254037844384,-0.5000000000000004,0.0,44800.0,6121.4,39375.0,165.37287621082623,14.080055766635482,5696.654999999999,30295.665,15327.2,11936.0,3312.0,0.0,0.0,6269.28,5.4576077,2021
2023-09-18 13:00:00+00:00,20.97875,89.55725625000001,-0.2177232303965322,-0.9760105506323682,2809675.0,34.3,-0.9659258262890684,-0.2588190451025203,1.0,47450.0,7028.3,41978.0,190.4693383357383,22.062722418043368,2751.5750000000007,23442.925000000003,11949.825,21418.0,3397.0,7206.98,1762096.9,8578.22,6.7821217,2023
2023-05-31 17:00:00+00:00,19.902592,89.55725625000001,-0.8565509959010036,0.5160623910158528,2404082.0,26.0,-0.2588190451025206,-0.9659258262890684,1.0,45250.0,5118.0,34400.0,283.51314396344395,18.008166578080903,5213.675,39705.62,17251.275,20280.0,5943.0,3746.31,1319511.9,6536.03,5.2640853,2023
2023-10-22 21:00:00+00:00,12.390506,89.55725625000001,0.3576982388331254,-0.9338372288229252,2620085.0,48.23333333333333,0.7071067811865474,-0.7071067811865477,0.0,43300.0,4390.8,41335.0,177.24896810966814,15.038889090220158,7252.5175,27398.16250000001,7499.975,12709.0,3415.0,0.0,0.0,5323.7,4.704437,2023
2020-12-18 20:00:00+00:00,8.926918,17.2389636,0.9787400799669153,-0.2051044998686192,2454326.0,15.68,0.5000000000000001,-0.8660254037844386,1.0,60000.0,7117.2,51085.0,391.8756596052096,7.519055498970879,7285.9125,35697.145000000004,25764.2,21424.0,5265.0,0.0,0.0,8174.14,8.150504,2020
2020-02-19 16:00:00+00:00,9.618315,17.2389636,0.6518989958787126,0.7583058084785624,2116585.0,9.8,-0.5000000000000004,-0.8660254037844385,1.0,63400.0,7117.2,50259.0,438.5154327635328,8.878833293914798,9473.3425,37607.7625,26312.1,24566.0,6374.0,702.67,605955.06,4713.88,6.3304844,2020
2022-02-04 18:00:00+00:00,7.8667407,80.46928043999999,0.8239230057575543,0.5667017562911175,1747271.0,80.2,-1.8369701987210292e-16,-1.0,1.0,71600.0,7117.2,48656.0,258.06962435897435,6.953166776233249,8630.875,25448.53,27509.5,24529.0,5257.0,0.0,3259.5583,6394.38,6.0383115,2022
2023-08-26 07:00:00+00:00,17.740114,89.55725625000001,-0.5772916165517278,-0.8165380514459157,2829706.0,35.875,-0.2588190451025208,0.9659258262890684,0.0,39550.0,6895.5,35660.0,204.56793070448072,23.09577793545191,4316.035,23559.96750000001,17187.725,15097.0,2890.0,2749.16,434828.72,3645.37,3.0687368,2023
2020-04-24 06:00:00+00:00,10.851819,17.2389636,-0.3975428142825558,0.9175836260593938,1670557.0,5.6,6.123233995736766e-17,1.0,1.0,41800.0,5897.1,41385.0,239.2723701261701,14.74329161643982,7096.5825,42136.19,19646.6,15767.0,5184.0,689.19,227220.97,611.81,0.22717342,2020
2020-12-18 15:00:00+00:00,10.6896715,17.2389636,0.9787400799669153,-0.2051044998686192,2454326.0,15.68,-0.7071067811865477,-0.7071067811865475,1.0,61200.0,7117.2,51085.0,391.8756596052096,7.532611105177136,8657.8575,47090.42,23649.9,25164.0,5437.0,693.31,399771.1,6709.11,6.874121,2020
2019-10-09 01:00:00+00:00,13.712137,22.79031588,0.141540295217043,-0.989932495087353,2625151.0,8.15,0.9659258262890684,0.2588190451025207,1.0,38600.0,6111.4,40810.0,217.03271805046805,15.996666987737012,5638.297500000001,18854.395,19594.6,13752.0,2305.0,0.0,0.0,3945.28,5.714829,2019
2021-03-11 20:00:00+00:00,9.186776,46.29497964,0.3576982388331257,0.9338372288229252,1176034.0,18.2,0.5000000000000001,-0.8660254037844386,1.0,58900.0,7117.2,45120.0,265.31124654049654,8.971083402633669,6546.430000000001,20917.7475,25726.4,20638.0,4923.0,0.0,0.0,12613.97,9.560016,2021
2021-12-16 15:00:00+00:00,9.24597,46.29497964,0.9668478136052776,-0.2553532951161872,2010670.0,132.25,-0.7071067811865477,-0.7071067811865475,1.0,68300.0,6105.9,45345.0,348.188902991453,6.05000008477105,11579.895,62380.39,23534.2,26109.0,5486.0,1053.23,496451.12,3324.35,3.3986847,2021
2020-10-11 02:00:00+00:00,9.675473,17.2389636,0.1924515819708299,-0.9813064702716092,2964842.0,13.753333333333334,0.8660254037844387,0.4999999999999999,0.0,37900.0,6125.5,42475.0,257.29792781847783,13.024133205413811,5871.33,23148.245,10251.6,10627.0,3103.0,0.0,0.0,3308.06,5.9606495,2020
2021-12-17 14:00:00+00:00,8.964475,46.29497964,0.9711000518829505,-0.2386727660059499,2010670.0,136.9,-0.8660254037844386,-0.5000000000000001,1.0,67400.0,6105.9,43855.0,318.1258442816443,5.936055627134111,10925.9575,60887.74,23274.3,24750.0,4375.0,2756.99,828220.06,6694.36,4.7073493,2021
2020-02-18 01:00:00+00:00,6.762042,17.2389636,0.6648553979642865,0.7469720876965552,2116585.0,9.65,0.9659258262890684,0.2588190451025207,1.0,57700.0,7117.2,51664.0,440.3275334554335,8.970958312352492,5798.662499999999,11058.952500000009,18161.3,14508.0,4998.0,0.0,0.0,8510.81,6.9813814,2020
2020-02-16 00:00:00+00:00,10.22396,17.2389636,0.6901733882429719,0.7236440382959124,2174132.0,9.303333333333336,1.0,0.0,0.0,53150.0,7117.2,48700.0,423.0947502442002,8.99379189809163,5018.477499999999,5402.462499999994,15657.4,12198.0,4813.0,0.0,0.0,12434.2,10.476285,2020
2022-10-13 08:00:00+00:00,13.794433,80.46928043999999,0.209314645963048,-0.9778483415056568,2320864.0,85.0,-0.4999999999999998,0.8660254037844387,1.0,49950.0,6111.4,29934.0,161.14440331858157,15.115083376566558,9284.955,48293.4625,19062.35,20056.0,2124.0,2006.77,340298.25,3226.22,2.872561,2022
2018-10-21 05:00:00+00:00,10.2476,15.1252596,0.3415707691678551,-0.9398560579418956,2504641.0,25.4,0.2588190451025207,0.9659258262890684,0.0,38600.0,7117.2,45075.0,126.05051914936914,15.156722439659957,7895.3,39954.0825,16125.1,12730.0,1771.0,0.0,0.0,1737.62,2.130862,2018
2021-12-18 22:00:00+00:00,5.0779915,46.29497964,0.9750645322571948,-0.2219215130041658,2010670.0,140.93333333333334,0.8660254037844384,-0.5000000000000004,0.0,66450.0,6105.9,44225.0,277.35934126984125,5.520444508228036,9453.1975,24530.895000000004,22037.2,15955.0,4179.0,0.0,0.0,4124.55,3.859194,2021
2019-02-22 10:00:00+00:00,10.365233,22.79031588,0.6118864012687244,0.7909456567567772,1319494.0,16.93,-0.8660254037844387,0.4999999999999999,1.0,67750.0,7117.2,54920.0,273.0476947496948,7.23054164648056,11107.865,54835.675,26510.8,21918.0,5391.0,3681.65,1139370.0,1736.17,1.308522,2019
2019-10-07 05:00:00+00:00,11.349498,22.79031588,0.1073813466641621,-0.994217906893952,2625151.0,10.25,0.2588190451025207,0.9659258262890684,1.0,50150.0,6111.4,42000.0,200.745857977208,15.625666578610742,10117.2325,55462.3325,22197.7,20212.0,2632.0,0.0,0.0,2866.23,2.6032119,2019
2022-03-25 08:00:00+00:00,9.518439,80.46928043999999,0.1244792638867893,0.9922222094179324,1369050.0,101.0,-0.4999999999999998,0.8660254037844387,1.0,59200.0,6053.3,33435.0,199.7098277167277,9.904500087102251,7722.5375,40393.02250000001,20361.8,19438.0,3997.0,3880.25,831924.2,2986.29,4.585273,2022
2021-04-25 01:00:00+00:00,9.828219,46.29497964,-0.3975428142825558,0.9175836260593938,874649.0,20.17,0.9659258262890684,0.2588190451025207,0.0,38100.0,6121.4,39375.0,165.37287621082623,13.11411121156481,5315.3525,28412.545,13331.7,10395.0,2882.0,0.0,0.0,6401.18,5.224962,2021
2020-03-20 21:00:00+00:00,9.507004,17.2389636,0.1924515819708299,0.9813064702716092,1779274.0,8.75,0.7071067811865474,-0.7071067811865477,1.0,47650.0,7117.2,42499.0,413.971215079365,11.45241669813792,7230.442499999999,36974.08500000001,21495.8,15346.0,6780.0,0.0,0.0,6391.18,6.240129,2020
2021-10-16 21:00:00+00:00,10.982903,46.29497964,0.2595117970697994,-0.965739937654855,2385992.0,86.4,0.7071067811865474,-0.7071067811865477,0.0,49900.0,6121.4,44045.0,153.37913538868537,13.26122230953642,8369.7925,37738.8625,19739.0,14543.0,2434.0,0.0,0.0,1143.98,2.3638878,2021
2019-04-29 21:00:00+00:00,10.38034,22.79031588,-0.4597327394521039,0.8880573226294932,1112875.0,14.57,0.7071067811865474,-0.7071067811865477,1.0,55300.0,6125.5,46375.0,279.7320571632071,13.243666648864734,9195.9175,35458.0,22929.8,14955.0,5596.0,0.0,0.0,2468.55,3.0851343,2019
2021-07-09 02:00:00+00:00,14.621601,46.29497964,-0.99167731989929,-0.1287481774525806,2349488.0,36.85,0.8660254037844387,0.4999999999999999,1.0,36550.0,6111.4,40972.0,517.8795501017499,17.61824989318849,7647.5175,41103.845,18097.3,17038.0,5520.0,0.0,0.0,1321.21,2.8168004,2021
2021-10-17 02:00:00+00:00,9.857574,46.29497964,0.276096973097468,-0.961129783872301,2385992.0,85.8,0.8660254037844387,0.4999999999999999,0.0,40150.0,6121.4,43520.0,150.3794877696378,12.884888860914437,6920.650000000001,31567.51000000001,15761.5,11158.0,1819.0,0.0,0.0,2000.47,2.670861,2021
2019-08-19 18:00:00+00:00,19.763916,22.79031588,-0.6712599575675318,-0.7412220108485954,2777986.0,9.55,-1.8369701987210292e-16,-1.0,1.0,44800.0,7117.2,40098.0,196.8427709401709,20.608250141143778,8151.0375,47071.875,22038.1,18140.0,3868.0,273.74,452382.62,1934.7,2.691384,2019
2019-11-05 08:00:00+00:00,9.901427,22.79031588,0.5702422926917867,-0.8214765533024145,2986771.0,13.33,-0.4999999999999998,0.8660254037844387,1.0,60600.0,5047.5,39945.0,487.2189792022792,12.464958270390849,10166.42,50393.25500000001,13943.4,23813.0,6204.0,476.15,208439.9,3725.86,4.3891716,2019
2018-11-04 09:00:00+00:00,9.997903,15.1252596,0.5560174366570438,-0.8311706263658084,2418967.0,23.386666666666667,-0.7071067811865475,0.7071067811865476,0.0,55150.0,6105.9,43725.0,137.0479409035409,10.107555495368116,8101.847500000001,40443.1175,19269.7,12912.0,2555.0,1515.09,535785.44,1942.88,3.1806254,2018
2021-07-11 04:00:00+00:00,15.200296,46.29497964,-0.9866579328916572,-0.1628070129385164,2349488.0,35.38333333333333,0.5000000000000001,0.8660254037844386,0.0,31300.0,7117.2,36632.0,478.14771619861614,17.685667117436726,6898.58,30890.5475,18644.3,12506.0,5124.0,0.0,781.3689,1152.39,1.4126608,2021
2022-09-13 10:00:00+00:00,22.25211,80.46928043999999,-0.300819807635668,-0.9536809966304456,2252727.0,194.5,-0.8660254037844387,0.4999999999999999,1.0,52300.0,7117.2,28226.0,136.9191282828283,19.80925019582112,9007.975,33807.745,14490.45,18273.0,1817.0,6678.65,1390507.1,3852.04,3.353347,2022
2020-01-25 10:00:00+00:00,5.9171767,17.2389636,0.9088176373395028,0.4171936026123168,2426891.0,10.493333333333334,-0.8660254037844387,0.4999999999999999,0.0,71300.0,7117.2,50390.0,289.3406070614571,6.279291590054829,10671.4175,48203.8225,29359.0,20056.0,5640.0,2005.54,534086.25,1763.6,2.9118972,2020
2022-02-14 04:00:00+00:00,7.3860545,80.46928043999999,0.7146733860429609,0.699458327051647,1697421.0,80.0,0.5000000000000001,0.8660254037844386,1.0,54000.0,7117.2,44666.0,253.3881357956858,7.135611149999832,5495.102500000001,19514.405,10396.4,14140.0,2818.0,0.0,0.0,10265.96,7.1891313,2022
2021-06-22 11:00:00+00:00,17.924301,46.29497964,-0.986657932891657,0.1628070129385171,2183321.0,31.4,-0.9659258262890682,0.258819045102521,1.0,52850.0,4072.7,41235.0,368.7169053113553,19.21274987856546,7119.160000000001,42592.0175,18392.1,22328.0,6000.0,4997.72,2091021.9,2990.94,3.3176622,2021
2023-09-29 23:00:00+00:00,16.23419,89.55725625000001,-0.0301203048469083,-0.9995462806873572,2776356.0,37.4,0.9659258262890684,-0.2588190451025207,0.0,37250.0,5983.0,39641.0,167.3265316646317,19.517944759792744,6955.422500000001,19586.955,18196.45,14220.0,2484.0,0.0,0.0,1650.09,1.1881326,2023
2020-08-31 11:00:00+00:00,17.777342,17.2389636,-0.4900286664290594,-0.8717063187093217,2975651.0,10.13,-0.9659258262890682,0.258819045102521,1.0,50900.0,7117.2,34845.0,278.6355276149776,17.510266939799003,8178.8075,43911.995,19918.5,18827.0,3520.0,5813.19,2045460.0,1809.97,1.6968544,2020
2020-11-02 11:00:00+00:00,16.910646,17.2389636,0.5416278206559811,-0.8406184056344783,3088786.0,13.2,-0.9659258262890682,0.258819045102521,1.0,56100.0,6125.5,47332.0,266.204627085877,12.39483332633973,6519.41,25082.765,20212.0,20482.0,4462.0,3317.94,985255.44,10419.85,6.9472566,2020
2018-03-15 06:00:00+00:00,7.634842,15.1252596,0.2926003356333486,0.9562348265919056,703526.0,24.3,6.123233995736766e-17,1.0,1.0,63650.0,6071.9,51315.0,526.9503540677429,7.837500095367428,9478.4725,48907.51750000001,18261.3,22292.0,6443.0,4.99,1373.4291,4595.61,6.7828465,2018
2023-08-25 01:00:00+00:00,20.32032,89.55725625000001,-0.5912614448635782,-0.8064799463209447,2829706.0,36.1,0.9659258262890684,0.2588190451025207,1.0,37400.0,6888.5,35387.0,189.4657919025419,24.887000189887143,7024.76,30474.095,20553.25,15986.0,2449.0,0.0,0.0,3279.68,2.3942194,2023
2018-08-08 05:00:00+00:00,18.726984,15.1252596,-0.798779372886365,-0.6016240632249223,2837239.0,22.63,0.2588190451025207,0.9659258262890684,1.0,40650.0,7117.2,40471.0,182.933621021571,20.77510051727293,8357.189999999999,50709.7025,25351.2,17458.0,3333.0,57.2,17871.404,1871.73,3.0127985,2018
2020-11-20 18:00:00+00:00,7.6043663,17.2389636,0.7721565844991641,-0.6354323008901775,3012185.0,12.6,-1.8369701987210292e-16,-1.0,1.0,66600.0,7117.2,50765.0,199.15529257224253,9.481458385785407,8832.74,53253.1375,22937.0,23525.0,4830.0,0.0,0.0,2762.36,2.0928895,2020
2020-12-18 04:00:00+00:00,7.5330834,17.2389636,0.9787400799669153,-0.2051044998686192,2454326.0,15.68,0.5000000000000001,0.8660254037844386,1.0,53800.0,7117.2,51225.0,391.8756596052096,7.138999991946752,6428.629999999999,34423.1025,19945.3,16505.0,5068.0,0.0,0.0,5287.87,5.959521,2020
2019-07-10 06:00:00+00:00,16.656658,22.79031588,-0.9893142039703664,-0.1457991969198744,2673159.0,12.5,6.123233995736766e-17,1.0,1.0,48200.0,7117.2,42118.0,234.5371905168905,21.324916521708182,9163.69,48760.23,26467.5,25784.0,4690.0,1142.88,433034.75,1705.16,1.5361128,2019
2021-10-16 18:00:00+00:00,12.745424,46.29497964,0.2595117970697994,-0.965739937654855,2385992.0,86.4,-1.8369701987210292e-16,-1.0,0.0,50500.0,6121.4,44045.0,153.37913538868537,13.52577794922724,9492.35,45210.4625,23513.7,18319.0,2775.0,70.87,4705.411,679.89,1.8417654,2021
2021-08-24 12:00:00+00:00,20.979774,46.29497964,-0.6050560696488494,-0.7961828637826154,2612909.0,45.6,-1.0,1.2246467991473532e-16,1.0,49850.0,7117.2,43377.0,248.9943825396826,20.564499961005307,5506.959999999999,36372.92,18509.2,18074.0,3342.0,7447.02,2299857.5,5778.08,5.5216503,2021
2019-11-23 23:00:00+00:00,8.35942,22.79031588,0.7935716089521472,-0.6084768701151264,2792032.0,15.966666666666669,0.9659258262890684,-0.2588190451025207,0.0,57750.0,5008.0,41285.0,399.3250807895808,9.1710418065389,8764.182499999999,22287.494999999995,13472.2,13012.0,4831.0,0.0,0.0,2558.28,2.8444285,2019
2018-10-22 05:00:00+00:00,10.523386,15.1252596,0.3576982388331254,-0.9338372288229252,2474033.0,24.95,0.2588190451025207,0.9659258262890684,1.0,51150.0,7117.2,46385.0,122.87092553927552,14.753888977898498,9290.29,50585.1525,21119.7,20842.0,1906.0,0.0,0.0,4229.97,6.231621,2018
2021-06-25 02:00:00+00:00,14.162549,46.29497964,-0.993746580436178,0.1116590071216946,2183321.0,32.1,0.8660254037844387,0.4999999999999999,1.0,36050.0,6401.1,42325.0,415.7459748066749,17.468999544779457,7155.277499999999,43697.0325,15023.9,17309.0,6069.0,0.0,0.0,1727.18,3.1194966,2021
2023-06-17 06:00:00+00:00,17.776419,89.55725625000001,-0.969009825724406,0.2470221804809359,2708825.0,34.266666666666666,6.123233995736766e-17,1.0,0.0,36750.0,6113.8,33390.0,244.11301736411733,18.768166383107488,5801.0,30428.1975,14861.875,13643.0,5021.0,2353.32,492245.56,1646.66,0.837198,2023
2019-06-10 02:00:00+00:00,13.412629,22.79031588,-0.9322892131745132,0.3617137307297676,1959725.0,11.57,0.8660254037844387,0.4999999999999999,0.0,34000.0,7117.2,41229.0,304.574539031339,16.170749982198092,6466.2525000000005,24926.775,14551.9,13383.0,5054.0,0.0,0.0,2020.12,1.7716062,2019
2019-04-29 04:00:00+00:00,6.918227,22.79031588,-0.4597327394521039,0.8880573226294932,1112875.0,14.57,0.5000000000000001,0.8660254037844386,1.0,50650.0,6125.5,46375.0,279.7320571632071,12.599083185195925,9219.1825,45183.74,20695.8,14989.0,5306.0,0.0,0.0,1080.19,2.637471,2019
2020-12-29 10:00:00+00:00,5.0222497,17.2389636,0.9998518392091162,-0.0172133561558352,2532396.0,19.05,-0.8660254037844387,0.4999999999999999,1.0,69400.0,7117.2,52235.0,497.6887063899063,5.503722296820745,8646.167500000001,42914.2175,16858.1,18923.0,5808.0,1591.15,448270.75,4147.62,5.3554287,2020
2018-10-21 17:00:00+00:00,15.423587,15.1252596,0.3415707691678551,-0.9398560579418956,2504641.0,25.4,-0.2588190451025206,-0.9659258262890684,0.0,46300.0,7117.2,46385.0,126.05051914936914,15.15483355522155,9843.8275,45890.2525,21848.2,17641.0,2141.0,17.13,140819.61,2459.88,3.2464826,2018
2018-10-21 16:00:00+00:00,17.020561,15.1252596,0.3415707691678551,-0.9398560579418956,2504641.0,25.4,-0.5000000000000004,-0.8660254037844385,0.0,40700.0,7117.2,46385.0,126.05051914936914,15.220833301544191,9296.2925,45071.4475,19881.5,15611.0,2032.0,707.71,574668.4,2030.27,2.7455187,2018
2022-04-26 00:00:00+00:00,9.216836,80.46928043999999,-0.4132786077829042,0.9106046300942162,1380258.0,93.23,1.0,0.0,1.0,43950.0,5061.6,30365.0,320.3276588319088,13.528555764092332,5948.51,39595.97,18887.4,10150.0,5453.0,0.0,0.0,1709.11,1.9740254,2022
2023-10-25 08:00:00+00:00,13.096953,89.55725625000001,0.4054257283599965,-0.914127988185334,2730776.0,49.3,-0.4999999999999998,0.8660254037844387,1.0,51300.0,4065.8,41335.0,255.1913876142376,14.57511101828682,7950.28,42060.0025,7668.549999999999,23405.0,4576.0,1611.56,243474.1,12277.7,4.645169,2023
2020-12-23 13:00:00+00:00,11.865287,17.2389636,0.9927487224577402,-0.1202080448993527,2473628.0,17.1,-0.9659258262890684,-0.2588190451025203,1.0,58350.0,7117.2,52920.0,380.21357138787135,8.862777656979034,8245.7125,47146.97,22814.3,23264.0,5680.0,1851.03,560705.75,10793.0,7.4528236,2020
2023-08-24 06:00:00+00:00,21.214191,89.55725625000001,-0.6050560696488494,-0.7961828637826154,2829706.0,31.7,6.123233995736766e-17,1.0,1.0,45150.0,6887.5,35387.0,171.59683058793058,24.578722423977325,8155.8175,44673.26,23125.35,19834.0,2953.0,997.22,139033.62,4159.4,1.693538,2023
2020-01-28 08:00:00+00:00,7.0665193,17.2389636,0.886070621534138,0.4635502709028509,2194236.0,10.88,-0.4999999999999998,0.8660254037844387,1.0,74100.0,7117.2,52290.0,276.11772173382167,6.9725000858306885,8862.907500000001,40026.442500000005,26638.9,28356.0,5251.0,380.54,42846.895,11809.52,10.428342,2020
2020-07-29 10:00:00+00:00,22.022522,17.2389636,-0.8820480249558538,-0.4711595076738635,3100546.0,4.93,-0.8660254037844387,0.4999999999999999,1.0,51950.0,7117.2,35230.0,172.18856245421244,20.530999946594243,6749.115,12432.362500000005,24759.6,26261.0,4187.0,6418.6,2343854.0,438.9,0.3344022,2020
2023-03-18 14:00:00+00:00,13.240064,89.55725625000001,0.2428497220959358,0.970063921851507,1437424.0,42.516666666666666,-0.8660254037844386,-0.5000000000000001,0.0,42850.0,7117.2,35735.0,373.2565771071923,10.854555580351082,5498.022500000001,32041.505000000005,7799.375,11576.0,5048.0,5082.05,1634332.9,5870.73,3.543547,2023
2020-09-04 12:00:00+00:00,23.400984,17.2389636,-0.4288919379124841,-0.9033558023246842,2975651.0,11.68,-1.0,1.2246467991473532e-16,1.0,50000.0,6961.9,33920.0,212.88713021978023,18.369733301798504,8119.044999999999,26700.7175,20252.4,17446.0,3196.0,6557.4,2420989.0,1198.49,1.6745667,2020
2022-01-19 18:00:00+00:00,5.985277,80.46928043999999,0.9469877530760752,0.3212696616923644,1998118.0,73.6,-1.8369701987210292e-16,-1.0,1.0,81650.0,7117.2,48341.0,337.2486361212861,4.514777816004224,9864.9975,35348.14,30621.1,25504.0,6509.0,0.0,296.60992,4688.8,4.110194,2022
2020-09-04 02:00:00+00:00,16.009882,17.2389636,-0.4288919379124841,-0.9033558023246842,2975651.0,11.68,0.8660254037844387,0.4999999999999999,1.0,35650.0,7117.2,33920.0,212.88713021978023,17.222166760762516,6660.02,22618.7275,18557.3,14349.0,2875.0,0.0,0.0,2058.35,1.4812133,2020
2020-01-30 03:00:00+00:00,7.28184,17.2389636,0.869589389346611,0.4937755501599771,2194236.0,9.9,0.7071067811865476,0.7071067811865476,1.0,57500.0,7117.2,51620.0,336.7199318070818,7.162708421548205,6698.8975,16486.489999999998,14736.7,15224.0,4046.0,0.0,0.0,5125.73,6.282211,2020
2018-03-22 20:00:00+00:00,5.7740283,15.1252596,0.1755314904214282,0.9844738167520922,643391.0,20.65,0.5000000000000001,-0.8660254037844386,1.0,72000.0,6071.9,48565.0,495.7462448514448,6.748666723569237,10351.3875,64526.23999999999,26915.0,22279.0,5970.0,0.0,0.0,3012.07,4.4487653,2018
2019-09-24 07:00:00+00:00,15.231837,22.79031588,-0.1159345995955006,-0.9932568492674144,2650572.0,11.15,-0.2588190451025208,0.9659258262890684,1.0,50700.0,7117.2,40240.0,148.58380539275538,17.738458315531414,9108.6025,51463.4825,22666.3,23903.0,2551.0,658.92,191123.1,5688.3,5.026476,2019
2023-12-22 12:00:00+00:00,10.752628,89.55725625000001,0.9880226656636976,-0.154308820664281,2761956.0,33.8,-1.0,1.2246467991473532e-16,1.0,58600.0,7117.2,47295.0,691.6718637806638,8.45999993218316,6800.9,12392.43,9433.925,18195.0,5604.0,4356.09,582814.25,18232.85,10.40994,2023
2019-04-29 02:00:00+00:00,7.3557777,22.79031588,-0.4597327394521039,0.8880573226294932,1112875.0,14.57,0.8660254037844387,0.4999999999999999,1.0,43550.0,6125.5,46375.0,279.7320571632071,12.7606666882833,7757.372499999999,35666.5775,16688.0,11234.0,4462.0,0.0,0.0,1143.2,2.5774102,2019
2018-08-28 05:00:00+00:00,15.439856,15.1252596,-0.5488429582847199,-0.8359254794186365,2778684.0,25.75,0.2588190451025207,0.9659258262890684,1.0,42500.0,7117.2,37470.0,163.32583933658935,17.37999992370607,9601.1275,59206.7975,23434.0,19072.0,2772.0,0.57,1612.3405,1025.29,1.8168309,2018
2020-01-23 11:00:00+00:00,6.1069903,17.2389636,0.9226395488404876,0.3856634062436071,2426891.0,10.43,-0.9659258262890682,0.258819045102521,1.0,79400.0,7117.2,53845.0,294.8444961334961,6.503666758537293,11250.27,55894.310000000005,31880.0,22705.0,5649.0,2919.18,793908.06,4601.19,4.7874436,2020
2023-09-14 20:00:00+00:00,18.223166,89.55725625000001,-0.2843591872810036,-0.9587178169872964,2818485.0,35.1,0.5000000000000001,-0.8660254037844386,1.0,43700.0,7028.3,43980.0,187.43528652643653,22.112277984619112,8467.98,45474.47,23319.025,19342.0,2762.0,0.0,0.0,2188.49,2.408704,2023
2022-12-14 00:00:00+00:00,4.6108866,80.46928043999999,0.9574851883550392,-0.288482432880609,2190805.0,133.0,1.0,0.0,1.0,66000.0,7117.2,42100.0,240.38958604471216,4.922000020742417,8872.602499999999,37497.3725,7886.0,15784.0,3506.0,0.0,0.0,3121.68,2.6118686,2022
2021-06-04 23:00:00+00:00,14.60127,46.29497964,-0.8900275764346767,0.4559066935084588,1628356.0,25.83,0.9659258262890684,-0.2588190451025207,0.0,39900.0,5068.5,39760.0,343.07020093610095,16.187055587768544,6337.427500000001,38606.3725,17040.4,14213.0,6031.0,0.0,0.0,2090.49,2.1897366,2021
2020-05-19 11:00:00+00:00,19.070875,17.2389636,-0.7441039398713604,0.6680638642135338,2355412.0,4.22,-0.9659258262890682,0.258819045102521,1.0,49050.0,4106.7,39030.0,295.79278431013427,15.820041418075563,6004.772500000001,30587.35,17039.0,17583.0,5964.0,6970.06,2896239.8,1750.86,2.8811495,2020
2018-08-26 02:00:00+00:00,12.8009405,15.1252596,-0.5772916165517278,-0.8165380514459157,2837907.0,25.45,0.8660254037844387,0.4999999999999999,0.0,30750.0,7117.2,31855.0,148.39552541717543,16.9016001701355,6971.9,29220.285000000003,17999.0,12283.0,2229.0,0.0,0.0,1215.5,2.0439887,2018
2022-09-16 04:00:00+00:00,15.093199,80.46928043999999,-0.2511900638848195,-0.9679377830240642,2252727.0,161.5,0.5000000000000001,0.8660254037844386,1.0,39950.0,7117.2,27926.0,172.6440018000518,19.282250245412165,6800.052500000002,32214.7375,20041.55,18185.0,2453.0,0.0,0.0,1959.43,4.2747283,2022
2022-04-29 00:00:00+00:00,10.670034,80.46928043999999,-0.4597327394521039,0.8880573226294932,1380258.0,96.5,1.0,0.0,1.0,40250.0,5061.6,28843.0,266.40652226292224,14.39488861295911,6926.93,40624.76,16992.0,13976.0,5024.0,0.0,0.0,3591.03,3.6198385,2022
2020-01-04 09:00:00+00:00,6.2399354,17.2389636,0.9976303053065856,0.0688024268023198,2780215.0,12.563333333333334,-0.7071067811865475,0.7071067811865476,0.0,64500.0,7117.2,50500.0,378.0505107651608,7.6299999952316275,7769.709999999999,17404.79,23435.8,15327.0,5448.0,1093.26,186420.52,3011.91,4.320032,2020
2018-05-21 03:00:00+00:00,12.024301,15.1252596,-0.7554933140726803,0.6551563572090853,1497111.0,22.23,0.7071067811865476,0.7071067811865476,0.0,33500.0,5068.5,39385.0,367.1867331908832,12.584416707356764,6463.195,24519.11,20279.1,12920.0,6762.0,0.0,0.0,1749.0,3.6959467,2018
2023-09-24 04:00:00+00:00,11.71448,89.55725625000001,-0.1159345995955006,-0.9932568492674144,2809675.0,43.11666666666667,0.5000000000000001,0.8660254037844386,0.0,31600.0,5983.0,38455.0,192.1280058312058,17.845388889312733,5062.795,30000.205,14760.225,11503.0,2628.0,0.0,0.0,3605.73,2.4198656,2023
2019-07-08 12:00:00+00:00,22.574835,22.79031588,-0.993746580436178,-0.1116590071216944,2673159.0,11.9,-1.0,1.2246467991473532e-16,1.0,55250.0,7117.2,43036.0,262.7812875050875,23.336666425069183,8037.567499999999,34289.23499999999,26781.8,25078.0,4426.0,5516.7,2635103.8,1773.89,1.6795926,2019
2020-09-02 01:00:00+00:00,13.859982,17.2389636,-0.4597327394521046,-0.888057322629493,2975651.0,10.48,0.9659258262890684,0.2588190451025207,1.0,35700.0,6071.9,32620.0,241.87579540089536,17.025833638509116,7663.725,38398.5275,15782.4,13902.0,3127.0,0.0,0.0,2062.05,1.9320585,2020
2021-08-22 10:00:00+00:00,20.532486,46.29497964,-0.6321034111873488,-0.7748840413670406,2655591.0,42.11666666666667,-0.8660254037844387,0.4999999999999999,0.0,42900.0,7117.2,42805.0,222.4302127187627,18.95329157511393,5942.0725,29206.2075,13455.8,10035.0,3000.0,4692.39,1690788.2,3613.0,2.8237758,2021
2018-09-02 09:00:00+00:00,18.87817,15.1252596,-0.4749510720670502,-0.8800122039735356,2778684.0,26.2,-0.7071067811865475,0.7071067811865476,0.0,40600.0,7117.2,39152.0,168.9233286935287,17.037000083923353,6940.912499999999,40020.02250000001,20924.3,12469.0,2498.0,3895.85,1543611.2,823.85,2.7124517,2018
2022-03-23 01:00:00+00:00,6.993921,80.46928043999999,0.1585593851031345,0.9873494423939864,1369050.0,109.0,0.9659258262890684,0.2588190451025207,1.0,51000.0,6053.3,33435.0,208.0700429385429,10.051166719860518,7981.207499999999,46328.8125,10011.1,14437.0,2656.0,0.0,0.0,3298.81,5.3514323,2022
2022-02-16 08:00:00+00:00,8.799239,80.46928043999999,0.6901733882429719,0.7236440382959124,1697421.0,68.9,-0.4999999999999998,0.8660254037844387,1.0,68700.0,7117.2,45966.0,302.25689403744406,7.299666669633655,8065.39,35675.9125,18667.9,26581.0,5473.0,881.76,94472.42,12595.19,9.495846,2022
2022-03-30 21:00:00+00:00,8.499295,80.46928043999999,0.0387222808921744,0.9992500112396836,1334846.0,115.75,0.7071067811865474,-0.7071067811865477,1.0,54800.0,6053.3,30585.0,194.9907182946683,11.442222171359605,8239.105,43353.6175,17058.1,17551.0,4088.0,0.0,0.0,3561.73,4.099308,2022
2021-10-16 08:00:00+00:00,10.569303,46.29497964,0.2595117970697994,-0.965739937654855,2385992.0,86.4,-0.4999999999999998,0.8660254037844387,0.0,50600.0,6121.4,43944.0,153.37913538868537,12.612611293792726,8220.1325,38928.2375,19296.9,16935.0,2515.0,297.45,437156.38,1702.08,1.3232939,2021
2019-07-23 08:00:00+00:00,24.541449,22.79031588,-0.9322892131745134,-0.3617137307297674,2697155.0,10.65,-0.4999999999999998,0.8660254037844387,1.0,55100.0,7117.2,43639.0,181.81790205535205,23.099875370661422,8257.6575,40196.5125,29013.7,26246.0,3709.0,3969.7,1513114.6,1564.19,2.8448036,2019
2021-12-16 17:00:00+00:00,7.820191,46.29497964,0.9668478136052776,-0.2553532951161872,2010670.0,132.25,-0.2588190451025206,-0.9659258262890684,1.0,74800.0,6105.9,45835.0,348.188902991453,6.076722231176163,11953.4675,62889.8625,29139.1,25962.0,5775.0,0.0,10307.785,3706.62,4.1260796,2021
2022-02-02 13:00:00+00:00,10.480062,80.46928043999999,0.8429415373547828,0.5380051715382996,1747271.0,76.5,-0.9659258262890684,-0.2588190451025203,1.0,69650.0,7117.2,49106.0,222.1442855921856,6.099333312776353,9587.7025,33565.65999999999,19369.5,22470.0,3266.0,4431.54,1004368.0,5729.05,4.659716,2022
2021-06-04 06:00:00+00:00,15.143049,46.29497964,-0.8900275764346767,0.4559066935084588,1628356.0,25.83,6.123233995736766e-17,1.0,1.0,47850.0,5068.5,40670.0,316.0978735856736,16.521222220526823,8972.18,44898.385,23629.2,20040.0,6420.0,310.42,386527.56,1623.72,0.77077067,2021
2020-07-21 08:00:00+00:00,19.975237,17.2389636,-0.9383773917408642,-0.3456123126707333,3088372.0,4.63,-0.4999999999999998,0.8660254037844387,1.0,51300.0,7117.2,36337.0,181.0829049043549,19.98033351898194,5548.25,36149.850000000006,22896.0,21424.0,3837.0,4276.51,1463457.9,1879.01,2.2408044,2020
2022-03-21 04:00:00+00:00,7.208686,80.46928043999999,0.1924515819708299,0.9813064702716092,1369050.0,92.4,0.5000000000000001,0.8660254037844386,1.0,48600.0,6053.3,33895.0,218.0101740944241,9.414444605509432,8464.9275,33239.855,8678.7,13302.0,3142.0,0.0,0.0,3742.35,6.1501446,2022
2020-08-31 23:00:00+00:00,14.369884,17.2389636,-0.4900286664290594,-0.8717063187093217,2975651.0,10.13,0.9659258262890684,-0.2588190451025207,1.0,38300.0,7117.2,33535.0,259.7084399674399,17.371733347574853,7838.882500000001,37742.04,19800.9,14340.0,3242.0,0.0,0.0,1774.15,1.8841617,2020
2019-08-01 02:00:00+00:00,15.908205,22.79031588,-0.8653072543632061,-0.5012418134457756,2742271.0,11.25,0.8660254037844387,0.4999999999999999,1.0,35200.0,7117.2,39392.0,200.96256988196987,20.63695851961772,6100.5225,39180.9575,18495.2,17105.0,3042.0,0.0,0.0,973.01,0.93242264,2019
2020-07-22 04:00:00+00:00,16.264746,17.2389636,-0.9322892131745134,-0.3617137307297674,3088372.0,4.9,0.5000000000000001,0.8660254037844386,1.0,39800.0,7117.2,36337.0,182.46494483109484,20.26899973551434,7876.085,45815.9575,22954.2,18897.0,3120.0,0.0,363.6075,2435.32,2.5427384,2020
2020-03-21 17:00:00+00:00,10.783902,17.2389636,0.1755314904214282,0.9844738167520922,1779274.0,8.566666666666666,-0.2588190451025206,-0.9659258262890684,0.0,45800.0,7117.2,42499.0,384.44558319088327,11.447499910990418,6834.044999999999,31942.035,19718.3,13024.0,6114.0,530.65,600924.6,6609.87,6.1633015,2020
2020-10-16 08:00:00+00:00,8.917758,17.2389636,0.276096973097468,-0.961129783872301,3019708.0,14.77,-0.4999999999999998,0.8660254037844387,1.0,64400.0,6125.5,44650.0,254.05487973137977,11.342133363087964,9680.7075,56608.67999999999,22293.2,24298.0,4642.0,1405.86,330354.56,2461.03,3.623238,2020
2022-03-14 15:00:00+00:00,11.528227,80.46928043999999,0.3090169943749474,0.9510565162951536,1375108.0,109.5,-0.7071067811865477,-0.7071067811865475,1.0,54300.0,6053.3,36005.0,287.99143131868124,8.547833402951555,9005.122500000001,49876.83,10773.1,22433.0,3701.0,3389.41,1169428.9,3343.26,4.5827885,2022
2021-02-05 00:00:00+00:00,8.212855,46.29497964,0.8140460935082179,0.5808002734538008,1859154.0,18.45,1.0,0.0,1.0,58450.0,7117.2,50435.0,1145.0499955433456,8.724999904632577,8905.199999999999,39566.3825,19956.5,15058.0,6178.0,0.0,0.0,2584.23,2.374444,2021
2019-07-25 06:00:00+00:00,22.58102,22.79031588,-0.9192859697186104,-0.3935902766564669,2697155.0,10.3,6.123233995736766e-17,1.0,1.0,51100.0,7117.2,37346.0,179.51291133496133,24.306458075841263,7426.379999999999,50008.80499999999,25281.5,26106.0,4108.0,1057.91,377338.94,3311.93,3.3375194,2019
2023-12-31 20:00:00+00:00,7.853185,89.55725625000001,1.0,-2.4492935982947064e-16,2795844.0,31.85,0.5000000000000001,-0.8660254037844386,0.0,50350.0,7117.2,44880.0,419.8925184648685,8.641555627187095,4558.589999999999,11138.137499999995,22018.6,12378.0,5281.0,0.0,0.0,16708.13,9.043607,2023
2020-07-29 20:00:00+00:00,21.165842,17.2389636,-0.8820480249558538,-0.4711595076738635,3100546.0,4.93,0.5000000000000001,-0.8660254037844386,1.0,46300.0,7117.2,35555.0,172.18856245421244,21.860400263468417,8629.5275,38180.412500000006,26103.8,20984.0,4112.0,0.0,30702.605,1494.05,2.035362,2020
2022-04-28 03:00:00+00:00,9.203375,80.46928043999999,-0.4443781781046132,0.895839290734909,1380258.0,99.0,0.7071067811865476,0.7071067811865476,1.0,40550.0,5061.6,29600.0,271.9722147944647,14.078611426883269,7709.715000000001,45331.985,19926.7,15205.0,5078.0,0.0,0.0,4300.64,4.472235,2022
2020-05-01 18:00:00+00:00,13.551469,17.2389636,-0.5049610547215204,0.8631421280499114,1740867.0,5.25,-1.8369701987210292e-16,-1.0,0.0,40550.0,5110.1,37350.0,279.5630402930403,14.302458246548982,7248.32,36540.36750000001,8930.1,12300.0,5933.0,369.19,449950.3,5374.88,7.661427,2020
2018-12-23 17:00:00+00:00,11.040021,15.1252596,0.9905324521322229,-0.1372787721132651,2085932.0,24.19333333333333,-0.2588190451025206,-0.9659258262890684,0.0,54650.0,5268.1,53125.0,407.8773824786324,9.906666755676271,10212.8425,43992.85,26828.5,16662.0,5626.0,0.0,9762.921,5494.63,5.847539,2018
2021-08-21 02:00:00+00:00,16.464039,46.29497964,-0.64534811322955,-0.7638886127905429,2655591.0,41.83333333333333,0.8660254037844387,0.4999999999999999,0.0,33450.0,7117.2,41609.0,237.33002625152625,18.28379193941752,7616.247499999999,39987.905,19955.5,12098.0,3076.0,0.0,0.0,1401.0,1.8194816,2021
2022-01-22 13:00:00+00:00,6.0394306,80.46928043999999,0.9291414114031744,0.3697245428906731,1998118.0,84.66666666666667,-0.9659258262890684,-0.2588190451025203,0.0,70350.0,7117.2,49251.0,272.2612286528286,4.577722337510849,9968.8325,46623.1425,18757.3,14426.0,3354.0,4620.13,1090247.9,1877.23,2.213973,2022
2022-02-04 20:00:00+00:00,7.1274953,80.46928043999999,0.8239230057575543,0.5667017562911175,1747271.0,80.2,0.5000000000000001,-0.8660254037844386,1.0,65100.0,7117.2,48036.0,258.06962435897435,6.941777798864581,7479.265000000001,19184.275,26552.4,20987.0,4485.0,0.0,0.0,5885.47,5.973574,2022
2021-04-24 10:00:00+00:00,14.943248,46.29497964,-0.3816892202666589,0.9242907221930932,874649.0,20.17,-0.8660254037844387,0.4999999999999999,0.0,45650.0,5115.6,39375.0,166.9141319291819,13.202166822221557,5110.1975,21855.652500000004,11808.9,11925.0,2626.0,6117.28,2506369.5,3384.36,4.2528477,2021
2019-11-06 10:00:00+00:00,10.269715,22.79031588,0.5842981736283683,-0.8115390590073611,2986771.0,13.0,-0.8660254037844387,0.4999999999999999,1.0,62550.0,5047.5,41130.0,487.6493190272691,12.252166708310437,11041.4,57705.06249999999,17988.4,22482.0,6534.0,2355.08,765499.75,2302.1,4.7573404,2019
2022-05-08 23:00:00+00:00,12.497152,80.46928043999999,-0.5912614448635781,0.8064799463209448,1418563.0,89.76666666666667,0.9659258262890684,-0.2588190451025207,1.0,38450.0,6125.5,28887.0,208.8328338624339,15.824833446078811,6700.8325,35343.30499999999,15835.3,10712.0,4194.0,0.0,0.0,3441.37,3.6910079,2022
2023-02-08 22:00:00+00:00,2.094941,89.55725625000001,0.7829801036770629,0.6220467484408675,1548596.0,54.8,0.8660254037844384,-0.5000000000000004,1.0,68400.0,7117.2,45555.0,235.455415269674,6.603500015205809,8449.7875,31515.887500000004,22649.9,17852.0,3743.0,0.0,0.0,2431.73,2.4435954,2023
2018-09-13 03:00:00+00:00,16.314457,15.1252596,-0.300819807635668,-0.9536809966304456,2678886.0,26.55,0.7071067811865476,0.7071067811865476,1.0,38250.0,7117.2,48510.0,156.99191984126983,17.408766778310138,8447.157500000001,53865.8575,21478.3,16882.0,2432.0,0.0,0.0,1529.61,2.690257,2018
2018-01-11 15:00:00+00:00,7.812442,15.1252596,0.9821256058680006,0.1882267098432442,1719409.0,19.27,-0.7071067811865477,-0.7071067811865475,1.0,68100.0,6053.3,58560.0,807.2189843711844,7.091666579246521,11969.0125,74638.6225,21354.6,24772.0,6327.0,536.13,489562.3,1168.63,4.2032623,2018
2023-08-24 10:00:00+00:00,26.245518,89.55725625000001,-0.6050560696488494,-0.7961828637826154,2829706.0,31.7,-0.8660254037844387,0.4999999999999999,1.0,53800.0,6887.5,35387.0,171.59683058793058,24.84061135186091,8082.235000000001,25898.94999999999,15130.9,18424.0,2272.0,10103.76,1975723.6,2086.01,0.84846675,2023
2020-01-07 16:00:00+00:00,9.114176,17.2389636,0.9927487224577402,0.1202080448993527,2742325.0,11.77,-0.5000000000000004,-0.8660254037844385,1.0,69700.0,7117.2,53725.0,338.19639932844933,7.202208340168001,10359.635,47132.7525,30106.0,26330.0,6037.0,45.63,176173.16,4780.42,4.3423133,2020
2022-02-08 17:00:00+00:00,9.763541,80.46928043999999,0.7829801036770629,0.6220467484408675,1729375.0,75.7,-0.2588190451025206,-0.9659258262890684,1.0,67250.0,7117.2,46051.0,311.2079174399675,7.282722274462382,9638.2725,40869.33499999999,25907.7,26073.0,5317.0,0.0,184685.19,2029.76,2.5226092,2022
2019-04-26 18:00:00+00:00,11.966088,22.79031588,-0.4132786077829042,0.9106046300942162,1004280.0,14.3,-1.8369701987210292e-16,-1.0,1.0,50900.0,7015.5,47165.0,293.74963793243785,12.652777565850151,8786.535,47182.815,23768.9,19230.0,6240.0,355.6,411438.47,3591.7,6.478391,2019
2022-03-13 02:00:00+00:00,7.4668307,80.46928043999999,0.3253420847119803,0.9455963874271424,1420843.0,117.0,0.8660254037844387,0.4999999999999999,0.0,48250.0,6053.3,36920.0,222.2026977207977,8.625500069724191,5012.465,24133.0975,10666.6,11658.0,2395.0,0.0,0.0,9618.98,6.193668,2022
2018-02-02 14:00:00+00:00,5.9370866,15.1252596,0.8429415373547828,0.5380051715382996,1639471.0,18.27,-0.8660254037844386,-0.5000000000000001,1.0,70200.0,7117.2,57790.0,781.7056915632207,6.634666601816813,10808.6625,63873.6075,20547.7,26957.0,6222.0,1874.74,974883.2,3743.97,5.9493985,2018
2023-03-07 08:00:00+00:00,5.236302,89.55725625000001,0.4211008707960896,0.907013812802636,1351720.0,44.5,-0.4999999999999998,0.8660254037844387,1.0,70100.0,7117.2,37309.0,192.2992178546896,7.09061121940612,9459.71,25055.49,16898.125,22814.0,3818.0,2811.69,318233.88,5708.58,4.170353,2023
2018-03-22 06:00:00+00:00,1.7229282,15.1252596,0.1755314904214282,0.9844738167520922,643391.0,20.65,6.123233995736766e-17,1.0,1.0,77250.0,6071.9,48565.0,495.7462448514448,5.346416652202605,10195.7825,50129.310000000005,23859.0,22166.0,6185.0,46.55,8773.208,2923.56,4.0979147,2018
2018-09-10 09:00:00+00:00,19.383314,15.1252596,-0.3496474552512282,-0.9368813462954316,2678886.0,29.18,-0.7071067811865475,0.7071067811865476,1.0,52750.0,7117.2,46357.0,161.7952796092796,17.03106651306152,9759.437499999998,48708.27,27033.0,23027.0,2795.0,3422.26,1343942.4,564.06,1.2567437,2018
2021-03-13 11:00:00+00:00,9.480195,46.29497964,0.3253420847119803,0.9455963874271424,1176034.0,18.566666666666663,-0.9659258262890682,0.258819045102521,0.0,58250.0,7117.2,44995.0,278.87587478632474,8.280583540598554,4079.887499999999,6096.059999999998,13455.7,13111.0,4462.0,5185.44,1583965.2,14849.94,10.694487,2021
2022-02-25 18:00:00+00:00,7.098555,80.46928043999999,0.5702422926917871,0.8214765533024142,1739794.0,89.95,-1.8369701987210292e-16,-1.0,1.0,68850.0,7117.2,44196.0,342.7383049857549,8.595499912897742,10868.6925,39305.565,20877.6,24412.0,6982.0,0.0,48639.824,2503.99,3.7660484,2022
2019-02-01 01:00:00+00:00,5.4327936,22.79031588,0.8520775211013093,0.5234156073655503,1591274.0,19.23,0.9659258262890684,0.2588190451025207,1.0,69150.0,7117.2,55545.0,393.5870325600325,5.784333282046847,9049.2575,33206.682499999995,11112.7,16082.0,3961.0,0.0,0.0,5321.94,4.347036,2019
2023-02-09 06:00:00+00:00,0.27781484,89.55725625000001,0.7721565844991642,0.6354323008901774,1548596.0,53.97,6.123233995736766e-17,1.0,1.0,75800.0,7117.2,45555.0,231.93706387268125,6.033388902743657,10320.9625,46148.39750000001,26393.1,24511.0,4908.0,0.0,0.0,1575.38,0.6464966,2023
2018-08-05 05:00:00+00:00,19.573019,15.1252596,-0.8287700871745037,-0.5595892624101767,2817640.0,22.38,0.2588190451025207,0.9659258262890684,0.0,34000.0,6483.3,39156.0,150.91051707366708,20.79219999313356,6927.5025000000005,33943.0775,18730.7,12840.0,2919.0,84.91,23642.234,2149.6,3.7644138,2018
2019-04-28 07:00:00+00:00,8.727671,22.79031588,-0.4443781781046132,0.895839290734909,1004280.0,14.48,-0.2588190451025208,0.9659258262890684,0.0,45700.0,6125.5,43965.0,267.9755582417582,12.48658339182535,7326.1425,32199.92,16501.4,11693.0,5099.0,1753.5,566417.5,3753.5,5.213958,2019
2019-11-05 01:00:00+00:00,10.1194315,22.79031588,0.5702422926917867,-0.8214765533024145,2986771.0,13.33,0.9659258262890684,0.2588190451025207,1.0,48050.0,5047.5,39945.0,487.2189792022792,12.688208341598486,7651.112499999999,32510.925000000003,7880.299999999999,13076.0,5910.0,0.0,0.0,6375.36,5.644375,2019
2018-02-02 08:00:00+00:00,3.0410483,15.1252596,0.8429415373547828,0.5380051715382996,1639471.0,18.27,-0.4999999999999998,0.8660254037844387,1.0,78000.0,7117.2,57790.0,781.7056915632207,6.276666720708212,11052.935,63116.30249999999,27106.5,28281.0,6790.0,404.1,68509.38,3236.53,5.2963176,2018
2018-02-04 17:00:00+00:00,4.089058,15.1252596,0.8239230057575543,0.5667017562911175,1639471.0,17.923333333333332,-0.2588190451025206,-0.9659258262890684,0.0,70000.0,7117.2,56450.0,693.5251624434723,6.628166635831196,9961.8125,58209.725,25388.8,18341.0,6159.0,0.0,117909.53,4343.74,6.2278886,2018
2022-03-16 21:00:00+00:00,9.779716,80.46928043999999,0.276096973097469,0.9611297838723007,1375108.0,97.28,0.7071067811865474,-0.7071067811865477,1.0,52250.0,6053.3,36920.0,267.80154924704925,9.59883348147074,8133.672500000001,30335.66,15013.8,18722.0,4472.0,0.0,0.0,3624.69,2.2878463,2022
2022-05-09 20:00:00+00:00,16.087486,80.46928043999999,-0.6050560696488488,0.7961828637826158,1511294.0,89.65,0.5000000000000001,-0.8660254037844386,1.0,44050.0,6125.5,29430.0,208.8328338624339,17.009555604722784,9134.465,45619.7225,22259.9,17817.0,5451.0,0.0,8064.875,814.78,0.67679465,2022
2018-09-03 00:00:00+00:00,16.315811,15.1252596,-0.4597327394521046,-0.888057322629493,2718547.0,26.35,1.0,0.0,1.0,37000.0,7117.2,41440.0,168.64544006919007,17.54399986267091,7021.219999999999,36246.5475,20620.8,12163.0,2152.0,0.0,0.0,1929.47,3.2124658,2018
2018-09-12 02:00:00+00:00,16.603,15.1252596,-0.3171912885891059,-0.9483615800121716,2678886.0,27.6,0.8660254037844387,0.4999999999999999,1.0,37150.0,7117.2,47700.0,158.20817232397235,17.519699923197418,7260.832499999999,40706.65,20671.5,15903.0,2489.0,0.0,0.0,1075.92,0.6926514,2018
2020-05-20 17:00:00+00:00,21.701038,17.2389636,-0.7554933140726803,0.6551563572090853,2355412.0,3.95,-0.2588190451025206,-0.9659258262890684,1.0,44550.0,4106.7,39945.0,282.56594713064715,17.605708042780538,8421.592499999999,53070.065,18457.3,19909.0,6625.0,2225.14,1377342.6,1577.4,1.9153101,2020
2019-11-07 05:00:00+00:00,8.26758,22.79031588,0.5981809144059166,-0.8013610881746764,2986771.0,14.38,0.2588190451025207,0.9659258262890684,1.0,54250.0,5047.5,40040.0,473.74174088319097,12.176541884740196,9086.794999999998,52506.0975,17178.9,18081.0,6250.0,0.0,0.0,7366.61,5.3338428,2019
2019-02-02 01:00:00+00:00,4.3263845,22.79031588,0.8429415373547828,0.5380051715382996,1591274.0,19.27,0.9659258262890684,0.2588190451025207,0.0,65000.0,7117.2,56450.0,486.5530208791209,6.1512779394785575,9322.195,44600.8625,10453.5,15194.0,4559.0,0.0,0.0,1942.51,3.8186948,2019
2019-05-03 22:00:00+00:00,9.3629055,22.79031588,-0.5197438121555155,0.854322169749827,1112875.0,14.75,0.8660254037844384,-0.5000000000000004,0.0,51150.0,6125.5,45520.0,237.51727385022377,12.666666666666664,8205.5625,30690.204999999994,18284.9,14653.0,5283.0,0.0,0.0,2305.74,3.6407766,2019
2023-12-07 22:00:00+00:00,7.5521955,89.55725625000001,0.9158642882672872,-0.4014879892059729,2789836.0,40.25,0.8660254037844384,-0.5000000000000004,1.0,63300.0,6125.5,45645.0,606.1116042087542,7.72855567932129,6651.975,33205.535,13051.125,17128.0,5968.0,0.0,0.0,10237.19,5.0627055,2023
2019-02-24 12:00:00+00:00,11.815629,22.79031588,0.5842981736283684,0.811539059007361,1319494.0,16.87666666666667,-1.0,1.2246467991473532e-16,0.0,55900.0,7117.2,54136.0,229.16613284493283,7.762388918134899,7659.3675,29602.869999999995,19439.6,11038.0,3488.0,4551.44,1976801.8,975.18,2.5469449,2019
2018-11-04 13:00:00+00:00,13.412222,15.1252596,0.5560174366570438,-0.8311706263658084,2418967.0,23.386666666666667,-0.9659258262890684,-0.2588190451025203,0.0,51750.0,6105.9,44885.0,137.0479409035409,9.8772501150767,8300.225,41054.75749999999,17944.6,12769.0,2222.0,2992.81,1119675.8,1502.45,3.7306287,2018
2020-01-25 00:00:00+00:00,4.6150646,17.2389636,0.9088176373395028,0.4171936026123168,2426891.0,10.493333333333334,1.0,0.0,0.0,66350.0,7117.2,51700.0,289.3406070614571,6.465291659037272,9768.5525,38874.95,23280.3,14991.0,4828.0,0.0,0.0,1328.87,2.2879639,2020
2020-11-05 18:00:00+00:00,10.1458645,17.2389636,0.5842981736283683,-0.8115390590073611,3088786.0,14.4,-1.8369701987210292e-16,-1.0,1.0,65550.0,6125.5,47742.0,240.5404167684168,10.546500126520783,11241.005,53610.18000000001,20970.2,23783.0,5115.0,0.0,12.12171,5744.25,6.1899137,2020
2020-04-26 21:00:00+00:00,12.296811,17.2389636,-0.4288919379124835,0.9033558023246844,1670557.0,5.953333333333333,0.7071067811865474,-0.7071067811865477,0.0,42350.0,5890.1,39890.0,213.74661746031745,15.922791719436654,8401.75,40720.98,18453.6,10633.0,5259.0,0.0,0.0,801.99,0.36256447,2020
2023-09-19 01:00:00+00:00,16.25926,89.55725625000001,-0.2008905551306352,-0.97961369164549,2809675.0,37.55,0.9659258262890684,0.2588190451025207,1.0,34950.0,7028.3,40220.0,203.1401278702779,21.26038911607529,4343.395,9286.845,19200.725,14798.0,3022.0,0.0,0.0,4744.51,5.825545,2023
2019-05-02 20:00:00+00:00,11.060905,22.79031588,-0.5049610547215204,0.8631421280499114,1112875.0,14.65,0.5000000000000001,-0.8660254037844386,1.0,51650.0,6125.5,46375.0,239.08202733007727,13.328555636935755,9518.48,32612.3775,19415.9,18024.0,5988.0,0.0,3912.3145,2307.92,4.4058356,2019
2023-09-30 06:00:00+00:00,14.4984665,89.55725625000001,-0.0129102960750088,-0.999916658654738,2776356.0,35.833333333333336,6.123233995736766e-17,1.0,0.0,36300.0,5983.0,39641.0,167.3265316646317,19.005111376444507,7293.24,26948.5825,18251.425,15794.0,2431.0,6.21,10158.059,1267.08,0.81648004,2023
2018-10-16 06:00:00+00:00,12.392612,15.1252596,0.2595117970697994,-0.965739937654855,2504641.0,25.53,6.123233995736766e-17,1.0,1.0,52500.0,7117.2,45135.0,149.28016473341475,15.698666837480337,10597.5075,63327.67250000001,29296.5,24808.0,2431.0,0.0,519.94257,1231.37,1.4673504,2018
2021-04-06 13:00:00+00:00,7.5963516,46.29497964,-0.0816763953304224,0.9966589017541702,998746.0,20.4,-0.9659258262890684,-0.2588190451025203,1.0,58150.0,6111.4,40435.0,224.5506023199024,11.002888732486298,5576.844999999999,12206.257500000009,9527.4,19912.0,3738.0,7402.17,2389438.2,5591.27,6.457427,2021
2018-09-03 23:00:00+00:00,16.965513,15.1252596,-0.4597327394521046,-0.888057322629493,2718547.0,26.35,0.9659258262890684,-0.2588190451025207,1.0,41600.0,7117.2,43325.0,160.88971768416766,17.8371000289917,7959.770000000001,42921.1375,20309.0,15230.0,2082.0,0.0,0.0,1438.13,3.3175232,2018
2022-04-29 18:00:00+00:00,14.815815,80.46928043999999,-0.4597327394521039,0.8880573226294932,1380258.0,96.5,-1.8369701987210292e-16,-1.0,1.0,44800.0,6125.5,27983.0,266.40652226292224,15.177555772993315,7449.789999999999,50493.3775,23084.3,20777.0,6234.0,656.26,501673.72,3301.09,3.4424615,2022
2019-01-28 03:00:00+00:00,4.2415957,22.79031588,0.886070621534138,0.4635502709028509,1591274.0,20.55,0.7071067811865476,0.7071067811865476,1.0,60000.0,7117.2,56242.0,238.4354563899064,5.994666602876451,6415.4125,31816.42,10416.0,13080.0,2438.0,0.0,0.0,8100.25,8.985716,2019
2022-03-26 18:00:00+00:00,13.3831,80.46928043999999,0.107381346664163,0.994217906893952,1369050.0,101.66666666666669,-1.8369701987210292e-16,-1.0,0.0,48350.0,6053.3,31135.0,189.38260966625964,11.68922230932447,7253.6275,50811.245,22009.8,18916.0,4128.0,10.75,256640.42,5766.36,6.352018,2022
2019-07-31 23:00:00+00:00,17.076118,22.79031588,-0.8738071036110809,-0.4862727071086898,2742271.0,10.15,0.9659258262890684,-0.2588190451025207,1.0,39200.0,7117.2,39397.0,200.96256988196987,20.907500108083106,6008.4025,39617.7075,18483.2,18426.0,3480.0,0.0,0.0,1103.63,1.3624154,2019
2019-02-23 18:00:00+00:00,10.335176,22.79031588,0.5981809144059164,0.8013610881746766,1319494.0,16.903333333333332,-1.8369701987210292e-16,-1.0,0.0,60200.0,7117.2,52269.0,250.3644096459096,8.304944462246366,10144.645,47727.7425,23820.8,20497.0,5126.0,0.0,39438.945,2908.61,3.3716233,2019
2018-09-12 01:00:00+00:00,16.99771,15.1252596,-0.3171912885891059,-0.9483615800121716,2678886.0,27.6,0.9659258262890684,0.2588190451025207,1.0,38050.0,7117.2,47700.0,158.20817232397235,17.656166458129892,7035.6175,39609.5075,20514.1,15906.0,2518.0,0.0,0.0,1087.37,0.80247253,2018
2018-02-02 06:00:00+00:00,2.8892798,15.1252596,0.8429415373547828,0.5380051715382996,1639471.0,18.27,6.123233995736766e-17,1.0,1.0,74550.0,7117.2,57790.0,781.7056915632207,6.346416592597962,10578.43,60992.885,23481.9,24136.0,5910.0,0.0,0.0,3142.24,5.3339386,2018
2018-10-22 11:00:00+00:00,14.725679,15.1252596,0.3576982388331254,-0.9338372288229252,2474033.0,24.95,-0.9659258262890682,0.258819045102521,1.0,56300.0,7117.2,46595.0,122.87092553927552,14.409250100453708,9024.045,40366.02500000001,21512.2,22236.0,1955.0,3813.54,1420477.1,4908.77,6.304385,2018
2018-11-04 22:00:00+00:00,10.940546,15.1252596,0.5560174366570438,-0.8311706263658084,2418967.0,23.386666666666667,0.8660254037844384,-0.5000000000000004,0.0,56650.0,6105.9,45055.0,137.0479409035409,9.850999911626191,9037.7375,41098.7475,18286.6,12912.0,2713.0,0.0,0.0,5047.57,6.1302667,2018
2018-01-28 20:00:00+00:00,8.032623,15.1252596,0.886070621534138,0.4635502709028509,1704964.0,17.433333333333334,0.5000000000000001,-0.8660254037844386,0.0,60600.0,7117.2,58585.0,948.0772559546422,7.079583287239075,8234.37,27246.825,26481.4,16892.0,6392.0,0.0,0.0,3099.35,3.505826,2018
2019-09-21 15:00:00+00:00,22.339275,22.79031588,-0.1670516255021195,-0.9859481499638304,2689334.0,9.95,-0.7071067811865477,-0.7071067811865475,0.0,39700.0,7117.2,39630.0,142.2904198819699,19.1922913392385,7055.032500000001,37807.585,17398.3,14835.0,2074.0,2555.45,1210607.6,4107.77,5.7609234,2019
2018-12-23 04:00:00+00:00,9.272932,15.1252596,0.9905324521322229,-0.1372787721132651,2085932.0,24.19333333333333,0.5000000000000001,0.8660254037844386,0.0,44750.0,5076.1,51510.0,407.8773824786324,9.01233334011502,7477.557499999999,19005.925,17988.5,10760.0,4861.0,0.0,0.0,2943.16,5.2905493,2018
2021-04-23 05:00:00+00:00,6.707623,46.29497964,-0.3657225234972692,0.9307239310379792,874649.0,20.17,0.2588190451025207,0.9659258262890684,1.0,52350.0,6111.4,39485.0,173.78255757020756,11.014722294277613,9828.6375,41640.6875,21174.9,20190.0,4099.0,0.0,11151.535,4036.32,5.0228825,2021
2022-09-21 22:00:00+00:00,13.302672,80.46928043999999,-0.1670516255021195,-0.9859481499638304,2254828.0,178.8,0.8660254037844384,-0.5000000000000004,1.0,42550.0,7117.2,28150.0,135.3371831973582,15.842666864395126,7915.17,43893.5075,19945.825,14918.0,1701.0,0.0,0.0,2709.34,2.90349,2022
2023-03-18 12:00:00+00:00,12.94622,89.55725625000001,0.2428497220959358,0.970063921851507,1437424.0,42.516666666666666,-1.0,1.2246467991473532e-16,0.0,44950.0,7117.2,37035.0,373.2565771071923,10.590888844596003,4987.3975,25395.4575,8131.125,10520.0,4970.0,6732.55,1823002.0,6571.39,3.701298,2023
2022-03-14 06:00:00+00:00,6.1584315,80.46928043999999,0.3090169943749474,0.9510565162951536,1375108.0,109.5,6.123233995736766e-17,1.0,1.0,63950.0,6053.3,36005.0,287.99143131868124,7.869000011020238,9224.06,47487.4525,15823.2,20883.0,4443.0,7.39,890.35486,3012.77,2.9109976,2022
2019-01-30 12:00:00+00:00,4.628368,22.79031588,0.869589389346611,0.4937755501599771,1591274.0,20.15,-1.0,1.2246467991473532e-16,1.0,81300.0,7117.2,56242.0,303.3764901709402,6.080749988555906,10991.4775,43227.175,23349.6,25318.0,4563.0,2662.99,1046975.56,5456.91,6.464873,2019
2023-10-22 07:00:00+00:00,10.898623,89.55725625000001,0.3576982388331254,-0.9338372288229252,2620085.0,48.23333333333333,-0.2588190451025208,0.9659258262890684,0.0,38600.0,4765.8,41680.0,177.24896810966814,14.894944826761876,6208.755,12398.687499999996,13027.25,12882.0,3087.0,235.7,68908.195,6332.87,3.9554882,2023
2023-07-26 00:00:00+00:00,15.396185,89.55725625000001,-0.9123747579707272,-0.4093559588156215,3000966.0,32.33,1.0,0.0,1.0,36250.0,7117.2,35225.0,216.54690857845856,21.33394453260632,6018.5925,23902.52,17576.0,15202.0,3260.0,0.0,0.0,2876.63,4.785906,2023
2020-03-31 21:00:00+00:00,6.3910766,17.2389636,0.0043035382962442,0.99999073973619,1614814.0,7.2,0.7071067811865474,-0.7071067811865477,1.0,55150.0,7117.2,41489.0,249.2350323361824,9.780958334604904,8426.442500000001,43139.8025,17374.9,12288.0,5155.0,0.0,0.0,6221.0,7.4116306,2020
2022-02-03 17:00:00+00:00,9.077117,80.46928043999999,0.8335557718385699,0.5524353131676196,1747271.0,77.6,-0.2588190451025206,-0.9659258262890684,1.0,71200.0,7117.2,48656.0,258.3570488807489,6.653611156675551,10736.36,53899.052500000005,27362.5,25483.0,5292.0,0.0,116761.336,2257.69,4.109547,2022
2023-06-16 09:00:00+00:00,21.215773,89.55725625000001,-0.9646141756912434,0.2636654927280075,2708825.0,33.3,-0.7071067811865475,0.7071067811865476,1.0,48600.0,6113.8,32635.0,258.53141969696964,18.68472215864395,5078.3025,31385.83,12004.55,16647.0,5093.0,9805.92,2148849.8,566.11,0.95393485,2023
2018-08-28 22:00:00+00:00,18.54203,15.1252596,-0.5488429582847199,-0.8359254794186365,2778684.0,25.75,0.8660254037844384,-0.5000000000000004,1.0,45650.0,7117.2,39295.0,166.22788636548637,19.02012538909912,8579.4125,48307.04,25213.5,16053.0,2861.0,0.0,0.0,2507.82,0.46999988,2018
2022-01-17 04:00:00+00:00,3.3759065,80.46928043999999,0.9574851883550392,0.288482432880609,1998118.0,76.05,0.5000000000000001,0.8660254037844386,1.0,66050.0,7117.2,48625.0,354.359414997965,4.32916665325562,8334.6975,15079.07,19860.4,13889.0,4296.0,0.0,0.0,1563.75,2.7603407,2022
2020-11-04 00:00:00+00:00,8.071398,17.2389636,0.5702422926917867,-0.8214765533024145,3088786.0,13.9,1.0,0.0,1.0,51250.0,6125.5,47917.0,256.4137358363859,11.450916767120374,7020.9775,24687.800000000003,15439.9,13929.0,4092.0,0.0,0.0,2363.41,3.241897,2020
2022-04-29 02:00:00+00:00,9.810098,80.46928043999999,-0.4597327394521039,0.8880573226294932,1380258.0,96.5,0.8660254037844387,0.4999999999999999,1.0,37300.0,5061.6,28843.0,266.40652226292224,14.225278059641548,7250.295,43421.8625,17275.6,13873.0,4971.0,0.0,0.0,3306.62,3.399278,2022
2020-03-20 01:00:00+00:00,9.055912,17.2389636,0.1924515819708299,0.9813064702716092,1779274.0,8.75,0.9659258262890684,0.2588190451025207,1.0,44250.0,7117.2,42499.0,413.971215079365,11.100499987602223,6736.51,44568.45,15314.2,11809.0,6602.0,0.0,0.0,2780.91,4.007939,2020
2022-01-19 20:00:00+00:00,5.513989,80.46928043999999,0.9469877530760752,0.3212696616923644,1998118.0,73.6,0.5000000000000001,-0.8660254037844386,1.0,72650.0,7117.2,48341.0,337.2486361212861,4.493666698535285,8551.44,28220.5025,28959.6,21699.0,5132.0,0.0,0.0,4709.76,4.272527,2022
2021-04-04 12:00:00+00:00,11.328388,46.29497964,-0.0473213883224318,0.9988797155850336,961615.0,19.8,-1.0,1.2246467991473532e-16,0.0,43500.0,6111.4,39570.0,234.87139863654863,11.738055653042258,6210.1075,9257.857499999998,9405.1,5271.0,3645.0,7567.32,2556360.0,1825.6,3.1627216,2021
2020-11-03 22:00:00+00:00,8.723325,17.2389636,0.5560174366570438,-0.8311706263658084,3088786.0,13.7,0.8660254037844384,-0.5000000000000004,1.0,56300.0,6125.5,47552.0,258.3361180504681,11.733125050862622,7910.1225,32240.525,17233.7,16135.0,4404.0,0.0,0.0,2694.13,3.8073406,2020
2019-10-07 17:00:00+00:00,15.795987,22.79031588,0.1073813466641621,-0.994217906893952,2625151.0,10.25,-0.2588190451025206,-0.9659258262890684,1.0,54800.0,6111.4,40670.0,200.745857977208,16.03329157829285,9990.6975,55879.7025,25448.6,23551.0,3867.0,133.84,204760.66,3638.38,2.7109613,2019
2022-06-14 01:00:00+00:00,15.153214,80.46928043999999,-0.9549667548552552,0.2967128192734903,2411291.0,90.43,0.9659258262890684,0.2588190451025207,1.0,36850.0,6113.8,28180.0,175.5624221001221,20.785221947564025,7465.745,33502.81,21150.375,15641.0,3297.0,0.0,0.0,3116.14,3.2808821,2022
2020-11-02 20:00:00+00:00,13.40748,17.2389636,0.5416278206559811,-0.8406184056344783,3088786.0,13.2,0.5000000000000001,-0.8660254037844386,1.0,50400.0,6125.5,47577.0,266.204627085877,12.948374986648584,6897.695000000001,27200.93,27105.3,18285.0,4422.0,0.0,0.0,3756.61,5.3390336,2020
2021-07-10 11:00:00+00:00,20.819088,46.29497964,-0.9893142039703664,-0.1457991969198744,2349488.0,36.11666666666667,-0.9659258262890682,0.258819045102521,0.0,45850.0,7117.2,36632.0,526.1645962352462,18.23566683133445,7680.329999999998,20194.9175,17271.2,13484.0,5567.0,6756.1,2321138.8,888.8,1.9720176,2021
2018-09-11 09:00:00+00:00,20.765673,15.1252596,-0.333468778918187,-0.9427611433904206,2678886.0,28.7,-0.7071067811865475,0.7071067811865476,1.0,52800.0,7117.2,46230.0,159.96376684981684,17.276566410064703,7800.264999999999,36417.8925,25203.8,22950.0,2794.0,3573.02,1470382.6,1079.78,2.5612679,2018
2019-07-26 20:00:00+00:00,21.326504,22.79031588,-0.9123747579707272,-0.4093559588156215,2697155.0,10.05,0.5000000000000001,-0.8660254037844386,1.0,48300.0,7117.2,34832.0,177.71964076109077,23.52904200553895,8231.957499999999,30855.1525,25926.4,24968.0,3889.0,0.0,29426.938,2917.91,3.0685418,2019
2019-11-20 11:00:00+00:00,7.40622,22.79031588,0.7611042586607742,-0.6486295610349818,2792032.0,15.18,-0.9659258262890682,0.258819045102521,1.0,75500.0,5008.0,41865.0,327.2656577330077,8.451166590054829,10047.84,61297.2775,28773.6,24217.0,5691.0,3114.52,945349.44,3365.91,4.225328,2019
2019-04-14 20:00:00+00:00,8.412636,22.79031588,-0.2177232303965317,0.9760105506323684,932025.0,15.313333333333333,0.5000000000000001,-0.8660254037844386,0.0,55000.0,6071.9,44430.0,198.9378882987383,11.731444464789517,8888.822499999998,31508.4,24733.8,14382.0,4527.0,0.0,36.233845,2492.34,4.399737,2019
2021-05-16 21:00:00+00:00,11.657584,46.29497964,-0.6963762255968722,0.717676913675962,1231647.0,26.673333333333336,0.7071067811865474,-0.7071067811865477,0.0,47150.0,5068.5,40650.0,460.9983472934473,12.713888963063551,6775.575,40398.62,15781.1,12349.0,6810.0,0.0,2.6475213,8276.74,7.3423305,2021
2020-01-07 10:00:00+00:00,7.56475,17.2389636,0.9927487224577402,0.1202080448993527,2742325.0,11.77,-0.8660254037844387,0.4999999999999999,1.0,74450.0,7117.2,53725.0,338.19639932844933,6.979666670163471,10174.7225,48916.53499999999,30721.9,23775.0,6342.0,1636.28,392007.03,3441.51,4.2295284,2020
2019-12-04 17:00:00+00:00,5.4199667,22.79031588,0.893918596519257,-0.4482293417404106,2815166.0,14.88,-0.2588190451025206,-0.9659258262890684,1.0,79800.0,5008.0,44495.0,459.6146235042735,8.201166689395905,12370.92,59879.47499999999,28533.5,26133.0,7233.0,0.0,6889.551,1297.06,3.7540548,2019
2023-12-21 12:00:00+00:00,10.623927,89.55725625000001,0.9852201067560606,-0.1712931441814778,2761956.0,33.0,-1.0,1.2246467991473532e-16,1.0,61000.0,7117.2,46385.0,699.2087736652236,7.918666627671983,6350.3825,9115.4925,10363.675,19790.0,5975.0,3856.25,517184.4,19118.8,10.379562,2023
2020-05-19 17:00:00+00:00,20.049782,17.2389636,-0.7441039398713604,0.6680638642135338,2355412.0,4.22,-0.2588190451025206,-0.9659258262890684,1.0,45000.0,4106.7,39030.0,295.79278431013427,16.888333002726213,8177.549999999999,50208.4625,16932.9,19526.0,6888.0,2191.83,1332274.1,2524.12,3.784865,2020
2019-07-31 15:00:00+00:00,22.278696,22.79031588,-0.8738071036110809,-0.4862727071086898,2742271.0,10.15,-0.7071067811865477,-0.7071067811865475,1.0,46600.0,7117.2,39397.0,214.1813473748473,21.495707988739014,6969.32,46189.24,22495.9,25223.0,3797.0,4404.35,2099426.8,2971.37,3.303739,2019
2020-09-04 09:00:00+00:00,20.406912,17.2389636,-0.4288919379124841,-0.9033558023246842,2975651.0,11.68,-0.7071067811865475,0.7071067811865476,1.0,50750.0,7117.2,33920.0,212.88713021978023,17.272433344523122,9078.6525,32372.077500000003,21165.0,20090.0,3323.0,5015.04,1514515.1,740.86,1.0741906,2020
2023-12-21 08:00:00+00:00,8.817354,89.55725625000001,0.9852201067560606,-0.1712931441814778,2761956.0,33.0,-0.4999999999999998,0.8660254037844387,1.0,64850.0,7117.2,46385.0,699.2087736652236,7.756666660308839,7277.0825,10558.402500000004,19490.825,23960.0,6374.0,246.31,28758.996,16518.3,9.483743,2023
2019-06-09 08:00:00+00:00,15.275503,22.79031588,-0.9259247771938498,0.3777079652039649,1701147.0,11.373333333333331,-0.4999999999999998,0.8660254037844387,0.0,39600.0,7117.2,38424.0,299.3918250915751,15.960666418075585,6752.282499999999,15797.334999999995,19295.4,11085.0,5385.0,2771.19,1273191.6,1717.93,1.9610828,2019
2019-09-23 13:00:00+00:00,18.773733,22.79031588,-0.1330147065341963,-0.9911140639934546,2650572.0,10.05,-0.9659258262890684,-0.2588190451025203,1.0,49200.0,7117.2,40240.0,157.59661650386647,18.245124896367408,8434.544999999998,49652.6975,20732.3,22211.0,2517.0,4335.25,1561868.9,2679.28,4.7256365,2019
2020-12-16 20:00:00+00:00,9.005692,17.2389636,0.9711000518829505,-0.2386727660059499,2454326.0,16.15,0.5000000000000001,-0.8660254037844386,1.0,62950.0,7117.2,47520.0,389.4093196377696,7.537999921374852,7653.067500000001,41384.5325,31368.7,21630.0,5867.0,0.0,0.0,6594.08,4.9670362,2020
2023-09-12 10:00:00+00:00,21.399986,89.55725625000001,-0.3171912885891059,-0.9483615800121716,2818485.0,35.45,-0.8660254037844387,0.4999999999999999,1.0,51100.0,7043.3,41195.0,183.48340904095903,22.050221867031524,7111.3025,28381.64,13544.95,18303.0,2774.0,6788.16,1531684.5,1026.7,1.2256596,2023
2020-12-31 20:00:00+00:00,3.850249,17.2389636,0.9998518392091162,0.0172133561558347,2532396.0,18.88,0.5000000000000001,-0.8660254037844386,1.0,64900.0,7117.2,52905.0,456.2999461538462,5.112777789433797,8920.9575,40427.775,21473.4,13530.0,4984.0,0.0,0.0,3094.55,2.3827424,2020
2021-07-10 19:00:00+00:00,19.314255,46.29497964,-0.9893142039703664,-0.1457991969198744,2349488.0,36.11666666666667,0.2588190451025203,-0.9659258262890684,0.0,39700.0,7117.2,36632.0,526.1645962352462,18.805166562398263,8527.785,44405.0325,22280.5,16896.0,6000.0,1010.85,333314.0,1728.54,2.802463,2021
2023-08-20 08:00:00+00:00,22.70372,89.55725625000001,-0.6584015846980489,-0.7526668275320083,2870892.0,37.8,-0.4999999999999998,0.8660254037844387,0.0,37450.0,6947.5,36698.0,160.84923868723868,23.25933361053468,4391.83,14610.56,8754.225,9481.0,2154.0,7070.53,1144666.4,971.04,0.45889607,2023
2023-08-21 06:00:00+00:00,19.993155,89.55725625000001,-0.64534811322955,-0.7638886127905429,2829706.0,39.45,6.123233995736766e-17,1.0,1.0,40400.0,6947.5,36698.0,175.05161205091204,23.953499688042555,7884.5775,42379.4975,21590.15,17462.0,2965.0,1163.54,161608.95,1667.48,1.4986882,2023
2019-02-23 09:00:00+00:00,8.410563,22.79031588,0.5981809144059164,0.8013610881746766,1319494.0,16.903333333333332,-0.7071067811865475,0.7071067811865476,0.0,60250.0,7117.2,53053.0,250.3644096459096,7.479833265145621,9006.644999999999,32905.28,23684.0,17645.0,4362.0,2821.43,830498.5,3075.92,2.8396573,2019
2023-07-23 19:00:00+00:00,22.095833,89.55725625000001,-0.9322892131745134,-0.3617137307297674,3013784.0,29.366666666666667,0.2588190451025203,-0.9659258262890684,0.0,40050.0,7117.2,36615.0,165.63911078736083,23.64027765062121,4951.157499999999,19967.5075,20245.225,17532.0,2920.0,117.47,251736.38,4772.9,4.2436256,2023
2021-05-13 03:00:00+00:00,9.121315,46.29497964,-0.6584015846980488,0.7526668275320085,1231647.0,26.4,0.7071067811865476,0.7071067811865476,0.0,38100.0,7117.2,39885.0,480.0754813797314,12.018166595035126,6493.1775,36467.5275,14232.4,14557.0,6094.0,0.0,0.0,5098.45,3.7671478,2021
2023-07-29 15:00:00+00:00,22.901987,89.55725625000001,-0.8900275764346768,-0.4559066935084586,3000966.0,26.23333333333333,-0.7071067811865477,-0.7071067811865475,0.0,37450.0,7117.2,31675.0,193.43753531653533,23.285443941752124,2113.4825,18004.480000000003,7643.6500000000015,13875.0,2527.0,6249.97,1943174.1,6305.67,5.490149,2023
2021-04-04 03:00:00+00:00,5.4376755,46.29497964,-0.0473213883224318,0.9988797155850336,961615.0,19.8,0.7071067811865476,0.7071067811865476,0.0,41550.0,6111.4,40480.0,234.87139863654863,10.05350006951226,7836.665,33472.7075,9388.4,9025.0,4553.0,0.0,0.0,4499.94,5.1778874,2021
2022-05-10 05:00:00+00:00,12.320103,80.46928043999999,-0.6186714032625031,0.7856498550787147,1511294.0,81.75,0.2588190451025207,0.9659258262890684,1.0,43950.0,6125.5,29430.0,204.31881017501016,16.10966708925037,6940.562499999999,39510.89,22893.4,19382.0,4962.0,240.37,46397.023,2652.28,2.8795676,2022
2022-02-13 17:00:00+00:00,9.842704,80.46928043999999,0.7266075247685656,0.687052767223667,1729375.0,78.19,-0.2588190451025206,-0.9659258262890684,0.0,57750.0,7117.2,43756.0,253.03201682946687,7.2231667836507185,7120.0025000000005,29073.03,12659.7,17729.0,3399.0,0.83,129785.695,13104.0,8.492127,2022
2019-05-02 08:00:00+00:00,11.541302,22.79031588,-0.5049610547215204,0.8631421280499114,1112875.0,14.65,-0.4999999999999998,0.8660254037844387,1.0,56350.0,6125.5,45045.0,239.08202733007727,13.9789167245229,9381.822499999998,22334.98,18360.9,18618.0,5604.0,2648.37,1114825.0,1644.36,3.4065604,2019
2019-12-05 00:00:00+00:00,3.9225805,22.79031588,0.9015016841318838,-0.4327755925504317,2815166.0,14.1,1.0,0.0,1.0,68600.0,5008.0,44495.0,428.3993288563288,8.12100005149841,9335.28,39544.8225,17758.0,15193.0,5831.0,0.0,0.0,1061.31,2.3305902,2019
2022-02-03 10:00:00+00:00,8.064714,80.46928043999999,0.8335557718385699,0.5524353131676196,1747271.0,77.6,-0.8660254037844387,0.4999999999999999,1.0,72450.0,7117.2,48656.0,258.3570488807489,6.187722166379295,9441.8475,46515.6075,22741.9,23659.0,4596.0,3820.39,683053.75,2590.07,3.5059423,2022
2020-01-09 07:00:00+00:00,8.032582,17.2389636,0.9880226656636976,0.1543088206642811,2742325.0,11.8,-0.2588190451025208,0.9659258262890684,1.0,68940.0,7117.2,49561.0,323.16063396418394,7.719500064849855,9156.9375,49147.795,29927.9,25906.0,5779.0,0.0,20.129915,8013.08,7.190699,2020
2018-11-03 19:00:00+00:00,9.441649,15.1252596,0.5416278206559811,-0.8406184056344783,2418967.0,23.493333333333336,0.2588190451025203,-0.9659258262890684,0.0,57800.0,6105.9,43725.0,146.4936383190883,10.095583200454724,9712.0125,43415.085,28625.6,17207.0,3105.0,0.0,0.0,2094.77,2.5393267,2018
2019-07-26 01:00:00+00:00,21.962837,22.79031588,-0.9123747579707272,-0.4093559588156215,2697155.0,10.05,0.9659258262890684,0.2588190451025207,1.0,41100.0,7117.2,36816.0,177.71964076109077,24.75654180844624,6762.3425,31818.960000000003,21378.3,19258.0,3026.0,0.0,0.0,3919.59,1.7039518,2019
2022-02-14 06:00:00+00:00,7.0772448,80.46928043999999,0.7146733860429609,0.699458327051647,1697421.0,80.0,6.123233995736766e-17,1.0,1.0,65350.0,7117.2,44666.0,253.3881357956858,7.112166709370083,7938.490000000002,30693.155,17862.3,22743.0,3622.0,0.0,0.0,8774.36,7.059919,2022
2023-07-24 12:00:00+00:00,21.502714,89.55725625000001,-0.92592477719385,-0.3777079652039646,3000966.0,29.8,-1.0,1.2246467991473532e-16,1.0,48850.0,7117.2,36615.0,185.01152249787248,22.968722449408645,3629.0375,19634.915,10842.05,22329.0,3036.0,7809.79,2105546.2,7559.59,4.0943117,2023
2019-05-01 16:00:00+00:00,15.846223,22.79031588,-0.4900286664290592,0.8717063187093218,1112875.0,14.4,-0.5000000000000004,-0.8660254037844385,0.0,40050.0,6125.5,46375.0,246.3488556369557,14.392444504631888,7766.714999999999,27762.747500000005,12699.8,11341.0,4485.0,2868.19,1484878.8,737.58,2.4049628,2019
2020-12-30 06:00:00+00:00,3.16762,17.2389636,1.0,-2.4492935982947064e-16,2532396.0,19.0,6.123233995736766e-17,1.0,1.0,63450.0,7117.2,52235.0,499.7033444240944,5.493944459491307,7888.415,31759.58,15891.1,15162.0,4743.0,0.0,0.0,3198.9,5.739546,2020
2019-10-08 16:00:00+00:00,17.865368,22.79031588,0.1244792638867886,-0.9922222094179324,2625151.0,9.45,-0.5000000000000004,-0.8660254037844385,1.0,50600.0,6111.4,40670.0,211.05076052096047,16.326166788736977,8850.855,42350.6725,23992.1,21900.0,2927.0,1021.16,580426.06,4147.14,5.8329363,2019
2022-04-27 13:00:00+00:00,15.098423,80.46928043999999,-0.4288919379124835,0.9033558023246844,1380258.0,108.35,-0.9659258262890684,-0.2588190451025203,1.0,47950.0,5061.6,30490.0,296.69646735856736,14.474888854556626,6464.497500000001,37639.375,17707.9,18110.0,4602.0,9248.21,2307215.2,4539.9,3.6222074,2022
2022-04-28 06:00:00+00:00,9.808005,80.46928043999999,-0.4443781781046132,0.895839290734909,1380258.0,99.0,6.123233995736766e-17,1.0,1.0,51300.0,5061.6,29600.0,271.9722147944647,13.823611153496634,8601.705000000002,46229.315,24977.4,21677.0,6054.0,994.53,243453.86,3756.6,4.4081025,2022
2018-05-30 18:00:00+00:00,18.409998,15.1252596,-0.8475409228928309,0.5307300481619337,1791003.0,22.75,-1.8369701987210292e-16,-1.0,1.0,47400.0,4076.8,44915.0,408.1982492877493,15.034666856129972,9832.4325,58532.850000000006,25779.9,21976.0,7674.0,484.68,565489.94,710.76,1.0334892,2018
2022-03-26 15:00:00+00:00,15.421359,80.46928043999999,0.107381346664163,0.994217906893952,1369050.0,101.66666666666669,-0.7071067811865477,-0.7071067811865475,0.0,41850.0,6053.3,29875.0,189.38260966625964,11.462444490856612,4776.8150000000005,35658.7625,16105.4,13032.0,2578.0,4998.43,1823777.1,5605.41,6.235192,2022
2022-02-06 14:00:00+00:00,9.238976,80.46928043999999,0.8039279618328213,0.5947266869607633,1747271.0,79.06666666666666,-0.8660254037844386,-0.5000000000000001,0.0,56250.0,7117.2,46051.0,224.8418583435084,6.624833285808563,5889.33,15195.792499999996,13390.4,13299.0,2838.0,2746.93,852373.56,15860.37,10.051921,2022
2021-05-16 14:00:00+00:00,14.460968,46.29497964,-0.6963762255968722,0.717676913675962,1231647.0,26.673333333333336,-0.8660254037844386,-0.5000000000000001,0.0,39700.0,5068.5,39520.0,460.9983472934473,13.635388957129573,4323.5,25729.340000000004,1678.5999999999983,10244.0,6339.0,4759.49,1878571.8,8263.29,7.506366,2021
2023-06-02 09:00:00+00:00,17.111021,89.55725625000001,-0.8738071036110806,0.4862727071086904,2404082.0,23.3,-0.7071067811865475,0.7071067811865476,1.0,47450.0,5118.0,33930.0,272.2244987493987,17.49155547883775,4232.2475,21395.6175,13500.75,9066.0,5089.0,9889.63,2096438.5,4026.69,3.75696,2023
2023-03-04 17:00:00+00:00,7.718386,89.55725625000001,0.4673592171580022,0.8840675099433636,1343353.0,45.64666666666667,-0.2588190451025206,-0.9659258262890684,0.0,57050.0,6721.4,36622.0,176.7097337330946,7.817611005571169,8839.317500000001,40344.125,20239.8,17817.0,2905.0,283.93,408255.4,3021.71,3.3225684,2023
2022-02-27 17:00:00+00:00,9.440803,80.46928043999999,0.5416278206559814,0.8406184056344782,1739794.0,97.40333333333334,-0.2588190451025206,-0.9659258262890684,0.0,56550.0,7117.2,42260.0,278.39478028083033,7.962444504102071,8761.9275,48724.4875,21808.5,16403.0,4491.0,91.74,384420.16,4221.18,2.7684848,2022
2021-05-14 18:00:00+00:00,12.831428,46.29497964,-0.6712599575675313,0.7412220108485958,1231647.0,26.92,-1.8369701987210292e-16,-1.0,1.0,45700.0,6603.9,40705.0,449.27839430199424,13.48277786042955,9156.6675,51902.6275,19490.1,19651.0,7159.0,2109.84,484924.25,3810.19,4.0630107,2021
2023-09-15 01:00:00+00:00,16.070126,89.55725625000001,-0.2678143051621748,-0.9634705485641486,2818485.0,37.2,0.9659258262890684,0.2588190451025207,1.0,35900.0,7028.3,44095.0,188.5544013283013,21.415110905965168,6902.355,34698.035,17499.6,14893.0,2624.0,0.0,0.0,3244.83,3.0645146,2023
2021-03-13 09:00:00+00:00,8.309614,46.29497964,0.3253420847119803,0.9455963874271424,1176034.0,18.566666666666663,-0.7071067811865475,0.7071067811865476,0.0,57850.0,7117.2,44995.0,278.87587478632474,8.098999977111818,4639.135,9506.130000000005,17143.9,15031.0,4678.0,3853.65,882625.9,14627.2,10.487829,2021
2022-01-16 16:00:00+00:00,6.5421147,80.46928043999999,0.9623090774541486,0.2719581575341055,2137089.0,79.16666666666667,-0.5000000000000004,-0.8660254037844385,0.0,67350.0,7117.2,48625.0,365.19042735042746,4.515222188499238,9315.405,26819.7,21818.2,16147.0,5152.0,139.56,312751.4,3371.92,3.0972428,2022
2023-06-03 04:00:00+00:00,12.714061,89.55725625000001,-0.8820480249558534,0.4711595076738641,2404082.0,25.1,0.5000000000000001,0.8660254037844386,0.0,30800.0,5118.0,32600.0,272.4244376382876,17.299444198608374,5083.317499999999,28484.485,18521.925,11645.0,5408.0,7.68,4195.5337,4308.26,4.4328284,2023
2021-06-02 11:00:00+00:00,19.516077,46.29497964,-0.8738071036110806,0.4862727071086904,1628356.0,25.52,-0.9659258262890682,0.258819045102521,1.0,51550.0,5068.5,41185.0,306.55738978428974,17.072833167182072,5979.965,22409.0775,18939.1,9348.0,5434.0,4371.06,2386323.5,2041.65,2.5698636,2021
2022-03-26 12:00:00+00:00,14.611396,80.46928043999999,0.107381346664163,0.994217906893952,1369050.0,101.66666666666669,-1.0,1.2246467991473532e-16,0.0,48750.0,6053.3,29875.0,189.38260966625964,10.66233332951864,3779.775000000001,18217.2425,16990.6,11069.0,2543.0,8000.84,2481729.8,5336.53,5.9243703,2022
2018-08-05 11:00:00+00:00,26.545273,15.1252596,-0.8287700871745037,-0.5595892624101767,2817640.0,22.38,-0.9659258262890682,0.258819045102521,0.0,45250.0,6553.3,39156.0,150.91051707366708,20.839749932289152,5919.129999999999,23291.025,23056.7,12862.0,2705.0,4788.04,2767094.8,1279.05,2.2970152,2018
2020-10-09 11:00:00+00:00,16.097258,17.2389636,0.1585593851031347,-0.9873494423939864,2964842.0,13.9,-0.9659258262890682,0.258819045102521,1.0,55100.0,6125.5,42900.0,306.7767288563289,13.675900077819827,8207.665,45764.27250000001,22231.7,19080.0,4472.0,3926.1,1392902.6,2023.33,3.0195565,2020
2023-10-02 07:00:00+00:00,16.4272,89.55725625000001,0.0215160974362222,-0.9997685019798908,2705939.0,32.7,-0.2588190451025208,0.9659258262890684,1.0,45650.0,5983.0,38525.0,160.8294227587227,18.614944510989726,7971.664999999999,34761.5625,17514.525,20229.0,2574.0,1163.71,220128.31,3208.87,3.0619488,2023
2022-09-14 11:00:00+00:00,21.221825,80.46928043999999,-0.2843591872810036,-0.9587178169872964,2252727.0,208.0,-0.9659258262890682,0.258819045102521,1.0,52550.0,7117.2,26826.0,140.19393799533802,20.125,9719.87,45795.4325,16999.925,20039.0,2335.0,6916.04,1360052.6,2236.55,1.8051246,2022
2019-04-28 15:00:00+00:00,12.205556,22.79031588,-0.4443781781046132,0.895839290734909,1004280.0,14.48,-0.7071067811865477,-0.7071067811865475,0.0,42600.0,6125.5,43965.0,267.9755582417582,12.49322234259711,7455.204999999999,34066.285,14480.5,11708.0,4523.0,3139.02,1726924.1,4068.52,4.6326084,2019
2018-10-16 09:00:00+00:00,15.558236,15.1252596,0.2595117970697994,-0.965739937654855,2504641.0,25.53,-0.7071067811865475,0.7071067811865476,1.0,53350.0,7117.2,45135.0,149.28016473341475,15.7838331328498,9195.4425,51898.38999999999,28497.0,24625.0,2143.0,1930.88,824518.3,923.97,1.1351603,2018
2023-12-31 13:00:00+00:00,9.44247,89.55725625000001,1.0,-2.4492935982947064e-16,2795844.0,31.85,-0.9659258262890684,-0.2588190451025203,0.0,49250.0,7117.2,45675.0,419.8925184648685,8.633111053042946,3953.749999999999,12130.840000000004,8203.400000000001,11821.0,4984.0,3510.55,696225.2,18847.6,9.829427,2023
2019-08-02 07:00:00+00:00,18.557688,22.79031588,-0.8565509959010037,-0.5160623910158526,2742271.0,11.3,-0.2588190451025208,0.9659258262890684,1.0,46950.0,7117.2,41489.0,192.2574513634513,20.58262499173481,8358.0825,49303.5725,27865.4,23091.0,3846.0,2090.03,713466.25,1266.24,2.0881972,2019
2023-10-05 13:00:00+00:00,20.025635,89.55725625000001,0.0730951298980768,-0.9973249731081556,2705939.0,28.45,-0.9659258262890684,-0.2588190451025203,1.0,46300.0,7011.9,41706.0,151.73741301291304,18.66633325152929,7679.685,28058.835,11612.025,18999.0,1966.0,10216.07,1865636.1,718.2,1.5811052,2023
2022-04-01 06:00:00+00:00,3.115742,80.46928043999999,0.0043035382962442,0.99999073973619,1334846.0,111.1,6.123233995736766e-17,1.0,1.0,64300.0,6053.3,31490.0,225.4912890923892,9.583555724885748,7577.567499999999,35265.935,16750.6,22241.0,5419.0,0.0,22280.293,8613.36,8.117592,2022
2020-01-05 20:00:00+00:00,5.4851637,17.2389636,0.9962981749346078,0.0859647987374464,2780215.0,12.396666666666668,0.5000000000000001,-0.8660254037844386,0.0,63650.0,7117.2,52950.0,343.33104605209604,7.239541749159496,8545.6675,31138.275,30137.4,14573.0,5567.0,0.0,0.0,1543.09,2.2675693,2020
2021-05-15 16:00:00+00:00,13.575819,46.29497964,-0.6839194216246103,0.7295575540864878,1231647.0,26.796666666666667,-0.5000000000000004,-0.8660254037844385,0.0,41700.0,6071.9,40160.0,452.4962674196174,12.825277540418831,6291.8925,41764.64000000001,3854.599999999999,14992.0,6347.0,3012.22,1092235.1,6293.46,6.83939,2021
2020-01-08 08:00:00+00:00,7.485799,17.2389636,0.9905324521322229,0.1372787721132647,2742325.0,11.8,-0.4999999999999998,0.8660254037844387,1.0,71300.0,7117.2,54515.0,328.8892456654456,7.35058323542277,10133.985,36175.395,33063.5,25556.0,5695.0,181.2,30185.857,4189.39,3.0169485,2020
2022-06-14 15:00:00+00:00,24.64515,80.46928043999999,-0.9549667548552552,0.2967128192734903,2411291.0,90.43,-0.7071067811865477,-0.7071067811865475,1.0,49050.0,6113.8,29255.0,175.5624221001221,22.13111146291097,7282.655000000001,36523.4775,20445.525,22902.0,3401.0,7352.55,2450594.8,1235.67,1.9736555,2022
2019-06-11 22:00:00+00:00,12.456458,22.79031588,-0.938377391740864,0.3456123126707335,1959725.0,11.2,0.8660254037844384,-0.5000000000000004,1.0,47100.0,7117.2,42729.0,398.0635340048841,15.99050005276998,8218.634999999998,38172.28999999999,21354.3,17193.0,6230.0,0.0,0.0,1616.34,2.1306996,2019
2018-01-27 10:00:00+00:00,6.4277115,15.1252596,0.893918596519257,0.4482293417404106,1704964.0,17.416666666666664,-0.8660254037844387,0.4999999999999999,0.0,67150.0,7117.2,58695.0,1028.1394874841722,6.986166755358376,9975.6475,58688.7225,22009.6,19844.0,6667.0,1626.37,520255.06,1557.47,0.9665359,2018
2020-07-22 17:00:00+00:00,23.65395,17.2389636,-0.9322892131745134,-0.3617137307297674,3088372.0,4.9,-0.2588190451025206,-0.9659258262890684,1.0,50200.0,7117.2,36337.0,182.46494483109484,21.95906677246092,8653.625,49626.6025,25933.7,26212.0,4740.0,1953.48,1369519.2,1683.37,1.8483881,2020
2019-12-03 23:00:00+00:00,3.8020744,22.79031588,0.8860706215341378,-0.4635502709028512,2815166.0,15.02,0.9659258262890684,-0.2588190451025207,1.0,70650.0,5008.0,45830.0,459.6146235042735,8.380833347638447,9636.91,33646.615,23376.7,15536.0,5826.0,0.0,0.0,2231.34,4.1640153,2019
2019-08-02 11:00:00+00:00,22.822662,22.79031588,-0.8565509959010037,-0.5160623910158526,2742271.0,11.3,-0.9659258262890682,0.258819045102521,1.0,50200.0,7117.2,41489.0,192.2574513634513,21.376083532969155,7483.582499999999,42630.24,28717.6,21374.0,3564.0,6087.28,2588841.5,1321.88,1.6628604,2019
2019-04-15 00:00:00+00:00,6.6949024,22.79031588,-0.2344913895704096,0.9721181966290612,921232.0,15.0,1.0,0.0,1.0,53650.0,6071.9,44430.0,213.6738077330077,11.626250108083102,7328.0525,25146.2975,18427.9,11570.0,3323.0,0.0,0.0,3427.68,5.0245814,2019
2018-12-08 00:00:00+00:00,8.5449295,15.1252596,0.9226395488404876,-0.3856634062436074,2232914.0,22.76666666666667,1.0,0.0,0.0,54500.0,6121.4,53370.0,255.91669975579973,10.281666808658168,6791.842499999999,11271.277499999997,17454.1,15035.0,4002.0,0.0,0.0,9991.75,10.306868,2018
2018-08-27 14:00:00+00:00,22.351547,15.1252596,-0.5631507242749187,-0.8263541987239094,2778684.0,25.6,-0.8660254037844386,-0.5000000000000001,1.0,48350.0,7117.2,36580.0,157.39053321123322,17.821375012397763,8655.22,36004.287500000006,26614.1,19830.0,2816.0,3802.96,1984029.0,2089.01,3.2909582,2018
2023-09-18 05:00:00+00:00,17.96742,89.55725625000001,-0.2177232303965322,-0.9760105506323682,2809675.0,34.3,0.2588190451025207,0.9659258262890684,1.0,42850.0,7028.3,42385.0,190.4693383357383,21.522666613260885,6985.385,31325.125000000004,19674.5,19861.0,2587.0,0.0,0.0,5426.61,5.4821033,2023
2021-08-22 22:00:00+00:00,17.855244,46.29497964,-0.6321034111873488,-0.7748840413670406,2655591.0,42.11666666666667,0.8660254037844384,-0.5000000000000004,1.0,39900.0,7117.2,43377.0,255.9606637362637,18.879458506902044,6142.13,32148.709999999995,15457.3,12967.0,3188.0,0.0,0.0,2541.25,3.5701134,2021
2023-10-23 02:00:00+00:00,11.952161,89.55725625000001,0.3737197147904684,-0.9275416835791968,2730776.0,49.35,0.8660254037844387,0.4999999999999999,1.0,33700.0,4215.8,41335.0,182.5081702908203,14.7469998465644,6765.695000000001,33203.60249999999,10766.6,11344.0,2402.0,0.0,0.0,5907.23,5.386005,2023
2019-01-18 21:00:00+00:00,3.143321,22.79031588,0.9523775757303976,0.304921224656289,1931241.0,22.25,0.7071067811865474,-0.7071067811865477,1.0,71750.0,7117.2,53051.0,280.9401298127798,6.141583363215128,10207.197499999998,54151.455,30378.0,19829.0,4663.0,0.0,0.0,4119.81,2.0365317,2019
2023-06-16 05:00:00+00:00,15.482679,89.55725625000001,-0.9646141756912434,0.2636654927280075,2708825.0,33.3,0.2588190451025207,0.9659258262890684,1.0,41700.0,6113.8,32635.0,258.53141969696964,18.32255543602836,7897.717500000001,47307.575,22317.95,18394.0,5644.0,815.15,135620.27,1713.2,1.5333476,2023
2022-06-13 19:00:00+00:00,20.563002,80.46928043999999,-0.9497178427914318,0.3131070409358265,2411291.0,81.0,0.2588190451025203,-0.9659258262890684,1.0,44750.0,6113.8,29255.0,175.0702204110704,21.76905610826281,9132.59,43254.4675,25766.275,22660.0,4132.0,341.26,400305.94,2355.79,2.7476099,2022
2020-04-03 02:00:00+00:00,5.5917597,17.2389636,-0.0473213883224318,0.9988797155850336,1614814.0,7.05,0.8660254037844387,0.4999999999999999,1.0,46100.0,7117.2,44485.0,230.0489971102972,10.016166567802433,6666.452499999999,20966.9225,12592.8,10226.0,3997.0,0.0,0.0,2232.47,3.5317464,2020
2020-01-08 20:00:00+00:00,8.65859,17.2389636,0.9905324521322229,0.1372787721132647,2742325.0,11.8,0.5000000000000001,-0.8660254037844386,1.0,64200.0,7117.2,52211.0,328.8892456654456,7.731083452701568,10081.4025,48332.232500000006,32999.3,21103.0,5938.0,0.0,0.0,3762.24,4.2131615,2020
2022-10-11 04:00:00+00:00,12.227349,80.46928043999999,0.1755314904214277,-0.9844738167520924,2320864.0,99.0,0.5000000000000001,0.8660254037844386,1.0,40550.0,6111.4,30230.0,169.98762566016916,15.354750076929708,8660.695,48823.52,21452.8,17355.0,2114.0,0.0,0.0,2865.13,3.385398,2022
2019-04-29 08:00:00+00:00,10.063287,22.79031588,-0.4597327394521039,0.8880573226294932,1112875.0,14.57,-0.4999999999999998,0.8660254037844387,1.0,59100.0,6125.5,46375.0,279.7320571632071,12.628916660944633,9214.575,41011.8025,25171.7,21352.0,6093.0,3390.83,1155135.2,901.43,2.3155355,2019
2019-09-23 05:00:00+00:00,14.119411,22.79031588,-0.1330147065341963,-0.9911140639934546,2650572.0,10.05,0.2588190451025207,0.9659258262890684,1.0,45350.0,7117.2,40240.0,157.59661650386647,17.598708788553868,9094.412500000002,47277.635,23521.9,20692.0,2709.0,0.0,0.0,2749.95,4.3704023,2019
2019-06-12 00:00:00+00:00,11.969171,22.79031588,-0.9441875088341992,0.3294084822245304,1959725.0,11.2,1.0,0.0,1.0,41900.0,7117.2,42729.0,398.0635340048841,15.826583623886116,7619.3175,35506.3625,20072.8,15921.0,5722.0,0.0,0.0,1849.33,2.1850746,2019
2018-02-04 12:00:00+00:00,4.7105756,15.1252596,0.8239230057575543,0.5667017562911175,1639471.0,17.923333333333332,-1.0,1.2246467991473532e-16,0.0,70150.0,7117.2,56450.0,693.5251624434723,6.342166721820831,8825.4375,47270.44,24016.3,12482.0,5886.0,2426.83,1122721.6,3950.89,5.2698417,2018
2018-12-08 22:00:00+00:00,9.750872,15.1252596,0.9226395488404876,-0.3856634062436074,2232914.0,22.76666666666667,0.8660254037844384,-0.5000000000000004,0.0,58200.0,6121.4,49830.0,255.91669975579973,10.024416685104368,7011.839999999999,11281.480000000003,20944.4,14534.0,4240.0,0.0,0.0,11763.85,11.618005,2018
2019-04-28 17:00:00+00:00,11.884528,22.79031588,-0.4443781781046132,0.895839290734909,1004280.0,14.48,-0.2588190451025206,-0.9659258262890684,0.0,47600.0,6125.5,43965.0,267.9755582417582,12.5041110780504,8581.1575,42728.875,16730.5,14869.0,5457.0,1258.18,900230.06,3195.63,4.1894736,2019
2023-09-14 17:00:00+00:00,21.227928,89.55725625000001,-0.2843591872810036,-0.9587178169872964,2818485.0,35.1,-0.2588190451025206,-0.9659258262890684,1.0,47800.0,7028.3,43980.0,187.43528652643653,22.42338879903159,9471.995,54207.05,22630.725,23065.0,3155.0,1461.28,602219.8,1064.0,1.0725925,2023
2020-04-27 11:00:00+00:00,16.02213,17.2389636,-0.4443781781046132,0.895839290734909,1740867.0,6.13,-0.9659258262890682,0.258819045102521,1.0,47000.0,5887.1,39500.0,230.62826465201465,15.604166825612385,6526.424999999999,31190.1775,18581.0,13470.0,5008.0,4363.28,2106437.8,1232.44,2.1169615,2020
2020-10-15 21:00:00+00:00,9.209527,17.2389636,0.2595117970697994,-0.965739937654855,3019708.0,14.4,0.7071067811865474,-0.7071067811865477,1.0,58150.0,6125.5,44650.0,256.75359466829457,11.639266554514569,8476.567500000001,40190.935,19025.5,17618.0,3968.0,0.0,0.0,3981.14,4.786203,2020
2020-01-04 21:00:00+00:00,6.2447596,17.2389636,0.9976303053065856,0.0688024268023198,2780215.0,12.563333333333334,0.7071067811865474,-0.7071067811865477,0.0,61550.0,7117.2,50940.0,378.0505107651608,7.706666549046836,8995.765000000001,33210.82,24459.0,13894.0,5293.0,0.0,0.0,3006.17,3.467131,2020
2023-07-28 19:00:00+00:00,21.365782,89.55725625000001,-0.8977433935342338,-0.4405187843504948,3000966.0,26.0,0.2588190451025203,-0.9659258262890684,1.0,40800.0,7117.2,34410.0,206.49344275354275,22.76844448513454,6624.28,41209.6,23993.625,19896.0,4239.0,85.24,226112.38,2795.96,4.2451377,2023
2021-07-10 06:00:00+00:00,16.068419,46.29497964,-0.9893142039703664,-0.1457991969198744,2349488.0,36.11666666666667,6.123233995736766e-17,1.0,0.0,38000.0,7117.2,36632.0,526.1645962352462,17.307999769846592,7798.000000000001,31336.54,19095.9,16578.0,5382.0,418.33,354939.94,1129.84,1.4413103,2021
2021-10-16 10:00:00+00:00,13.480449,46.29497964,0.2595117970697994,-0.965739937654855,2385992.0,86.4,-0.8660254037844387,0.4999999999999999,0.0,51450.0,6121.4,43944.0,153.37913538868537,12.749000098970203,7239.054999999999,33519.53,16492.7,13922.0,2153.0,4064.44,1229253.9,1114.14,1.2115878,2021
2020-04-26 02:00:00+00:00,10.216416,17.2389636,-0.4288919379124835,0.9033558023246844,1670557.0,5.953333333333333,0.8660254037844387,0.4999999999999999,0.0,32050.0,5890.1,40285.0,213.74661746031745,15.467458248138444,6923.465,34339.1425,14950.5,8624.0,4539.0,0.0,0.0,1584.9,1.5428536,2020
2022-02-14 07:00:00+00:00,6.913749,80.46928043999999,0.7146733860429609,0.699458327051647,1697421.0,80.0,-0.2588190451025208,0.9659258262890684,1.0,67750.0,7117.2,44666.0,253.3881357956858,7.116722199651929,8454.634999999998,29019.33,19767.2,25530.0,4198.0,47.5,4311.018,8583.46,7.0008745,2022
2023-02-10 17:00:00+00:00,6.6430497,89.55725625000001,0.7611042586607746,0.6486295610349815,1548596.0,55.3,-0.2588190451025206,-0.9659258262890684,1.0,68650.0,7117.2,45780.0,230.5559586074152,6.541166530715096,9633.58,42020.3325,26160.0,25404.0,4890.0,0.01,211512.67,2153.21,0.6984697,2023
2020-04-30 20:00:00+00:00,11.526937,17.2389636,-0.4900286664290592,0.8717063187093218,1740867.0,5.55,0.5000000000000001,-0.8660254037844386,1.0,44500.0,5110.1,38265.0,270.5751216727717,14.25512484709422,6114.050000000001,34491.955,13083.1,14457.0,5985.0,0.0,3685.3936,10732.27,7.766581,2020
2021-05-16 15:00:00+00:00,14.401292,46.29497964,-0.6963762255968722,0.717676913675962,1231647.0,26.673333333333336,-0.7071067811865477,-0.7071067811865475,0.0,38900.0,5068.5,40430.0,460.9983472934473,13.763166692521816,5179.135,31946.82,2231.400000000001,11366.0,6476.0,4434.4,1629739.9,8401.48,7.6188293,2021
2020-04-24 22:00:00+00:00,12.625798,17.2389636,-0.3975428142825558,0.9175836260593938,1670557.0,5.6,0.8660254037844384,-0.5000000000000004,0.0,43800.0,5890.1,39825.0,222.4537755392756,15.836624940236405,7411.045,20149.825,19347.8,11388.0,5049.0,0.0,0.0,1442.98,1.6141336,2020
2021-06-04 01:00:00+00:00,14.7051325,46.29497964,-0.8900275764346767,0.4559066935084588,1628356.0,25.83,0.9659258262890684,0.2588190451025207,1.0,37050.0,5068.5,40670.0,316.0978735856736,16.874944580925856,7746.0975,35449.88,18237.8,14145.0,5346.0,0.0,0.0,1458.23,0.7162494,2021
2018-01-11 04:00:00+00:00,5.5279074,15.1252596,0.9821256058680006,0.1882267098432442,1719409.0,19.27,0.5000000000000001,0.8660254037844386,1.0,57600.0,6053.3,57480.0,807.2189843711844,6.866666754086809,9602.38,59328.725,13111.3,14901.0,5830.0,0.0,0.0,1715.43,2.2371097,2018
2020-11-13 04:00:00+00:00,9.977367,17.2389636,0.6901733882429714,-0.723644038295913,3035130.0,13.9,0.5000000000000001,0.8660254037844386,1.0,45500.0,6125.5,49300.0,200.5434160968661,10.776333411534637,6641.0525,39884.0575,19233.6,14799.0,2884.0,0.0,0.0,5484.49,5.0317774,2020
2018-05-24 18:00:00+00:00,18.523052,15.1252596,-0.7883050558305252,0.615284599963328,1497111.0,22.7,-1.8369701987210292e-16,-1.0,1.0,46950.0,5068.5,46135.0,369.8716421448922,14.908666372299209,9628.735,47636.56499999999,22721.2,21168.0,7425.0,575.83,635290.25,563.97,1.4391301,2018
2022-02-05 06:00:00+00:00,4.8140364,80.46928043999999,0.8140460935082179,0.5808002734538008,1747271.0,79.63333333333334,6.123233995736766e-17,1.0,0.0,59250.0,7117.2,46731.0,243.3844269230769,6.736277845170761,6949.1525,18303.5525,16480.5,18585.0,3349.0,0.0,0.0,3461.74,4.6076803,2022
2019-11-05 05:00:00+00:00,9.629868,22.79031588,0.5702422926917867,-0.8214765533024145,2986771.0,13.33,0.2588190451025207,0.9659258262890684,1.0,51400.0,5047.5,39945.0,487.2189792022792,12.560999989509575,8920.962499999998,46610.26,10356.8,17967.0,6212.0,0.0,0.0,5087.99,4.761454,2019
2022-03-25 09:00:00+00:00,11.206828,80.46928043999999,0.1244792638867893,0.9922222094179324,1369050.0,101.0,-0.7071067811865475,0.7071067811865476,1.0,56900.0,6053.3,33435.0,199.7098277167277,9.94661106003655,6646.7175,36656.6725,19687.7,18152.0,3736.0,5976.96,1417409.1,2557.26,4.3057346,2022
2019-07-08 18:00:00+00:00,21.428247,22.79031588,-0.993746580436178,-0.1116590071216944,2673159.0,11.9,-1.8369701987210292e-16,-1.0,1.0,50500.0,7117.2,43036.0,262.7812875050875,23.464666525522865,8552.71,43868.4475,27153.2,24759.0,4964.0,788.28,767370.0,3491.54,2.8605294,2019
2019-10-08 13:00:00+00:00,18.152729,22.79031588,0.1244792638867886,-0.9922222094179324,2625151.0,9.45,-0.9659258262890684,-0.2588190451025203,1.0,51350.0,6111.4,39900.0,211.05076052096047,16.210958560307805,8810.49,37717.46000000001,22708.7,20093.0,2808.0,3873.42,1355742.2,4305.92,5.3317075,2019
2020-10-11 05:00:00+00:00,9.293484,17.2389636,0.1924515819708299,-0.9813064702716092,2964842.0,13.753333333333334,0.2588190451025207,0.9659258262890684,0.0,41000.0,6125.5,42475.0,257.29792781847783,12.86583344141643,5856.3150000000005,27480.395,10891.5,11757.0,3374.0,0.0,0.0,2959.88,6.046245,2020
2019-08-01 00:00:00+00:00,16.673716,22.79031588,-0.8653072543632061,-0.5012418134457756,2742271.0,11.25,1.0,0.0,1.0,38350.0,7117.2,39392.0,200.96256988196987,20.82304143905637,5868.7675,38311.5875,18015.2,17618.0,3367.0,0.0,0.0,1051.82,1.1632491,2019
2022-02-13 14:00:00+00:00,10.862352,80.46928043999999,0.7266075247685656,0.687052767223667,1729375.0,78.19,-0.8660254037844386,-0.5000000000000001,0.0,55250.0,7117.2,43756.0,253.03201682946687,6.9472778108384885,5523.865000000001,20507.6875,6665.9000000000015,12962.0,2722.0,3545.34,1049713.8,12823.99,8.6572275,2022
2019-02-22 23:00:00+00:00,8.089412,22.79031588,0.6118864012687244,0.7909456567567772,1319494.0,16.93,0.9659258262890684,-0.2588190451025207,0.0,60250.0,7117.2,53460.0,250.3644096459096,7.874000231424966,9602.6875,36818.677500000005,22569.0,16719.0,4266.0,0.0,0.0,4480.92,3.966708,2019
2019-08-03 15:00:00+00:00,24.750912,22.79031588,-0.847540922892831,-0.5307300481619335,2742271.0,10.89,-0.7071067811865477,-0.7071067811865475,0.0,40100.0,7117.2,41375.0,176.4046048840049,23.01891644795734,7727.66,35987.5525,21627.2,16580.0,3036.0,4314.65,2185994.5,721.18,0.83643305,2019
2019-06-12 03:00:00+00:00,11.44985,22.79031588,-0.9441875088341992,0.3294084822245304,1959725.0,11.2,0.7071067811865476,0.7071067811865476,1.0,39050.0,7117.2,42584.0,398.0635340048841,15.582416852315244,7821.955,39588.2625,20096.7,16183.0,5567.0,0.0,0.0,1939.75,1.9319268,2019
2023-10-24 12:00:00+00:00,14.457171,89.55725625000001,0.3896304495307877,-0.9209712877166348,2730776.0,47.9,-1.0,1.2246467991473532e-16,1.0,51600.0,4065.8,41335.0,219.2667132608132,14.94411102930706,5860.817499999999,42825.045,2394.525000000001,22051.0,3892.0,6497.5,1005428.56,6483.85,5.9272327,2023
2020-04-29 04:00:00+00:00,10.068704,17.2389636,-0.4749510720670499,0.8800122039735357,1740867.0,5.65,0.5000000000000001,0.8660254037844386,1.0,39150.0,5110.1,38885.0,277.70011953601954,14.551500320434569,7445.27,42547.8,13107.2,13926.0,5198.0,0.0,0.0,4710.64,5.2321067,2020
2019-07-07 03:00:00+00:00,17.514427,22.79031588,-0.9955213724144752,-0.0945367498171993,2572658.0,11.643333333333334,0.7071067811865476,0.7071067811865476,0.0,34550.0,7117.2,40877.0,267.7200666463166,22.94758335749309,6709.8775,20775.0225,19288.1,14836.0,4558.0,0.0,0.0,1063.35,1.9777752,2019
2023-08-25 17:00:00+00:00,22.65378,89.55725625000001,-0.5912614448635782,-0.8064799463209447,2829706.0,36.1,-0.2588190451025206,-0.9659258262890684,1.0,48550.0,6962.4,35872.0,189.4657919025419,24.309111065334736,7904.747499999999,47103.58500000001,19184.475,23637.0,3445.0,1975.83,849047.94,4959.81,4.4663324,2023
2022-03-15 01:00:00+00:00,8.91005,80.46928043999999,0.2926003356333486,0.9562348265919056,1375108.0,114.15,0.9659258262890684,0.2588190451025207,1.0,52950.0,6053.3,36005.0,281.3082191290192,8.59205561214023,8124.617499999999,42776.415,7986.4,13942.0,2745.0,0.0,0.0,5530.85,6.550496,2022
2020-01-25 15:00:00+00:00,8.18071,17.2389636,0.9088176373395028,0.4171936026123168,2426891.0,10.493333333333334,-0.7071067811865477,-0.7071067811865475,0.0,63900.0,7117.2,50390.0,289.3406070614571,6.643916805585225,10417.0425,51188.1075,27463.0,17887.0,5145.0,781.97,570093.2,1792.06,2.7450411,2020
2018-12-23 02:00:00+00:00,9.331844,15.1252596,0.9905324521322229,-0.1372787721132651,2085932.0,24.19333333333333,0.8660254037844387,0.4999999999999999,0.0,46850.0,5076.1,51510.0,407.8773824786324,9.043944517771404,7389.372499999999,19852.397500000003,18082.1,10581.0,4867.0,0.0,0.0,3020.52,5.233374,2018
2021-05-14 02:00:00+00:00,9.111111,46.29497964,-0.6712599575675313,0.7412220108485958,1231647.0,26.92,0.8660254037844387,0.4999999999999999,1.0,38900.0,7117.2,40705.0,449.27839430199424,12.394111050499802,7302.295,36775.5125,13546.5,13714.0,6511.0,0.0,0.0,2905.11,4.058745,2021
2023-10-05 20:00:00+00:00,15.483025,89.55725625000001,0.0730951298980768,-0.9973249731081556,2705939.0,28.45,0.5000000000000001,-0.8660254037844386,1.0,42350.0,7011.9,41706.0,151.73741301291304,18.28633313708836,7242.665,39558.9525,24578.65,17628.0,2390.0,0.0,0.0,1488.53,0.9466159,2023
2020-09-01 21:00:00+00:00,15.785027,17.2389636,-0.4749510720670502,-0.8800122039735356,2975651.0,10.7,0.7071067811865474,-0.7071067811865477,1.0,45900.0,6071.9,33535.0,259.7084399674399,17.722833251953134,8628.87,42567.085,19399.7,15451.0,3512.0,0.0,0.0,2641.14,2.5050244,2020
2020-10-29 11:00:00+00:00,13.919025,17.2389636,0.4825077417612184,-0.875891705144243,3041148.0,13.82,-0.9659258262890682,0.258819045102521,1.0,59050.0,6125.5,45242.0,350.861166035816,11.573083480199166,8282.635,29192.89,22358.2,19284.0,5469.0,3185.5,1058911.1,5448.7,6.4830627,2020
2018-09-13 06:00:00+00:00,15.963217,15.1252596,-0.300819807635668,-0.9536809966304456,2678886.0,26.55,6.123233995736766e-17,1.0,1.0,49900.0,7117.2,48510.0,156.99191984126983,17.183833058675127,10508.285,67837.7325,27757.0,25200.0,2988.0,93.79,33816.46,1768.67,2.8141978,2018
2023-03-14 10:00:00+00:00,9.441706,89.55725625000001,0.3090169943749474,0.9510565162951536,1437424.0,45.63,-0.8660254037844387,0.4999999999999999,1.0,55589.0,7117.2,35550.0,451.92836806180935,11.246999846564398,6790.195,17161.440000000002,3766.0,20968.0,5612.0,6818.93,1203815.5,14076.13,8.818508,2023
2020-11-03 12:00:00+00:00,12.275463,17.2389636,0.5560174366570438,-0.8311706263658084,3088786.0,13.7,-1.0,1.2246467991473532e-16,1.0,58550.0,6125.5,48467.0,258.3361180504681,12.205000003178917,6771.174999999999,48220.42749999999,19564.7,21258.0,4453.0,2718.42,981017.75,4690.23,5.2118835,2020
2023-04-04 23:00:00+00:00,5.1790047,89.55725625000001,-0.0473213883224318,0.9988797155850336,1512237.0,47.38,0.9659258262890684,-0.2588190451025207,1.0,51350.0,7117.2,37680.0,340.00070203274987,10.825777636633982,8253.075,44036.14750000001,12981.6,13797.0,4703.0,0.0,0.0,2930.95,2.3950517,2023
2019-07-10 00:00:00+00:00,16.574072,22.79031588,-0.9893142039703664,-0.1457991969198744,2673159.0,12.5,1.0,0.0,1.0,41100.0,7117.2,41883.0,234.5371905168905,21.99674979845684,7772.995,36592.55,19068.7,18844.0,4127.0,0.0,0.0,2811.48,2.898928,2019
2020-10-12 01:00:00+00:00,8.815796,17.2389636,0.209314645963048,-0.9778483415056568,3019708.0,13.68,0.9659258262890684,0.2588190451025207,1.0,42200.0,6125.5,42805.0,267.5914591168091,12.599966526031489,6558.8525,33782.955,11244.6,11108.0,3186.0,0.0,0.0,3376.69,5.143918,2020
2021-05-15 09:00:00+00:00,12.303484,46.29497964,-0.6839194216246103,0.7295575540864878,1231647.0,26.796666666666667,-0.7071067811865475,0.7071067811865476,0.0,46650.0,6071.9,39795.0,452.4962674196174,12.023222128550216,7357.92,31922.7175,7200.599999999999,13325.0,6185.0,2655.15,1153056.2,5315.51,5.5433235,2021
2021-12-15 10:00:00+00:00,7.2328005,46.29497964,0.9623090774541484,-0.271958157534106,2010670.0,127.0,-0.8660254037844387,0.4999999999999999,1.0,75350.0,6105.9,43885.0,382.1939527472527,5.802111069361369,10456.705,52600.037500000006,24732.8,25721.0,5602.0,2916.01,516094.7,1317.65,0.61103237,2021
2020-03-22 11:00:00+00:00,9.610228,17.2389636,0.1585593851031345,0.9873494423939864,1779274.0,8.383333333333333,-0.9659258262890682,0.258819045102521,0.0,47300.0,7117.2,41309.0,353.8031874440374,10.84420835971832,3525.9450000000006,2315.0800000000017,19272.9,9288.0,5247.0,4864.28,1938033.2,8304.47,5.3783875,2020
2022-02-13 07:00:00+00:00,4.3030124,80.46928043999999,0.7266075247685656,0.687052767223667,1729375.0,78.19,-0.2588190451025208,0.9659258262890684,0.0,60000.0,7117.2,43356.0,253.03201682946687,6.37966665956709,5994.392499999999,20830.5975,13139.1,14171.0,3537.0,78.39,4674.779,8746.66,7.539329,2022
2019-10-08 17:00:00+00:00,17.067612,22.79031588,0.1244792638867886,-0.9922222094179324,2625151.0,9.45,-0.2588190451025206,-0.9659258262890684,1.0,54050.0,6111.4,40670.0,211.05076052096047,16.274624943733215,8861.785,42838.1675,25381.1,23200.0,3340.0,119.86,222323.97,3990.8,5.890526,2019
2019-09-23 06:00:00+00:00,14.019279,22.79031588,-0.1330147065341963,-0.9911140639934546,2650572.0,10.05,6.123233995736766e-17,1.0,1.0,47550.0,7117.2,40240.0,157.59661650386647,17.55587522188825,9213.37,48654.45,24875.7,22962.0,3062.0,32.15,12365.019,2519.51,4.295409,2019
2022-05-09 06:00:00+00:00,12.081748,80.46928043999999,-0.6050560696488488,0.7961828637826158,1511294.0,89.65,6.123233995736766e-17,1.0,1.0,47750.0,6125.5,28887.0,208.8328338624339,15.123388661278618,8580.509999999998,42506.59,22030.5,18983.0,5118.0,1533.73,377497.44,2094.3,2.4982767,2022
2020-02-25 08:00:00+00:00,8.043905,17.2389636,0.5702422926917871,0.8214765533024142,2008603.0,9.25,-0.4999999999999998,0.8660254037844387,1.0,67050.0,7117.2,49444.0,356.55885846560847,8.937791744867967,8033.56,29430.2425,23274.7,24577.0,6331.0,1221.03,194883.98,6441.06,7.6075687,2020
2018-12-19 23:00:00+00:00,7.0189743,15.1252596,0.9787400799669153,-0.2051044998686192,2085932.0,24.4,0.9659258262890684,-0.2588190451025207,1.0,64550.0,5076.1,54775.0,275.17183703703705,7.399333477020264,8168.684999999999,39364.3275,21274.2,17108.0,4094.0,0.0,0.0,6378.15,6.577174,2018
2023-09-19 12:00:00+00:00,20.353155,89.55725625000001,-0.2008905551306352,-0.97961369164549,2809675.0,37.55,-1.0,1.2246467991473532e-16,1.0,48450.0,7028.3,40900.0,203.1401278702779,21.36688868204752,3606.770000000001,6112.357499999998,12148.75,19792.0,3008.0,9849.87,1809586.9,8533.86,6.5966287,2023
2018-03-17 10:00:00+00:00,5.6401944,15.1252596,0.2595117970697999,0.9657399376548548,703526.0,20.35,-0.8660254037844387,0.4999999999999999,0.0,61450.0,6071.9,47330.0,569.2698140121197,6.999916593233744,8517.7475,24806.735,21372.0,17475.0,6522.0,2985.91,1126252.1,2038.14,1.9360086,2018
2018-03-15 23:00:00+00:00,7.653151,15.1252596,0.2926003356333486,0.9562348265919056,703526.0,24.3,0.9659258262890684,-0.2588190451025207,1.0,59750.0,6071.9,49985.0,574.2084539705152,8.164666612943005,9401.91,30269.7525,18332.2,16566.0,6283.0,0.0,0.0,3361.97,4.9614973,2018
2022-09-14 23:00:00+00:00,17.847204,80.46928043999999,-0.2843591872810036,-0.9587178169872964,2252727.0,208.0,0.9659258262890684,-0.2588190451025207,1.0,39400.0,7117.2,27926.0,156.7674585858586,20.248333613077783,7483.4075,30631.44,20380.0,16061.0,2080.0,0.0,0.0,2309.34,2.1432097,2022
2018-10-18 17:00:00+00:00,16.566435,15.1252596,0.2926003356333479,-0.9562348265919058,2504641.0,25.17,-0.2588190451025206,-0.9659258262890684,1.0,54300.0,7117.2,45895.0,130.0067932234432,15.514750242233276,10531.65,57128.0775,23881.3,24673.0,2070.0,27.4,139478.61,3475.1,6.426811,2018
2021-07-08 09:00:00+00:00,18.003372,46.29497964,-0.993746580436178,-0.1116590071216944,2349488.0,34.0,-0.7071067811865475,0.7071067811865476,1.0,50550.0,6111.4,41380.0,450.9296929792429,17.71116685867311,8090.022500000001,52202.84,19441.8,24222.0,5744.0,4076.8,1557755.5,1542.78,3.0014956,2021
2023-10-01 12:00:00+00:00,23.215681,89.55725625000001,0.0043035382962438,-0.99999073973619,2776356.0,34.266666666666666,-1.0,1.2246467991473532e-16,0.0,38750.0,5983.0,39416.0,159.20596513671515,19.65555524826049,2514.159999999999,7209.877499999995,5879.049999999999,8329.0,2031.0,11457.28,2109842.2,1349.8,1.830786,2023
2019-11-23 13:00:00+00:00,10.611683,22.79031588,0.7935716089521472,-0.6084768701151264,2792032.0,15.966666666666669,-0.9659258262890684,-0.2588190451025203,0.0,57900.0,5008.0,41515.0,361.672238013838,8.974416792392734,8733.997500000001,26903.76,12903.0,16868.0,4869.0,1634.34,627339.44,5037.66,0.5802272,2019
2023-07-28 20:00:00+00:00,20.495367,89.55725625000001,-0.8977433935342338,-0.4405187843504948,3000966.0,26.0,0.5000000000000001,-0.8660254037844386,1.0,41450.0,7117.2,34410.0,206.49344275354275,22.66500027974448,6698.3225,37885.505,23898.225,18462.0,4152.0,0.0,24515.566,2999.02,4.2243156,2023
2023-12-08 00:00:00+00:00,7.5717897,89.55725625000001,0.9226395488404876,-0.3856634062436074,2789836.0,38.5,1.0,0.0,1.0,58850.0,6125.5,45645.0,608.2554714285715,7.753666718800859,6507.105,28079.985,9035.225,14577.0,5993.0,0.0,0.0,7630.58,5.177557,2023
2021-08-23 05:00:00+00:00,16.06073,46.29497964,-0.6186714032625032,-0.7856498550787144,2612909.0,42.4,0.2588190451025207,0.9659258262890684,1.0,38200.0,7117.2,43377.0,255.9606637362637,17.645291487375914,7435.495000000001,43865.8775,19289.7,16315.0,3303.0,0.0,2162.3247,2642.86,3.6838133,2021
2020-01-23 01:00:00+00:00,4.7654686,17.2389636,0.9226395488404876,0.3856634062436071,2426891.0,10.43,0.9659258262890684,0.2588190451025207,1.0,68650.0,7117.2,53845.0,294.8444961334961,6.582625031471251,9465.225,47540.435,21929.5,15262.0,3933.0,0.0,0.0,5913.89,6.2346487,2020
2020-12-23 05:00:00+00:00,10.683015,17.2389636,0.9927487224577402,-0.1202080448993527,2473628.0,17.1,0.2588190451025207,0.9659258262890684,1.0,49600.0,7117.2,52010.0,380.21357138787135,8.619944413503012,8219.71,47071.68,18192.9,17905.0,5207.0,0.0,0.0,6621.96,6.95012,2020
2022-03-29 03:00:00+00:00,9.091921,80.46928043999999,0.0559169901006032,0.9984354211555644,1334846.0,108.35,0.7071067811865476,0.7071067811865476,1.0,42700.0,6053.3,31490.0,187.13525264550265,11.430111010869329,8863.747500000001,44490.37,18550.9,15286.0,2536.0,0.0,0.0,3660.19,1.4640249,2022
2020-12-29 13:00:00+00:00,5.869721,17.2389636,0.9998518392091162,-0.0172133561558352,2532396.0,19.05,-0.9659258262890684,-0.2588190451025203,1.0,68100.0,7117.2,52235.0,497.6887063899063,5.670610984166463,8708.84,40010.6875,14824.1,17887.0,5827.0,2017.99,798620.94,3898.22,5.523319,2020
2023-03-18 02:00:00+00:00,9.019275,89.55725625000001,0.2428497220959358,0.970063921851507,1437424.0,42.516666666666666,0.8660254037844387,0.4999999999999999,0.0,42950.0,7117.2,37035.0,373.2565771071923,10.282833390765711,6478.425,28918.74,12787.05,13557.0,5212.0,0.0,0.0,6482.74,5.229078,2023
2018-01-28 05:00:00+00:00,5.9400706,15.1252596,0.886070621534138,0.4635502709028509,1704964.0,17.433333333333334,0.2588190451025207,0.9659258262890684,0.0,54750.0,7117.2,57395.0,948.0772559546422,6.635083278020222,7525.665,16545.1325,14648.7,13176.0,5753.0,0.0,0.0,3091.06,3.3143027,2018
2022-02-26 16:00:00+00:00,9.396177,80.46928043999999,0.5560174366570445,0.831170626365808,1739794.0,93.67666666666666,-0.5000000000000004,-0.8660254037844385,0.0,52850.0,7117.2,43170.0,321.8547415750916,8.337222072813246,9201.007500000002,57312.7525,15863.8,16440.0,4840.0,1576.2,931657.7,5852.17,4.9805417,2022
2019-08-18 12:00:00+00:00,22.768995,22.79031588,-0.6839194216246107,-0.7295575540864874,2762882.0,9.566666666666666,-1.0,1.2246467991473532e-16,0.0,38650.0,6585.9,39698.0,180.3374769230769,20.99862504005432,6352.855,15747.765,18566.4,7730.0,2724.0,4667.32,2195056.5,6164.58,4.440021,2019
2021-06-02 10:00:00+00:00,18.968895,46.29497964,-0.8738071036110806,0.4862727071086904,1628356.0,25.52,-0.8660254037844387,0.4999999999999999,1.0,51150.0,5068.5,41185.0,306.55738978428974,16.942722108629003,5844.9075,23859.972500000003,19635.2,9764.0,5615.0,3932.02,2110872.0,1740.87,2.376224,2021
2022-12-15 02:00:00+00:00,4.3102355,80.46928043999999,0.9623090774541484,-0.271958157534106,2190805.0,135.5,0.8660254037844387,0.4999999999999999,1.0,62000.0,7117.2,42100.0,262.7620530627183,5.45025012890498,8635.65,41250.5175,11926.025,14971.0,3695.0,0.0,0.0,3687.47,2.9826722,2022
2019-04-26 08:00:00+00:00,10.411526,22.79031588,-0.4132786077829042,0.9106046300942162,1004280.0,14.3,-0.4999999999999998,0.8660254037844387,1.0,58100.0,7038.5,47165.0,293.74963793243785,12.74683324495949,8578.675,43756.9,22560.9,20943.0,6083.0,2901.38,1011257.06,1951.83,5.6151657,2019
2019-07-23 18:00:00+00:00,28.651146,22.79031588,-0.9322892131745134,-0.3617137307297674,2697155.0,10.65,-1.8369701987210292e-16,-1.0,1.0,52550.0,7117.2,40847.0,181.81790205535205,24.68920795122785,7976.3575,53626.9075,30439.7,28338.0,4642.0,710.57,825824.1,1501.41,0.8999278,2019
2021-05-13 09:00:00+00:00,12.122509,46.29497964,-0.6584015846980488,0.7526668275320085,1231647.0,26.4,-0.7071067811865475,0.7071067811865476,0.0,45150.0,7117.2,40705.0,480.0754813797314,12.264333671993676,6292.0425000000005,35252.77250000001,12062.2,19050.0,6091.0,3975.89,1562383.6,4037.57,3.8073776,2021
2021-07-09 18:00:00+00:00,20.39512,46.29497964,-0.99167731989929,-0.1287481774525806,2349488.0,36.85,-1.8369701987210292e-16,-1.0,1.0,45650.0,7117.2,40972.0,517.8795501017499,19.45474998156229,8652.515,51249.8825,21705.0,24586.0,5875.0,2636.58,762984.3,821.7,1.7939582,2021
2023-09-14 18:00:00+00:00,20.050533,89.55725625000001,-0.2843591872810036,-0.9587178169872964,2818485.0,35.1,-1.8369701987210292e-16,-1.0,1.0,46950.0,7028.3,43980.0,187.43528652643653,22.363222334120028,9365.9725,53047.985,25986.35,22669.0,3196.0,34.65,189127.48,1244.3,1.5632548,2023
2023-03-06 23:00:00+00:00,5.0393324,89.55725625000001,0.436651231956064,0.8996308696522433,1351720.0,43.5,0.9659258262890684,-0.2588190451025207,1.0,61200.0,7117.2,37389.0,192.2992178546896,7.783999972873254,6076.432499999999,20175.772500000003,18503.05,15188.0,2596.0,0.0,0.0,5538.83,4.592535,2023
2023-08-25 06:00:00+00:00,19.47565,89.55725625000001,-0.5912614448635782,-0.8064799463209447,2829706.0,36.1,6.123233995736766e-17,1.0,1.0,44200.0,6888.5,35387.0,189.4657919025419,24.505111376444493,8730.2925,42612.3225,23380.425,20154.0,3303.0,729.52,125749.19,2798.92,2.637208,2023
2021-04-03 02:00:00+00:00,7.6909194,46.29497964,-0.0301203048469081,0.9995462806873572,961615.0,19.5,0.8660254037844387,0.4999999999999999,0.0,40650.0,6111.4,41395.0,249.31851271876272,11.445944362216514,5590.9925,24254.775,12400.9,11531.0,4309.0,0.0,0.0,6592.62,5.6364717,2021
2018-03-24 07:00:00+00:00,5.318658,15.1252596,0.1415402952170432,0.989932495087353,643391.0,19.2,-0.2588190451025208,0.9659258262890684,0.0,61650.0,6071.9,43550.0,433.37646319133546,6.519500017166137,9290.0,54559.130000000005,11341.5,16469.0,5641.0,575.61,184899.45,2145.66,2.248327,2018
2020-02-26 17:00:00+00:00,6.772388,17.2389636,0.5560174366570445,0.831170626365808,2008603.0,9.5,-0.2588190451025206,-0.9659258262890684,1.0,67750.0,7117.2,47944.0,384.0378834554334,8.873833378156021,9643.462499999998,52166.2625,20471.8,24489.0,7067.0,54.29,318538.44,6895.42,8.885241,2020
2022-12-16 17:00:00+00:00,4.0034165,80.46928043999999,0.9668478136052776,-0.2553532951161872,2190805.0,119.0,-0.2588190451025206,-0.9659258262890684,1.0,74750.0,7117.2,42100.0,316.01599466821415,6.122416734695434,11659.76,67337.955,24978.025,24759.0,6949.0,0.0,6897.6465,2797.63,2.9468384,2022
2022-02-25 17:00:00+00:00,8.044337,80.46928043999999,0.5702422926917871,0.8214765533024142,1739794.0,89.95,-0.2588190451025206,-0.9659258262890684,1.0,63650.0,7117.2,44196.0,342.7383049857549,8.669444455040827,10907.5475,39552.1975,18706.6,24255.0,6533.0,81.59,360283.4,2998.96,3.8706086,2022
2023-09-29 20:00:00+00:00,17.66149,89.55725625000001,-0.0301203048469083,-0.9995462806873572,2776356.0,37.4,0.5000000000000001,-0.8660254037844386,1.0,42450.0,5983.0,41831.0,169.58058755503757,19.73272212346396,8313.56,29049.455,23087.675,17365.0,2693.0,0.0,0.0,2249.89,2.323681,2023
2019-01-16 13:00:00+00:00,8.333899,22.79031588,0.9623090774541486,0.2719581575341055,1931241.0,21.7,-0.9659258262890684,-0.2588190451025203,1.0,72700.0,7117.2,54037.0,299.659858099308,6.286749919255573,9475.4,41732.3875,31530.4,23612.0,4560.0,2416.21,933881.25,4068.47,5.1455555,2019
2023-08-22 13:00:00+00:00,27.716467,89.55725625000001,-0.6321034111873488,-0.7748840413670406,2829706.0,43.2,-0.9659258262890684,-0.2588190451025203,1.0,50650.0,6947.5,33424.0,172.7614137991638,25.807666566636843,4697.385000000001,23157.5625,13903.55,18829.0,2309.0,11303.8,2703322.2,1026.0700000000002,1.1541156,2023
2018-03-17 06:00:00+00:00,4.2530537,15.1252596,0.2595117970697999,0.9657399376548548,703526.0,20.35,6.123233995736766e-17,1.0,0.0,55900.0,6071.9,47330.0,569.2698140121197,7.065250039100647,7344.117499999999,25990.237500000003,15783.9,16383.0,6100.0,13.35,1970.6093,1605.38,1.4003835,2018
2022-06-13 18:00:00+00:00,21.609632,80.46928043999999,-0.9497178427914318,0.3131070409358265,2411291.0,81.0,-1.8369701987210292e-16,-1.0,1.0,47400.0,6113.8,29255.0,175.0702204110704,21.881166352166066,9299.35,42055.985,24346.2,23131.0,4416.0,1544.06,905210.94,1988.87,2.590151,2022
2020-02-26 22:00:00+00:00,5.3745246,17.2389636,0.5560174366570445,0.831170626365808,2008603.0,9.5,0.8660254037844384,-0.5000000000000004,1.0,67000.0,7117.2,47944.0,384.0378834554334,8.66670838991801,8701.720000000001,37195.645,19658.2,17159.0,6310.0,0.0,0.0,5253.74,6.096973,2020
2021-05-15 23:00:00+00:00,11.486711,46.29497964,-0.6839194216246103,0.7295575540864878,1231647.0,26.796666666666667,0.9659258262890684,-0.2588190451025207,0.0,42650.0,5068.5,40160.0,460.9983472934473,12.408889240688753,5657.09,32484.5175,9144.6,10772.0,6238.0,0.0,0.0,4724.09,6.239397,2021
2020-03-20 22:00:00+00:00,9.024116,17.2389636,0.1924515819708299,0.9813064702716092,1779274.0,8.75,0.8660254037844384,-0.5000000000000004,1.0,51100.0,7117.2,42499.0,413.971215079365,11.393333196640013,7208.977500000001,32626.2475,19409.2,13833.0,6765.0,0.0,0.0,6217.61,5.8842864,2020
2018-08-26 09:00:00+00:00,17.375683,15.1252596,-0.5772916165517278,-0.8165380514459157,2837907.0,25.45,-0.7071067811865475,0.7071067811865476,0.0,38550.0,7117.2,31855.0,148.39552541717543,16.7924998283386,6632.34,27438.415,19948.5,10672.0,2400.0,3532.38,1493114.0,1517.72,2.4323306,2018
2021-10-17 08:00:00+00:00,11.274729,46.29497964,0.276096973097468,-0.961129783872301,2385992.0,85.8,-0.4999999999999998,0.8660254037844387,0.0,47950.0,6121.4,44130.0,150.3794877696378,12.389222304026289,7415.73,36121.095,17519.8,11941.0,2178.0,277.97,413856.44,2329.32,2.9088886,2021
2020-03-22 20:00:00+00:00,8.587426,17.2389636,0.1585593851031345,0.9873494423939864,1779274.0,8.383333333333333,0.5000000000000001,-0.8660254037844386,0.0,48250.0,7117.2,42219.0,353.8031874440374,11.217750032742808,6434.087500000001,29357.965,23542.8,13679.0,5881.0,0.0,0.0,8578.81,6.1929836,2020
2021-08-06 02:00:00+00:00,17.018135,46.29497964,-0.8190148866680799,-0.5737722679043247,2607829.0,42.9,0.8660254037844387,0.4999999999999999,1.0,32400.0,7117.2,39475.0,420.15629780219774,17.669708331425973,5409.7125,34044.055,19081.9,13761.0,4165.0,0.0,0.0,7408.66,6.63143,2021
2023-10-01 13:00:00+00:00,23.771555,89.55725625000001,0.0043035382962438,-0.99999073973619,2776356.0,34.266666666666666,-0.9659258262890684,-0.2588190451025203,0.0,37650.0,5983.0,39416.0,159.20596513671515,19.856555620829266,3120.7575,9930.015,5303.575000000001,9028.0,2032.0,10752.26,2060511.8,1367.94,1.7060181,2023
2020-12-22 07:00:00+00:00,10.716377,17.2389636,0.9905324521322229,-0.1372787721132651,2473628.0,17.45,-0.2588190451025208,0.9659258262890684,1.0,61150.0,7117.2,52010.0,352.42741294261293,8.358611265818277,8066.23,27639.1775,27061.1,23082.0,5049.0,0.0,30.501196,9415.04,6.607743,2020
2019-12-05 10:00:00+00:00,5.4505563,22.79031588,0.9015016841318838,-0.4327755925504317,2815166.0,14.1,-0.8660254037844387,0.4999999999999999,1.0,78600.0,5008.0,44495.0,428.3993288563288,7.947083433469136,11260.245,47542.1725,25586.7,24128.0,7133.0,2406.57,529010.94,682.81,0.42461634,2019
2023-06-18 18:00:00+00:00,21.636873,89.55725625000001,-0.973118337233262,0.2303056702306122,2708825.0,35.233333333333334,-1.8369701987210292e-16,-1.0,0.0,39150.0,6113.8,32615.0,230.159197955748,20.57977761162652,7520.207499999999,40177.5175,17842.325,15606.0,5460.0,1289.79,608195.25,2690.74,2.1135576,2023
2022-06-14 10:00:00+00:00,22.058664,80.46928043999999,-0.9549667548552552,0.2967128192734903,2411291.0,90.43,-0.8660254037844387,0.4999999999999999,1.0,52450.0,6113.8,29255.0,175.5624221001221,20.86755508846704,5910.0575,27096.0325,19973.125,20879.0,3473.0,9437.48,2660364.0,1049.2,2.26778,2022
2018-08-27 01:00:00+00:00,16.113306,15.1252596,-0.5631507242749187,-0.8263541987239094,2778684.0,25.6,0.9659258262890684,0.2588190451025207,1.0,34000.0,7117.2,35505.0,157.39053321123322,17.422200298309342,5508.495000000001,23502.814999999995,19813.6,12405.0,2386.0,0.0,0.0,4324.69,4.1100082,2018
2019-08-01 06:00:00+00:00,16.61327,22.79031588,-0.8653072543632061,-0.5012418134457756,2742271.0,11.25,6.123233995736766e-17,1.0,1.0,43900.0,7117.2,39392.0,200.96256988196987,20.370417118072503,8314.5825,49139.8925,25075.5,24729.0,3559.0,932.35,287717.4,766.67,1.1166586,2019
2019-07-10 23:00:00+00:00,18.23514,22.79031588,-0.9893142039703664,-0.1457991969198744,2673159.0,12.5,0.9659258262890684,-0.2588190451025207,1.0,41950.0,7117.2,43808.0,209.47688111518107,22.6463333765666,7601.05,42125.8275,23045.1,17917.0,3622.0,0.0,0.0,1138.24,0.87720317,2019
2019-11-23 14:00:00+00:00,10.559456,22.79031588,0.7935716089521472,-0.6084768701151264,2792032.0,15.966666666666669,-0.8660254037844386,-0.5000000000000001,0.0,55900.0,5008.0,41515.0,361.672238013838,9.02900012334188,8854.762499999999,28956.29,12380.2,16769.0,4827.0,1231.4,496314.78,4785.85,0.73029584,2019
2023-09-17 03:00:00+00:00,18.314383,89.55725625000001,-0.2344913895704105,-0.9721181966290612,2818485.0,35.266666666666666,0.7071067811865476,0.7071067811865476,0.0,30800.0,7028.3,40865.0,171.4912976023976,21.52049975925024,6040.6,31730.7425,12614.35,12335.0,2488.0,0.0,0.0,3307.46,4.173137,2023
2020-04-25 03:00:00+00:00,10.795914,17.2389636,-0.4132786077829042,0.9106046300942162,1670557.0,5.776666666666666,0.7071067811865476,0.7071067811865476,0.0,33750.0,5890.1,39825.0,222.4537755392756,15.57050005594892,7106.7725,25780.13,17136.3,9265.0,4403.0,0.0,0.0,1712.67,1.5797882,2020
2020-04-10 21:00:00+00:00,12.875032,17.2389636,-0.167051625502119,0.9859481499638304,1513412.0,7.05,0.7071067811865474,-0.7071067811865477,1.0,45100.0,7030.4,42460.0,193.522282010582,14.112333138783775,6905.1275,37971.4275,16743.0,12438.0,5353.0,0.0,0.0,3041.38,2.5050707,2020
2022-05-09 18:00:00+00:00,19.215286,80.46928043999999,-0.6050560696488488,0.7961828637826158,1511294.0,89.65,-1.8369701987210292e-16,-1.0,1.0,45850.0,6125.5,28887.0,208.8328338624339,17.228111055162223,9427.7025,54291.0075,22348.9,20032.0,6007.0,993.55,645562.56,831.24,0.40211645,2022
2022-03-30 09:00:00+00:00,9.307055,80.46928043999999,0.0387222808921744,0.9992500112396836,1334846.0,115.75,-0.7071067811865475,0.7071067811865476,1.0,58400.0,6053.3,31490.0,194.9907182946683,11.464444133970472,7901.495000000001,54739.055,20935.1,23958.0,4765.0,2105.32,772692.4,1052.9,2.2095687,2022
2020-11-03 10:00:00+00:00,11.800515,17.2389636,0.5560174366570438,-0.8311706263658084,3088786.0,13.7,-0.8660254037844387,0.4999999999999999,1.0,57450.0,6125.5,48467.0,258.3361180504681,12.144583423932398,7015.129999999999,44633.85749999999,19855.5,22379.0,4502.0,2242.17,722794.44,4001.2,4.3086295,2020
2018-09-12 07:00:00+00:00,17.588835,15.1252596,-0.3171912885891059,-0.9483615800121716,2678886.0,27.6,-0.2588190451025208,0.9659258262890684,1.0,51500.0,7117.2,47700.0,158.20817232397235,17.004199886322045,9890.315,51978.48499999999,29393.8,24090.0,2880.0,954.75,369292.72,811.48,0.23647094,2018
2020-12-28 21:00:00+00:00,4.9599524,17.2389636,0.9994074007397048,-0.0344216116227458,2532396.0,18.695,0.7071067811865474,-0.7071067811865477,1.0,64200.0,7117.2,50935.0,399.8442234228734,5.488222254647151,9107.9175,45445.535,16053.6,14419.0,5976.0,0.0,0.0,6118.78,6.995799,2020
2019-08-17 17:00:00+00:00,22.581728,22.79031588,-0.6963762255968724,-0.7176769136759618,2762882.0,9.583333333333334,-0.2588190451025206,-0.9659258262890684,0.0,39300.0,7117.2,38614.0,184.8455845543345,20.94754219055176,7035.785,35899.1775,20234.9,14851.0,3094.0,1288.07,799301.94,2371.93,4.618743,2019
2022-02-03 14:00:00+00:00,10.058898,80.46928043999999,0.8335557718385699,0.5524353131676196,1747271.0,77.6,-0.8660254037844386,-0.5000000000000001,1.0,66850.0,7117.2,48656.0,258.3570488807489,6.513388898637559,9493.605,51286.715,20464.2,24281.0,4195.0,3258.61,979175.5,2301.74,4.0160365,2022
2021-12-15 02:00:00+00:00,6.0106845,46.29497964,0.9623090774541484,-0.271958157534106,2010670.0,127.0,0.8660254037844387,0.4999999999999999,1.0,59900.0,6105.9,43885.0,382.1939527472527,5.968833287556968,7267.869999999999,36718.3925,20300.3,15461.0,4235.0,0.0,0.0,1294.04,0.45588326,2021
2018-08-28 12:00:00+00:00,23.624586,15.1252596,-0.5488429582847199,-0.8359254794186365,2778684.0,25.75,-1.0,1.2246467991473532e-16,1.0,51850.0,7117.2,37470.0,163.32583933658935,18.28125,9397.1725,49176.19,25682.1,22435.0,2821.0,4846.93,2559284.0,669.52,1.5902637,2018
2021-03-11 00:00:00+00:00,8.592961,46.29497964,0.3576982388331257,0.9338372288229252,1176034.0,18.2,1.0,0.0,1.0,58100.0,7117.2,44725.0,265.31124654049654,7.967083215713501,5484.1,11103.835,16765.6,15056.0,3867.0,0.0,0.0,12373.98,9.673158,2021
2020-05-01 07:00:00+00:00,11.421278,17.2389636,-0.5049610547215204,0.8631421280499114,1740867.0,5.25,-0.2588190451025208,0.9659258262890684,0.0,37750.0,5110.1,37350.0,279.5630402930403,13.692791859308896,5609.065,12898.872500000003,3462.7000000000007,6868.0,5479.0,1456.53,503042.3,5628.22,7.380292,2020
2023-12-29 00:00:00+00:00,9.031378,89.55725625000001,0.9994074007397048,-0.0344216116227458,2795844.0,31.85,1.0,0.0,1.0,49750.0,7117.2,43950.0,480.4434224627225,8.476444456312393,3675.6349999999993,1098.0974999999962,19162.075,9711.0,5267.0,0.0,0.0,12779.19,7.391119,2023
2019-11-23 11:00:00+00:00,10.168727,22.79031588,0.7935716089521472,-0.6084768701151264,2792032.0,15.966666666666669,-0.9659258262890682,0.258819045102521,0.0,61000.0,5008.0,41515.0,361.672238013838,8.884500165780391,8681.269999999999,25955.445000000007,13480.2,18262.0,5276.0,1826.27,609455.5,5227.56,0.30512813,2019
2018-08-07 11:00:00+00:00,26.65086,15.1252596,-0.8090169943749475,-0.587785252292473,2837239.0,22.73,-0.9659258262890682,0.258819045102521,1.0,53700.0,7117.2,38436.0,174.68034747659752,21.04825031757354,8130.539999999999,46457.6825,30149.0,19657.0,3602.0,4217.64,2469464.8,1746.71,1.8449242,2018
2022-12-14 06:00:00+00:00,4.6704493,80.46928043999999,0.9574851883550392,-0.288482432880609,2190805.0,133.0,6.123233995736766e-17,1.0,1.0,73900.0,7117.2,42100.0,240.38958604471216,5.000000019868216,11144.7375,55846.77,14984.5,23323.0,4873.0,0.0,0.0,2617.16,0.7730395,2022
2021-05-13 15:00:00+00:00,13.662922,46.29497964,-0.6584015846980488,0.7526668275320085,1231647.0,26.4,-0.7071067811865477,-0.7071067811865475,0.0,38700.0,7117.2,40705.0,480.0754813797314,14.026999791463178,6172.207499999999,33427.48,10351.5,20019.0,6230.0,5003.86,1735802.9,3886.87,4.608303,2021
2019-11-22 17:00:00+00:00,9.834374,22.79031588,0.7829801036770624,-0.622046748440868,2792032.0,15.65,-0.2588190451025206,-0.9659258262890684,1.0,70550.0,5008.0,44010.0,318.25844898249903,8.59987481435141,9941.2,53255.92999999999,21163.1,24753.0,5691.0,0.0,8127.9346,9895.77,7.9081726,2019
2023-09-19 02:00:00+00:00,16.029396,89.55725625000001,-0.2008905551306352,-0.97961369164549,2809675.0,37.55,0.8660254037844387,0.4999999999999999,1.0,34100.0,7028.3,40220.0,203.1401278702779,21.12138885921899,4516.965,10927.189999999997,19153.375,14829.0,3068.0,0.0,0.0,4697.11,5.754673,2023
2020-10-12 21:00:00+00:00,10.320338,17.2389636,0.209314645963048,-0.9778483415056568,3019708.0,13.68,0.7071067811865474,-0.7071067811865477,1.0,55650.0,6125.5,42805.0,267.5914591168091,12.472699991861976,7455.905000000001,49232.12,17523.2,16109.0,3879.0,0.0,0.0,3598.3,3.4479835,2020
2019-08-17 12:00:00+00:00,22.482634,22.79031588,-0.6963762255968724,-0.7176769136759618,2762882.0,9.583333333333334,-1.0,1.2246467991473532e-16,0.0,40350.0,7117.2,37401.0,184.8455845543345,20.542542060216245,6436.630000000001,19082.737500000003,20579.2,9027.0,2804.0,5182.44,1959214.5,3753.0,5.168588,2019
2019-12-05 19:00:00+00:00,5.446477,22.79031588,0.9015016841318838,-0.4327755925504317,2815166.0,14.1,0.2588190451025203,-0.9659258262890684,1.0,77000.0,5008.0,44495.0,428.3993288563288,7.995958189169567,9299.0475,40003.26,29356.7,23351.0,7033.0,0.0,0.0,1965.34,2.6110241,2019
2019-02-24 01:00:00+00:00,5.925381,22.79031588,0.5842981736283684,0.811539059007361,1319494.0,16.87666666666667,0.9659258262890684,0.2588190451025207,0.0,54800.0,7117.2,52824.0,229.16613284493283,8.140583435694378,8189.724999999999,36046.395,18080.1,12679.0,3493.0,0.0,0.0,3105.92,3.5939684,2019
2019-01-30 16:00:00+00:00,4.627955,22.79031588,0.869589389346611,0.4937755501599771,1591274.0,20.15,-0.5000000000000004,-0.8660254037844385,1.0,77350.0,7117.2,55337.0,303.3764901709402,6.09333336353302,11734.285,46633.235,22754.7,27205.0,5061.0,164.38,335176.66,3596.48,5.5025544,2019
2022-02-26 00:00:00+00:00,4.067856,80.46928043999999,0.5560174366570445,0.831170626365808,1739794.0,93.67666666666666,1.0,0.0,0.0,61500.0,7117.2,44196.0,321.8547415750916,8.137722200817533,9064.2,30521.897500000003,16330.6,14986.0,5536.0,0.0,0.0,2255.7,2.4408557,2022
2022-02-04 14:00:00+00:00,9.285905,80.46928043999999,0.8239230057575543,0.5667017562911175,1747271.0,80.2,-0.8660254037844386,-0.5000000000000001,1.0,65550.0,7117.2,48656.0,258.06962435897435,6.733277824189929,7692.4,28615.1125,21627.0,23785.0,3693.0,2370.77,819175.5,9902.5,5.91408,2022
2023-09-27 21:00:00+00:00,17.980122,89.55725625000001,-0.0645084494493171,-0.9979171608653922,2776356.0,40.0,0.7071067811865474,-0.7071067811865477,1.0,44450.0,5983.0,39656.0,184.11790325415325,19.197999742296023,5254.794999999999,28042.945000000003,21180.25,16904.0,2649.0,0.0,0.0,5891.93,4.0743713,2023
2020-04-03 22:00:00+00:00,7.115785,17.2389636,-0.0473213883224318,0.9988797155850336,1614814.0,7.05,0.8660254037844384,-0.5000000000000004,0.0,51750.0,7117.2,43865.0,223.77081448921453,10.673916578292843,7643.645,40870.1425,18475.2,10574.0,5712.0,0.0,0.0,1136.27,1.528455,2020
2022-09-24 08:00:00+00:00,14.289999,80.46928043999999,-0.1159345995955006,-0.9932568492674144,2254828.0,168.33333333333334,-0.4999999999999998,0.8660254037844387,0.0,42200.0,7117.2,28155.0,139.61278335275836,15.791583379109692,7486.687500000001,43327.585,12205.875,15967.0,2116.0,2316.6,437802.72,1659.31,1.9389231,2022
2020-01-30 04:00:00+00:00,7.296285,17.2389636,0.869589389346611,0.4937755501599771,2194236.0,9.9,0.5000000000000001,0.8660254037844386,1.0,59150.0,7117.2,51620.0,336.7199318070818,7.16479160388311,7357.94,18507.035,15355.1,16182.0,4225.0,0.0,0.0,5230.69,6.300756,2020
2018-08-07 04:00:00+00:00,19.73736,15.1252596,-0.8090169943749475,-0.587785252292473,2837239.0,22.73,0.5000000000000001,0.8660254037844386,1.0,39200.0,7117.2,38151.0,174.68034747659752,21.28380022048952,8549.0775,55304.335,23044.8,16189.0,2949.0,0.0,0.17504273,1781.48,1.0104802,2018
2018-08-05 13:00:00+00:00,27.712774,15.1252596,-0.8287700871745037,-0.5595892624101767,2817640.0,22.38,-0.9659258262890684,-0.2588190451025203,0.0,41950.0,6553.3,39156.0,150.91051707366708,21.704875469207764,5633.52,23502.7125,23692.0,13029.0,2602.0,4591.99,2885889.2,1249.71,2.4572444,2018
2020-11-01 10:00:00+00:00,15.235857,17.2389636,0.5270777086423716,-0.8498170915275282,3041148.0,13.3,-0.8660254037844387,0.4999999999999999,0.0,45350.0,6125.5,44530.0,275.8959351648352,11.595791896184288,5768.304999999999,30030.680000000008,14257.1,12106.0,4556.0,3017.84,573758.3,11149.79,7.2108836,2020
2022-02-01 17:00:00+00:00,8.236498,80.46928043999999,0.8520775211013093,0.5234156073655503,1747271.0,75.9,-0.2588190451025206,-0.9659258262890684,1.0,74250.0,7117.2,48191.0,219.9959107041108,5.616111040115357,8898.58,23667.3625,19842.3,25734.0,4109.0,0.0,94797.72,10821.58,8.122712,2022
2022-10-13 07:00:00+00:00,12.930052,80.46928043999999,0.209314645963048,-0.9778483415056568,2320864.0,85.0,-0.2588190451025208,0.9659258262890684,1.0,49450.0,6111.4,29934.0,161.14440331858157,15.119499842325842,9226.86,51905.98999999999,22873.275,21618.0,2392.0,395.36,92942.2,3385.09,2.812071,2022
2018-10-16 03:00:00+00:00,12.842373,15.1252596,0.2595117970697994,-0.965739937654855,2504641.0,25.53,0.7071067811865476,0.7071067811865476,1.0,38700.0,7117.2,45135.0,149.28016473341475,15.932333787282287,8328.3375,49089.0875,21914.9,15435.0,1983.0,0.0,0.0,1932.99,1.515039,2018
2022-12-14 02:00:00+00:00,4.6600175,80.46928043999999,0.9574851883550392,-0.288482432880609,2190805.0,133.0,0.8660254037844387,0.4999999999999999,1.0,64050.0,7117.2,42100.0,240.38958604471216,4.9271667699019135,8613.4,38861.850000000006,5693.0,15040.0,3306.0,0.0,0.0,2998.41,1.8280644,2022
2019-08-03 01:00:00+00:00,17.375725,22.79031588,-0.847540922892831,-0.5307300481619335,2742271.0,10.89,0.9659258262890684,0.2588190451025207,0.0,34350.0,7117.2,40745.0,176.4046048840049,21.505249659220382,6740.0175,36248.2225,21071.0,16408.0,2848.0,0.0,0.0,1577.96,2.4436014,2019
2022-02-01 21:00:00+00:00,7.8585343,80.46928043999999,0.8520775211013093,0.5234156073655503,1747271.0,75.9,0.7071067811865474,-0.7071067811865477,1.0,65400.0,7117.2,48191.0,219.9959107041108,5.652666687965394,7309.395000000001,14221.47,19717.9,19184.0,3164.0,0.0,0.0,10105.88,7.79267,2022
2023-02-09 07:00:00+00:00,0.15442209,89.55725625000001,0.7721565844991642,0.6354323008901774,1548596.0,53.97,-0.2588190451025208,0.9659258262890684,1.0,78550.0,7117.2,45555.0,231.93706387268125,5.980111045969857,10738.615,45464.1725,28564.6,26919.0,5581.0,76.55,2594.571,1468.98,0.66257674,2023
2021-12-18 07:00:00+00:00,4.439643,46.29497964,0.9750645322571948,-0.2219215130041658,2010670.0,140.93333333333334,-0.2588190451025208,0.9659258262890684,0.0,65650.0,6105.9,44225.0,277.35934126984125,5.515055609246093,9143.8875,45841.605,23175.7,20077.0,3897.0,0.0,77.52205,4266.54,4.487904,2021
2020-04-28 00:00:00+00:00,11.808501,17.2389636,-0.4597327394521039,0.8880573226294932,1740867.0,5.98,1.0,0.0,1.0,39900.0,5110.1,38585.0,257.6211333129834,15.514416615168246,6259.994999999999,39233.5075,12531.7,10945.0,5214.0,0.0,0.0,2970.8,2.5407403,2020
2022-02-02 09:00:00+00:00,8.090096,80.46928043999999,0.8429415373547828,0.5380051715382996,1747271.0,76.5,-0.7071067811865475,0.7071067811865476,1.0,72950.0,7117.2,49106.0,222.1442855921856,5.848833405309251,10637.7725,28794.44249999999,21938.8,24788.0,3940.0,2114.68,292902.9,6948.77,5.843262,2022
2023-09-28 13:00:00+00:00,22.505753,89.55725625000001,-0.0473213883224323,-0.9988797155850336,2776356.0,39.53,-0.9659258262890684,-0.2588190451025203,1.0,47350.0,5983.0,40702.0,177.03378376993376,19.40366628434921,6455.932499999999,27933.070000000007,8871.325,18293.0,2248.0,9695.24,1888810.5,1735.51,3.5651195,2023
2020-07-29 09:00:00+00:00,20.941154,17.2389636,-0.8820480249558538,-0.4711595076738635,3100546.0,4.93,-0.7071067811865475,0.7071067811865476,1.0,50800.0,7117.2,35230.0,172.18856245421244,20.18256651560464,6948.880000000001,14963.762499999995,24065.8,26730.0,4141.0,5574.87,1923773.6,446.71,0.56118745,2020
2018-08-07 00:00:00+00:00,21.391584,15.1252596,-0.8090169943749475,-0.587785252292473,2837239.0,22.73,1.0,0.0,1.0,40100.0,7117.2,38151.0,174.68034747659752,22.08570013046263,7662.3825,43750.0975,21977.5,15089.0,2894.0,0.0,0.0,1730.71,0.64127433,2018
2020-10-13 22:00:00+00:00,9.515846,17.2389636,0.226115685508288,-0.9741004551724206,3019708.0,13.25,0.8660254037844384,-0.5000000000000004,1.0,53150.0,6125.5,43570.0,260.2330453805454,12.33353322347006,6667.2275,33643.2675,18394.6,14834.0,3657.0,0.0,0.0,2849.52,2.8156183,2020
2021-02-05 07:00:00+00:00,7.7376547,46.29497964,0.8140460935082179,0.5808002734538008,1859154.0,18.45,-0.2588190451025208,0.9659258262890684,1.0,69700.0,7117.2,50435.0,1145.0499955433456,8.647166808446245,10804.0575,52448.2625,24771.0,25333.0,6512.0,13.89,997.5029,1551.27,1.9775842,2021
2021-10-17 12:00:00+00:00,15.897764,46.29497964,0.276096973097468,-0.961129783872301,2385992.0,85.8,-1.0,1.2246467991473532e-16,0.0,45400.0,6121.4,44130.0,150.3794877696378,12.937722259097628,6738.875,31092.9825,14955.0,9909.0,1721.0,6317.98,1570630.1,1654.42,2.528069,2021
2020-11-05 07:00:00+00:00,6.8679047,17.2389636,0.5842981736283683,-0.8115390590073611,3088786.0,14.4,-0.2588190451025208,0.9659258262890684,1.0,65800.0,6125.5,47742.0,240.5404167684168,9.828499952952049,10885.5325,50537.625,17331.4,24134.0,4656.0,14.18,21139.78,3403.89,5.0765386,2020
2021-08-06 06:00:00+00:00,16.813213,46.29497964,-0.8190148866680799,-0.5737722679043247,2607829.0,42.9,6.123233995736766e-17,1.0,1.0,40550.0,7117.2,39373.0,420.15629780219774,17.374541521072395,6158.107499999999,41998.33,24078.8,19127.0,4509.0,116.9,174886.16,7593.66,6.1090055,2021
2022-09-22 17:00:00+00:00,18.726013,80.46928043999999,-0.1500553983446526,-0.9886775902323404,2254828.0,170.0,-0.2588190451025206,-0.9659258262890684,1.0,48300.0,7117.2,28285.0,135.3371831973582,16.97933324178059,9459.55,58858.8425,24682.275,21577.0,2763.0,871.02,537000.1,605.49,0.33580378,2022
2018-09-05 15:00:00+00:00,22.540455,15.1252596,-0.4288919379124841,-0.9033558023246842,2718547.0,27.2,-0.7071067811865477,-0.7071067811865475,1.0,49050.0,7117.2,44251.0,156.05983872608874,17.683499813079862,10073.085,58460.48500000001,27797.0,22771.0,2275.0,3003.07,1500471.2,1214.46,2.6108131,2018
2018-05-22 17:00:00+00:00,17.942816,15.1252596,-0.766658819300159,0.6420547132365637,1497111.0,22.8,-0.2588190451025206,-0.9659258262890684,1.0,50950.0,5068.5,46035.0,361.4281544566545,14.803583463033055,9588.6375,57029.9175,26463.3,21631.0,7814.0,1280.04,1103776.4,830.65,2.9670432,2018
2021-08-22 17:00:00+00:00,21.320364,46.29497964,-0.6321034111873488,-0.7748840413670406,2655591.0,42.11666666666667,-0.2588190451025206,-0.9659258262890684,0.0,41500.0,7117.2,42805.0,222.4302127187627,19.67949978510537,7448.032499999999,36548.0625,15197.3,14858.0,3124.0,3433.05,932757.8,4430.85,3.9785655,2021
2019-11-05 10:00:00+00:00,11.006691,22.79031588,0.5702422926917867,-0.8214765533024145,2986771.0,13.33,-0.8660254037844387,0.4999999999999999,1.0,61250.0,5047.5,40710.0,487.2189792022792,12.463083505630484,9955.8425,49736.20750000001,13242.0,24672.0,6255.0,2141.58,849517.75,3008.89,4.4352455,2019
2023-02-10 16:00:00+00:00,7.8057003,89.55725625000001,0.7611042586607746,0.6486295610349815,1548596.0,55.3,-0.5000000000000004,-0.8660254037844385,1.0,63500.0,7117.2,45780.0,230.5559586074152,6.467222253481549,9586.365,43026.8275,21508.65,24958.0,3990.0,1004.38,633580.44,1763.76,0.78345436,2023
2021-07-10 23:00:00+00:00,16.390907,46.29497964,-0.9893142039703664,-0.1457991969198744,2349488.0,36.11666666666667,0.9659258262890684,-0.2588190451025207,0.0,38150.0,7117.2,36632.0,478.14771619861614,18.254500150680567,7508.7675,35563.16,19639.1,13440.0,5507.0,0.0,0.0,1572.11,2.4840136,2021
2020-08-30 05:00:00+00:00,13.433461,17.2389636,-0.5049610547215202,-0.8631421280499115,2955316.0,9.943333333333332,0.2588190451025207,0.9659258262890684,0.0,30700.0,7117.2,32675.0,180.22855498575493,17.300199826558426,5483.9325,33158.665,14177.9,11912.0,2645.0,0.02,575.5405,2655.96,4.802979,2020
2022-03-27 11:00:00+00:00,14.104359,80.46928043999999,0.0902516100310411,0.995918996147179,1369050.0,102.33333333333331,-0.9659258262890682,0.258819045102521,0.0,46500.0,6053.3,31605.0,180.4584748270248,10.927222198910185,4817.525000000001,20961.175000000003,11487.5,10457.0,2341.0,7930.18,2305385.2,1902.31,4.289261,2022
2023-09-25 12:00:00+00:00,20.83749,89.55725625000001,-0.0988201387328721,-0.9951053111006974,2776356.0,44.35,-1.0,1.2246467991473532e-16,1.0,47150.0,5983.0,39926.0,185.0064315628816,18.171666463216155,6478.0025000000005,17614.875,8747.474999999999,16875.0,2360.0,11621.61,2292995.5,436.62,0.9904523,2023
2020-05-19 10:00:00+00:00,18.3099,17.2389636,-0.7441039398713604,0.6680638642135338,2355412.0,4.22,-0.8660254037844387,0.4999999999999999,1.0,48800.0,4106.7,39030.0,295.79278431013427,15.616250356038408,6297.23,31699.1975,16459.7,17435.0,6115.0,6613.21,2577855.5,1626.29,2.8982615,2020
2019-08-19 04:00:00+00:00,16.046228,22.79031588,-0.6712599575675318,-0.7412220108485954,2777986.0,9.55,0.5000000000000001,0.8660254037844386,1.0,35900.0,7117.2,40098.0,196.8427709401709,20.286041577657063,6990.087500000001,38372.49,18765.5,12372.0,2716.0,0.0,0.0,2485.68,3.2079847,2019
2023-03-17 04:00:00+00:00,8.76749,89.55725625000001,0.2595117970697999,0.9657399376548548,1437424.0,43.7,0.5000000000000001,0.8660254037844386,1.0,45100.0,7117.2,37000.0,406.6981802100476,10.087333440780643,5874.2925,24950.0475,11114.975,15843.0,5274.0,0.0,0.0,7771.17,5.5776534,2023
2023-09-27 23:00:00+00:00,17.159319,89.55725625000001,-0.0645084494493171,-0.9979171608653922,2776356.0,40.0,0.9659258262890684,-0.2588190451025207,1.0,38550.0,5983.0,40836.0,177.03378376993376,19.094499799940326,4511.3025,24141.335,19077.925,14223.0,2662.0,0.0,0.0,4858.5,4.0979767,2023
2022-09-13 03:00:00+00:00,18.998737,80.46928043999999,-0.300819807635668,-0.9536809966304456,2252727.0,194.5,0.7071067811865476,0.7071067811865476,1.0,36700.0,7117.2,28226.0,136.9191282828283,19.650499979654946,7741.0975,31051.68,11754.3,16003.0,1938.0,0.0,0.0,2602.88,3.2660813,2022
2021-10-19 16:00:00+00:00,18.896114,46.29497964,0.3090169943749472,-0.9510565162951536,2356588.0,84.7,-0.5000000000000004,-0.8660254037844385,1.0,50750.0,6121.4,44890.0,158.05992012617014,13.921333260006367,8122.5825,44551.6975,16601.7,23385.0,2296.0,3054.26,527843.5,5603.2,6.281527,2021
2019-08-17 23:00:00+00:00,18.920252,22.79031588,-0.6963762255968724,-0.7176769136759618,2762882.0,9.583333333333334,0.9659258262890684,-0.2588190451025207,0.0,35800.0,6817.2,39008.0,180.3374769230769,20.58224987983704,6408.25,29021.8975,17917.5,10977.0,3184.0,0.0,0.0,2493.15,4.140946,2019
2023-03-16 10:00:00+00:00,11.165034,89.55725625000001,0.276096973097469,0.9611297838723007,1437424.0,42.45,-0.8660254037844387,0.4999999999999999,1.0,56800.0,7117.2,36750.0,448.4728834979031,9.75183335940043,5345.6925,29667.162500000013,5363.700000000001,17170.0,5471.0,9092.55,1532949.4,5815.38,5.154285,2023
2023-08-22 02:00:00+00:00,20.181011,89.55725625000001,-0.6321034111873488,-0.7748840413670406,2829706.0,43.2,0.8660254037844387,0.4999999999999999,1.0,35600.0,6947.5,33424.0,172.7614137991638,24.89894485473631,7122.295,36974.94500000001,19538.8,14353.0,2596.0,0.0,0.0,1780.92,1.215778,2023
2018-11-29 23:00:00+00:00,9.048422,15.1252596,0.8520775211013093,-0.5234156073655503,2227100.0,24.55,0.9659258262890684,-0.2588190451025207,1.0,59800.0,5110.1,50785.0,159.53244609279608,8.752583424250286,7810.95,27113.4975,22430.2,16474.0,2282.0,0.0,0.0,6294.65,6.589355,2018
2023-10-04 21:00:00+00:00,14.750167,89.55725625000001,0.055916990100603,-0.9984354211555644,2705939.0,32.55,0.7071067811865474,-0.7071067811865477,1.0,43850.0,6893.0,41226.0,152.4733978854479,18.66566658020021,5692.945,20181.8625,21707.925,16609.0,2299.0,0.0,0.0,1886.92,0.8950443,2023
2023-03-05 22:00:00+00:00,4.064699,89.55725625000001,0.4520722039323043,0.8919813464595485,1343353.0,44.57333333333333,0.8660254037844384,-0.5000000000000004,0.0,61000.0,7117.2,36311.0,175.5083426076339,7.828666739993626,8952.015,41081.27,21964.425,13313.0,2787.0,0.0,0.0,1347.01,1.9678328,2023
2020-02-25 11:00:00+00:00,9.604609,17.2389636,0.5702422926917871,0.8214765533024142,2008603.0,9.25,-0.9659258262890682,0.258819045102521,1.0,67050.0,7117.2,49444.0,356.55885846560847,9.000000079472859,7013.37,24898.815,18798.7,21627.0,5575.0,3185.77,1049586.1,7744.31,7.808094,2020
2020-12-30 10:00:00+00:00,4.4245086,17.2389636,1.0,-2.4492935982947064e-16,2532396.0,19.0,-0.8660254037844387,0.4999999999999999,1.0,69250.0,7117.2,52235.0,499.7033444240944,5.432500044504803,8973.955,33511.625,18974.7,18473.0,5843.0,1937.0,462614.3,3338.36,5.3748393,2020
2022-03-13 04:00:00+00:00,7.1077323,80.46928043999999,0.3253420847119803,0.9455963874271424,1420843.0,117.0,0.5000000000000001,0.8660254037844386,0.0,46350.0,6053.3,36920.0,222.2026977207977,8.54022224744161,5073.0425,23677.3325,11633.4,11862.0,2377.0,0.0,0.0,9223.46,5.8964686,2022
2022-03-31 18:00:00+00:00,6.9333935,80.46928043999999,0.0215160974362222,0.9997685019798908,1334846.0,124.75,-1.8369701987210292e-16,-1.0,1.0,60050.0,6053.3,30585.0,213.6812014245014,10.929166634877546,8639.225,31618.035,17510.1,23184.0,4792.0,736.48,252129.94,8389.93,7.042273,2022
2023-09-28 15:00:00+00:00,22.85359,89.55725625000001,-0.0473213883224323,-0.9988797155850336,2776356.0,39.53,-0.7071067811865477,-0.7071067811865475,1.0,45850.0,5983.0,40836.0,177.03378376993376,19.729110876719144,7912.717500000001,45176.3925,11590.525,19799.0,2171.0,5787.75,1311080.1,2226.2,3.5448744,2023
2018-03-15 05:00:00+00:00,7.6553245,15.1252596,0.2926003356333486,0.9562348265919056,703526.0,24.3,0.2588190451025207,0.9659258262890684,1.0,57950.0,6071.9,51315.0,526.9503540677429,7.909083286921194,8751.050000000001,45451.83249999999,14333.1,19450.0,6050.0,0.0,0.0,4465.48,6.878174,2018
2021-03-12 23:00:00+00:00,7.3570166,46.29497964,0.3415707691678556,0.9398560579418954,1176034.0,18.65,0.9659258262890684,-0.2588190451025207,0.0,58050.0,7117.2,45910.0,278.87587478632474,8.717583258946734,5893.0975,16906.235,20704.7,15046.0,4677.0,0.0,0.0,12858.12,9.911209,2021
2019-06-10 13:00:00+00:00,16.782467,22.79031588,-0.9322892131745132,0.3617137307297676,1959725.0,11.57,-0.9659258262890684,-0.2588190451025203,0.0,42450.0,7117.2,41229.0,304.574539031339,16.320000171661373,6378.442500000001,22365.155,20135.4,23457.0,5756.0,4036.51,2161288.5,2406.35,3.115877,2019
2021-08-23 09:00:00+00:00,19.017769,46.29497964,-0.6186714032625032,-0.7856498550787144,2612909.0,42.4,-0.7071067811865475,0.7071067811865476,1.0,46850.0,7117.2,43377.0,255.9606637362637,17.90866661071776,7520.942500000001,42026.1275,17252.8,19099.0,3972.0,4258.02,1467442.1,2916.94,3.7970064,2021
2023-09-16 20:00:00+00:00,19.939217,89.55725625000001,-0.2511900638848195,-0.9679377830240642,2818485.0,36.23333333333333,0.5000000000000001,-0.8660254037844386,0.0,39300.0,7028.3,41265.0,179.45179174529176,22.15533330705432,6903.2475,38438.695,19099.975,15480.0,3083.0,0.0,0.0,3421.17,3.8322632,2023
2023-03-15 06:00:00+00:00,4.6988297,89.55725625000001,0.2926003356333486,0.9562348265919056,1437424.0,44.75,6.123233995736766e-17,1.0,1.0,57850.0,6553.3,37155.0,499.3220810403768,9.859333170784836,9650.81,43821.0125,23689.85,21067.0,6127.0,17.66,2000.9791,3154.32,3.5155997,2023
2021-04-23 01:00:00+00:00,8.059327,46.29497964,-0.3657225234972692,0.9307239310379792,874649.0,20.17,0.9659258262890684,0.2588190451025207,1.0,45300.0,6111.4,39485.0,173.78255757020756,11.905777772267667,7975.412499999999,30582.07,17545.6,14031.0,2600.0,0.0,0.0,4291.59,5.133401,2021
2023-12-24 11:00:00+00:00,10.520845,89.55725625000001,0.9927487224577402,-0.1202080448993527,2761956.0,33.82,-0.9659258262890682,0.258819045102521,0.0,51650.0,7117.2,43705.0,678.8999762700262,8.923222329881456,4989.510000000002,3687.270000000004,12018.6,8353.0,5508.0,4819.63,615327.0,16015.49,7.771065,2023
2019-07-25 20:00:00+00:00,25.520054,22.79031588,-0.9192859697186104,-0.3935902766564669,2697155.0,10.3,0.5000000000000001,-0.8660254037844386,1.0,51450.0,7117.2,39952.0,179.51291133496133,25.282416423161823,8089.019999999999,39105.825,28112.0,25454.0,4059.0,0.0,34934.527,3360.94,1.3054674,2019
2022-05-09 13:00:00+00:00,20.009792,80.46928043999999,-0.6050560696488488,0.7961828637826158,1511294.0,89.65,-0.9659258262890684,-0.2588190451025203,1.0,47850.0,6125.5,28887.0,208.8328338624339,16.650222407446968,5884.677500000001,29490.137500000004,12840.6,16772.0,4039.0,9596.85,2811322.2,640.18,0.98596025,2022
2022-02-13 21:00:00+00:00,8.651897,80.46928043999999,0.7266075247685656,0.687052767223667,1729375.0,78.19,0.7071067811865474,-0.7071067811865477,0.0,58850.0,7117.2,43756.0,253.03201682946687,7.230222291416593,5896.825,19253.494999999995,15919.7,15719.0,3674.0,0.0,0.0,13338.47,7.343217,2022
2020-01-10 03:00:00+00:00,7.7078905,17.2389636,0.9852201067560606,0.1712931441814776,2742325.0,11.8,0.7071067811865476,0.7071067811865476,1.0,52200.0,7117.2,51206.0,313.46970040700046,8.125708301862081,7455.009999999999,22155.03,16761.2,14728.0,3592.0,0.0,0.0,7702.21,5.5341334,2020
2022-01-23 06:00:00+00:00,2.760094,80.46928043999999,0.9226395488404876,0.3856634062436071,1998118.0,88.83333333333333,6.123233995736766e-17,1.0,0.0,64000.0,7117.2,49251.0,246.35135089540088,4.464277697934045,8783.3075,39797.09,19550.2,14717.0,2540.0,0.0,0.0,2294.52,2.5208666,2022
2022-12-15 15:00:00+00:00,6.1207285,80.46928043999999,0.9623090774541484,-0.271958157534106,2190805.0,135.5,-0.7071067811865477,-0.7071067811865475,1.0,71700.0,7117.2,42100.0,262.7620530627183,5.823083380858104,10715.4225,57916.2225,23658.65,25541.0,5557.0,789.6,311849.56,6907.59,3.031238,2022
2020-11-04 17:00:00+00:00,9.652186,17.2389636,0.5702422926917867,-0.8214765533024145,3088786.0,13.9,-0.2588190451025206,-0.9659258262890684,1.0,64450.0,6125.5,47917.0,256.4137358363859,11.038541475931815,11477.2775,56460.16499999999,20810.4,24595.0,5366.0,0.0,40902.5,3690.62,5.080407,2020
2022-01-20 04:00:00+00:00,4.3323903,80.46928043999999,0.9413173175128472,0.3375228995941133,1998118.0,76.0,0.5000000000000001,0.8660254037844386,1.0,65450.0,7117.2,48721.0,318.1816279405779,4.56372222304344,6910.1525,18819.565,17592.5,16971.0,3782.0,0.0,0.0,3621.88,4.814535,2022
2020-04-25 13:00:00+00:00,16.579882,17.2389636,-0.4132786077829042,0.9106046300942162,1670557.0,5.776666666666666,-0.9659258262890684,-0.2588190451025203,0.0,39000.0,5890.1,39825.0,222.4537755392756,15.8159585793813,5408.265,20238.2575,15708.5,6146.0,4215.0,5602.19,2598958.5,1152.6,1.1986108,2020
2023-04-01 13:00:00+00:00,11.470561,89.55725625000001,0.0043035382962442,0.99999073973619,1508365.0,48.8,-0.9659258262890684,-0.2588190451025203,0.0,43200.0,7117.2,36698.0,331.6218696258653,12.83238882488674,6490.427500000001,17618.147500000006,-3462.650000000001,11079.0,3940.0,6758.46,1592588.8,12104.46,8.222011,2023
2020-04-28 21:00:00+00:00,11.344961,17.2389636,-0.4597327394521039,0.8880573226294932,1740867.0,5.98,0.7071067811865474,-0.7071067811865477,1.0,47600.0,5110.1,38655.0,257.6211333129834,15.104999860127757,7113.555,38648.3675,16131.8,14049.0,6156.0,0.0,0.0,3338.06,5.2857795,2020
2018-01-10 18:00:00+00:00,7.2635612,15.1252596,0.9852201067560606,0.1712931441814776,1719409.0,19.43,-1.8369701987210292e-16,-1.0,1.0,74450.0,6053.3,58560.0,877.1520770146519,7.248416582743328,11991.19,72913.0175,24596.2,23740.0,6748.0,0.0,16.497778,1516.79,4.278256,2018
2019-02-04 08:00:00+00:00,2.4469223,22.79031588,0.8239230057575543,0.5667017562911175,1474810.0,19.35,-0.4999999999999998,0.8660254037844387,1.0,84200.0,7117.2,55920.0,406.1965167887668,5.1655556095971,10327.1525,49472.315,30562.1,26563.0,6039.0,610.65,96808.37,5237.22,3.566549,2019
2019-02-24 17:00:00+00:00,11.902418,22.79031588,0.5842981736283684,0.811539059007361,1319494.0,16.87666666666667,-0.2588190451025206,-0.9659258262890684,0.0,52200.0,7117.2,54136.0,229.16613284493283,8.361500104268393,10193.29,53598.39,21333.9,18081.0,4454.0,47.48,417758.25,1552.23,3.1511767,2019
2018-08-06 22:00:00+00:00,22.496191,15.1252596,-0.8190148866680799,-0.5737722679043247,2837239.0,22.48,0.8660254037844384,-0.5000000000000004,1.0,44650.0,7117.2,38151.0,174.68034747659752,21.53962504863739,8294.412499999999,46964.1175,25718.0,16959.0,3163.0,0.0,0.0,1338.61,0.6707893,2018
2019-11-22 20:00:00+00:00,9.695783,22.79031588,0.7829801036770624,-0.622046748440868,2792032.0,15.65,0.5000000000000001,-0.8660254037844386,1.0,63750.0,5008.0,44010.0,318.25844898249903,8.65904152393341,8179.932500000001,41955.885,20809.0,20668.0,5341.0,0.0,0.0,10168.63,7.831283,2019
2018-01-28 00:00:00+00:00,6.1098084,15.1252596,0.886070621534138,0.4635502709028509,1704964.0,17.433333333333334,1.0,0.0,0.0,61250.0,7117.2,57395.0,948.0772559546422,6.897749980290731,7534.27,16168.419999999998,17969.2,13020.0,5920.0,0.0,0.0,4237.66,3.422435,2018
2019-04-27 03:00:00+00:00,8.760279,22.79031588,-0.4288919379124835,0.9033558023246844,1004280.0,14.39,0.7071067811865476,0.7071067811865476,0.0,40850.0,6125.5,44750.0,277.48008746438745,12.8737498919169,5935.8975,28508.097500000003,18244.3,12050.0,4641.0,0.0,0.0,7285.24,7.631391,2019
2022-09-16 00:00:00+00:00,16.088251,80.46928043999999,-0.2511900638848195,-0.9679377830240642,2252727.0,161.5,1.0,0.0,1.0,38250.0,7117.2,27926.0,172.6440018000518,19.92074982325237,5977.775,22267.020000000004,18212.85,14975.0,2139.0,0.0,0.0,1765.99,4.131279,2022
2020-12-29 11:00:00+00:00,5.4367995,17.2389636,0.9998518392091162,-0.0172133561558352,2532396.0,19.05,-0.9659258262890682,0.258819045102521,1.0,70200.0,7117.2,52235.0,497.6887063899063,5.568610986073814,8709.185,41376.3625,15757.0,18525.0,5943.0,2063.67,680477.9,4092.62,5.4681897,2020
2018-01-11 06:00:00+00:00,5.307693,15.1252596,0.9821256058680006,0.1882267098432442,1719409.0,19.27,6.123233995736766e-17,1.0,1.0,69850.0,6053.3,58560.0,807.2189843711844,6.841333230336506,11813.3325,73244.66,21162.1,22143.0,6306.0,0.0,0.0,1341.26,2.148801,2018
2023-06-03 13:00:00+00:00,20.599495,89.55725625000001,-0.8820480249558534,0.4711595076738641,2404082.0,25.1,-0.9659258262890684,-0.2588190451025203,0.0,39850.0,5118.0,32600.0,272.4244376382876,18.331889205508773,415.8824999999997,9661.8425,8705.675,10680.0,4255.0,10656.2,2855204.5,3630.65,3.609652,2023
2020-12-23 12:00:00+00:00,11.818905,17.2389636,0.9927487224577402,-0.1202080448993527,2473628.0,17.1,-1.0,1.2246467991473532e-16,1.0,60550.0,7117.2,52920.0,380.21357138787135,8.766000058915877,8471.585,49055.55,23125.1,22466.0,5958.0,2205.02,576098.0,10923.88,7.3961797,2020
2019-08-17 09:00:00+00:00,20.401915,22.79031588,-0.6963762255968724,-0.7176769136759618,2762882.0,9.583333333333334,-0.7071067811865475,0.7071067811865476,0.0,40700.0,7117.2,37401.0,184.8455845543345,20.107666969299306,6965.4275,24921.334999999995,21632.7,9649.0,2899.0,3993.76,1243019.1,3704.1,5.156017,2019
2020-11-05 17:00:00+00:00,10.718716,17.2389636,0.5842981736283683,-0.8115390590073611,3088786.0,14.4,-0.2588190451025206,-0.9659258262890684,1.0,63600.0,6125.5,47742.0,240.5404167684168,10.582624991734818,11741.92,54362.75749999999,19255.3,24573.0,4990.0,0.0,38257.254,5266.81,5.9109254,2020
2023-03-17 09:00:00+00:00,11.112775,89.55725625000001,0.2595117970697999,0.9657399376548548,1437424.0,43.7,-0.7071067811865475,0.7071067811865476,1.0,55800.0,7117.2,37000.0,406.6981802100476,10.093388848834593,7297.157500000001,27823.8675,8613.075,19298.0,5431.0,5408.76,985708.2,7585.89,5.968292,2023
2023-10-25 06:00:00+00:00,12.420832,89.55725625000001,0.4054257283599965,-0.914127988185334,2730776.0,49.3,6.123233995736766e-17,1.0,1.0,49800.0,4065.8,41335.0,255.1913876142376,14.52066686418319,8579.7675,47140.6275,13371.175,23804.0,4222.0,0.0,79.51316,12071.41,4.4651136,2023
2022-02-15 22:00:00+00:00,7.692986,80.46928043999999,0.702527474169157,0.7116566222817747,1697421.0,67.95,0.8660254037844384,-0.5000000000000004,1.0,65050.0,7117.2,44666.0,288.0290616198615,7.371611158053082,7261.6225,20566.4775,17983.4,18329.0,4843.0,0.0,0.0,11200.44,8.839475,2022
2021-10-17 04:00:00+00:00,9.538012,46.29497964,0.276096973097468,-0.961129783872301,2385992.0,85.8,0.5000000000000001,0.8660254037844386,0.0,41450.0,6121.4,44130.0,150.3794877696378,12.683166583379096,7207.7925,33113.185,16401.5,12172.0,1819.0,0.0,0.0,2254.19,2.6929874,2021
2019-06-09 18:00:00+00:00,17.190746,22.79031588,-0.9259247771938498,0.3777079652039649,1701147.0,11.373333333333331,-1.8369701987210292e-16,-1.0,0.0,38700.0,7117.2,41229.0,299.3918250915751,16.611000299453725,8248.712500000001,39188.545000000006,16323.1,16167.0,6148.0,568.08,575904.75,1296.94,1.5684725,2019
2022-04-26 14:00:00+00:00,14.7789955,80.46928043999999,-0.4132786077829042,0.9106046300942162,1380258.0,93.23,-0.8660254037844386,-0.5000000000000001,1.0,47350.0,5061.6,30490.0,320.3276588319088,14.41938871807524,6536.8925,43869.33,15635.5,19640.0,4980.0,6950.24,2263279.8,2237.15,2.1749003,2022
2019-08-18 16:00:00+00:00,22.514591,22.79031588,-0.6839194216246107,-0.7295575540864874,2762882.0,9.566666666666666,-0.5000000000000004,-0.8660254037844385,0.0,37550.0,7117.2,41008.0,180.3374769230769,21.2604164282481,6202.425000000001,29066.880000000005,16679.4,12319.0,2920.0,2176.53,1347264.5,3878.24,4.8632708,2019
2022-03-23 14:00:00+00:00,14.311125,80.46928043999999,0.1585593851031345,0.9873494423939864,1369050.0,109.0,-0.8660254037844386,-0.5000000000000001,1.0,51450.0,6053.3,33435.0,208.0700429385429,10.459000110626237,7375.76,41594.5,13219.4,19430.0,2846.0,7044.97,2251937.0,2185.66,4.038294,2022
2020-09-01 04:00:00+00:00,13.00205,17.2389636,-0.4749510720670502,-0.8800122039735356,2975651.0,10.7,0.5000000000000001,0.8660254037844386,1.0,38950.0,7117.2,33145.0,259.7084399674399,16.59736677805581,8875.775,49059.8875,22433.9,17092.0,3226.0,0.0,0.0,1640.95,1.864644,2020
2023-03-04 05:00:00+00:00,2.9958742,89.55725625000001,0.4673592171580022,0.8840675099433636,1343353.0,45.64666666666667,0.2588190451025207,0.9659258262890684,0.0,57250.0,6321.4,37252.0,176.7097337330946,7.263611223962576,7824.267500000001,25411.05,18466.8,15646.0,2331.0,0.0,0.0,3813.04,3.9048674,2023
2019-11-06 09:00:00+00:00,9.556291,22.79031588,0.5842981736283683,-0.8115390590073611,2986771.0,13.0,-0.7071067811865475,0.7071067811865476,1.0,62550.0,5047.5,41130.0,487.6493190272691,12.235083460807775,10864.485,57258.530000000006,19185.6,23020.0,6493.0,1536.46,483079.03,2336.13,4.884135,2019
2022-12-17 05:00:00+00:00,0.8853105,80.46928043999999,0.9711000518829505,-0.2386727660059499,2190805.0,114.75,0.2588190451025207,0.9659258262890684,0.0,63650.0,7117.2,42100.0,289.68059787209563,5.871333181858063,8305.24,42880.8075,19800.5,15272.0,4678.0,0.0,0.0,2167.1,0.9997682,2022
2018-12-08 03:00:00+00:00,8.319188,15.1252596,0.9226395488404876,-0.3856634062436074,2232914.0,22.76666666666667,0.7071067811865476,0.7071067811865476,0.0,48100.0,6121.4,52040.0,255.91669975579973,10.221944491068529,5844.52,10757.9625,15607.2,13820.0,3771.0,0.0,0.0,10219.57,10.173506,2018
2020-02-19 02:00:00+00:00,6.15388,17.2389636,0.6518989958787126,0.7583058084785624,2116585.0,9.8,0.8660254037844387,0.4999999999999999,1.0,56750.0,7117.2,51019.0,438.5154327635328,8.750249942143757,6154.782499999999,14106.872500000003,19074.1,14593.0,4861.0,0.0,0.0,9472.2,7.2744565,2020
2018-09-04 04:00:00+00:00,15.562154,15.1252596,-0.4443781781046134,-0.8958392907349089,2718547.0,26.95,0.5000000000000001,0.8660254037844386,1.0,41800.0,7117.2,43325.0,160.88971768416766,17.30939979553224,8899.815,57569.715,22582.0,17880.0,2489.0,0.0,0.0,1204.0,3.4022238,2018
2022-09-22 20:00:00+00:00,14.937583,80.46928043999999,-0.1500553983446526,-0.9886775902323404,2254828.0,170.0,0.5000000000000001,-0.8660254037844386,1.0,43450.0,7117.2,28285.0,135.3371831973582,16.30633322397866,8453.8475,47237.605,24800.825,17866.0,1847.0,0.0,0.0,955.3,0.73816043,2022
2023-12-05 16:00:00+00:00,6.9198737,89.55725625000001,0.9015016841318838,-0.4327755925504317,2789836.0,38.1,-0.5000000000000004,-0.8660254037844385,1.0,67700.0,6125.5,45475.0,624.0015778018277,7.803889168633357,11001.25,47744.005000000005,28191.65,26190.0,5759.0,83.59,120325.77,9064.55,4.5868783,2023
2023-09-12 20:00:00+00:00,18.939034,89.55725625000001,-0.3171912885891059,-0.9483615800121716,2818485.0,35.45,0.5000000000000001,-0.8660254037844386,1.0,43450.0,7043.3,41475.0,183.48340904095903,22.05988915761311,8929.002499999999,38886.775,23206.125,20296.0,2849.0,0.0,0.0,2082.86,2.7278638,2023
2021-10-17 23:00:00+00:00,11.196854,46.29497964,0.276096973097468,-0.961129783872301,2385992.0,85.8,0.9659258262890684,-0.2588190451025207,1.0,44150.0,6121.4,44130.0,152.74698516483517,13.087111102210152,6716.672500000001,33536.7775,18037.4,11342.0,2057.0,0.0,0.0,3176.3,3.6464949,2021
2019-08-03 20:00:00+00:00,21.037733,22.79031588,-0.847540922892831,-0.5307300481619335,2742271.0,10.89,0.5000000000000001,-0.8660254037844386,0.0,41100.0,7117.2,41375.0,176.4046048840049,22.699249903360982,8187.1825,42021.9625,24028.0,19489.0,3138.0,0.0,19975.592,1339.27,1.5489094,2019
2022-06-15 15:00:00+00:00,26.292706,80.46928043999999,-0.9599326896597444,0.2802306751992163,2411291.0,116.55,-0.7071067811865477,-0.7071067811865475,1.0,50150.0,6113.8,29255.0,173.31391080586084,22.853833410474987,7301.354999999999,37444.8275,23446.55,24250.0,3559.0,7582.34,2506104.5,1007.52,1.2907485,2022
2018-03-17 03:00:00+00:00,4.844874,15.1252596,0.2595117970697999,0.9657399376548548,703526.0,20.35,0.7071067811865476,0.7071067811865476,0.0,51150.0,6071.9,47330.0,569.2698140121197,7.394166787465416,6923.31,24053.1875,13894.6,14252.0,5649.0,0.0,0.0,1229.68,0.5786598,2018
2022-12-17 20:00:00+00:00,1.8757668,80.46928043999999,0.9711000518829505,-0.2386727660059499,2190805.0,114.75,0.5000000000000001,-0.8660254037844386,0.0,68850.0,7117.2,42100.0,289.68059787209563,5.709833343823755,8820.695,37313.465,24586.225,16335.0,4983.0,0.0,0.0,4904.85,3.6462488,2022
2022-03-21 09:00:00+00:00,10.204469,80.46928043999999,0.1924515819708299,0.9813064702716092,1369050.0,92.4,-0.7071067811865475,0.7071067811865476,1.0,61000.0,6053.3,36235.0,218.0101740944241,9.267166932423914,7456.134999999998,30712.02,15699.7,19668.0,3616.0,4984.49,1165955.2,3516.97,6.106786,2022
2018-08-28 14:00:00+00:00,24.43395,15.1252596,-0.5488429582847199,-0.8359254794186365,2778684.0,25.75,-0.8660254037844386,-0.5000000000000001,1.0,50100.0,7117.2,37650.0,163.32583933658935,19.149000167846687,9226.52,53549.4075,25686.4,23363.0,3056.0,4138.39,2303311.0,711.15,1.2067803,2018
2019-06-09 16:00:00+00:00,17.992653,22.79031588,-0.9259247771938498,0.3777079652039649,1701147.0,11.373333333333331,-0.5000000000000004,-0.8660254037844385,0.0,37150.0,7117.2,41229.0,299.3918250915751,16.585083087285334,7693.415000000001,37691.36,14852.8,14507.0,6262.0,2126.11,1355676.9,1012.3,0.8110283,2019
2021-06-04 09:00:00+00:00,17.521662,46.29497964,-0.8900275764346767,0.4559066935084588,1628356.0,25.83,-0.7071067811865475,0.7071067811865476,1.0,49950.0,5068.5,40670.0,316.0978735856736,16.76644452412923,7524.37,38941.05,19816.5,18347.0,6055.0,3073.03,1561120.5,1424.29,0.6267309,2021
2018-11-04 03:00:00+00:00,8.154669,15.1252596,0.5560174366570438,-0.8311706263658084,2418967.0,23.386666666666667,0.7071067811865476,0.7071067811865476,0.0,48350.0,6105.9,43725.0,137.0479409035409,10.360666592915852,7382.1425,31815.557500000003,17825.4,10521.0,2098.0,0.0,0.0,2332.88,2.5036042,2018
2023-12-08 09:00:00+00:00,7.8595114,89.55725625000001,0.9226395488404876,-0.3856634062436074,2789836.0,38.5,-0.7071067811865475,0.7071067811865476,1.0,67500.0,6125.5,45645.0,608.2554714285715,7.8635555903116865,10147.5425,47274.9475,4065.474999999999,16645.0,6383.0,1301.49,150740.78,5070.52,5.0489316,2023
2020-01-06 16:00:00+00:00,7.866363,17.2389636,0.9946708199115212,0.1031016974474348,2742325.0,12.23,-0.5000000000000004,-0.8660254037844385,1.0,70550.0,7117.2,54490.0,333.09359106634105,6.905375003814697,9675.8925,48282.975000000006,21513.8,14971.0,5714.0,57.01,211812.95,4493.54,4.521668,2020
2021-08-22 00:00:00+00:00,18.166553,46.29497964,-0.6321034111873488,-0.7748840413670406,2655591.0,42.11666666666667,1.0,0.0,0.0,36150.0,6889.3,42805.0,222.4302127187627,19.186791737874355,5939.540000000001,28894.245000000003,17144.3,11574.0,3143.0,0.0,0.0,2983.55,3.5571816,2021
2022-03-25 04:00:00+00:00,6.5954294,80.46928043999999,0.1244792638867893,0.9922222094179324,1369050.0,101.0,0.5000000000000001,0.8660254037844386,1.0,48750.0,6053.3,33435.0,199.7098277167277,10.165333509445196,8802.6,50107.105,12419.6,15592.0,3101.0,0.0,0.0,3954.88,4.5991197,2022
2020-07-29 12:00:00+00:00,23.551336,17.2389636,-0.8820480249558538,-0.4711595076738635,3100546.0,4.93,-1.0,1.2246467991473532e-16,1.0,51650.0,7117.2,35230.0,172.18856245421244,21.238299942016617,6324.9625,10174.5325,24482.2,27053.0,3833.0,6824.38,2837545.8,429.62,0.39507473,2020
2020-07-23 21:00:00+00:00,20.047607,17.2389636,-0.92592477719385,-0.3777079652039646,3088372.0,4.85,0.7071067811865474,-0.7071067811865477,1.0,49300.0,7117.2,35422.0,191.1469003866504,21.39123344421385,7200.552500000001,41006.9625,23668.7,21260.0,4218.0,0.0,90.89094,2505.07,3.1752114,2020
2020-07-31 01:00:00+00:00,20.566534,17.2389636,-0.8653072543632061,-0.5012418134457756,3100546.0,5.2,0.9659258262890684,0.2588190451025207,1.0,37700.0,7117.2,35436.0,174.90815915750915,21.76056677500407,6370.33,36496.95249999999,20945.4,16675.0,2861.0,0.0,0.0,4303.56,3.1444542,2020
2020-09-06 10:00:00+00:00,18.211657,17.2389636,-0.3975428142825566,-0.9175836260593934,2975651.0,11.426666666666668,-0.8660254037844387,0.4999999999999999,0.0,41350.0,6121.4,33385.0,181.50243724053723,17.511767005920404,6417.58,22867.965,8347.3,10505.0,2752.0,5578.71,1660488.1,1095.28,2.7326958,2020
2020-03-21 03:00:00+00:00,7.386649,17.2389636,0.1755314904214282,0.9844738167520922,1779274.0,8.566666666666666,0.7071067811865476,0.7071067811865476,0.0,41200.0,7117.2,42499.0,384.44558319088327,11.079374988873806,5289.555,23986.1525,15944.4,10139.0,5776.0,0.0,0.0,5678.4,5.9318604,2020
2018-01-12 21:00:00+00:00,5.262305,15.1252596,0.9787400799669153,0.2051044998686192,1719409.0,19.6,0.7071067811865474,-0.7071067811865477,1.0,67150.0,6053.3,56345.0,750.9399901098901,6.805750052134195,11285.5575,58215.1925,29812.3,18285.0,6258.0,0.0,0.0,1295.26,3.0640187,2018
2018-05-21 09:00:00+00:00,17.088974,15.1252596,-0.7554933140726803,0.6551563572090853,1497111.0,22.23,-0.7071067811865475,0.7071067811865476,0.0,43450.0,5068.5,40140.0,367.1867331908832,12.997833371162438,7059.012500000001,14211.192499999996,26996.3,20017.0,6996.0,3776.51,2003585.4,565.12,2.3906188,2018
2022-02-04 05:00:00+00:00,6.7830124,80.46928043999999,0.8239230057575543,0.5667017562911175,1747271.0,80.2,0.2588190451025207,0.9659258262890684,1.0,61850.0,7117.2,48656.0,258.06962435897435,6.3887222939067385,7600.482499999999,33623.7025,22215.9,19573.0,3627.0,0.0,0.0,5058.89,5.371156,2022
2022-02-13 05:00:00+00:00,4.2899237,80.46928043999999,0.7266075247685656,0.687052767223667,1729375.0,78.19,0.2588190451025207,0.9659258262890684,0.0,58200.0,7117.2,43356.0,253.03201682946687,6.430444472365909,5750.280000000001,21091.31,13347.5,13305.0,3295.0,0.0,0.0,8033.34,6.760844,2022
2018-12-08 16:00:00+00:00,10.563953,15.1252596,0.9226395488404876,-0.3856634062436074,2232914.0,22.76666666666667,-0.5000000000000004,-0.8660254037844385,0.0,56900.0,6121.4,49830.0,255.91669975579973,10.045083522796636,8334.6,21025.235,20635.5,18638.0,4360.0,31.03,112069.445,11562.49,10.311695,2018
2020-02-17 13:00:00+00:00,10.188392,17.2389636,0.6776147890466889,0.7354170229639855,2116585.0,9.38,-0.9659258262890684,-0.2588190451025203,1.0,64950.0,7117.2,51664.0,409.43124247049246,9.249916672706592,6994.767499999999,31444.39499999999,19119.7,22405.0,5231.0,2518.64,1065110.8,9695.22,8.043269,2020
2021-07-11 14:00:00+00:00,22.279701,46.29497964,-0.9866579328916572,-0.1628070129385164,2349488.0,35.38333333333333,-0.8660254037844386,-0.5000000000000001,0.0,38300.0,7117.2,36632.0,478.14771619861614,19.882833162943527,6018.23,25571.992500000004,11342.0,11409.0,5230.0,7447.27,2229097.0,772.29,1.9702063,2021
2022-09-16 14:00:00+00:00,18.835255,80.46928043999999,-0.2511900638848195,-0.9679377830240642,2252727.0,161.5,-0.8660254037844386,-0.5000000000000001,1.0,45300.0,7117.2,27926.0,172.6440018000518,19.503833452860512,5187.8525,17361.1475,12843.0,20265.0,2426.0,7011.64,1753872.4,5257.27,5.4097557,2022
2022-02-03 13:00:00+00:00,9.923676,80.46928043999999,0.8335557718385699,0.5524353131676196,1747271.0,77.6,-0.9659258262890684,-0.2588190451025203,1.0,69200.0,7117.2,48656.0,258.3570488807489,6.431777781910366,9358.645,49878.42749999999,20737.5,23026.0,4049.0,4300.73,1112341.9,2475.09,3.978429,2022
2019-11-20 22:00:00+00:00,5.8626404,22.79031588,0.7611042586607742,-0.6486295610349818,2792032.0,15.18,0.8660254037844384,-0.5000000000000004,1.0,70450.0,5008.0,41865.0,327.2656577330077,8.615708450476326,8965.970000000001,51776.1675,24441.6,17735.0,5228.0,0.0,0.0,4674.27,5.445728,2019
2020-08-30 07:00:00+00:00,14.0303955,17.2389636,-0.5049610547215202,-0.8631421280499115,2955316.0,9.943333333333332,-0.2588190451025208,0.9659258262890684,0.0,35150.0,7117.2,32675.0,180.22855498575493,17.22739976247152,5645.8,34720.5075,12798.7,12714.0,2886.0,1332.99,337295.5,2920.83,4.768367,2020
2018-02-03 22:00:00+00:00,3.8084698,15.1252596,0.8335557718385699,0.5524353131676196,1639471.0,18.096666666666668,0.8660254037844384,-0.5000000000000004,0.0,70400.0,7117.2,55150.0,742.3837471577805,6.281666596730549,10170.0125,52336.97,21239.6,14698.0,5953.0,0.0,0.0,1371.37,3.4499576,2018
2022-04-27 16:00:00+00:00,15.187203,80.46928043999999,-0.4288919379124835,0.9033558023246844,1380258.0,108.35,-0.5000000000000004,-0.8660254037844385,1.0,46400.0,5061.6,29600.0,296.69646735856736,14.91083314683704,8193.48,51022.71,19063.6,19396.0,5550.0,4528.16,1347935.6,4936.2,3.8021703,2022
2020-04-02 17:00:00+00:00,10.611899,17.2389636,-0.0301203048469081,0.9995462806873572,1614814.0,7.03,-0.2588190451025206,-0.9659258262890684,1.0,50650.0,7117.2,44799.0,241.62191286121288,10.40837506453197,7921.765,34374.072499999995,17931.9,15150.0,5508.0,1002.78,692295.3,2360.89,3.7969952,2020
2019-10-08 03:00:00+00:00,12.966144,22.79031588,0.1244792638867886,-0.9922222094179324,2625151.0,9.45,0.7071067811865476,0.7071067811865476,1.0,40200.0,6111.4,39900.0,211.05076052096047,15.695291558901438,6544.3825,25935.869999999995,20772.2,14828.0,2583.0,0.0,0.0,5994.07,4.24143,2019
2022-02-03 12:00:00+00:00,9.503467,80.46928043999999,0.8335557718385699,0.5524353131676196,1747271.0,77.6,-1.0,1.2246467991473532e-16,1.0,72150.0,7117.2,48656.0,258.3570488807489,6.33549995554818,9371.6025,48841.39750000001,21319.1,21840.0,4061.0,4708.22,1087540.5,2648.43,3.8802793,2022
2018-08-28 06:00:00+00:00,15.927652,15.1252596,-0.5488429582847199,-0.8359254794186365,2778684.0,25.75,6.123233995736766e-17,1.0,1.0,45700.0,7117.2,37470.0,163.32583933658935,17.25270013809203,9940.1225,59830.310000000005,25185.4,21536.0,2842.0,366.42,118442.12,1063.09,1.9813491,2018
2020-02-16 02:00:00+00:00,10.100497,17.2389636,0.6901733882429719,0.7236440382959124,2174132.0,9.303333333333336,0.8660254037844387,0.4999999999999999,0.0,48700.0,7117.2,48700.0,423.0947502442002,8.96512512365977,4649.5775,3755.4474999999934,13533.6,11424.0,4487.0,0.0,0.0,12643.73,10.704457,2020
2022-03-21 16:00:00+00:00,13.408888,80.46928043999999,0.1924515819708299,0.9813064702716092,1369050.0,92.4,-0.5000000000000004,-0.8660254037844385,1.0,52300.0,6053.3,36235.0,218.0101740944241,10.688222037421356,9651.145,54717.2425,16630.6,21655.0,4134.0,2526.0,1166768.1,3579.29,5.959213,2022
2022-11-06 00:00:00+00:00,9.313673,80.46928043999999,0.5842981736283683,-0.8115390590073611,2455704.0,55.0,1.0,0.0,0.0,43150.0,6071.9,30805.0,172.45283142855533,11.272333264350886,4149.51,19509.3625,14667.525,11305.0,2943.0,0.0,0.0,7297.16,4.448553,2022
2022-11-04 20:00:00+00:00,9.804871,80.46928043999999,0.5560174366570438,-0.8311706263658084,2455704.0,59.0,0.5000000000000001,-0.8660254037844386,1.0,47800.0,6071.9,30695.0,191.40342435447,12.048083464304618,8325.294999999998,48619.275,19727.45,18241.0,3854.0,0.0,0.0,5294.43,6.4624825,2022
2020-10-29 13:00:00+00:00,14.611521,17.2389636,0.4825077417612184,-0.875891705144243,3041148.0,13.82,-0.9659258262890684,-0.2588190451025203,1.0,56750.0,6125.5,45242.0,350.861166035816,11.82145826021829,8165.849999999999,33676.06999999999,20750.3,19855.0,5138.0,3089.14,1075931.6,5536.65,6.6592274,2020
2023-12-22 22:00:00+00:00,9.107468,89.55725625000001,0.9880226656636976,-0.154308820664281,2761956.0,33.8,0.8660254037844384,-0.5000000000000004,1.0,54500.0,7117.2,45115.0,691.6718637806638,8.61177783542209,5282.8075,3018.280000000006,17884.4,14512.0,5884.0,0.0,0.0,12562.46,8.989778,2023
2019-11-05 17:00:00+00:00,10.526263,22.79031588,0.5702422926917867,-0.8214765533024145,2986771.0,13.33,-0.2588190451025206,-0.9659258262890684,1.0,63150.0,5047.5,40710.0,487.2189792022792,12.555916706720978,11836.81,58817.54,19066.2,24167.0,6712.0,0.0,39475.29,2597.89,5.5688095,2019
2022-10-12 22:00:00+00:00,13.38396,80.46928043999999,0.1924515819708299,-0.9813064702716092,2320864.0,101.75,0.8660254037844384,-0.5000000000000004,1.0,43400.0,6111.4,30890.0,161.14440331858157,15.893833637237549,6566.512500000001,42994.815,17886.05,14976.0,1976.0,0.0,0.0,2106.15,2.0236597,2022
2019-04-15 15:00:00+00:00,14.341695,22.79031588,-0.2344913895704096,0.9721181966290612,921232.0,15.0,-0.7071067811865477,-0.7071067811865475,1.0,52600.0,6071.9,46456.0,213.6738077330077,11.65877766079373,8978.465,32249.597500000003,15480.6,20130.0,3467.0,3772.17,1633630.1,5145.24,5.036606,2019
2023-08-19 00:00:00+00:00,21.386496,89.55725625000001,-0.6712599575675318,-0.7412220108485954,2870892.0,36.15,1.0,0.0,0.0,36350.0,6939.5,36698.0,165.22276338846336,23.5394999186198,6532.745000000001,23692.522500000003,18527.125,12130.0,2985.0,0.0,0.0,5402.76,3.5256343,2023
2018-01-27 08:00:00+00:00,5.2606153,15.1252596,0.893918596519257,0.4482293417404106,1704964.0,17.416666666666664,-0.4999999999999998,0.8660254037844387,0.0,65350.0,7117.2,58695.0,1028.1394874841722,7.00908342997233,10103.2125,62274.8475,20997.6,20762.0,6690.0,272.64,42121.234,1417.91,1.0228426,2018
2022-03-21 21:00:00+00:00,9.463875,80.46928043999999,0.1924515819708299,0.9813064702716092,1369050.0,92.4,0.7071067811865474,-0.7071067811865477,1.0,54350.0,6053.3,35455.0,218.0101740944241,10.26066658231946,9140.2325,43234.02,18355.2,18443.0,3974.0,0.0,0.0,5537.29,7.15163,2022
2020-09-04 18:00:00+00:00,22.094166,17.2389636,-0.4288919379124841,-0.9033558023246842,2975651.0,11.68,-1.8369701987210292e-16,-1.0,1.0,47100.0,6816.1,34660.0,212.88713021978023,19.189466794331867,9026.7675,46267.335,24185.1,21022.0,3543.0,95.51,315275.16,1766.58,1.371739,2020
2020-04-24 07:00:00+00:00,12.269548,17.2389636,-0.3975428142825558,0.9175836260593938,1670557.0,5.6,-0.2588190451025208,0.9659258262890684,1.0,43900.0,5897.1,41385.0,239.2723701261701,14.737000147501638,6764.32,36996.52,19559.3,15146.0,5379.0,2063.44,670923.6,525.1,0.061357304,2020
2023-12-21 01:00:00+00:00,8.109123,89.55725625000001,0.9852201067560606,-0.1712931441814778,2761956.0,33.0,0.9659258262890684,0.2588190451025207,1.0,55400.0,7117.2,47355.0,699.2087736652236,7.766333368089461,4820.725,-733.3574999999983,10879.675,13733.0,5423.0,0.0,0.0,13028.13,8.308885,2023
2019-01-19 20:00:00+00:00,3.8101397,22.79031588,0.9469877530760752,0.3212696616923644,1931241.0,22.1,0.5000000000000001,-0.8660254037844386,0.0,68850.0,6053.3,50516.0,251.3187812576313,6.160249948501587,9677.5725,48754.605,26406.5,17998.0,4188.0,0.0,0.0,2741.12,1.8842748,2019
2021-08-07 18:00:00+00:00,18.722076,46.29497964,-0.8090169943749475,-0.587785252292473,2607829.0,42.85,-1.8369701987210292e-16,-1.0,0.0,38800.0,7117.2,39093.0,407.2947549043549,18.14774990081788,5475.465,39977.7975,17102.8,17128.0,4888.0,1759.02,570642.9,6489.61,5.7338705,2021
2018-09-05 17:00:00+00:00,21.55239,15.1252596,-0.4288919379124841,-0.9033558023246842,2718547.0,27.2,-0.2588190451025206,-0.9659258262890684,1.0,51000.0,7117.2,44251.0,156.05983872608874,17.608749628067013,10137.99,64509.33,27889.8,23586.0,2809.0,743.19,631715.5,1488.76,3.0870082,2018
2021-04-03 21:00:00+00:00,8.112265,46.29497964,-0.0301203048469081,0.9995462806873572,961615.0,19.5,0.7071067811865474,-0.7071067811865477,0.0,50600.0,6111.4,41395.0,249.31851271876272,11.376555654737697,7686.797500000001,36355.6675,12768.0,11705.0,5123.0,0.0,0.0,5806.12,6.5441465,2021
2018-03-25 02:00:00+00:00,5.500164,15.1252596,0.1244792638867893,0.9922222094179324,643391.0,18.8,0.8660254037844387,0.4999999999999999,0.0,54350.0,6071.9,43143.0,398.3182029908878,6.802500009536747,8321.7975,49067.425,11960.2,12163.0,5192.0,0.0,0.0,1085.48,1.9916734,2018
2023-03-15 02:00:00+00:00,5.495354,89.55725625000001,0.2926003356333486,0.9562348265919056,1437424.0,44.75,0.8660254037844387,0.4999999999999999,1.0,48600.0,7117.2,36510.0,499.3220810403768,10.200555589463976,6596.875000000001,27054.0375,17608.75,14047.0,5585.0,0.0,0.0,4136.73,5.168826,2023
2022-03-30 12:00:00+00:00,10.652391,80.46928043999999,0.0387222808921744,0.9992500112396836,1334846.0,115.75,-1.0,1.2246467991473532e-16,1.0,56950.0,6053.3,30585.0,194.9907182946683,11.5447776052687,7722.339999999999,53542.635,17585.2,22345.0,4193.0,4465.09,1423624.5,1621.11,2.436493,2022
2021-02-04 23:00:00+00:00,8.34769,46.29497964,0.8239230057575543,0.5667017562911175,1859154.0,18.02,0.9659258262890684,-0.2588190451025207,1.0,60550.0,7117.2,50435.0,1145.0499955433456,8.741749922434499,8991.8625,42456.9325,21629.6,15822.0,6378.0,0.0,0.0,2687.48,2.5449226,2021
2020-12-20 12:00:00+00:00,10.015224,17.2389636,0.9852201067560606,-0.1712931441814778,2454326.0,16.493333333333332,-1.0,1.2246467991473532e-16,0.0,59650.0,7117.2,51105.0,339.5592379324379,7.944333394368489,7113.17,35556.755,18350.0,13799.0,4943.0,2104.64,723860.44,4928.86,4.2448297,2020
2018-09-13 14:00:00+00:00,20.986633,15.1252596,-0.300819807635668,-0.9536809966304456,2678886.0,26.55,-0.8660254037844386,-0.5000000000000001,1.0,50850.0,7117.2,48630.0,156.99191984126983,17.554374814033512,9729.0875,62510.380000000005,27328.1,27059.0,2709.0,3492.12,1640822.6,1828.37,2.9710345,2018
2022-04-28 14:00:00+00:00,16.365017,80.46928043999999,-0.4443781781046132,0.895839290734909,1380258.0,99.0,-0.8660254037844386,-0.5000000000000001,1.0,45400.0,5061.6,29600.0,271.9722147944647,14.675055768754731,5677.130000000001,33120.7,14761.0,18066.0,4979.0,7622.15,2371181.5,2589.91,3.5507205,2022
2023-12-29 05:00:00+00:00,8.758681,89.55725625000001,0.9994074007397048,-0.0344216116227458,2795844.0,31.85,0.2588190451025207,0.9659258262890684,1.0,48450.0,7117.2,43140.0,480.4434224627225,8.30977794859144,4170.574999999999,8001.380000000005,20753.4,12183.0,5062.0,0.0,0.0,12602.19,6.9896297,2023
2023-10-22 17:00:00+00:00,14.287008,89.55725625000001,0.3576982388331254,-0.9338372288229252,2620085.0,48.23333333333333,-0.2588190451025206,-0.9659258262890684,0.0,45050.0,4765.8,41335.0,177.24896810966814,15.285389052497004,8377.085,33337.384999999995,10944.45,16388.0,3378.0,25.21,110789.71,2997.53,3.338657,2023
2020-10-12 18:00:00+00:00,11.336919,17.2389636,0.209314645963048,-0.9778483415056568,3019708.0,13.68,-1.8369701987210292e-16,-1.0,1.0,59900.0,6125.5,42805.0,267.5914591168091,12.692433261871331,9103.7725,60492.8725,20154.6,21621.0,4953.0,0.0,7655.5596,3317.46,3.759635,2020
2023-10-25 07:00:00+00:00,12.552829,89.55725625000001,0.4054257283599965,-0.914127988185334,2730776.0,49.3,-0.2588190451025208,0.9659258262890684,1.0,50650.0,4065.8,41335.0,255.1913876142376,14.52200020684134,8289.019999999999,44944.7925,11128.375,23900.0,4353.0,130.35,42462.39,12171.3,4.5229416,2023
2023-04-02 18:00:00+00:00,9.296545,89.55725625000001,-0.012910296075009,0.999916658654738,1508365.0,50.35,-1.8369701987210292e-16,-1.0,0.0,50250.0,7117.2,37580.0,370.0110709214297,11.952000088161904,6767.407499999999,30755.200000000004,11660.325,15111.0,5839.0,84.01,253637.25,6113.64,5.788352,2023
2023-07-26 20:00:00+00:00,18.667494,89.55725625000001,-0.9123747579707272,-0.4093559588156215,3000966.0,32.33,0.5000000000000001,-0.8660254037844386,1.0,43300.0,7117.2,34225.0,216.54690857845856,22.094055599636487,6853.0425,35453.98,25575.1,18568.0,4279.0,0.0,22720.48,2198.52,4.1327643,2023
2023-03-17 14:00:00+00:00,13.863547,89.55725625000001,0.2595117970697999,0.9657399376548548,1437424.0,43.7,-0.8660254037844386,-0.5000000000000001,1.0,49050.0,7117.2,37000.0,406.6981802100476,10.562388843960225,7228.512500000001,36491.1025,3844.849999999999,19146.0,5238.0,6203.26,1747640.6,6803.22,5.8290663,2023
2018-03-24 05:00:00+00:00,4.8994856,15.1252596,0.1415402952170432,0.989932495087353,643391.0,19.2,0.2588190451025207,0.9659258262890684,0.0,58350.0,6071.9,43550.0,433.37646319133546,6.5044999917348205,8761.76,52742.9725,9768.9,14705.0,5037.0,0.0,0.0,2559.91,2.6609058,2018
2022-09-23 03:00:00+00:00,12.238636,80.46928043999999,-0.1330147065341963,-0.9911140639934546,2254828.0,168.0,0.7071067811865476,0.7071067811865476,1.0,36950.0,7117.2,28415.0,136.5262089160839,15.222583293914784,7227.5525,41842.192500000005,19738.475,14574.0,1593.0,0.0,0.0,1020.04,0.7780274,2022
2023-09-14 02:00:00+00:00,15.587918,89.55725625000001,-0.2843591872810036,-0.9587178169872964,2818485.0,35.1,0.8660254037844387,0.4999999999999999,1.0,34300.0,7028.3,42965.0,187.43528652643653,21.47027810414634,7458.365,39686.535,17025.9,15435.0,2282.0,0.0,0.0,1338.67,1.1414403,2023
2018-08-06 01:00:00+00:00,20.279428,15.1252596,-0.8190148866680799,-0.5737722679043247,2837239.0,22.48,0.9659258262890684,0.2588190451025207,1.0,35950.0,6553.3,38291.0,163.81194004884006,21.73259973526,6903.825,39861.79,21258.7,13838.0,2575.0,0.0,0.0,1641.87,2.4415374,2018
2018-05-23 12:00:00+00:00,18.61538,15.1252596,-0.7775971469736267,0.6287628145958347,1497111.0,22.8,-1.0,1.2246467991473532e-16,1.0,52700.0,5068.5,46135.0,368.8641185185186,14.04241681098937,8712.234999999999,42250.165,25602.6,21824.0,7004.0,3890.57,2678382.8,923.65,2.083958,2018
2023-12-24 19:00:00+00:00,9.64143,89.55725625000001,0.9927487224577402,-0.1202080448993527,2761956.0,33.82,0.2588190451025203,-0.9659258262890684,0.0,51400.0,7117.2,42790.0,678.8999762700262,9.115777863396536,4849.75,-200.80999999999767,25784.775,13094.0,5531.0,0.0,0.0,15153.6,7.966338,2023
2018-02-04 16:00:00+00:00,4.5567436,15.1252596,0.8239230057575543,0.5667017562911175,1639471.0,17.923333333333332,-0.5000000000000004,-0.8660254037844385,0.0,63750.0,7117.2,56450.0,693.5251624434723,6.634499947230022,9264.54,56019.59000000001,23032.2,16240.0,5809.0,194.73,415295.62,4274.08,6.070535,2018
2022-10-14 01:00:00+00:00,14.526676,80.46928043999999,0.226115685508288,-0.9741004551724206,2320864.0,67.0,0.9659258262890684,0.2588190451025207,1.0,36800.0,6111.4,30604.0,158.31787407632623,15.698166449864708,7331.927500000001,43291.505,16825.1,13971.0,2074.0,0.0,0.0,3332.01,4.323816,2022
2020-02-16 11:00:00+00:00,12.761261,17.2389636,0.6901733882429719,0.7236440382959124,2174132.0,9.303333333333336,-0.9659258262890682,0.258819045102521,0.0,55050.0,7117.2,50030.0,423.0947502442002,8.88425000508627,5990.442499999999,10874.455000000002,13050.4,13003.0,5043.0,3834.97,936584.4,14263.55,9.941972,2020
2020-09-03 21:00:00+00:00,18.157476,17.2389636,-0.4443781781046134,-0.8958392907349089,2975651.0,11.35,0.7071067811865474,-0.7071067811865477,1.0,46050.0,7117.2,33920.0,228.89315848595848,18.1615332285563,7115.125,25759.5375,22021.5,16663.0,3214.0,0.0,0.0,2237.76,2.1929214,2020
2023-12-22 06:00:00+00:00,9.325341,89.55725625000001,0.9880226656636976,-0.154308820664281,2761956.0,33.8,6.123233995736766e-17,1.0,1.0,57200.0,7117.2,44995.0,691.6718637806638,8.238555643293592,6485.664999999999,9660.29,19011.45,20441.0,5484.0,0.0,0.0,14680.04,10.818943,2023
2023-09-18 06:00:00+00:00,17.886547,89.55725625000001,-0.2177232303965322,-0.9760105506323682,2809675.0,34.3,6.123233995736766e-17,1.0,1.0,45250.0,7028.3,42385.0,190.4693383357383,21.458000183105472,6793.327499999999,29480.565,20040.625,21975.0,2913.0,87.32,20407.03,5429.67,5.5995092,2023
2023-07-29 12:00:00+00:00,22.639032,89.55725625000001,-0.8900275764346768,-0.4559066935084586,3000966.0,26.23333333333333,-1.0,1.2246467991473532e-16,0.0,40500.0,7117.2,31675.0,193.43753531653533,22.632832845052093,1966.04,11318.25,8987.125,10619.0,2416.0,9120.08,2397758.0,5762.35,5.012108,2023
2019-12-05 22:00:00+00:00,4.971049,22.79031588,0.9015016841318838,-0.4327755925504317,2815166.0,14.1,0.8660254037844384,-0.5000000000000004,1.0,73450.0,5008.0,44495.0,428.3993288563288,7.953333298365276,8367.9175,26084.77,24589.8,17146.0,5978.0,0.0,0.0,2561.07,3.7116234,2019
2019-08-02 09:00:00+00:00,21.119562,22.79031588,-0.8565509959010037,-0.5160623910158526,2742271.0,11.3,-0.7071067811865475,0.7071067811865476,1.0,49450.0,7117.2,41489.0,192.2574513634513,20.88333344459535,8082.3025,45543.97250000001,27952.7,22962.0,3749.0,4912.36,1829829.5,1083.5,1.985618,2019
2023-07-22 02:00:00+00:00,15.706545,89.55725625000001,-0.9383773917408642,-0.3456123126707333,3013784.0,28.933333333333334,0.8660254037844387,0.4999999999999999,0.0,33350.0,7117.2,36090.0,183.0687416509417,22.347889052497,6242.86,26036.96,17825.475,15952.0,3689.0,0.0,0.0,1942.87,2.9537404,2023
2018-06-01 17:00:00+00:00,18.874601,15.1252596,-0.865307254363206,0.5012418134457758,1791003.0,21.85,-0.2588190451025206,-0.9659258262890684,1.0,47400.0,4076.8,44885.0,480.0973438746439,15.589500109354669,9465.385,56704.02,23714.8,22676.0,7971.0,1500.39,1107587.4,877.19,2.2431767,2018
2023-12-29 08:00:00+00:00,8.7783785,89.55725625000001,0.9994074007397048,-0.0344216116227458,2795844.0,31.85,-0.4999999999999998,0.8660254037844387,1.0,56350.0,7117.2,43140.0,480.4434224627225,8.259555445777048,5523.7225,10900.024999999994,27208.8,16143.0,5283.0,239.08,21711.557,13118.93,6.883634,2023
2021-05-15 00:00:00+00:00,10.2999325,46.29497964,-0.6839194216246103,0.7295575540864878,1231647.0,26.796666666666667,1.0,0.0,0.0,42500.0,6071.9,40705.0,452.4962674196174,12.543555789523642,7797.43,37990.21,13275.1,13291.0,6668.0,0.0,0.0,3325.53,4.736162,2021
2019-11-23 00:00:00+00:00,9.4631,22.79031588,0.7935716089521472,-0.6084768701151264,2792032.0,15.966666666666669,1.0,0.0,0.0,56200.0,5008.0,42515.0,361.672238013838,8.710416773955018,6576.625,27859.555,11076.8,14779.0,4460.0,0.0,0.0,9622.11,6.6347966,2019
2019-01-19 01:00:00+00:00,2.5245917,22.79031588,0.9469877530760752,0.3212696616923644,1931241.0,22.1,0.9659258262890684,0.2588190451025207,0.0,68900.0,7117.2,51176.0,251.3187812576313,6.270777728822497,8911.295,45239.030000000006,21468.3,14713.0,3567.0,0.0,0.0,2887.06,2.3408659,2019
2022-01-22 21:00:00+00:00,3.9531248,80.46928043999999,0.9291414114031744,0.3697245428906731,1998118.0,84.66666666666667,0.7071067811865474,-0.7071067811865477,0.0,68050.0,7117.2,49251.0,272.2612286528286,4.586611012617749,9882.5325,43269.39750000001,25923.0,16013.0,3522.0,0.0,0.0,2166.67,2.5763073,2022
2022-03-27 16:00:00+00:00,15.84721,80.46928043999999,0.0902516100310411,0.995918996147179,1369050.0,102.33333333333331,-0.5000000000000004,-0.8660254037844385,0.0,38550.0,6053.3,31490.0,180.4584748270248,11.997889041900637,7396.099999999999,45824.91,13185.8,13944.0,2826.0,3104.83,1343900.2,1630.83,3.8833468,2022
2022-10-14 13:00:00+00:00,17.730545,80.46928043999999,0.226115685508288,-0.9741004551724206,2320864.0,67.0,-0.9659258262890684,-0.2588190451025203,1.0,47550.0,5766.1,29574.0,158.31787407632623,16.182666778564467,8105.960000000001,49447.28,12597.9,19821.0,2344.0,4706.61,986460.9,7359.0,5.2804527,2022
2020-01-09 10:00:00+00:00,9.69296,17.2389636,0.9880226656636976,0.1543088206642811,2742325.0,11.8,-0.8660254037844387,0.4999999999999999,1.0,68165.5,7117.2,49561.0,323.16063396418394,7.730250000953674,8989.625,39511.99250000001,28373.3,25680.0,5759.0,2110.19,452142.56,9227.17,7.117582,2020
2018-05-23 09:00:00+00:00,16.548155,15.1252596,-0.7775971469736267,0.6287628145958347,1497111.0,22.8,-0.7071067811865475,0.7071067811865476,1.0,53150.0,5068.5,46135.0,368.8641185185186,13.458833336830123,9215.0925,47772.1775,26726.1,22958.0,7359.0,3166.02,1896200.6,685.4,2.2540262,2018
2021-02-03 01:00:00+00:00,10.139958,46.29497964,0.8335557718385699,0.5524353131676196,1859154.0,17.85,0.9659258262890684,0.2588190451025207,1.0,54100.0,7117.2,49437.0,1288.6469238146112,8.90275009473165,6342.2075,29836.077500000003,10199.6,15061.0,6151.0,0.0,0.0,7995.81,7.8844914,2021
2018-01-28 15:00:00+00:00,9.945336,15.1252596,0.886070621534138,0.4635502709028509,1704964.0,17.433333333333334,-0.7071067811865477,-0.7071067811865475,0.0,54000.0,7117.2,57285.0,948.0772559546422,7.161500076452894,8422.8825,28658.0825,18288.7,14681.0,5618.0,949.78,659817.9,2954.85,3.2803993,2018
2020-02-24 12:00:00+00:00,12.159131,17.2389636,0.5842981736283684,0.811539059007361,2008603.0,9.22,-1.0,1.2246467991473532e-16,1.0,65200.0,7117.2,50174.0,348.4166926536427,8.939708312352497,7626.985000000001,47797.23250000001,23096.0,19044.0,5393.0,4861.31,1270650.6,10722.54,7.2580757,2020
2022-09-21 09:00:00+00:00,15.62564,80.46928043999999,-0.1670516255021195,-0.9859481499638304,2254828.0,178.8,-0.7071067811865475,0.7071067811865476,1.0,49900.0,7117.2,28905.0,142.01147794612797,14.654666821161902,7431.375,38407.26,17942.025,20442.0,1808.0,7242.69,1412245.2,1609.73,2.678757,2022
2018-12-19 09:00:00+00:00,7.6052184,15.1252596,0.9787400799669153,-0.2051044998686192,2085932.0,24.4,-0.7071067811865475,0.7071067811865476,1.0,73450.0,5076.1,55655.0,257.161271937322,7.054888990190295,10245.3275,47718.2275,25966.7,27722.0,4634.0,681.54,155016.19,5667.63,6.8796153,2018
2020-07-21 09:00:00+00:00,21.090576,17.2389636,-0.9383773917408642,-0.3456123126707333,3088372.0,4.63,-0.7071067811865475,0.7071067811865476,1.0,52350.0,7117.2,36337.0,181.0829049043549,20.20260003407797,5307.5425,33297.4425,22693.7,21012.0,3850.0,5528.68,2002419.9,1674.19,2.082883,2020
2022-12-14 04:00:00+00:00,4.5963454,80.46928043999999,0.9574851883550392,-0.288482432880609,2190805.0,133.0,0.5000000000000001,0.8660254037844386,1.0,64000.0,7117.2,42100.0,240.38958604471216,4.962999989589057,9202.2375,44663.2625,6799.0,16206.0,3528.0,0.0,0.0,2831.33,1.1768106,2022
2023-09-26 22:00:00+00:00,15.929184,89.55725625000001,-0.0816763953304228,-0.99665890175417,2776356.0,39.9,0.8660254037844384,-0.5000000000000004,1.0,41050.0,5983.0,39656.0,184.11790325415325,18.798500114017063,7195.0575,35986.4375,19699.1,14639.0,2712.0,0.0,0.0,1186.76,1.1589721,2023
2018-10-20 07:00:00+00:00,11.345194,15.1252596,0.3253420847119803,-0.9455963874271424,2504641.0,25.85,-0.2588190451025208,0.9659258262890684,0.0,44050.0,7117.2,42860.0,128.8757015873016,15.342389212714297,9194.685,46939.395,18080.1,17660.0,2151.0,123.65,75644.45,2138.2,3.7326057,2018
2023-10-24 22:00:00+00:00,12.581758,89.55725625000001,0.3896304495307877,-0.9209712877166348,2730776.0,47.9,0.8660254037844384,-0.5000000000000004,1.0,44350.0,4065.8,41335.0,255.1913876142376,14.788166628943562,7171.2925000000005,28099.18,7645.200000000001,14909.0,4417.0,0.0,0.0,8066.42,5.638593,2023
2020-01-28 03:00:00+00:00,7.485995,17.2389636,0.886070621534138,0.4635502709028509,2194236.0,10.88,0.7071067811865476,0.7071067811865476,1.0,56500.0,7117.2,52290.0,276.11772173382167,7.094333310921989,6366.4375,23952.215,12724.9,15100.0,3535.0,0.0,0.0,12184.42,10.263263,2020
2021-06-03 13:00:00+00:00,20.124954,46.29497964,-0.8820480249558534,0.4711595076738641,1628356.0,25.83,-0.9659258262890684,-0.2588190451025203,1.0,49400.0,5068.5,40670.0,302.4562314204314,18.405333307054303,7941.035,20641.095,14645.9,17766.0,5152.0,5828.74,2389465.0,1013.12,1.2802081,2021
2018-03-23 15:00:00+00:00,9.198318,15.1252596,0.1585593851031345,0.9873494423939864,643391.0,19.6,-0.7071067811865477,-0.7071067811865475,1.0,66300.0,6071.9,48565.0,473.5583820467598,6.739749948183695,9968.13,64494.05500000001,18291.2,22179.0,5828.0,2208.18,1097124.0,2288.21,4.149169,2018
2023-03-07 17:00:00+00:00,7.780655,89.55725625000001,0.4211008707960896,0.907013812802636,1351720.0,44.5,-0.2588190451025206,-0.9659258262890684,1.0,62150.0,7117.2,37226.0,192.2992178546896,7.83788866466945,10911.61,46129.03,15341.375,23691.0,3375.0,244.73,291898.16,6289.95,4.852935,2023
2018-08-05 06:00:00+00:00,20.391655,15.1252596,-0.8287700871745037,-0.5595892624101767,2817640.0,22.38,6.123233995736766e-17,1.0,0.0,36050.0,6553.3,39156.0,150.91051707366708,20.65769968032837,6985.485,34308.69,19525.2,12870.0,3092.0,710.5,276384.4,1983.27,3.5447488,2018
2022-12-14 18:00:00+00:00,5.803602,80.46928043999999,0.9574851883550392,-0.288482432880609,2190805.0,133.0,-1.8369701987210292e-16,-1.0,1.0,77750.0,7117.2,42100.0,240.38958604471216,5.581416587034862,11146.955000000002,62546.1125,24545.475,25076.0,5730.0,0.0,0.0,3180.8,2.0258355,2022
2023-10-05 12:00:00+00:00,19.578566,89.55725625000001,0.0730951298980768,-0.9973249731081556,2705939.0,28.45,-1.0,1.2246467991473532e-16,1.0,47550.0,6923.0,41706.0,151.73741301291304,18.66477775573731,7843.144999999999,22768.36,12072.8,17843.0,1927.0,10813.2,1900998.6,694.26,1.596527,2023
2021-12-18 21:00:00+00:00,5.1781683,46.29497964,0.9750645322571948,-0.2219215130041658,2010670.0,140.93333333333334,0.7071067811865474,-0.7071067811865477,0.0,63850.0,6105.9,44225.0,277.35934126984125,5.5532223019334985,9450.1675,28636.43,24337.0,17114.0,4071.0,0.0,0.0,4420.16,4.010047,2021
2020-07-21 23:00:00+00:00,18.379524,17.2389636,-0.9383773917408642,-0.3456123126707333,3088372.0,4.63,0.9659258262890684,-0.2588190451025207,1.0,41200.0,7117.2,36337.0,182.46494483109484,21.142333221435543,7144.0125,36018.0475,20719.4,16896.0,3382.0,0.0,0.0,3375.89,3.1710207,2020
2020-02-24 07:00:00+00:00,7.5503874,17.2389636,0.5842981736283684,0.811539059007361,2008603.0,9.22,-0.2588190451025208,0.9659258262890684,1.0,64250.0,7117.2,50174.0,348.4166926536427,8.79633339246114,9159.4825,51221.5175,29179.8,23757.0,5960.0,221.46,17209.611,6914.87,5.3828115,2020
2018-05-23 06:00:00+00:00,13.691913,15.1252596,-0.7775971469736267,0.6287628145958347,1497111.0,22.8,6.123233995736766e-17,1.0,1.0,49350.0,5068.5,46135.0,368.8641185185186,13.069166302680967,9598.4775,57899.79250000001,27074.1,23135.0,7469.0,662.19,376900.3,912.28,2.5823715,2018
2020-12-31 04:00:00+00:00,3.4013808,17.2389636,0.9998518392091162,0.0172133561558347,2532396.0,18.88,0.5000000000000001,0.8660254037844386,1.0,57500.0,7117.2,52235.0,456.2999461538462,5.408555560641823,7988.247499999999,26652.527500000004,9912.7,10615.0,3974.0,0.0,0.0,5187.72,3.8667252,2020
2021-12-17 13:00:00+00:00,8.810109,46.29497964,0.9711000518829505,-0.2386727660059499,2010670.0,136.9,-0.9659258262890684,-0.2588190451025203,1.0,70100.0,6105.9,43855.0,318.1258442816443,5.869611137443119,10885.1525,60280.98,22931.5,23810.0,4459.0,4012.92,1006552.06,6408.9,4.5931287,2021
2020-01-25 16:00:00+00:00,7.8273873,17.2389636,0.9088176373395028,0.4171936026123168,2426891.0,10.493333333333334,-0.5000000000000004,-0.8660254037844385,0.0,65750.0,7117.2,50390.0,289.3406070614571,6.658916652202607,11073.525,54537.4575,28244.5,18999.0,5699.0,112.79,284492.06,2047.23,2.7728255,2020
2022-03-25 06:00:00+00:00,6.310098,80.46928043999999,0.1244792638867893,0.9922222094179324,1369050.0,101.0,6.123233995736766e-17,1.0,1.0,58600.0,6053.3,33435.0,199.7098277167277,10.039277686013106,9869.8675,52908.19,18090.9,19898.0,4601.0,125.34,18004.72,3844.15,4.761093,2022
2021-03-10 13:00:00+00:00,10.400193,46.29497964,0.373719714790469,0.9275416835791966,1176034.0,17.85,-0.9659258262890684,-0.2588190451025203,1.0,65000.0,7117.2,44375.0,287.33732464387464,7.882666746775302,6679.752499999999,38282.775,20425.8,19783.0,4466.0,5844.24,1534460.1,7122.45,5.976743,2021
2020-11-01 02:00:00+00:00,12.284759,17.2389636,0.5270777086423716,-0.8498170915275282,3041148.0,13.3,0.8660254037844387,0.4999999999999999,0.0,39200.0,6125.5,44530.0,275.8959351648352,11.57858355840049,6190.405000000001,21825.555,13351.8,10602.0,4450.0,0.0,0.0,4852.87,6.6768427,2020
2019-08-19 14:00:00+00:00,21.132122,22.79031588,-0.6712599575675318,-0.7412220108485954,2777986.0,9.55,-0.8660254037844386,-0.5000000000000001,1.0,46400.0,7117.2,40098.0,196.8427709401709,20.79183340072631,6773.892500000001,28390.557499999995,21769.5,15404.0,3341.0,3770.51,2081385.2,2945.62,3.1000395,2019
2021-07-10 15:00:00+00:00,21.45095,46.29497964,-0.9893142039703664,-0.1457991969198744,2349488.0,36.11666666666667,-0.7071067811865477,-0.7071067811865475,0.0,39950.0,7117.2,36632.0,526.1645962352462,18.946083068847656,8190.5075,33046.17999999999,15213.7,15070.0,5334.0,5552.87,2040200.2,1774.12,2.6278355,2021
2021-06-05 06:00:00+00:00,14.09046,46.29497964,-0.8977433935342337,0.440518784350495,1628356.0,26.11,6.123233995736766e-17,1.0,0.0,37800.0,5068.5,39795.0,343.07020093610095,15.59600003560386,6318.732499999999,35392.5025,17698.1,14958.0,6256.0,337.58,319004.97,2446.6,1.9048504,2021
2022-03-30 00:00:00+00:00,9.3967285,80.46928043999999,0.0387222808921744,0.9992500112396836,1334846.0,115.75,1.0,0.0,1.0,45150.0,6053.3,31490.0,194.9907182946683,11.662611060672337,6631.467500000001,43088.9825,17079.0,14580.0,2820.0,0.0,0.0,1199.92,1.9104477,2022
2020-07-29 13:00:00+00:00,24.124653,17.2389636,-0.8820480249558538,-0.4711595076738635,3100546.0,4.93,-0.9659258262890684,-0.2588190451025203,1.0,50600.0,7117.2,35230.0,172.18856245421244,21.68093318939212,6362.2225,12072.9525,23603.2,27367.0,3690.0,6625.86,2872120.0,494.64,0.5228749,2020
2020-09-06 22:00:00+00:00,15.015769,17.2389636,-0.3975428142825566,-0.9175836260593934,2975651.0,11.426666666666668,0.8660254037844384,-0.5000000000000004,1.0,39150.0,6121.4,33905.0,188.63955494505493,17.003099822998035,7589.5075,34950.0975,11280.2,13028.0,2687.0,0.0,0.0,2067.61,3.7305882,2020
2018-05-30 23:00:00+00:00,15.687813,15.1252596,-0.8475409228928309,0.5307300481619337,1791003.0,22.75,0.9659258262890684,-0.2588190451025207,1.0,42500.0,4076.8,44915.0,461.6990308099309,14.207416534423816,8261.365000000002,42450.0325,20682.8,16530.0,7764.0,0.0,0.0,918.04,1.4538039,2018
2023-10-04 14:00:00+00:00,19.541462,89.55725625000001,0.055916990100603,-0.9984354211555644,2705939.0,32.55,-0.8660254037844386,-0.5000000000000001,1.0,45150.0,6858.0,41226.0,152.4733978854479,19.217610836029067,6071.095000000001,22427.557499999995,11766.5,20749.0,2195.0,8463.48,1578509.2,2046.88,1.9269445,2023
2022-01-16 17:00:00+00:00,5.6655903,80.46928043999999,0.9623090774541486,0.2719581575341055,2137089.0,79.16666666666667,-0.2588190451025206,-0.9659258262890684,0.0,73100.0,7117.2,48625.0,365.19042735042746,4.477833324008516,9726.655,26650.965000000004,26113.0,17843.0,5996.0,0.0,50057.67,3205.23,3.0385313,2022
2023-02-09 22:00:00+00:00,2.4074826,89.55725625000001,0.7721565844991642,0.6354323008901774,1548596.0,53.97,0.8660254037844384,-0.5000000000000004,1.0,68600.0,7117.2,45070.0,231.93706387268125,6.341944442854989,9837.9775,32931.1,22492.775,18630.0,4172.0,0.0,0.0,985.06,1.5226569,2023
2023-08-19 14:00:00+00:00,26.57199,89.55725625000001,-0.6712599575675318,-0.7412220108485954,2870892.0,36.15,-0.8660254037844386,-0.5000000000000001,0.0,41800.0,6939.5,36698.0,165.22276338846336,24.073666254679363,2855.9700000000003,21418.450000000004,9491.4,11102.0,2333.0,10029.51,2404257.8,1861.16,2.2901485,2023
2019-06-10 08:00:00+00:00,14.982882,22.79031588,-0.9322892131745132,0.3617137307297676,1959725.0,11.57,-0.4999999999999998,0.8660254037844387,0.0,42450.0,7117.2,41229.0,304.574539031339,15.955416997273776,6739.829999999999,24992.965,21444.1,23296.0,5973.0,2561.16,1169144.9,1522.16,2.0521479,2019
2018-09-05 20:00:00+00:00,18.787685,15.1252596,-0.4288919379124841,-0.9033558023246842,2718547.0,27.2,0.5000000000000001,-0.8660254037844386,1.0,46100.0,7117.2,45412.0,156.05983872608874,17.36937522888184,9642.16,52856.5025,27347.0,20599.0,2532.0,0.0,0.0,1732.28,3.8063269,2018
2022-02-06 20:00:00+00:00,7.9362173,80.46928043999999,0.8039279618328213,0.5947266869607633,1747271.0,79.06666666666666,0.5000000000000001,-0.8660254037844386,0.0,60150.0,7117.2,46051.0,224.8418583435084,6.8588332864973305,6234.265,15476.512499999995,22425.2,17439.0,3289.0,0.0,0.0,14735.66,9.655293,2022
2022-02-16 22:00:00+00:00,10.740113,80.46928043999999,0.6901733882429719,0.7236440382959124,1697421.0,68.9,0.8660254037844384,-0.5000000000000004,1.0,60550.0,7117.2,45966.0,302.25689403744406,8.117888980441622,6343.67,14621.899999999994,16122.5,17804.0,4833.0,0.0,0.0,14871.53,11.237806,2022
2018-02-03 03:00:00+00:00,3.3631504,15.1252596,0.8335557718385699,0.5524353131676196,1639471.0,18.096666666666668,0.7071067811865476,0.7071067811865476,0.0,60200.0,7117.2,53835.0,742.3837471577805,6.261583288510638,8981.65,50931.7125,15707.8,14028.0,5759.0,0.0,0.0,2212.14,5.88906,2018
2020-04-10 05:00:00+00:00,9.381547,17.2389636,-0.167051625502119,0.9859481499638304,1513412.0,7.05,0.2588190451025207,0.9659258262890684,1.0,39300.0,7030.4,42460.0,193.522282010582,12.996458450953178,7155.955,36243.405,11927.4,13405.0,4376.0,0.0,594.18256,3225.49,3.6723611,2020
2020-02-24 01:00:00+00:00,8.361307,17.2389636,0.5842981736283684,0.811539059007361,2008603.0,9.22,0.9659258262890684,0.2588190451025207,1.0,52800.0,7117.2,49454.0,348.4166926536427,9.051666696866352,7665.3625,12414.2725,19847.8,11148.0,4184.0,0.0,0.0,3529.3,4.358083,2020
2022-09-24 03:00:00+00:00,13.638332,80.46928043999999,-0.1159345995955006,-0.9932568492674144,2254828.0,168.33333333333334,0.7071067811865476,0.7071067811865476,0.0,33000.0,7117.2,28125.0,139.61278335275836,15.873000224431385,6568.655,40841.2775,15725.9,13219.0,1699.0,0.0,0.0,1661.89,1.6901389,2022
2023-08-25 18:00:00+00:00,21.806381,89.55725625000001,-0.5912614448635782,-0.8064799463209447,2829706.0,36.1,-1.8369701987210292e-16,-1.0,1.0,46500.0,6962.4,35592.0,189.4657919025419,24.202111562093098,7946.005,46750.16499999999,23513.95,23494.0,3999.0,397.02,406810.25,4774.65,4.3645053,2023
2018-12-08 19:00:00+00:00,9.829957,15.1252596,0.9226395488404876,-0.3856634062436074,2232914.0,22.76666666666667,0.2588190451025203,-0.9659258262890684,0.0,57100.0,6121.4,49830.0,255.91669975579973,9.960749944051082,7327.712500000001,17053.692499999997,23874.1,18722.0,4473.0,0.0,0.0,11643.12,10.819702,2018
2019-08-19 23:00:00+00:00,16.522188,22.79031588,-0.6712599575675318,-0.7412220108485954,2777986.0,9.55,0.9659258262890684,-0.2588190451025207,1.0,38750.0,7117.2,40098.0,244.5875343915344,20.189999898274746,6671.209999999999,33625.28,17789.3,13056.0,3433.0,0.0,0.0,1371.25,2.3989334,2019
2019-01-16 08:00:00+00:00,4.043979,22.79031588,0.9623090774541486,0.2719581575341055,1931241.0,21.7,-0.4999999999999998,0.8660254037844387,1.0,78150.0,7117.2,54037.0,299.659858099308,6.648000001907349,10513.425,44198.715,35085.7,27129.0,5130.0,254.7,38416.98,3285.39,5.3486238,2019
2018-01-26 07:00:00+00:00,6.0075073,15.1252596,0.901501684131884,0.4327755925504312,1704964.0,17.4,-0.2588190451025208,0.9659258262890684,1.0,72400.0,7117.2,58695.0,1024.5126239824992,7.604749957720439,12087.6575,78684.6475,23135.0,26830.0,6889.0,0.17,187.64581,1888.43,3.4673884,2018
2019-02-03 01:00:00+00:00,3.0950978,22.79031588,0.8335557718385699,0.5524353131676196,1591274.0,19.31,0.9659258262890684,0.2588190451025207,0.0,66250.0,7117.2,56450.0,431.6944281237281,5.538000106811523,8097.467500000001,36348.3375,13145.3,12655.0,4207.0,0.0,0.0,6368.72,7.985665,2019
2019-10-07 02:00:00+00:00,11.863955,22.79031588,0.1073813466641621,-0.994217906893952,2625151.0,10.25,0.8660254037844387,0.4999999999999999,1.0,36200.0,6111.4,41085.0,200.745857977208,15.795625011126209,6855.0525,33948.317500000005,15782.0,11363.0,2362.0,0.0,0.0,4393.34,3.2881553,2019
2023-06-16 02:00:00+00:00,15.497639,89.55725625000001,-0.9646141756912434,0.2636654927280075,2708825.0,33.3,0.8660254037844387,0.4999999999999999,1.0,34350.0,6113.8,32520.0,258.53141969696964,18.6183335516188,6896.0775,42049.5725,18327.875,14538.0,4994.0,0.0,0.0,2362.9,1.8805215,2023
2018-01-25 22:00:00+00:00,7.557534,15.1252596,0.9088176373395028,0.4171936026123168,1704964.0,17.83,0.8660254037844384,-0.5000000000000004,1.0,64800.0,7117.2,58695.0,1084.9451323768824,8.044250051180521,10283.965000000002,57936.83500000001,21762.2,17423.0,6181.0,0.0,0.0,2054.91,3.5506003,2018
2019-07-08 06:00:00+00:00,17.549381,22.79031588,-0.993746580436178,-0.1116590071216944,2673159.0,11.9,6.123233995736766e-17,1.0,1.0,49100.0,7117.2,43036.0,262.7812875050875,22.402666727701813,9065.43,43688.3875,26185.0,23453.0,4933.0,1052.85,415481.47,1902.55,2.246915,2019
2019-08-19 10:00:00+00:00,19.633852,22.79031588,-0.6712599575675318,-0.7412220108485954,2777986.0,9.55,-0.8660254037844387,0.4999999999999999,1.0,49700.0,7117.2,40098.0,196.8427709401709,20.37979213396706,6717.8675,27802.68,23466.7,12968.0,3493.0,4245.36,1841113.1,2648.49,2.5428078,2019
2020-10-31 17:00:00+00:00,14.42223,17.2389636,0.5123714121284235,-0.858763958275803,3041148.0,13.4,-0.2588190451025206,-0.9659258262890684,0.0,49600.0,6125.5,44530.0,323.78241516076514,11.873750090599048,6565.945,34353.240000000005,20801.2,18061.0,5162.0,0.0,55165.242,7362.36,5.4857373,2020
2019-07-25 22:00:00+00:00,23.655083,22.79031588,-0.9192859697186104,-0.3935902766564669,2697155.0,10.3,0.8660254037844384,-0.5000000000000004,1.0,48750.0,7117.2,37966.0,177.71964076109077,25.132833321889247,7475.567499999999,32839.8,23804.6,21945.0,3403.0,0.0,0.0,3704.81,1.8439841,2019
2022-01-19 06:00:00+00:00,3.5758548,80.46928043999999,0.9469877530760752,0.3212696616923644,1998118.0,73.6,6.123233995736766e-17,1.0,1.0,76800.0,7117.2,48625.0,337.2486361212861,4.292500073297156,11116.9675,52239.535,28541.3,24497.0,5398.0,0.0,0.0,1560.48,2.3899255,2022
2020-09-02 04:00:00+00:00,12.918718,17.2389636,-0.4597327394521046,-0.888057322629493,2975651.0,10.48,0.5000000000000001,0.8660254037844386,1.0,39850.0,6071.9,32620.0,241.87579540089536,16.484999974568666,8985.727499999999,50070.4,18613.7,17037.0,3355.0,0.0,0.0,1818.81,1.5185479,2020
2018-12-19 17:00:00+00:00,8.140816,15.1252596,0.9787400799669153,-0.2051044998686192,2085932.0,24.4,-0.2588190451025206,-0.9659258262890684,1.0,74450.0,5076.1,54775.0,257.161271937322,7.438833355903624,11068.8025,55444.145,28635.0,27171.0,5513.0,0.0,9434.804,4557.71,6.265774,2018
2023-06-03 09:00:00+00:00,17.977802,89.55725625000001,-0.8820480249558534,0.4711595076738641,2404082.0,25.1,-0.7071067811865475,0.7071067811865476,0.0,40550.0,5118.0,32600.0,272.4244376382876,17.462000158098004,2207.6025,9963.575000000004,9195.425,10911.0,4812.0,9601.32,2181732.8,2801.72,3.5646122,2023
2023-08-26 02:00:00+00:00,17.608849,89.55725625000001,-0.5772916165517278,-0.8165380514459157,2829706.0,35.875,0.8660254037844387,0.4999999999999999,0.0,33250.0,6895.5,35602.0,204.56793070448072,23.634944597880065,5448.2525000000005,27593.06,19464.0,14900.0,3078.0,0.0,0.0,3497.32,3.6114144,2023
2023-06-01 00:00:00+00:00,14.662544,89.55725625000001,-0.865307254363206,0.5012418134457758,2404082.0,23.9,1.0,0.0,1.0,36350.0,5118.0,33510.0,268.4643461519961,17.3097775777181,4535.422500000001,25941.807500000003,18537.175,13959.0,5079.0,0.0,0.0,6721.94,4.8499284,2023
2018-02-05 05:00:00+00:00,2.0302124,15.1252596,0.8140460935082179,0.5808002734538008,1416974.0,17.75,0.2588190451025207,0.9659258262890684,1.0,70300.0,7117.2,56450.0,655.9052489293628,5.930583357810976,9830.4,60985.78999999999,21850.0,17894.0,5759.0,0.0,0.0,3317.33,6.496706,2018
2018-09-03 05:00:00+00:00,15.032086,15.1252596,-0.4597327394521046,-0.888057322629493,2718547.0,26.35,0.2588190451025207,0.9659258262890684,1.0,43800.0,7117.2,42200.0,168.64544006919007,16.734100151062,9493.9925,58234.2075,26433.4,19566.0,2673.0,0.0,262.97983,1343.29,3.1272976,2018
2018-11-29 12:00:00+00:00,11.45051,15.1252596,0.8520775211013093,-0.5234156073655503,2227100.0,24.55,-1.0,1.2246467991473532e-16,1.0,66350.0,5110.1,50635.0,158.37330775335775,8.33999987443288,9205.357500000002,39356.037500000006,27491.2,22211.0,2881.0,2507.36,936019.56,9529.96,6.7746577,2018
2018-09-13 22:00:00+00:00,16.612158,15.1252596,-0.300819807635668,-0.9536809966304456,2678886.0,26.55,0.8660254037844384,-0.5000000000000004,1.0,45000.0,7117.2,48105.0,163.76047769637768,16.75304158528646,8521.4525,49120.0425,22412.6,17053.0,2484.0,0.0,0.0,1496.92,2.7372313,2018
2022-09-16 18:00:00+00:00,16.802149,80.46928043999999,-0.2511900638848195,-0.9679377830240642,2252727.0,161.5,-1.8369701987210292e-16,-1.0,1.0,46300.0,7117.2,28706.0,172.6440018000518,19.399916172027567,6291.105000000001,31080.0975,20636.9,20990.0,2820.0,14.65,162303.52,5622.51,5.3479433,2022
2023-12-21 19:00:00+00:00,10.141594,89.55725625000001,0.9852201067560606,-0.1712931441814778,2761956.0,33.0,0.2588190451025203,-0.9659258262890684,1.0,60700.0,7117.2,47235.0,699.2087736652236,8.108222272660997,6355.4975,5335.565000000002,23751.175,20636.0,6475.0,0.0,0.0,17473.13,11.208256,2023
2023-12-22 18:00:00+00:00,9.815492,89.55725625000001,0.9880226656636976,-0.154308820664281,2761956.0,33.8,-1.8369701987210292e-16,-1.0,1.0,60900.0,7117.2,46415.0,691.6718637806638,8.642222298516167,6583.3475,18581.459999999992,23101.425,20091.0,6499.0,0.0,0.0,14378.59,10.067599,2023
2023-02-10 23:00:00+00:00,3.1519551,89.55725625000001,0.7611042586607746,0.6486295610349815,1548596.0,55.3,0.9659258262890684,-0.2588190451025207,0.0,65900.0,7117.2,45780.0,207.9655814466532,6.218611180782316,7270.885,18836.120000000003,20740.8,16639.0,3259.0,0.0,0.0,2678.94,0.42843288,2023
2023-03-15 18:00:00+00:00,9.596319,89.55725625000001,0.2926003356333486,0.9562348265919056,1437424.0,44.75,-1.8369701987210292e-16,-1.0,1.0,60050.0,7117.2,37155.0,499.3220810403768,10.49850005573695,10713.635,50907.09,25780.55,22618.0,6235.0,0.0,130894.766,1577.73,1.8102351,2023
2022-12-14 23:00:00+00:00,4.771157,80.46928043999999,0.9574851883550392,-0.288482432880609,2190805.0,133.0,0.9659258262890684,-0.2588190451025207,1.0,65400.0,7117.2,42100.0,262.7620530627183,5.498250067234038,9531.3625,45317.735,14349.5,16294.0,4140.0,0.0,0.0,2950.36,2.9532282,2022
2023-10-04 15:00:00+00:00,19.441221,89.55725625000001,0.055916990100603,-0.9984354211555644,2705939.0,32.55,-0.7071067811865477,-0.7071067811865475,1.0,43900.0,6893.0,41226.0,152.4733978854479,19.173500431908504,6630.514999999999,31077.27,13577.425,21382.0,2308.0,6074.06,1227310.2,2107.78,1.9011025,2023
2020-12-17 05:00:00+00:00,8.041159,17.2389636,0.9750645322571948,-0.2219215130041658,2454326.0,15.88,0.2588190451025207,0.9659258262890684,1.0,58850.0,7117.2,47520.0,409.1376142246643,7.48511118359036,8483.9475,37208.7225,25270.3,19924.0,5557.0,0.0,0.0,4339.47,4.5733533,2020
2020-02-18 14:00:00+00:00,9.719569,17.2389636,0.6648553979642865,0.7469720876965552,2116585.0,9.65,-0.8660254037844386,-0.5000000000000001,1.0,63500.0,7117.2,51664.0,440.3275334554335,8.901041587193804,7402.967500000001,23881.1775,24414.9,24110.0,5270.0,3190.31,1274149.2,7908.8,6.956369,2020
2022-01-21 05:00:00+00:00,2.1889193,80.46928043999999,0.9353679493131484,0.3536761221763715,1998118.0,80.5,0.2588190451025207,0.9659258262890684,1.0,71550.0,7117.2,49251.0,304.0066722018722,4.58627778208918,9666.2175,41415.6425,15453.2,19880.0,3983.0,0.0,0.0,4016.12,5.0868993,2022
2021-03-13 18:00:00+00:00,8.294389,46.29497964,0.3253420847119803,0.9455963874271424,1176034.0,18.566666666666663,-1.8369701987210292e-16,-1.0,0.0,58950.0,7117.2,45775.0,278.87587478632474,8.65416653951009,7043.6975,17957.5,19572.0,18851.0,5487.0,0.0,120750.34,12738.97,10.183186,2021
