timestamp,air_temp_era5_ES,carbon_price_ES,day_of_year_cos,day_of_year_sin,filling_rate_ES,gas_price_ES,hour_cos,hour_sin,isworkingday_ES,load_da_ES,nuclear_avail_esios_ES,nuclear_avail_rte_FR,river_flow_mean_ES,river_temp_ES,rl_FR,rl_PT,run_off_gen_ES,solar_da_ES,ssrd_ES,wind_da_ES,wind_speed_100m_ES,year
2022-10-27 05:00:00+00:00,18.40281,80.46928043999999,0.436651231956063,-0.8996308696522438,4884752.0,50.0,0.2588190451025207,0.9659258262890684,1.0,25843.0,5066.1,30305.0,33.39272727272727,22.7,36583.43,1588.3000000000002,644.0,6.6,0.0,11961.0,4.6802797,2022
2023-01-29 14:00:00+00:00,8.531825,89.55725625000001,0.8779600847008882,0.4787338401157884,10151548.0,56.45,-0.8660254037844386,-0.5000000000000001,0.0,27411.0,7117.2,44320.0,115.03999999999998,10.7,57168.38,2729.7,1072.0,10170.5,1542793.6,7048.0,4.3800135,2023
2023-02-26 03:00:00+00:00,6.766941,89.55725625000001,0.5560174366570445,0.831170626365808,9817436.0,49.7,0.7071067811865476,0.7071067811865476,0.0,20460.0,6121.4,38865.0,93.22454545454544,11.3,41678.42,4572.2,888.0,4.4,0.0,9728.0,4.2834764,2023
2022-12-09 11:00:00+00:00,13.5072155,80.46928043999999,0.9291414114031744,-0.3697245428906732,5758229.0,135.0,-0.9659258262890682,0.258819045102521,1.0,29757.0,7117.2,40960.0,36.96818181818182,12.5,68089.99,5593.4,924.0,2667.0,719279.25,6963.0,4.0105476,2022
2022-07-17 14:00:00+00:00,31.431517,80.46928043999999,-0.9646141756912436,-0.2636654927280072,7037432.0,98.0,-0.8660254037844386,-0.5000000000000001,0.0,29818.0,7117.2,23920.0,44.74,27.5,30461.96,3206.7,524.0,11462.2,3211849.5,4235.0,2.076829,2022
2022-06-29 14:00:00+00:00,24.956797,80.46928043999999,-0.99907411510223,0.0430222330045305,7335369.0,115.87,-0.8660254037844386,-0.5000000000000001,1.0,30906.0,7117.2,28795.0,41.633,23.100000000000005,38786.08,2858.9,636.0,12003.2,3050601.0,6121.0,1.5907129,2022
2022-11-24 09:00:00+00:00,13.797915,80.46928043999999,0.8039279618328213,-0.5947266869607633,5454445.0,66.58,-0.7071067811865475,0.7071067811865476,1.0,30021.0,6071.9,34069.0,74.2890909090909,17.233333333333334,53592.1,3762.7,1072.0,3187.5,429056.16,7598.0,3.4310954,2022
2022-12-13 15:00:00+00:00,15.827347,80.46928043999999,0.9523775757303972,-0.3049212246562894,6191200.0,123.04,-0.7071067811865477,-0.7071067811865475,1.0,31749.0,7117.2,42100.0,47.86636363636364,12.3,69776.37,4790.0,1200.0,868.9,375433.8,10786.0,7.929993,2022
2022-07-19 06:00:00+00:00,21.376623,80.46928043999999,-0.9549667548552552,-0.2967128192734901,6828082.0,112.0,6.123233995736766e-17,1.0,1.0,30834.0,7117.2,24490.0,46.693636363636365,27.366666666666664,42274.33,4564.5,580.0,2348.9,178608.97,4787.0,0.41818762,2022
2022-07-21 20:00:00+00:00,26.318361,80.46928043999999,-0.9441875088341996,-0.3294084822245298,6828082.0,114.95,0.5000000000000001,-0.8660254037844386,1.0,33752.0,7117.2,27255.0,48.78272727272727,27.433333333333334,46308.26,5912.6,624.0,608.4,51736.355,8094.0,1.1003635,2022
2022-07-25 07:00:00+00:00,23.308556,80.46928043999999,-0.9192859697186104,-0.3935902766564669,6608574.0,129.8,-0.2588190451025208,0.9659258262890684,1.0,29740.0,6950.5,24992.0,46.22818181818182,27.3,41794.51,4829.2,588.0,5088.7,616826.3,3133.0,1.9880295,2022
2022-08-25 17:00:00+00:00,26.481089,80.46928043999999,-0.5912614448635782,-0.8064799463209447,5812377.0,206.98,-0.2588190451025206,-0.9659258262890684,1.0,31035.0,7117.2,24046.0,46.841,26.066666666666663,45315.41,4820.7,528.0,7289.7,1165360.9,7570.0,2.8567817,2022
2023-01-16 04:00:00+00:00,8.667305,89.55725625000001,0.9623090774541486,0.2719581575341055,9606485.0,63.0,0.5000000000000001,0.8660254037844386,1.0,20642.0,7117.2,44558.0,58.85090909090909,13.0,36120.69,354.7999999999993,1092.0,0.3,0.0,17044.0,8.246751,2023
2023-02-01 05:00:00+00:00,5.232569,89.55725625000001,0.8520775211013093,0.5234156073655503,10162057.0,58.95,0.2588190451025207,0.9659258262890684,1.0,26214.0,7117.2,44660.0,98.43363636363635,10.8,56894.79,3619.9,940.0,12.3,0.0,7756.0,2.5209913,2023
2023-02-23 21:00:00+00:00,8.332372,89.55725625000001,0.5981809144059164,0.8013610881746766,9817436.0,49.89,0.7071067811865474,-0.7071067811865477,1.0,31966.0,6121.4,41815.0,82.59181818181818,12.8,49752.38,6146.6,980.0,217.7,0.0,7290.0,1.2529413,2023
2022-11-07 11:00:00+00:00,17.366041,80.46928043999999,0.5981809144059166,-0.8013610881746764,5135888.0,46.88,-0.9659258262890682,0.258819045102521,1.0,27731.0,6071.9,30805.0,34.61454545454546,20.1,36508.630000000005,4573.8,640.0,10357.6,1637917.2,6674.0,3.0489335,2022
2022-07-21 18:00:00+00:00,28.805885,80.46928043999999,-0.9441875088341996,-0.3294084822245298,6828082.0,114.95,-1.8369701987210292e-16,-1.0,1.0,34619.0,7117.2,27255.0,48.78272727272727,27.433333333333334,46791.25,5723.0,556.0,4913.8,1012881.5,6823.0,0.9583922,2022
2022-12-20 13:00:00+00:00,14.7980795,80.46928043999999,0.9821256058680004,-0.1882267098432448,7263299.0,99.9,-0.9659258262890684,-0.2588190451025203,1.0,31109.0,7117.2,41300.0,51.14363636363637,11.633333333333336,48533.37,3403.4,932.0,4059.3,1099031.2,11107.0,5.518854,2022
2022-08-08 12:00:00+00:00,28.301569,80.46928043999999,-0.798779372886365,-0.6016240632249223,6132407.0,125.0,-1.0,1.2246467991473532e-16,1.0,33823.0,7117.2,26099.0,47.06363636363636,27.53333333333333,33334.96,5123.299999999999,552.0,13101.3,3149160.5,2926.0,0.7449751,2022
2023-01-31 17:00:00+00:00,10.790576,89.55725625000001,0.8609610158889943,0.5086709438521044,10162057.0,55.0,-0.2588190451025206,-0.9659258262890684,1.0,34675.0,7117.2,44830.0,99.3681818181818,10.5,67233.17,7560.8,1196.0,1897.5,425151.66,7185.0,2.6205769,2023
2023-01-18 02:00:00+00:00,7.263299,89.55725625000001,0.9523775757303976,0.304921224656289,9606485.0,52.0,0.8660254037844387,0.4999999999999999,1.0,23143.0,7117.2,43670.0,290.69416666666666,12.3,54996.54,847.4000000000005,1196.0,0.0,0.0,16987.0,10.402478,2023
2023-01-16 22:00:00+00:00,11.406565,89.55725625000001,0.9623090774541486,0.2719581575341055,9606485.0,63.0,0.8660254037844384,-0.5000000000000004,1.0,28552.0,7117.2,43670.0,58.85090909090909,13.0,59492.01,2827.4,1300.0,0.2,0.0,17676.0,12.066124,2023
2022-09-03 20:00:00+00:00,22.277443,80.46928043999999,-0.4597327394521046,-0.888057322629493,5643916.0,185.0,0.5000000000000001,-0.8660254037844386,0.0,26775.0,7117.2,23311.0,39.231,24.9,38315.76,4255.5,448.0,512.1,28.80477,6333.0,2.3282309,2022
2023-01-28 12:00:00+00:00,7.805159,89.55725625000001,0.886070621534138,0.4635502709028509,10151548.0,50.51,-1.0,1.2246467991473532e-16,0.0,29876.0,7117.2,44740.0,115.67636363636365,10.7,58248.69,3044.1,1136.0,10548.0,1536005.1,13427.0,5.863134,2023
2022-12-21 01:00:00+00:00,12.815476,80.46928043999999,0.9852201067560606,-0.1712931441814778,7263299.0,87.97,0.9659258262890684,0.2588190451025207,1.0,22426.0,7117.2,41300.0,47.775454545454544,11.7,47114.77,2594.0,1072.0,0.0,0.0,12889.0,5.866778,2022
2022-08-24 18:00:00+00:00,26.572783,80.46928043999999,-0.6050560696488494,-0.7961828637826154,5812377.0,225.0,-1.8369701987210292e-16,-1.0,1.0,30949.0,7117.2,23816.0,45.233,26.100000000000005,45853.18,5138.3,536.0,2876.0,541102.1,4603.0,0.5672112,2022
2023-02-21 03:00:00+00:00,10.447206,89.55725625000001,0.6254105729852463,0.7802958510707755,9817436.0,49.52,0.7071067811865476,0.7071067811865476,1.0,22094.0,7117.2,41375.0,79.73272727272727,12.4,49351.66,4082.9,840.0,3.0,0.0,4753.0,1.629562,2023
2022-10-07 06:00:00+00:00,16.41217,80.46928043999999,0.1073813466641621,-0.994217906893952,4808909.0,102.0,6.123233995736766e-17,1.0,1.0,27868.0,6111.4,28010.0,34.44090909090908,22.133333333333336,47372.33,4113.3,352.0,269.7,508.37555,2848.0,3.1183424,2022
2022-10-18 22:00:00+00:00,19.897665,80.46928043999999,0.2926003356333479,-0.9562348265919058,4759479.0,50.0,0.8660254037844384,-0.5000000000000004,1.0,23230.0,5066.1,29189.0,35.49454545454545,23.6,36969.77,1997.4,360.0,83.2,0.0,9552.0,4.276855,2022
2022-08-09 05:00:00+00:00,21.227484,80.46928043999999,-0.7883050558305256,-0.6152845999633274,6132407.0,131.51,0.2588190451025207,0.9659258262890684,1.0,25512.0,7117.2,26778.0,47.87363636363636,27.73333333333333,33617.26,4347.3,516.0,225.0,328.90213,5455.0,2.1533933,2022
2022-07-04 23:00:00+00:00,21.343506,80.46928043999999,-0.99907411510223,-0.0430222330045303,7194500.0,133.79,0.9659258262890684,-0.2588190451025207,1.0,26136.0,7117.2,27465.0,46.607,24.933333333333334,37848.38,4787.5,632.0,431.4,0.0,8769.0,1.2513558,2022
2022-11-18 09:00:00+00:00,13.057558,80.46928043999999,0.7383263540031063,-0.6744436188329457,5211425.0,52.5,-0.7071067811865475,0.7071067811865476,1.0,29292.0,6071.9,32039.0,33.452727272727266,18.5,49794.5,3593.0,848.0,3994.3,447892.62,6558.0,5.5308995,2022
2022-10-23 12:00:00+00:00,21.019094,80.46928043999999,0.3737197147904684,-0.9275416835791968,4759479.0,40.12,-1.0,1.2246467991473532e-16,0.0,23265.0,5066.1,32105.0,34.84909090909091,23.0,21515.26,507.6000000000004,804.0,7158.2,1709504.1,14459.0,7.609879,2022
2022-07-27 09:00:00+00:00,22.859144,80.46928043999999,-0.9051931898913976,-0.4250003399695539,6608574.0,133.0,-0.7071067811865475,0.7071067811865476,1.0,33961.0,7117.2,25615.0,45.73454545454545,25.933333333333334,40684.59,4876.1,616.0,11317.5,1834581.5,2637.0,2.1803217,2022
2022-11-04 22:00:00+00:00,13.114568,80.46928043999999,0.5560174366570438,-0.8311706263658084,5045030.0,52.0,0.8660254037844384,-0.5000000000000004,1.0,23674.0,6071.9,30695.0,33.776363636363634,21.5,45256.23,5901.2,788.0,4.2,0.0,7320.0,5.111313,2022
2022-12-13 05:00:00+00:00,14.682742,80.46928043999999,0.9523775757303972,-0.3049212246562894,6191200.0,123.04,0.2588190451025207,0.9659258262890684,1.0,23780.0,7117.2,41300.0,47.86636363636364,12.3,62001.29,1901.4,1052.0,0.0,0.0,14127.0,8.353722,2022
2022-08-14 11:00:00+00:00,26.591347,80.46928043999999,-0.7324940716135788,-0.6807734094770164,6132407.0,149.95,-0.9659258262890682,0.258819045102521,0.0,25722.0,7117.2,26011.0,46.17818181818182,27.03333333333333,33287.68,3239.7,528.0,12320.5,2771873.2,4270.0,3.5778575,2022
2022-09-03 21:00:00+00:00,21.544062,80.46928043999999,-0.4597327394521046,-0.888057322629493,5643916.0,185.0,0.7071067811865474,-0.7071067811865477,0.0,24841.0,7117.2,23311.0,39.231,24.9,40853.36,4106.5,452.0,451.9,0.0,6122.0,1.9816964,2022
2022-12-18 23:00:00+00:00,11.541219,80.46928043999999,0.9750645322571948,-0.2219215130041658,6191200.0,114.0,0.9659258262890684,-0.2588190451025207,1.0,23237.0,7117.2,41075.0,57.86363636363637,12.5,53359.6,2368.2,928.0,16.0,0.0,10127.0,5.940377,2022
2022-11-28 14:00:00+00:00,13.625127,80.46928043999999,0.8429415373547827,-0.5380051715383,5768825.0,86.5,-0.8660254037844386,-0.5000000000000001,1.0,30432.0,7117.2,34828.0,50.22727272727273,16.233333333333334,54606.44,4615.5,892.0,9284.5,1164518.9,15286.0,7.8908935,2022
2022-11-28 03:00:00+00:00,10.882121,80.46928043999999,0.8429415373547827,-0.5380051715383,5768825.0,86.5,0.7071067811865476,0.7071067811865476,1.0,19749.0,6071.9,33113.0,50.22727272727273,16.233333333333334,41001.98,1851.9,940.0,26.5,0.0,12811.0,4.385369,2022
2022-12-21 19:00:00+00:00,13.950066,80.46928043999999,0.9852201067560606,-0.1712931441814778,7263299.0,87.97,0.2588190451025203,-0.9659258262890684,1.0,33247.0,7117.2,41300.0,47.775454545454544,11.7,49015.83,5726.6,1232.0,6.4,0.0,13114.0,5.6094413,2022
2022-07-04 22:00:00+00:00,21.906755,80.46928043999999,-0.99907411510223,-0.0430222330045303,7194500.0,133.79,0.8660254037844384,-0.5000000000000004,1.0,27551.0,7117.2,27465.0,46.607,24.933333333333334,41304.23,4643.9,704.0,457.8,0.0,8990.0,1.1632535,2022
2022-08-13 19:00:00+00:00,25.927612,80.46928043999999,-0.7441039398713605,-0.6680638642135336,6132407.0,150.0,0.2588190451025203,-0.9659258262890684,0.0,29794.0,7117.2,26836.0,46.81454545454546,27.73333333333333,38307.67,4471.0,560.0,262.5,218682.02,8771.0,1.6244094,2022
2023-01-29 20:00:00+00:00,5.970184,89.55725625000001,0.8779600847008882,0.4787338401157884,10151548.0,56.45,0.5000000000000001,-0.8660254037844386,0.0,33488.0,7117.2,43310.0,115.03999999999998,10.7,64676.02,5622.700000000001,1284.0,81.0,0.0,7470.0,4.5352564,2023
2023-01-08 19:00:00+00:00,13.711559,89.55725625000001,0.9905324521322229,0.1372787721132647,8688669.0,61.89,0.2588190451025203,-0.9659258262890684,0.0,28265.0,7117.2,42950.0,38.42363636363636,10.25,41626.3,3491.6,1132.0,0.0,0.0,16156.0,9.971941,2023
2022-11-18 13:00:00+00:00,13.953768,80.46928043999999,0.7383263540031063,-0.6744436188329457,5211425.0,52.5,-0.9659258262890684,-0.2588190451025203,1.0,29734.0,6071.9,32039.0,33.452727272727266,18.5,46408.21,2356.6000000000004,744.0,6221.8,1086603.4,9670.0,6.167521,2022
2022-09-13 02:00:00+00:00,22.362698,80.46928043999999,-0.300819807635668,-0.9536809966304456,5329748.0,144.0,0.8660254037844387,0.4999999999999999,1.0,23444.0,7117.2,28226.0,40.654545454545456,23.3,32947.0,687.6999999999998,408.0,9.2,0.0,11469.0,5.2238917,2022
2022-11-24 17:00:00+00:00,14.935172,80.46928043999999,0.8039279618328213,-0.5947266869607633,5454445.0,66.58,-0.2588190451025206,-0.9659258262890684,1.0,30459.0,6071.9,34984.0,74.2890909090909,17.233333333333334,52981.32,6200.2,1132.0,52.9,81684.22,7632.0,3.9237902,2022
2022-12-21 12:00:00+00:00,15.071496,80.46928043999999,0.9852201067560606,-0.1712931441814778,7263299.0,87.97,-1.0,1.2246467991473532e-16,1.0,31300.0,7117.2,41300.0,47.775454545454544,11.7,47902.2,3904.4,1060.0,5223.9,1114400.2,14676.0,5.890698,2022
2022-10-18 00:00:00+00:00,18.7492,80.46928043999999,0.2926003356333479,-0.9562348265919058,4759479.0,50.0,1.0,0.0,1.0,21005.0,5066.1,29189.0,34.74727272727273,23.5,36854.01,1764.1000000000004,364.0,81.2,0.0,7947.0,4.0188603,2022
2022-08-09 13:00:00+00:00,29.535925,80.46928043999999,-0.7883050558305256,-0.6152845999633274,6132407.0,131.51,-0.9659258262890684,-0.2588190451025203,1.0,32822.0,7117.2,26888.0,47.87363636363636,27.73333333333333,32831.26,4661.8,572.0,11959.0,3127215.2,4372.0,2.29553,2022
2022-12-10 17:00:00+00:00,10.65016,80.46928043999999,0.935367949313148,-0.3536761221763721,5758229.0,134.5,-0.2588190451025206,-0.9659258262890684,0.0,27604.0,7117.2,40725.0,40.11545454545455,12.5,65696.35,5228.9,916.0,65.6,62100.6,7468.0,4.5255914,2022
2023-01-31 18:00:00+00:00,9.447708,89.55725625000001,0.8609610158889943,0.5086709438521044,10162057.0,55.0,-1.8369701987210292e-16,-1.0,1.0,36886.0,7117.2,44830.0,99.3681818181818,10.5,69450.42,8158.0,1240.0,314.1,48305.152,7443.0,2.7512727,2023
2023-01-18 04:00:00+00:00,6.767575,89.55725625000001,0.9523775757303976,0.304921224656289,9606485.0,52.0,0.5000000000000001,0.8660254037844386,1.0,23024.0,7117.2,43670.0,290.69416666666666,12.3,55891.7,870.6000000000004,1212.0,0.0,0.0,16481.0,10.30794,2023
2022-08-09 17:00:00+00:00,29.125652,80.46928043999999,-0.7883050558305256,-0.6152845999633274,6132407.0,131.51,-0.2588190451025206,-0.9659258262890684,1.0,31636.0,7117.2,26888.0,47.87363636363636,27.73333333333333,38751.07,5471.4,564.0,7235.0,1444356.4,5965.0,1.819874,2022
2022-12-18 07:00:00+00:00,9.720217,80.46928043999999,0.9750645322571948,-0.2219215130041658,6191200.0,114.0,-0.2588190451025208,0.9659258262890684,0.0,20670.0,7117.2,41185.0,65.12181818181817,12.7,58978.66,1667.2000000000005,952.0,21.4,33.57377,6984.0,3.482822,2022
2023-02-23 06:00:00+00:00,8.020166,89.55725625000001,0.5981809144059164,0.8013610881746766,9817436.0,49.89,6.123233995736766e-17,1.0,1.0,29204.0,6121.4,41815.0,82.59181818181818,12.8,58333.3,2438.3,916.0,71.6,0.0,5197.0,1.8972574,2023
2022-08-13 00:00:00+00:00,24.004213,80.46928043999999,-0.7441039398713605,-0.6680638642135336,6132407.0,150.0,1.0,0.0,0.0,24902.0,7117.2,25556.0,46.81454545454546,27.73333333333333,32047.31,4211.1,576.0,211.2,0.0,3990.0,1.8938321,2022
2022-06-29 19:00:00+00:00,22.35835,80.46928043999999,-0.99907411510223,0.0430222330045305,7335369.0,115.87,0.2588190451025203,-0.9659258262890684,1.0,30072.0,7117.2,28795.0,41.633,23.100000000000005,42973.07,3082.0,636.0,2046.3,424908.5,8518.0,2.265246,2022
2022-10-01 07:00:00+00:00,13.923975,80.46928043999999,0.0043035382962438,-0.99999073973619,4867449.0,90.0,-0.2588190451025208,0.9659258262890684,0.0,23128.0,6111.4,28215.0,42.193636363636365,20.7,30852.58,4001.9,496.0,3756.2,145213.42,2951.0,0.5408059,2022
2022-11-18 10:00:00+00:00,13.475382,80.46928043999999,0.7383263540031063,-0.6744436188329457,5211425.0,52.5,-0.8660254037844387,0.4999999999999999,1.0,29361.0,6071.9,32039.0,33.452727272727266,18.5,48604.48,3356.2000000000003,808.0,4958.0,768722.2,7041.0,5.9269853,2022
2022-09-03 08:00:00+00:00,20.818441,80.46928043999999,-0.4597327394521046,-0.888057322629493,5643916.0,185.0,-0.4999999999999998,0.8660254037844387,0.0,26034.0,7117.2,22401.0,39.231,24.9,35791.3,3828.4,508.0,8012.1,791107.1,1090.0,1.5395991,2022
2022-07-15 06:00:00+00:00,22.547596,80.46928043999999,-0.973118337233262,-0.2303056702306119,7037432.0,146.0,6.123233995736766e-17,1.0,1.0,30648.0,7117.2,25270.0,43.41363636363637,27.23333333333333,38899.94,4128.0,588.0,2360.9,205366.11,5578.0,2.40926,2022
2023-01-28 21:00:00+00:00,5.6330376,89.55725625000001,0.886070621534138,0.4635502709028509,10151548.0,50.51,0.7071067811865474,-0.7071067811865477,0.0,31981.0,7117.2,44740.0,115.67636363636365,10.7,64068.16,4237.9,1304.0,204.7,0.0,12148.0,5.4789553,2023
2022-08-09 01:00:00+00:00,22.476751,80.46928043999999,-0.7883050558305256,-0.6152845999633274,6132407.0,131.51,0.9659258262890684,0.2588190451025207,1.0,23282.0,7117.2,26778.0,47.87363636363636,27.73333333333333,29518.14,4414.9,512.0,447.2,0.0,6380.0,1.45252,2022
2023-02-21 14:00:00+00:00,15.548264,89.55725625000001,0.6254105729852463,0.7802958510707755,9817436.0,49.52,-0.8660254037844386,-0.5000000000000001,1.0,29111.0,7117.2,41375.0,79.73272727272727,12.4,47501.05,4327.1,852.0,8828.4,1950629.0,2191.0,1.5560384,2023
2022-09-13 03:00:00+00:00,22.102737,80.46928043999999,-0.300819807635668,-0.9536809966304456,5329748.0,144.0,0.7071067811865476,0.7071067811865476,1.0,23228.0,7117.2,28226.0,40.654545454545456,23.3,34097.12,690.1999999999998,408.0,10.7,0.0,11872.0,5.2202325,2022
2023-02-26 17:00:00+00:00,10.002775,89.55725625000001,0.5560174366570445,0.831170626365808,9817436.0,49.7,-0.2588190451025206,-0.9659258262890684,0.0,25245.0,6121.4,38865.0,93.22454545454544,11.3,41757.73,4915.2,804.0,2865.8,659309.06,16393.0,5.7427273,2023
2022-08-14 15:00:00+00:00,28.007288,80.46928043999999,-0.7324940716135788,-0.6807734094770164,6132407.0,149.95,-0.7071067811865477,-0.7071067811865475,0.0,26077.0,7117.2,26011.0,46.17818181818182,27.03333333333333,28378.38,2121.9,516.0,11438.0,2569762.8,7010.0,3.5945,2022
2022-11-28 19:00:00+00:00,11.421433,80.46928043999999,0.8429415373547827,-0.5380051715383,5768825.0,86.5,0.2588190451025203,-0.9659258262890684,1.0,33398.0,7117.2,35188.0,50.22727272727273,16.233333333333334,59085.91,6636.2,1072.0,88.4,0.0,11837.0,6.9522157,2022
2022-08-20 10:00:00+00:00,26.088701,80.46928043999999,-0.6584015846980489,-0.7526668275320083,5982421.0,160.0,-0.8660254037844387,0.4999999999999999,0.0,25808.0,7117.2,25156.0,45.440000000000005,24.2,31599.08,4049.8,584.0,12457.9,2440735.2,2059.0,0.7978816,2022
2022-11-04 16:00:00+00:00,16.828846,80.46928043999999,0.5560174366570438,-0.8311706263658084,5045030.0,52.0,-0.5000000000000004,-0.8660254037844385,1.0,26672.0,6071.9,30695.0,33.776363636363634,21.5,41841.59,6419.4,700.0,3581.7,682888.1,10047.0,6.420186,2022
2022-07-19 02:00:00+00:00,22.009792,80.46928043999999,-0.9549667548552552,-0.2967128192734901,6828082.0,112.0,0.8660254037844387,0.4999999999999999,1.0,26125.0,7117.2,24490.0,46.693636363636365,27.366666666666664,33239.23,3401.9,520.0,432.6,0.0,6735.0,0.81821996,2022
2023-01-28 17:00:00+00:00,7.824551,89.55725625000001,0.886070621534138,0.4635502709028509,10151548.0,50.51,-0.2588190451025206,-0.9659258262890684,0.0,30599.0,7117.2,44740.0,115.67636363636365,10.7,66295.85,4740.3,1264.0,1496.9,332307.28,12675.0,5.5499635,2023
2023-01-15 15:00:00+00:00,11.984324,89.55725625000001,0.9668478136052776,0.255353295116187,9141747.0,63.97,-0.7071067811865477,-0.7071067811865475,0.0,24523.0,7117.2,40965.0,56.00727272727273,13.2,34064.47,2227.9,1116.0,4964.9,990633.8,13138.0,6.9040337,2023
2022-11-07 10:00:00+00:00,16.179903,80.46928043999999,0.5981809144059166,-0.8013610881746764,5135888.0,46.88,-0.8660254037844387,0.4999999999999999,1.0,27572.0,6071.9,30805.0,34.61454545454546,20.1,37656.44,4731.3,572.0,9706.8,1273681.9,5907.0,2.4293706,2022
2022-10-28 17:00:00+00:00,21.254763,80.46928043999999,0.4520722039323045,-0.8919813464595484,4884752.0,48.94,-0.2588190451025206,-0.9659258262890684,1.0,27832.0,5066.1,30305.0,32.56454545454545,22.65,46056.54,3120.7,760.0,573.9,224828.03,10892.0,4.158994,2022
2023-01-08 10:00:00+00:00,13.2241,89.55725625000001,0.9905324521322229,0.1372787721132647,8688669.0,61.89,-0.8660254037844387,0.4999999999999999,0.0,24997.0,7117.2,40837.0,38.42363636363636,10.25,37858.53,1128.0,996.0,1578.0,455457.66,14934.0,9.154503,2023
2022-07-19 07:00:00+00:00,22.528666,80.46928043999999,-0.9549667548552552,-0.2967128192734901,6828082.0,112.0,-0.2588190451025208,0.9659258262890684,1.0,32601.0,7117.2,24490.0,46.693636363636365,27.366666666666664,44186.14,5263.3,616.0,6511.3,665100.7,4494.0,0.34501812,2022
2022-09-07 19:00:00+00:00,23.164783,80.46928043999999,-0.3975428142825566,-0.9175836260593934,5498074.0,130.0,0.2588190451025203,-0.9659258262890684,1.0,31658.0,7117.2,26396.0,38.89454545454545,24.5,43417.72,5557.2,468.0,470.3,41219.496,8001.0,3.4671974,2022
2022-08-24 11:00:00+00:00,27.355965,80.46928043999999,-0.6050560696488494,-0.7961828637826154,5812377.0,225.0,-0.9659258262890682,0.258819045102521,1.0,32840.0,7117.2,25146.0,45.233,26.100000000000005,41670.69,4419.8,556.0,12066.8,2556297.8,3600.0,0.6959574,2022
2022-08-20 17:00:00+00:00,28.348185,80.46928043999999,-0.6584015846980489,-0.7526668275320083,5982421.0,160.0,-0.2588190451025206,-0.9659258262890684,0.0,26107.0,7117.2,24721.0,45.440000000000005,24.2,35597.68,3457.7,516.0,8934.1,1446825.0,3892.0,1.5927384,2022
2022-11-24 14:00:00+00:00,15.857802,80.46928043999999,0.8039279618328213,-0.5947266869607633,5454445.0,66.58,-0.8660254037844386,-0.5000000000000001,1.0,29268.0,6071.9,34984.0,74.2890909090909,17.233333333333334,46212.52,5101.8,1064.0,4486.9,974156.7,8634.0,4.318028,2022
2022-12-18 22:00:00+00:00,11.681911,80.46928043999999,0.9750645322571948,-0.2219215130041658,6191200.0,114.0,0.8660254037844384,-0.5000000000000004,0.0,25051.0,7117.2,41075.0,65.12181818181817,12.7,52560.89,3055.3,972.0,44.6,0.0,10460.0,5.648914,2022
2022-10-23 00:00:00+00:00,18.524883,80.46928043999999,0.3737197147904684,-0.9275416835791968,4759479.0,40.12,1.0,0.0,0.0,19079.0,5066.1,31190.0,34.84909090909091,23.0,29505.13,407.0,720.0,19.3,0.0,14086.0,7.530452,2022
2023-01-18 00:00:00+00:00,7.7832384,89.55725625000001,0.9523775757303976,0.304921224656289,9606485.0,52.0,1.0,0.0,1.0,25138.0,7117.2,43670.0,290.69416666666666,12.3,56743.71,1389.9000000000003,1220.0,0.0,0.0,17541.0,10.579206,2023
2022-12-13 01:00:00+00:00,14.783325,80.46928043999999,0.9523775757303972,-0.3049212246562894,6191200.0,123.04,0.9659258262890684,0.2588190451025207,1.0,22373.0,7117.2,41300.0,47.86636363636364,12.3,60364.65,1537.1,1060.0,0.0,0.0,17178.0,9.387142,2022
2022-07-19 23:00:00+00:00,22.658657,80.46928043999999,-0.9549667548552552,-0.2967128192734901,6828082.0,112.0,0.9659258262890684,-0.2588190451025207,1.0,28342.0,7117.2,24490.0,47.61363636363637,27.23333333333333,38568.1,4218.0,576.0,524.7,0.0,5215.0,1.8131492,2022
2022-08-24 08:00:00+00:00,23.97509,80.46928043999999,-0.6050560696488494,-0.7961828637826154,5812377.0,225.0,-0.4999999999999998,0.8660254037844387,1.0,30038.0,7117.2,25146.0,45.233,26.100000000000005,42953.5,4733.0,592.0,8265.6,975847.9,3056.0,1.0547626,2022
2023-01-18 03:00:00+00:00,7.022143,89.55725625000001,0.9523775757303976,0.304921224656289,9606485.0,52.0,0.7071067811865476,0.7071067811865476,1.0,22892.0,7117.2,43670.0,290.69416666666666,12.3,53923.74,792.3999999999996,1192.0,0.0,0.0,16790.0,10.383427,2023
2022-10-18 03:00:00+00:00,18.093575,80.46928043999999,0.2926003356333479,-0.9562348265919058,4759479.0,50.0,0.7071067811865476,0.7071067811865476,1.0,20472.0,5066.1,29189.0,34.74727272727273,23.5,33966.77,956.4,324.0,73.2,0.0,8854.0,4.362291,2022
2022-08-13 06:00:00+00:00,22.594616,80.46928043999999,-0.7441039398713605,-0.6680638642135336,6132407.0,150.0,6.123233995736766e-17,1.0,0.0,23492.0,7117.2,26291.0,46.81454545454546,27.73333333333333,30215.42,4143.9,564.0,865.1,80985.086,2537.0,1.2292002,2022
2022-09-13 10:00:00+00:00,23.478449,80.46928043999999,-0.300819807635668,-0.9536809966304456,5329748.0,144.0,-0.8660254037844387,0.4999999999999999,1.0,32130.0,7117.2,28226.0,40.654545454545456,23.3,41769.31,1530.8000000000002,464.0,5136.6,1248184.6,12368.0,4.9029713,2022
2022-06-29 00:00:00+00:00,18.944555,80.46928043999999,-0.99907411510223,0.0430222330045305,7335369.0,115.87,1.0,0.0,1.0,23736.0,7117.2,28795.0,41.633,23.100000000000005,37214.79,2703.3,700.0,659.5,0.0,3259.0,1.9383671,2022
2022-07-25 02:00:00+00:00,22.835943,80.46928043999999,-0.9192859697186104,-0.3935902766564669,6608574.0,129.8,0.8660254037844387,0.4999999999999999,1.0,23870.0,7117.2,24992.0,46.22818181818182,27.3,32937.26,3308.7,528.0,224.6,0.0,4233.0,2.1467834,2022
2022-10-07 04:00:00+00:00,16.718843,80.46928043999999,0.1073813466641621,-0.994217906893952,4808909.0,102.0,0.5000000000000001,0.8660254037844386,1.0,22752.0,6111.4,27830.0,34.44090909090908,22.133333333333336,39947.77,3288.7,364.0,33.9,0.0,3470.0,3.316427,2022
2022-07-17 15:00:00+00:00,31.43057,80.46928043999999,-0.9646141756912436,-0.2636654927280072,7037432.0,98.0,-0.7071067811865477,-0.7071067811865475,0.0,29617.0,7117.2,23920.0,44.74,27.5,31974.95,3370.3,508.0,10648.2,2828931.0,4608.0,1.9890281,2022
2022-11-28 06:00:00+00:00,10.371159,80.46928043999999,0.8429415373547827,-0.5380051715383,5768825.0,86.5,6.123233995736766e-17,1.0,1.0,26618.0,7117.2,34023.0,50.22727272727273,16.233333333333334,54180.31,2400.0,924.0,17.7,0.0,14644.0,5.420707,2022
2022-09-07 05:00:00+00:00,18.8252,80.46928043999999,-0.3975428142825566,-0.9175836260593934,5498074.0,130.0,0.2588190451025207,0.9659258262890684,1.0,26752.0,7117.2,26166.0,38.89454545454545,24.5,40562.41,4130.3,444.0,23.9,0.0,4831.0,1.9844633,2022
2022-07-27 17:00:00+00:00,27.359999,80.46928043999999,-0.9051931898913976,-0.4250003399695539,6608574.0,133.0,-0.2588190451025206,-0.9659258262890684,1.0,34356.0,7117.2,24885.0,45.73454545454545,25.933333333333334,44024.17,3793.8,536.0,9164.1,1663743.8,4532.0,2.2325861,2022
2022-07-15 05:00:00+00:00,22.01172,80.46928043999999,-0.973118337233262,-0.2303056702306119,7037432.0,146.0,0.2588190451025207,0.9659258262890684,1.0,28952.0,7117.2,25270.0,43.41363636363637,27.23333333333333,37201.0,3772.8,556.0,301.2,7398.025,6088.0,2.422851,2022
2022-11-24 20:00:00+00:00,14.205779,80.46928043999999,0.8039279618328213,-0.5947266869607633,5454445.0,66.58,0.5000000000000001,-0.8660254037844386,1.0,31556.0,6071.9,34984.0,74.2890909090909,17.233333333333334,46921.9,6500.1,1216.0,7.3,0.0,6565.0,4.156932,2022
2023-01-18 21:00:00+00:00,6.4372163,89.55725625000001,0.9523775757303976,0.304921224656289,9606485.0,52.0,0.7071067811865474,-0.7071067811865477,1.0,33234.0,7117.2,42520.0,290.69416666666666,12.3,61590.69,4856.4,1376.0,36.9,0.0,14807.0,8.52752,2023
2022-08-24 17:00:00+00:00,27.543129,80.46928043999999,-0.6050560696488494,-0.7961828637826154,5812377.0,225.0,-0.2588190451025206,-0.9659258262890684,1.0,31569.0,7117.2,23816.0,45.233,26.100000000000005,46622.21,4646.6,516.0,6553.8,1158570.6,4708.0,0.58836323,2022
2022-11-04 10:00:00+00:00,15.540283,80.46928043999999,0.5560174366570438,-0.8311706263658084,5045030.0,52.0,-0.8660254037844387,0.4999999999999999,1.0,27949.0,6071.9,30065.0,33.776363636363634,21.5,42270.69,5615.6,700.0,7921.2,1098887.2,10598.0,5.782394,2022
2022-12-13 00:00:00+00:00,14.811554,80.46928043999999,0.9523775757303972,-0.3049212246562894,6191200.0,123.04,1.0,0.0,1.0,23511.0,7117.2,41300.0,47.86636363636364,12.3,60368.54,1946.7,1072.0,0.0,0.0,17510.0,9.6034,2022
2023-01-15 00:00:00+00:00,9.863799,89.55725625000001,0.9668478136052776,0.255353295116187,9141747.0,63.97,1.0,0.0,0.0,22580.0,7117.2,39982.0,56.00727272727273,13.2,38718.54,2901.8,1128.0,0.0,0.0,10816.0,4.4131136,2023
2023-02-26 22:00:00+00:00,6.8509445,89.55725625000001,0.5560174366570445,0.831170626365808,9817436.0,49.7,0.8660254037844384,-0.5000000000000004,0.0,26984.0,6121.4,38865.0,93.22454545454544,11.3,47766.56,4513.4,856.0,44.1,0.0,16397.0,5.552225,2023
2022-10-24 03:00:00+00:00,17.012093,80.46928043999999,0.3896304495307877,-0.9209712877166348,4884752.0,39.0,0.7071067811865476,0.7071067811865476,1.0,19151.0,5066.1,32105.0,34.5,23.0,22145.23,1806.1,764.0,5.0,0.0,6419.0,4.5163436,2022
2022-12-21 05:00:00+00:00,12.587827,80.46928043999999,0.9852201067560606,-0.1712931441814778,7263299.0,87.97,0.2588190451025207,0.9659258262890684,1.0,23707.0,7117.2,41300.0,47.775454545454544,11.7,47811.1,2199.3,1032.0,0.0,0.0,12392.0,5.9325285,2022
2022-11-18 21:00:00+00:00,11.116056,80.46928043999999,0.7383263540031063,-0.6744436188329457,5211425.0,52.5,0.7071067811865474,-0.7071067811865477,1.0,27847.0,6071.9,32039.0,33.452727272727266,18.5,49544.96,4115.8,840.0,37.5,0.0,13034.0,7.101034,2022
2022-08-08 13:00:00+00:00,28.80621,80.46928043999999,-0.798779372886365,-0.6016240632249223,6132407.0,125.0,-0.9659258262890684,-0.2588190451025203,1.0,33370.0,7117.2,26099.0,47.06363636363636,27.53333333333333,32736.0,5249.4,588.0,12916.2,3178923.2,3227.0,0.72885495,2022
2023-02-23 19:00:00+00:00,9.123712,89.55725625000001,0.5981809144059164,0.8013610881746766,9817436.0,49.89,0.2588190451025203,-0.9659258262890684,1.0,34814.0,6121.4,41815.0,82.59181818181818,12.8,57007.4,6125.2,988.0,272.5,2186.7144,8188.0,1.4469485,2023
2023-02-23 14:00:00+00:00,10.932922,89.55725625000001,0.5981809144059164,0.8013610881746766,9817436.0,49.89,-0.8660254037844386,-0.5000000000000001,1.0,30291.0,6121.4,41815.0,82.59181818181818,12.8,51171.49,3240.1000000000004,872.0,9389.3,1712992.4,7977.0,2.3381789,2023
2023-01-15 08:00:00+00:00,9.27954,89.55725625000001,0.9668478136052776,0.255353295116187,9141747.0,63.97,-0.4999999999999998,0.8660254037844387,0.0,22834.0,7117.2,40212.0,56.00727272727273,13.2,36906.72,2302.3,1096.0,719.3,46206.984,10254.0,4.954994,2023
2022-11-07 01:00:00+00:00,13.114322,80.46928043999999,0.5981809144059166,-0.8013610881746764,5135888.0,46.88,0.9659258262890684,0.2588190451025207,1.0,18930.0,6071.9,30805.0,34.61454545454546,20.1,31640.18,3488.7,660.0,23.6,0.0,5460.0,1.5293143,2022
2022-08-05 02:00:00+00:00,22.20729,80.46928043999999,-0.8287700871745037,-0.5595892624101767,6357621.0,129.99,0.8660254037844387,0.4999999999999999,1.0,24157.0,7117.2,26306.0,44.653636363636366,27.53333333333333,33419.26,4136.8,496.0,438.7,0.0,8602.0,2.2134595,2022
2022-11-28 22:00:00+00:00,10.360748,80.46928043999999,0.8429415373547827,-0.5380051715383,5768825.0,86.5,0.8660254037844384,-0.5000000000000004,1.0,26653.0,7117.2,35188.0,50.22727272727273,16.233333333333334,54898.72,6207.2,1068.0,26.2,0.0,10484.0,6.1179676,2022
2022-08-13 03:00:00+00:00,22.980053,80.46928043999999,-0.7441039398713605,-0.6680638642135336,6132407.0,150.0,0.7071067811865476,0.7071067811865476,0.0,22699.0,7117.2,26291.0,46.81454545454546,27.73333333333333,28427.73,3947.6,540.0,124.1,0.0,2786.0,1.567614,2022
2022-10-22 03:00:00+00:00,17.0958,80.46928043999999,0.3576982388331254,-0.9338372288229252,4759479.0,44.8,0.7071067811865476,0.7071067811865476,0.0,19954.0,5066.1,31120.0,35.26636363636364,22.9,28997.23,461.6000000000004,652.0,0.0,0.0,7746.0,4.7262397,2022
2022-07-21 03:00:00+00:00,21.645144,80.46928043999999,-0.9441875088341996,-0.3294084822245298,6828082.0,114.95,0.7071067811865476,0.7071067811865476,1.0,25392.0,7117.2,28170.0,48.78272727272727,27.433333333333334,37539.69,3966.0,520.0,408.7,0.0,5923.0,3.4214287,2022
2022-10-28 13:00:00+00:00,22.60467,80.46928043999999,0.4520722039323045,-0.8919813464595484,4884752.0,48.94,-0.9659258262890684,-0.2588190451025203,1.0,27602.0,5066.1,30305.0,32.56454545454545,22.65,36144.56,2949.8,668.0,8207.4,1714397.1,9450.0,3.9918623,2022
2022-11-28 02:00:00+00:00,10.987786,80.46928043999999,0.8429415373547827,-0.5380051715383,5768825.0,86.5,0.8660254037844387,0.4999999999999999,1.0,19835.0,6071.9,33113.0,50.22727272727273,16.233333333333334,41709.28,1948.8,916.0,27.0,0.0,11921.0,4.19676,2022
2023-01-16 12:00:00+00:00,11.525904,89.55725625000001,0.9623090774541486,0.2719581575341055,9606485.0,63.0,-1.0,1.2246467991473532e-16,1.0,32110.0,7117.2,43670.0,58.85090909090909,13.0,46741.72,2279.2,1300.0,4627.2,944200.75,17822.0,11.54021,2023
2022-12-18 18:00:00+00:00,12.656806,80.46928043999999,0.9750645322571948,-0.2219215130041658,6191200.0,114.0,-1.8369701987210292e-16,-1.0,0.0,26945.0,7117.2,41300.0,65.12181818181817,12.7,59163.93,3406.3,1012.0,98.4,615.45557,9577.0,5.2471356,2022
2022-12-20 08:00:00+00:00,12.31574,80.46928043999999,0.9821256058680004,-0.1882267098432448,7263299.0,99.9,-0.4999999999999998,0.8660254037844387,1.0,31966.0,7117.2,41190.0,51.14363636363637,11.633333333333336,53144.02,2913.7,1012.0,688.1,49294.785,10527.0,5.804675,2022
2022-10-18 19:00:00+00:00,21.234613,80.46928043999999,0.2926003356333479,-0.9562348265919058,4759479.0,50.0,0.2588190451025203,-0.9659258262890684,1.0,30507.0,5066.1,29189.0,34.74727272727273,23.5,41088.8,3495.8,504.0,55.0,0.0,9895.0,4.0486813,2022
2022-08-09 12:00:00+00:00,29.038788,80.46928043999999,-0.7883050558305256,-0.6152845999633274,6132407.0,131.51,-1.0,1.2246467991473532e-16,1.0,33256.0,7117.2,26888.0,47.87363636363636,27.73333333333333,33154.34,4533.0,588.0,12226.4,3063386.5,4093.0,2.368242,2022
2022-09-07 07:00:00+00:00,19.5567,80.46928043999999,-0.3975428142825566,-0.9175836260593934,5498074.0,130.0,-0.2588190451025208,0.9659258262890684,1.0,29062.0,7117.2,26166.0,38.89454545454545,24.5,43435.69,4777.9,468.0,3868.1,277841.5,4504.0,1.7985433,2022
2023-02-21 22:00:00+00:00,11.2379265,89.55725625000001,0.6254105729852463,0.7802958510707755,9817436.0,49.52,0.8660254037844384,-0.5000000000000004,1.0,27352.0,7117.2,41375.0,79.73272727272727,12.4,52252.13,5257.2,908.0,82.1,0.0,1973.0,1.9482505,2023
2022-08-25 03:00:00+00:00,21.339779,80.46928043999999,-0.5912614448635782,-0.8064799463209447,5812377.0,206.98,0.7071067811865476,0.7071067811865476,1.0,23157.0,7117.2,24046.0,46.841,26.066666666666663,34432.39,3399.5,520.0,196.5,0.0,4565.0,1.7000813,2022
2022-08-09 03:00:00+00:00,21.711649,80.46928043999999,-0.7883050558305256,-0.6152845999633274,6132407.0,131.51,0.7071067811865476,0.7071067811865476,1.0,22621.0,7117.2,26778.0,47.87363636363636,27.73333333333333,30012.13,4260.7,504.0,387.5,0.0,5877.0,1.8355635,2022
2022-07-17 12:00:00+00:00,30.545275,80.46928043999999,-0.9646141756912436,-0.2636654927280072,7037432.0,98.0,-1.0,1.2246467991473532e-16,0.0,30491.0,7117.2,23670.0,44.74,27.5,31441.370000000003,3423.9,524.0,11911.0,3326392.0,3330.0,2.2834222,2022
2023-01-18 11:00:00+00:00,7.5500674,89.55725625000001,0.9523775757303976,0.304921224656289,9606485.0,52.0,-0.9659258262890682,0.258819045102521,1.0,33548.0,7117.2,43670.0,290.69416666666666,12.3,65041.03,2954.0,1208.0,8765.9,1174268.9,15660.0,9.240172,2023
2022-08-05 04:00:00+00:00,21.566868,80.46928043999999,-0.8287700871745037,-0.5595892624101767,6357621.0,129.99,0.5000000000000001,0.8660254037844386,1.0,25296.0,7117.2,26306.0,44.653636363636366,27.53333333333333,35607.11,4172.9,492.0,317.2,0.0,8017.0,2.3762295,2022
2023-02-26 23:00:00+00:00,6.419432,89.55725625000001,0.5560174366570445,0.831170626365808,9817436.0,49.7,0.9659258262890684,-0.2588190451025207,1.0,24727.0,6121.4,38865.0,86.46818181818182,10.7,46518.1,4503.2,856.0,52.5,0.0,16236.0,5.5461974,2023
2022-12-18 10:00:00+00:00,11.912899,80.46928043999999,0.9750645322571948,-0.2219215130041658,6191200.0,114.0,-0.8660254037844387,0.4999999999999999,0.0,24808.0,7117.2,41185.0,65.12181818181817,12.7,58942.5,1752.4,980.0,6590.8,727224.0,7507.0,3.8615382,2022
2022-07-04 09:00:00+00:00,22.74787,80.46928043999999,-0.99907411510223,-0.0430222330045303,7194500.0,133.79,-0.7071067811865475,0.7071067811865476,1.0,31692.0,7117.2,28380.0,44.396,24.5,43637.75,5372.6,688.0,11165.3,1895649.9,3764.0,1.0804064,2022
2022-08-24 13:00:00+00:00,28.529032,80.46928043999999,-0.6050560696488494,-0.7961828637826154,5812377.0,225.0,-0.9659258262890684,-0.2588190451025203,1.0,32678.0,7117.2,25146.0,45.233,26.100000000000005,39955.8,4274.9,552.0,11763.6,2859719.2,3864.0,0.6385687,2022
2022-11-24 06:00:00+00:00,12.786129,80.46928043999999,0.8039279618328213,-0.5947266869607633,5454445.0,66.58,6.123233995736766e-17,1.0,1.0,27263.0,6071.9,34069.0,74.2890909090909,17.233333333333334,52645.92,2098.2000000000003,1056.0,0.0,0.0,7604.0,3.1386335,2022
2023-02-01 11:00:00+00:00,9.869015,89.55725625000001,0.8520775211013093,0.5234156073655503,10162057.0,58.95,-0.9659258262890682,0.258819045102521,1.0,33619.0,7117.2,44660.0,98.43363636363635,10.8,59187.86,5123.0,984.0,10758.1,1463467.1,7682.0,2.2685964,2023
2022-07-17 00:00:00+00:00,24.030703,80.46928043999999,-0.9646141756912436,-0.2636654927280072,7037432.0,98.0,1.0,0.0,0.0,24988.0,7117.2,24300.0,44.74,27.5,33466.72,4538.2,524.0,455.1,0.0,5764.0,1.7607073,2022
2022-10-22 18:00:00+00:00,19.567583,80.46928043999999,0.3576982388331254,-0.9338372288229252,4759479.0,44.8,-1.8369701987210292e-16,-1.0,0.0,25847.0,5066.1,31190.0,35.26636363636364,22.9,39220.21,2033.6,740.0,89.8,17836.193,13434.0,5.8030214,2022
2023-02-23 22:00:00+00:00,7.820524,89.55725625000001,0.5981809144059164,0.8013610881746766,9817436.0,49.89,0.8660254037844384,-0.5000000000000004,1.0,28576.0,6121.4,41815.0,82.59181818181818,12.8,52377.49,6029.5,948.0,129.0,0.0,6773.0,1.0943061,2023
2023-02-21 19:00:00+00:00,12.698471,89.55725625000001,0.6254105729852463,0.7802958510707755,9817436.0,49.52,0.2588190451025203,-0.9659258262890684,1.0,33536.0,7117.2,41375.0,79.73272727272727,12.4,57947.1,5878.5,976.0,110.2,1458.7422,1695.0,1.4441565,2023
2023-01-31 20:00:00+00:00,7.768196,89.55725625000001,0.8609610158889943,0.5086709438521044,10162057.0,55.0,0.5000000000000001,-0.8660254037844386,1.0,37927.0,7117.2,44830.0,99.3681818181818,10.5,62010.65,7889.6,1236.0,190.0,0.0,7841.0,2.8589616,2023
2022-07-27 23:00:00+00:00,22.155731,80.46928043999999,-0.9051931898913976,-0.4250003399695539,6608574.0,133.0,0.9659258262890684,-0.2588190451025207,1.0,27392.0,6121.4,24885.0,43.33545454545454,25.96666666666667,37986.09,2969.3,552.0,546.6,0.0,4983.0,1.7825617,2022
2022-10-01 10:00:00+00:00,19.246925,80.46928043999999,0.0043035382962438,-0.99999073973619,4867449.0,90.0,-0.8660254037844387,0.4999999999999999,0.0,24684.0,6111.4,28215.0,42.193636363636365,20.7,30398.83,4004.8,504.0,12583.0,1838677.4,2527.0,0.16904491,2022
2022-09-13 21:00:00+00:00,21.7752,80.46928043999999,-0.300819807635668,-0.9536809966304456,5329748.0,144.0,0.7071067811865474,-0.7071067811865477,1.0,27233.0,7117.2,27126.0,40.654545454545456,23.3,42854.16,2900.6,532.0,33.8,0.0,7678.0,4.270837,2022
2023-02-21 13:00:00+00:00,15.375188,89.55725625000001,0.6254105729852463,0.7802958510707755,9817436.0,49.52,-0.9659258262890684,-0.2588190451025203,1.0,29835.0,7117.2,41375.0,79.73272727272727,12.4,47062.96,4442.3,852.0,9353.9,2081728.0,1867.0,1.3849164,2023
2022-10-28 20:00:00+00:00,19.57587,80.46928043999999,0.4520722039323045,-0.8919813464595484,4884752.0,48.94,0.5000000000000001,-0.8660254037844386,1.0,26410.0,5066.1,30305.0,32.56454545454545,22.65,38711.54,3032.7,780.0,39.7,0.0,12175.0,4.6641865,2022
2022-08-14 10:00:00+00:00,25.77778,80.46928043999999,-0.7324940716135788,-0.6807734094770164,6132407.0,149.95,-0.8660254037844387,0.4999999999999999,0.0,24867.0,7117.2,26011.0,46.17818181818182,27.03333333333333,33662.03,3393.4,540.0,11679.0,2298104.8,3478.0,2.9873502,2022
2022-09-03 03:00:00+00:00,19.468815,80.46928043999999,-0.4597327394521046,-0.888057322629493,5643916.0,185.0,0.7071067811865476,0.7071067811865476,0.0,21931.0,7117.2,22401.0,39.231,24.9,31174.47,3046.9,448.0,115.5,0.0,3692.0,2.6754866,2022
2022-08-13 12:00:00+00:00,28.307728,80.46928043999999,-0.7441039398713605,-0.6680638642135336,6132407.0,150.0,-1.0,1.2246467991473532e-16,0.0,30062.0,7117.2,26291.0,46.81454545454546,27.73333333333333,31939.9,3743.5,596.0,7023.3,2594981.2,6486.0,1.5109524,2022
2023-02-01 23:00:00+00:00,6.626839,89.55725625000001,0.8520775211013093,0.5234156073655503,10162057.0,58.95,0.9659258262890684,-0.2588190451025207,1.0,28531.0,7117.2,45030.0,98.93909090909092,10.6,54737.26,4648.8,1020.0,82.9,0.0,8694.0,2.7943516,2023
2022-06-29 06:00:00+00:00,17.84344,80.46928043999999,-0.99907411510223,0.0430222330045305,7335369.0,115.87,6.123233995736766e-17,1.0,1.0,28224.0,7117.2,28795.0,41.633,23.100000000000005,43563.95,3401.2,716.0,3030.9,248358.28,1810.0,1.704359,2022
2023-01-18 18:00:00+00:00,7.1927724,89.55725625000001,0.9523775757303976,0.304921224656289,9606485.0,52.0,-1.8369701987210292e-16,-1.0,1.0,35715.0,7117.2,43670.0,290.69416666666666,12.3,70922.09,4822.7,1296.0,93.8,14177.16,15151.0,9.068389,2023
2022-11-07 07:00:00+00:00,12.135454,80.46928043999999,0.5981809144059166,-0.8013610881746764,5135888.0,46.88,-0.2588190451025208,0.9659258262890684,1.0,26691.0,6071.9,30805.0,34.61454545454546,20.1,41131.68,3921.0,688.0,876.1,17572.72,5703.0,1.7970468,2022
2022-10-28 06:00:00+00:00,17.326807,80.46928043999999,0.4520722039323045,-0.8919813464595484,4884752.0,48.94,6.123233995736766e-17,1.0,1.0,28142.0,5066.1,30305.0,32.56454545454545,22.65,37785.11,2447.5,732.0,10.5,0.0,8225.0,3.0283823,2022
2022-11-18 01:00:00+00:00,14.070608,80.46928043999999,0.7383263540031063,-0.6744436188329457,5211425.0,52.5,0.9659258262890684,0.2588190451025207,1.0,21852.0,6071.9,32039.0,33.452727272727266,18.5,39536.23,2967.4,756.0,0.0,0.0,9399.0,7.031046,2022
2022-07-15 22:00:00+00:00,25.024971,80.46928043999999,-0.973118337233262,-0.2303056702306119,7037432.0,146.0,0.8660254037844384,-0.5000000000000004,0.0,30164.0,7117.2,25950.0,43.11181818181818,27.4,41142.12,5591.3,584.0,555.6,0.0,6096.0,1.0716373,2022
2022-12-21 17:00:00+00:00,14.551392,80.46928043999999,0.9852201067560606,-0.1712931441814778,7263299.0,87.97,-0.2588190451025206,-0.9659258262890684,1.0,32135.0,7117.2,41300.0,47.775454545454544,11.7,52175.78,5101.0,1184.0,47.9,74086.19,12911.0,5.647919,2022
2022-10-23 08:00:00+00:00,18.854467,80.46928043999999,0.3737197147904684,-0.9275416835791968,4759479.0,40.12,-0.4999999999999998,0.8660254037844387,0.0,21505.0,5066.1,32093.0,34.84909090909091,23.0,29104.81,185.0,808.0,2547.6,356255.75,13658.0,7.603374,2022
2022-08-14 02:00:00+00:00,21.84282,80.46928043999999,-0.7324940716135788,-0.6807734094770164,6132407.0,149.95,0.8660254037844387,0.4999999999999999,0.0,21479.0,7117.2,26011.0,46.17818181818182,27.03333333333333,27675.78,3210.9,532.0,117.4,0.0,3965.0,1.4827051,2022
2022-08-14 20:00:00+00:00,24.472193,80.46928043999999,-0.7324940716135788,-0.6807734094770164,6132407.0,149.95,0.5000000000000001,-0.8660254037844386,0.0,27999.0,7117.2,26011.0,46.17818181818182,27.03333333333333,36505.93,3586.6,628.0,569.4,9632.97,7179.0,3.1618972,2022
2023-01-15 11:00:00+00:00,11.250223,89.55725625000001,0.9668478136052776,0.255353295116187,9141747.0,63.97,-0.9659258262890682,0.258819045102521,0.0,25423.0,7117.2,40752.0,56.00727272727273,13.2,37114.4,2683.6,1136.0,5261.1,1070989.5,11073.0,5.3170156,2023
2022-12-10 08:00:00+00:00,10.173708,80.46928043999999,0.935367949313148,-0.3536761221763721,5758229.0,134.5,-0.4999999999999998,0.8660254037844387,0.0,25345.0,7117.2,40725.0,40.11545454545455,12.5,63936.48,3951.0,784.0,1137.4,50796.414,10184.0,5.1761775,2022
2022-09-03 05:00:00+00:00,19.009142,80.46928043999999,-0.4597327394521046,-0.888057322629493,5643916.0,185.0,0.2588190451025207,0.9659258262890684,0.0,22535.0,7117.2,22401.0,39.231,24.9,33072.12,3255.3,448.0,68.8,0.0,2659.0,2.257773,2022
2022-07-19 05:00:00+00:00,21.012047,80.46928043999999,-0.9549667548552552,-0.2967128192734901,6828082.0,112.0,0.2588190451025207,0.9659258262890684,1.0,29237.0,7117.2,24490.0,46.693636363636365,27.366666666666664,39663.52,3974.7,524.0,382.5,5261.9253,5265.0,0.44587746,2022
2022-07-25 20:00:00+00:00,25.978523,80.46928043999999,-0.9192859697186104,-0.3935902766564669,6608574.0,129.8,0.5000000000000001,-0.8660254037844386,1.0,33249.0,7117.2,24992.0,46.22818181818182,27.3,42804.29,4442.4,580.0,621.7,44303.164,8889.0,3.7502916,2022
2022-10-24 09:00:00+00:00,18.556393,80.46928043999999,0.3896304495307877,-0.9209712877166348,4884752.0,39.0,-0.7071067811865475,0.7071067811865476,1.0,28571.0,5066.1,32105.0,34.5,23.0,34272.06,4419.1,812.0,5828.5,862441.2,5430.0,4.172832,2022
2023-01-16 13:00:00+00:00,11.77309,89.55725625000001,0.9623090774541486,0.2719581575341055,9606485.0,63.0,-0.9659258262890684,-0.2588190451025203,1.0,31844.0,7117.2,43670.0,58.85090909090909,13.0,46944.18,2182.2,1348.0,4348.3,958398.9,17927.0,11.929585,2023
2022-11-04 18:00:00+00:00,15.172807,80.46928043999999,0.5560174366570438,-0.8311706263658084,5045030.0,52.0,-1.8369701987210292e-16,-1.0,1.0,28664.0,6071.9,30695.0,33.776363636363634,21.5,48637.78,6994.4,788.0,89.7,7302.5493,8739.0,6.3538647,2022
2023-02-01 00:00:00+00:00,6.164704,89.55725625000001,0.8520775211013093,0.5234156073655503,10162057.0,58.95,1.0,0.0,1.0,26346.0,7117.2,44390.0,98.43363636363635,10.8,54689.7,4934.9,1124.0,35.4,0.0,7841.0,2.533895,2023
2023-01-15 03:00:00+00:00,9.498997,89.55725625000001,0.9668478136052776,0.255353295116187,9141747.0,63.97,0.7071067811865476,0.7071067811865476,0.0,19720.0,7117.2,40752.0,56.00727272727273,13.2,33861.87,1974.4,1084.0,0.0,0.0,10795.0,4.537672,2023
2022-09-07 22:00:00+00:00,21.214985,80.46928043999999,-0.3975428142825566,-0.9175836260593934,5498074.0,130.0,0.8660254037844384,-0.5000000000000004,1.0,26003.0,7117.2,26396.0,39.57636363636363,23.55,38350.67,4819.4,484.0,217.7,0.0,5410.0,3.4747677,2022
2022-09-03 12:00:00+00:00,24.758284,80.46928043999999,-0.4597327394521046,-0.888057322629493,5643916.0,185.0,-1.0,1.2246467991473532e-16,0.0,27914.0,7117.2,22401.0,39.231,24.9,32931.17,3367.1,496.0,12546.2,2619437.8,3164.0,2.9589934,2022
2022-07-21 12:00:00+00:00,28.99021,80.46928043999999,-0.9441875088341996,-0.3294084822245298,6828082.0,114.95,-1.0,1.2246467991473532e-16,1.0,37038.0,7117.2,27255.0,48.78272727272727,27.433333333333334,43376.04,5410.200000000001,632.0,12468.2,3237988.0,4328.0,1.656857,2022
2022-06-29 16:00:00+00:00,24.663086,80.46928043999999,-0.99907411510223,0.0430222330045305,7335369.0,115.87,-0.5000000000000004,-0.8660254037844385,1.0,30701.0,7117.2,28795.0,41.633,23.100000000000005,41848.1,2464.2000000000003,632.0,10607.2,2207970.0,7214.0,1.9388014,2022
2022-11-04 14:00:00+00:00,17.210775,80.46928043999999,0.5560174366570438,-0.8311706263658084,5045030.0,52.0,-0.8660254037844386,-0.5000000000000001,1.0,27292.0,6071.9,30065.0,33.776363636363634,21.5,39680.57,5799.7,660.0,8557.0,1457894.5,10912.0,6.5847163,2022
2023-02-23 13:00:00+00:00,10.77912,89.55725625000001,0.5981809144059164,0.8013610881746766,9817436.0,49.89,-0.9659258262890684,-0.2588190451025203,1.0,30753.0,6121.4,41815.0,82.59181818181818,12.8,51659.65,3102.3,884.0,9754.6,1794551.0,7449.0,2.22743,2023
2022-10-27 04:00:00+00:00,18.532354,80.46928043999999,0.436651231956063,-0.8996308696522438,4884752.0,50.0,0.5000000000000001,0.8660254037844386,1.0,22467.0,5066.1,30305.0,33.39272727272727,22.7,31282.57,1253.4,628.0,16.4,0.0,12129.0,4.6695194,2022
2023-01-08 04:00:00+00:00,11.930514,89.55725625000001,0.9905324521322229,0.1372787721132647,8688669.0,61.89,0.5000000000000001,0.8660254037844386,0.0,18756.0,7117.2,39007.0,38.42363636363636,10.25,32011.84,418.8000000000002,928.0,0.0,0.0,14123.0,8.105851,2023
2022-08-14 16:00:00+00:00,27.850403,80.46928043999999,-0.7324940716135788,-0.6807734094770164,6132407.0,149.95,-0.5000000000000004,-0.8660254037844385,0.0,26003.0,7117.2,26011.0,46.17818181818182,27.03333333333333,30587.21,2250.2,520.0,10404.6,2043189.0,7205.0,3.5259433,2022
2023-01-08 12:00:00+00:00,14.028395,89.55725625000001,0.9905324521322229,0.1372787721132647,8688669.0,61.89,-1.0,1.2246467991473532e-16,0.0,25492.0,7117.2,40837.0,38.42363636363636,10.25,35945.31,1796.2999999999993,964.0,2616.0,798971.94,16367.0,9.924223,2023
2023-01-15 01:00:00+00:00,9.681134,89.55725625000001,0.9668478136052776,0.255353295116187,9141747.0,63.97,0.9659258262890684,0.2588190451025207,0.0,21108.0,7117.2,39982.0,56.00727272727273,13.2,38280.3,2414.0,1108.0,0.0,0.0,10976.0,4.4909463,2023
2022-08-25 01:00:00+00:00,22.020924,80.46928043999999,-0.5912614448635782,-0.8064799463209447,5812377.0,206.98,0.9659258262890684,0.2588190451025207,1.0,23786.0,7117.2,24046.0,46.841,26.066666666666663,34059.99,3551.3,524.0,264.1,0.0,4211.0,1.4893551,2022
2022-07-27 13:00:00+00:00,27.150524,80.46928043999999,-0.9051931898913976,-0.4250003399695539,6608574.0,133.0,-0.9659258262890684,-0.2588190451025203,1.0,35586.0,7117.2,25615.0,45.73454545454545,25.933333333333334,38235.46,4323.8,652.0,12726.7,3214532.5,2589.0,1.7357032,2022
2022-12-10 12:00:00+00:00,11.575152,80.46928043999999,0.935367949313148,-0.3536761221763721,5758229.0,134.5,-1.0,1.2246467991473532e-16,0.0,27593.0,7117.2,40725.0,40.11545454545455,12.5,60959.55,4430.9,820.0,6212.4,1129817.8,9208.0,5.089029,2022
2022-09-13 11:00:00+00:00,23.836147,80.46928043999999,-0.300819807635668,-0.9536809966304456,5329748.0,144.0,-0.9659258262890682,0.258819045102521,1.0,32702.0,7117.2,28226.0,40.654545454545456,23.3,41463.82,1442.6000000000004,440.0,5720.3,1550461.0,12617.0,5.043221,2022
2022-11-24 13:00:00+00:00,15.816466,80.46928043999999,0.8039279618328213,-0.5947266869607633,5454445.0,66.58,-0.9659258262890684,-0.2588190451025203,1.0,29835.0,6071.9,34984.0,74.2890909090909,17.233333333333334,46148.97,4429.4,1064.0,5075.7,1120497.1,8823.0,4.357033,2022
2022-10-24 07:00:00+00:00,16.710365,80.46928043999999,0.3896304495307877,-0.9209712877166348,4884752.0,39.0,-0.2588190451025208,0.9659258262890684,1.0,28172.0,5066.1,32105.0,34.5,23.0,35676.619999999995,3960.8,852.0,993.1,49320.6,5368.0,4.232826,2022
2022-10-01 12:00:00+00:00,21.163221,80.46928043999999,0.0043035382962438,-0.99999073973619,4867449.0,90.0,-1.0,1.2246467991473532e-16,0.0,24746.0,6111.4,28215.0,42.193636363636365,20.7,26638.61,3872.0,476.0,13002.9,2496780.5,2763.0,0.50366753,2022
2022-10-18 08:00:00+00:00,19.241081,80.46928043999999,0.2926003356333479,-0.9562348265919058,4759479.0,50.0,-0.4999999999999998,0.8660254037844387,1.0,28556.0,5066.1,29189.0,34.74727272727273,23.5,44589.66,2829.9,416.0,5874.3,459615.28,9908.0,4.829041,2022
2022-11-28 21:00:00+00:00,10.6777525,80.46928043999999,0.8429415373547827,-0.5380051715383,5768825.0,86.5,0.7071067811865474,-0.7071067811865477,1.0,29610.0,7117.2,35188.0,50.22727272727273,16.233333333333334,52976.2,6476.0,1080.0,38.9,0.0,10742.0,6.6347833,2022
2022-07-27 20:00:00+00:00,24.449984,80.46928043999999,-0.9051931898913976,-0.4250003399695539,6608574.0,133.0,0.5000000000000001,-0.8660254037844386,1.0,33111.0,7117.2,24885.0,45.73454545454545,25.933333333333334,43028.53,4188.700000000001,608.0,542.1,42155.812,6021.0,1.9941108,2022
2022-07-19 09:00:00+00:00,24.957863,80.46928043999999,-0.9549667548552552,-0.2967128192734901,6828082.0,112.0,-0.7071067811865475,0.7071067811865476,1.0,34871.0,7117.2,24490.0,46.693636363636365,27.366666666666664,45521.2,5542.4,604.0,11527.0,1933147.5,4603.0,0.7059392,2022
2022-07-15 23:00:00+00:00,24.48103,80.46928043999999,-0.973118337233262,-0.2303056702306119,7037432.0,146.0,0.9659258262890684,-0.2588190451025207,0.0,28497.0,7117.2,25950.0,43.11181818181818,27.4,37785.93,5282.7,576.0,543.5,0.0,5854.0,1.1067804,2022
2023-01-16 23:00:00+00:00,11.476824,89.55725625000001,0.9623090774541486,0.2719581575341055,9606485.0,63.0,0.9659258262890684,-0.2588190451025207,1.0,26460.0,7117.2,43670.0,139.66636363636366,12.7,57998.65,1711.8999999999996,1200.0,0.0,0.0,18264.0,12.253724,2023
2022-10-28 12:00:00+00:00,22.228182,80.46928043999999,0.4520722039323045,-0.8919813464595484,4884752.0,48.94,-1.0,1.2246467991473532e-16,1.0,28389.0,5066.1,30305.0,32.56454545454545,22.65,36724.65,2525.2,672.0,8648.8,1753550.2,9090.0,3.8945549,2022
2022-07-15 12:00:00+00:00,30.171207,80.46928043999999,-0.973118337233262,-0.2303056702306119,7037432.0,146.0,-1.0,1.2246467991473532e-16,1.0,37893.0,7117.2,25950.0,43.41363636363637,27.23333333333333,37440.76,5087.2,628.0,12348.7,3325411.5,3496.0,1.7939255,2022
2022-10-01 04:00:00+00:00,13.462513,80.46928043999999,0.0043035382962438,-0.99999073973619,4867449.0,90.0,0.5000000000000001,0.8660254037844386,0.0,19829.0,6111.4,28215.0,42.193636363636365,20.7,23560.47,3781.3,436.0,32.8,0.0,3345.0,1.2241265,2022
2022-08-09 14:00:00+00:00,29.814949,80.46928043999999,-0.7883050558305256,-0.6152845999633274,6132407.0,131.51,-0.8660254037844386,-0.5000000000000001,1.0,32475.0,7117.2,26888.0,47.87363636363636,27.73333333333333,32926.54,4785.6,544.0,11409.3,2943749.8,4553.0,2.0822039,2022
2022-07-27 04:00:00+00:00,20.204062,80.46928043999999,-0.9051931898913976,-0.4250003399695539,6608574.0,133.0,0.5000000000000001,0.8660254037844386,1.0,26624.0,7117.2,25620.0,45.73454545454545,25.933333333333334,37492.0,3393.7,524.0,347.4,0.0,6192.0,3.1805575,2022
2023-01-28 18:00:00+00:00,6.938182,89.55725625000001,0.886070621534138,0.4635502709028509,10151548.0,50.51,-1.8369701987210292e-16,-1.0,0.0,32748.0,7117.2,44740.0,115.67636363636365,10.7,68501.37,5189.3,1300.0,245.1,35461.152,12732.0,5.5432034,2023
2022-08-13 23:00:00+00:00,23.194458,80.46928043999999,-0.7441039398713605,-0.6680638642135336,6132407.0,150.0,0.9659258262890684,-0.2588190451025207,0.0,24317.0,7117.2,26811.0,46.17818181818182,27.03333333333333,32450.99,3694.3,576.0,129.0,0.0,5874.0,2.2587724,2022
2023-02-26 11:00:00+00:00,9.22138,89.55725625000001,0.5560174366570445,0.831170626365808,9817436.0,49.7,-0.9659258262890682,0.258819045102521,0.0,25575.0,6121.4,38865.0,93.22454545454544,11.3,34657.19,5012.8,768.0,10931.5,1680741.2,14164.0,4.706707,2023
2023-02-21 20:00:00+00:00,12.130366,89.55725625000001,0.6254105729852463,0.7802958510707755,9817436.0,49.52,0.5000000000000001,-0.8660254037844386,1.0,33332.0,7117.2,41375.0,79.73272727272727,12.4,53440.97,5818.6,1000.0,121.0,0.0,1758.0,1.5356597,2023
2022-10-24 17:00:00+00:00,20.057547,80.46928043999999,0.3896304495307877,-0.9209712877166348,4884752.0,39.0,-0.2588190451025206,-0.9659258262890684,1.0,28109.0,5066.1,32105.0,34.5,23.0,42251.51,4596.3,836.0,585.5,257628.27,4303.0,2.7603836,2022
2022-07-04 12:00:00+00:00,25.627956,80.46928043999999,-0.99907411510223,-0.0430222330045303,7194500.0,133.79,-1.0,1.2246467991473532e-16,1.0,33139.0,7117.2,28380.0,44.396,24.5,41192.05,5172.6,640.0,12605.3,3102099.5,3965.0,1.0275555,2022
2022-11-24 21:00:00+00:00,13.978213,80.46928043999999,0.8039279618328213,-0.5947266869607633,5454445.0,66.58,0.7071067811865474,-0.7071067811865477,1.0,28975.0,6071.9,34984.0,74.2890909090909,17.233333333333334,44811.95,6216.0,1232.0,5.6,0.0,6402.0,4.2373533,2022
2022-10-01 08:00:00+00:00,15.852304,80.46928043999999,0.0043035382962438,-0.99999073973619,4867449.0,90.0,-0.4999999999999998,0.8660254037844387,0.0,24399.0,6111.4,28215.0,42.193636363636365,20.7,31052.78,4129.8,516.0,8670.3,650463.44,2340.0,0.26201898,2022
2023-02-01 22:00:00+00:00,6.975842,89.55725625000001,0.8520775211013093,0.5234156073655503,10162057.0,58.95,0.8660254037844384,-0.5000000000000004,1.0,30889.0,7117.2,45030.0,98.43363636363635,10.8,58027.13,5952.1,1100.0,227.0,0.0,8432.0,2.7610521,2023
2023-01-28 06:00:00+00:00,4.1363964,89.55725625000001,0.886070621534138,0.4635502709028509,10151548.0,50.51,6.123233995736766e-17,1.0,0.0,25299.0,7117.2,44740.0,115.67636363636365,10.7,58890.01,2806.2000000000003,1168.0,25.8,0.0,11857.0,6.2160983,2023
2022-11-07 06:00:00+00:00,12.203125,80.46928043999999,0.5981809144059166,-0.8013610881746764,5135888.0,46.88,6.123233995736766e-17,1.0,1.0,24406.0,6071.9,30805.0,34.61454545454546,20.1,38773.45,3482.9,672.0,19.4,0.0,5460.0,1.480618,2022
2022-07-04 16:00:00+00:00,26.78386,80.46928043999999,-0.99907411510223,-0.0430222330045303,7194500.0,133.79,-0.5000000000000004,-0.8660254037844385,1.0,32178.0,7117.2,28380.0,44.396,24.5,41069.56,5280.2,556.0,10344.7,2196761.5,6462.0,1.6316149,2022
2022-12-09 22:00:00+00:00,12.2199955,80.46928043999999,0.9291414114031744,-0.3697245428906732,5758229.0,135.0,0.8660254037844384,-0.5000000000000004,1.0,25415.0,7117.2,40725.0,36.96818181818182,12.5,65399.21,5251.1,956.0,0.0,0.0,10524.0,3.9229524,2022
2022-12-09 23:00:00+00:00,12.044285,80.46928043999999,0.9291414114031744,-0.3697245428906732,5758229.0,135.0,0.9659258262890684,-0.2588190451025207,0.0,24283.0,7117.2,40725.0,40.11545454545455,12.5,63128.48,4769.3,952.0,0.0,0.0,11441.0,4.2804966,2022
2022-11-24 03:00:00+00:00,12.9072485,80.46928043999999,0.8039279618328213,-0.5947266869607633,5454445.0,66.58,0.7071067811865476,0.7071067811865476,1.0,21461.0,6071.9,34069.0,74.2890909090909,17.233333333333334,38555.16,2373.6,1028.0,0.2,0.0,8008.0,3.6223896,2022
2022-06-29 21:00:00+00:00,20.418068,80.46928043999999,-0.99907411510223,0.0430222330045305,7335369.0,115.87,0.7071067811865474,-0.7071067811865477,1.0,27634.0,7117.2,29400.0,41.633,23.100000000000005,45828.84,2894.5,660.0,672.0,271.92847,8468.0,2.5182185,2022
2022-10-07 14:00:00+00:00,22.409054,80.46928043999999,0.1073813466641621,-0.994217906893952,4808909.0,102.0,-0.8660254037844386,-0.5000000000000001,1.0,27555.0,6111.4,28010.0,34.44090909090908,22.133333333333336,38091.9,5490.5,332.0,9868.3,1751814.0,2815.0,2.4264247,2022
2022-08-14 17:00:00+00:00,27.320309,80.46928043999999,-0.7324940716135788,-0.6807734094770164,6132407.0,149.95,-0.2588190451025206,-0.9659258262890684,0.0,26235.0,7117.2,26011.0,46.17818181818182,27.03333333333333,33524.36,2597.3,512.0,8204.0,1435169.9,7258.0,3.386312,2022
2023-01-15 16:00:00+00:00,11.6842,89.55725625000001,0.9668478136052776,0.255353295116187,9141747.0,63.97,-0.5000000000000004,-0.8660254037844385,0.0,24555.0,7117.2,41880.0,56.00727272727273,13.2,37527.96,2651.2,1140.0,2620.4,609393.7,13073.0,6.834265,2023
2022-08-14 12:00:00+00:00,27.240448,80.46928043999999,-0.7324940716135788,-0.6807734094770164,6132407.0,149.95,-1.0,1.2246467991473532e-16,0.0,26522.0,7117.2,26011.0,46.17818181818182,27.03333333333333,31465.96,2893.6000000000004,536.0,12583.7,3008485.0,5120.0,3.7252588,2022
2022-07-15 10:00:00+00:00,28.524927,80.46928043999999,-0.973118337233262,-0.2303056702306119,7037432.0,146.0,-0.8660254037844387,0.4999999999999999,1.0,36358.0,7117.2,25950.0,43.41363636363637,27.23333333333333,38806.84,5244.2,636.0,11926.9,2649220.2,3562.0,2.1820588,2022
2022-08-08 15:00:00+00:00,29.19979,80.46928043999999,-0.798779372886365,-0.6016240632249223,6132407.0,125.0,-0.7071067811865477,-0.7071067811865475,1.0,32782.0,7117.2,26258.0,47.06363636363636,27.53333333333333,33421.869999999995,5377.0,556.0,11676.7,2667455.5,3932.0,0.609732,2022
2022-10-27 18:00:00+00:00,21.316359,80.46928043999999,0.436651231956063,-0.8996308696522438,4884752.0,50.0,-1.8369701987210292e-16,-1.0,1.0,31169.0,5066.1,30305.0,33.39272727272727,22.7,41154.17,3450.3,748.0,106.1,14608.596,12217.0,4.4864535,2022
2022-07-04 00:00:00+00:00,20.55524,80.46928043999999,-0.99907411510223,-0.0430222330045303,7194500.0,133.79,1.0,0.0,1.0,22350.0,7117.2,28380.0,44.396,24.5,34833.1,4346.0,604.0,376.5,0.0,6470.0,1.320252,2022
2022-08-05 15:00:00+00:00,28.993567,80.46928043999999,-0.8287700871745037,-0.5595892624101767,6357621.0,129.99,-0.7071067811865477,-0.7071067811865475,1.0,33459.0,7117.2,26306.0,44.653636363636366,27.53333333333333,35448.59,5417.0,536.0,11624.6,2597383.8,6877.0,1.3321503,2022
2022-11-04 00:00:00+00:00,14.911585,80.46928043999999,0.5560174366570438,-0.8311706263658084,5045030.0,52.0,1.0,0.0,1.0,21791.0,5066.1,30065.0,33.776363636363634,21.5,33031.54,4439.3,724.0,16.6,0.0,7700.0,5.6822567,2022
2022-10-27 07:00:00+00:00,18.304165,80.46928043999999,0.436651231956063,-0.8996308696522438,4884752.0,50.0,-0.2588190451025208,0.9659258262890684,1.0,28695.0,5066.1,29745.0,33.39272727272727,22.7,39474.63,3131.2,684.0,1059.5,40496.9,11610.0,4.730399,2022
2022-09-13 09:00:00+00:00,22.83271,80.46928043999999,-0.300819807635668,-0.9536809966304456,5329748.0,144.0,-0.7071067811865475,0.7071067811865476,1.0,31599.0,7117.2,28226.0,40.654545454545456,23.3,41819.25,1620.8000000000002,468.0,4162.6,868572.25,11986.0,5.112798,2022
2022-08-14 21:00:00+00:00,23.613543,80.46928043999999,-0.7324940716135788,-0.6807734094770164,6132407.0,149.95,0.7071067811865474,-0.7071067811865477,0.0,27032.0,7117.2,26011.0,46.17818181818182,27.03333333333333,38765.69,3519.8,620.0,539.7,0.0,7071.0,3.256358,2022
2022-11-04 01:00:00+00:00,14.592604,80.46928043999999,0.5560174366570438,-0.8311706263658084,5045030.0,52.0,0.9659258262890684,0.2588190451025207,1.0,20935.0,5066.1,30065.0,33.776363636363634,21.5,32500.81,4011.6,700.0,17.6,0.0,7309.0,5.6060305,2022
2022-08-13 13:00:00+00:00,28.57738,80.46928043999999,-0.7441039398713605,-0.6680638642135336,6132407.0,150.0,-0.9659258262890684,-0.2588190451025203,0.0,29863.0,7117.2,26291.0,46.81454545454546,27.73333333333333,31629.03,3531.8,584.0,6671.1,2633618.8,7717.0,1.8718747,2022
2022-12-21 07:00:00+00:00,12.442123,80.46928043999999,0.9852201067560606,-0.1712931441814778,7263299.0,87.97,-0.2588190451025208,0.9659258262890684,1.0,31029.0,7117.2,41300.0,47.775454545454544,11.7,54827.4,3214.7,1168.0,4.3,18.535519,12309.0,5.7625937,2022
2022-10-23 06:00:00+00:00,18.284552,80.46928043999999,0.3737197147904684,-0.9275416835791968,4759479.0,40.12,6.123233995736766e-17,1.0,0.0,19242.0,5066.1,32093.0,34.84909090909091,23.0,26812.73,151.0,760.0,5.4,0.2225534,13819.0,7.9461393,2022
2022-08-25 06:00:00+00:00,20.922552,80.46928043999999,-0.5912614448635782,-0.8064799463209447,5812377.0,206.98,6.123233995736766e-17,1.0,1.0,27052.0,7117.2,24046.0,46.841,26.066666666666663,41711.01,3924.1,528.0,1001.8,39315.996,4888.0,1.6411068,2022
2022-08-14 04:00:00+00:00,21.161175,80.46928043999999,-0.7324940716135788,-0.6807734094770164,6132407.0,149.95,0.5000000000000001,0.8660254037844386,0.0,21312.0,7117.2,26011.0,46.17818181818182,27.03333333333333,28121.29,3006.2,612.0,121.1,0.0,3577.0,1.607358,2022
2023-01-28 14:00:00+00:00,8.551154,89.55725625000001,0.886070621534138,0.4635502709028509,10151548.0,50.51,-0.8660254037844386,-0.5000000000000001,0.0,29391.0,7117.2,44740.0,115.67636363636365,10.7,56618.85,2771.8,1120.0,10442.7,1471044.6,13388.0,5.7957573,2023
2022-09-03 10:00:00+00:00,23.351696,80.46928043999999,-0.4597327394521046,-0.888057322629493,5643916.0,185.0,-0.8660254037844387,0.4999999999999999,0.0,27166.0,7117.2,22401.0,39.231,24.9,35790.81,3743.5,500.0,11733.6,1963626.1,1643.0,1.8949547,2022
2022-10-23 04:00:00+00:00,18.26466,80.46928043999999,0.3737197147904684,-0.9275416835791968,4759479.0,40.12,0.5000000000000001,0.8660254037844386,0.0,18340.0,5066.1,32093.0,34.84909090909091,23.0,24808.69,-122.09999999999992,680.0,0.6,0.0,14044.0,7.8608437,2022
2022-07-25 09:00:00+00:00,26.190947,80.46928043999999,-0.9192859697186104,-0.3935902766564669,6608574.0,129.8,-0.7071067811865475,0.7071067811865476,1.0,32345.0,7117.2,24992.0,46.22818181818182,27.3,40285.35,5041.5,632.0,10029.5,1870237.6,2668.0,2.0582457,2022
2022-07-19 04:00:00+00:00,21.246458,80.46928043999999,-0.9549667548552552,-0.2967128192734901,6828082.0,112.0,0.5000000000000001,0.8660254037844386,1.0,27286.0,7117.2,24490.0,46.693636363636365,27.366666666666664,36689.35,3627.8,516.0,327.0,0.0,5805.0,0.5401264,2022
2022-10-01 20:00:00+00:00,18.54596,80.46928043999999,0.0043035382962438,-0.99999073973619,4867449.0,90.0,0.5000000000000001,-0.8660254037844386,0.0,24429.0,6111.4,26830.0,42.193636363636365,20.7,32606.9,5238.3,580.0,310.0,0.0,2242.0,1.0705273,2022
2022-11-24 04:00:00+00:00,12.852542,80.46928043999999,0.8039279618328213,-0.5947266869607633,5454445.0,66.58,0.5000000000000001,0.8660254037844386,1.0,21604.0,6071.9,34069.0,74.2890909090909,17.233333333333334,40918.63,2159.7,1004.0,0.0,0.0,7696.0,3.42937,2022
2022-10-01 17:00:00+00:00,21.704142,80.46928043999999,0.0043035382962438,-0.99999073973619,4867449.0,90.0,-0.2588190451025206,-0.9659258262890684,0.0,23199.0,6111.4,27745.0,42.193636363636365,20.7,34511.03,4568.3,440.0,3956.7,714739.44,2472.0,0.4748417,2022
2022-09-13 18:00:00+00:00,22.927572,80.46928043999999,-0.300819807635668,-0.9536809966304456,5329748.0,144.0,-1.8369701987210292e-16,-1.0,1.0,31414.0,7117.2,27126.0,40.654545454545456,23.3,46238.74,3291.1,544.0,641.9,249672.88,8792.0,3.6209605,2022
2022-08-09 02:00:00+00:00,22.027782,80.46928043999999,-0.7883050558305256,-0.6152845999633274,6132407.0,131.51,0.8660254037844387,0.4999999999999999,1.0,22880.0,7117.2,26778.0,47.87363636363636,27.73333333333333,29165.31,4326.6,500.0,418.2,0.0,6090.0,1.6588721,2022
2022-07-15 15:00:00+00:00,31.201557,80.46928043999999,-0.973118337233262,-0.2303056702306119,7037432.0,146.0,-0.7071067811865477,-0.7071067811865475,1.0,36844.0,7117.2,25950.0,43.41363636363637,27.23333333333333,37053.39,5739.8,600.0,11153.1,2854314.8,4076.0,1.3906202,2022
2022-12-18 12:00:00+00:00,13.549335,80.46928043999999,0.9750645322571948,-0.2219215130041658,6191200.0,114.0,-1.0,1.2246467991473532e-16,0.0,25523.0,7117.2,41185.0,65.12181818181817,12.7,53757.23,1755.0,944.0,8222.0,1266403.0,8039.0,4.46573,2022
2022-08-14 05:00:00+00:00,20.829012,80.46928043999999,-0.7324940716135788,-0.6807734094770164,6132407.0,149.95,0.2588190451025207,0.9659258262890684,0.0,20872.0,7117.2,26011.0,46.17818181818182,27.03333333333333,28002.7,2953.3,604.0,95.2,64.953804,3549.0,1.7587432,2022
2022-12-09 03:00:00+00:00,12.64516,80.46928043999999,0.9291414114031744,-0.3697245428906732,5758229.0,135.0,0.7071067811865476,0.7071067811865476,1.0,19943.0,7117.2,40950.0,36.96818181818182,12.5,55627.86,581.8000000000002,836.0,0.0,0.0,8088.0,5.425519,2022
2022-08-25 21:00:00+00:00,23.125143,80.46928043999999,-0.5912614448635782,-0.8064799463209447,5812377.0,206.98,0.7071067811865474,-0.7071067811865477,1.0,28064.0,7117.2,24046.0,46.841,26.066666666666663,43067.05,4581.2,608.0,578.3,0.0,9884.0,3.278394,2022
2022-10-22 23:00:00+00:00,18.626583,80.46928043999999,0.3576982388331254,-0.9338372288229252,4759479.0,44.8,0.9659258262890684,-0.2588190451025207,0.0,19982.0,5066.1,31190.0,34.84909090909091,23.0,30671.86,810.5,744.0,17.2,0.0,14027.0,7.300951,2022
2022-10-07 13:00:00+00:00,22.312767,80.46928043999999,0.1073813466641621,-0.994217906893952,4808909.0,102.0,-0.9659258262890684,-0.2588190451025203,1.0,28041.0,6111.4,28010.0,34.44090909090908,22.133333333333336,38354.14,5347.2,332.0,10321.6,1982562.6,2623.0,2.3159764,2022
2023-01-28 02:00:00+00:00,4.888936,89.55725625000001,0.886070621534138,0.4635502709028509,10151548.0,50.51,0.8660254037844387,0.4999999999999999,0.0,23834.0,7117.2,44740.0,115.67636363636365,10.7,56822.85,2762.1,1224.0,29.2,0.0,11963.0,6.0333047,2023
2022-08-14 00:00:00+00:00,22.75909,80.46928043999999,-0.7324940716135788,-0.6807734094770164,6132407.0,149.95,1.0,0.0,0.0,23176.0,7117.2,26811.0,46.17818181818182,27.03333333333333,30861.4,3462.7,544.0,117.0,0.0,5243.0,1.9697397,2022
2022-07-19 10:00:00+00:00,26.079967,80.46928043999999,-0.9549667548552552,-0.2967128192734901,6828082.0,112.0,-0.8660254037844387,0.4999999999999999,1.0,35800.0,7117.2,24490.0,46.693636363636365,27.366666666666664,45034.63,5584.4,600.0,12326.6,2498335.8,5113.0,1.1187807,2022
2022-08-08 07:00:00+00:00,22.325594,80.46928043999999,-0.798779372886365,-0.6016240632249223,6132407.0,125.0,-0.2588190451025208,0.9659258262890684,1.0,28337.0,7117.2,26099.0,47.06363636363636,27.53333333333333,36567.43,4932.3,560.0,5638.6,562435.06,2884.0,1.1600139,2022
2022-07-19 01:00:00+00:00,22.611942,80.46928043999999,-0.9549667548552552,-0.2967128192734901,6828082.0,112.0,0.9659258262890684,0.2588190451025207,1.0,26671.0,7117.2,24490.0,46.693636363636365,27.366666666666664,34019.65,3442.8,520.0,445.1,0.0,7132.0,0.99029446,2022
2022-09-03 14:00:00+00:00,25.590788,80.46928043999999,-0.4597327394521046,-0.888057322629493,5643916.0,185.0,-0.8660254037844386,-0.5000000000000001,0.0,26620.0,7117.2,23311.0,39.231,24.9,31568.9,2943.7,448.0,12038.2,2487112.2,4723.0,3.5249665,2022
2023-02-21 23:00:00+00:00,10.864991,89.55725625000001,0.6254105729852463,0.7802958510707755,9817436.0,49.52,0.9659258262890684,-0.2588190451025207,1.0,25600.0,7117.2,41375.0,80.48272727272727,12.6,51112.21,4803.9,880.0,52.0,0.0,2231.0,2.0080914,2023
2023-01-16 19:00:00+00:00,11.485279,89.55725625000001,0.9623090774541486,0.2719581575341055,9606485.0,63.0,0.2588190451025203,-0.9659258262890684,1.0,35274.0,7117.2,43670.0,58.85090909090909,13.0,60550.0,3934.1,1400.0,4.7,0.0,17383.0,11.524028,2023
2022-11-18 11:00:00+00:00,13.805694,80.46928043999999,0.7383263540031063,-0.6744436188329457,5211425.0,52.5,-0.9659258262890682,0.258819045102521,1.0,29667.0,6071.9,32039.0,33.452727272727266,18.5,47959.130000000005,3238.8,752.0,5506.1,1021017.7,7769.0,5.894653,2022
2022-07-27 03:00:00+00:00,20.57848,80.46928043999999,-0.9051931898913976,-0.4250003399695539,6608574.0,133.0,0.7071067811865476,0.7071067811865476,1.0,25222.0,7117.2,25620.0,45.73454545454545,25.933333333333334,35537.78,3280.7,512.0,454.7,0.0,6862.0,3.2005236,2022
2023-01-29 18:00:00+00:00,7.0193233,89.55725625000001,0.8779600847008882,0.4787338401157884,10151548.0,56.45,-1.8369701987210292e-16,-1.0,0.0,31312.0,7117.2,44320.0,115.03999999999998,10.7,69608.6,5420.2,1224.0,111.2,38407.695,7076.0,4.508764,2023
2023-02-26 09:00:00+00:00,7.578784,89.55725625000001,0.5560174366570445,0.831170626365808,9817436.0,49.7,-0.7071067811865475,0.7071067811865476,0.0,25108.0,6121.4,38865.0,93.22454545454544,11.3,38743.7,4921.3,848.0,7074.2,713540.75,12412.0,4.2213764,2023
2022-08-08 04:00:00+00:00,21.007215,80.46928043999999,-0.798779372886365,-0.6016240632249223,6132407.0,125.0,0.5000000000000001,0.8660254037844386,1.0,23282.0,7117.2,26099.0,47.06363636363636,27.53333333333333,31372.85,4343.4,488.0,325.5,0.0,4607.0,1.0164843,2022
2022-08-13 16:00:00+00:00,28.14891,80.46928043999999,-0.7441039398713605,-0.6680638642135336,6132407.0,150.0,-0.5000000000000004,-0.8660254037844385,0.0,29534.0,7117.2,26836.0,46.81454545454546,27.73333333333333,35947.61,3402.9,528.0,4565.3,1728305.0,9727.0,1.9115518,2022
2022-11-04 02:00:00+00:00,14.349538,80.46928043999999,0.5560174366570438,-0.8311706263658084,5045030.0,52.0,0.8660254037844387,0.4999999999999999,1.0,20474.0,5066.1,30065.0,33.776363636363634,21.5,30023.97,3727.0,684.0,14.2,0.0,7134.0,5.5021343,2022
2022-10-27 00:00:00+00:00,19.346014,80.46928043999999,0.436651231956063,-0.8996308696522438,4884752.0,50.0,1.0,0.0,1.0,21489.0,5066.1,30305.0,33.39272727272727,22.7,31174.27,1205.4,676.0,35.3,0.0,12084.0,4.72427,2022
2022-10-24 02:00:00+00:00,17.16398,80.46928043999999,0.3896304495307877,-0.9209712877166348,4884752.0,39.0,0.8660254037844387,0.4999999999999999,1.0,19045.0,5066.1,32105.0,34.5,23.0,20306.57,1747.1,800.0,5.1,0.0,6806.0,4.694338,2022
2022-08-05 09:00:00+00:00,25.201824,80.46928043999999,-0.8287700871745037,-0.5595892624101767,6357621.0,129.99,-0.7071067811865475,0.7071067811865476,1.0,32427.0,7117.2,26306.0,44.653636363636366,27.53333333333333,38948.16,5386.3,592.0,11391.2,1744682.0,5891.0,2.2450337,2022
2022-06-29 20:00:00+00:00,21.255125,80.46928043999999,-0.99907411510223,0.0430222330045305,7335369.0,115.87,0.5000000000000001,-0.8660254037844386,1.0,29711.0,7117.2,28795.0,41.633,23.100000000000005,43528.18,3090.2000000000003,648.0,740.1,67238.56,8770.0,2.4148939,2022
2022-07-15 13:00:00+00:00,30.73972,80.46928043999999,-0.973118337233262,-0.2303056702306119,7037432.0,146.0,-0.9659258262890684,-0.2588190451025203,1.0,37499.0,7117.2,25950.0,43.41363636363637,27.23333333333333,36567.43,5360.5,632.0,12301.3,3371083.0,3570.0,1.6210992,2022
2023-01-31 01:00:00+00:00,5.169992,89.55725625000001,0.8609610158889943,0.5086709438521044,10162057.0,55.0,0.9659258262890684,0.2588190451025207,1.0,24843.0,7117.2,43870.0,99.3681818181818,10.5,60504.14,4808.6,1084.0,29.5,0.0,8138.0,1.9667199,2023
2023-01-29 16:00:00+00:00,8.540577,89.55725625000001,0.8779600847008882,0.4787338401157884,10151548.0,56.45,-0.5000000000000004,-0.8660254037844385,0.0,26791.0,7117.2,44320.0,115.03999999999998,10.7,60852.32,3754.7,1176.0,6059.9,818214.6,6758.0,4.419144,2023
2022-10-01 02:00:00+00:00,13.880841,80.46928043999999,0.0043035382962438,-0.99999073973619,4867449.0,90.0,0.8660254037844387,0.4999999999999999,0.0,19762.0,6111.4,27590.0,42.193636363636365,20.7,21510.83,3749.2,440.0,61.0,0.0,3467.0,1.630199,2022
2023-02-23 11:00:00+00:00,10.205755,89.55725625000001,0.5981809144059164,0.8013610881746766,9817436.0,49.89,-0.9659258262890682,0.258819045102521,1.0,31263.0,6121.4,41815.0,82.59181818181818,12.8,55213.62,3148.2,916.0,9050.5,1421149.8,6457.0,1.709044,2023
2022-07-21 23:00:00+00:00,23.828302,80.46928043999999,-0.9441875088341996,-0.3294084822245298,6828082.0,114.95,0.9659258262890684,-0.2588190451025207,1.0,28584.0,7117.2,27255.0,52.33181818181818,27.566666666666663,40332.29,4694.4,588.0,526.2,0.0,7720.0,1.2149436,2022
2022-10-18 14:00:00+00:00,24.33241,80.46928043999999,0.2926003356333479,-0.9562348265919058,4759479.0,50.0,-0.8660254037844386,-0.5000000000000001,1.0,28441.0,5066.1,29189.0,34.74727272727273,23.5,38740.91,1783.1000000000004,332.0,9368.6,1800461.9,12099.0,4.607461,2022
2022-10-22 12:00:00+00:00,21.066715,80.46928043999999,0.3576982388331254,-0.9338372288229252,4759479.0,44.8,-1.0,1.2246467991473532e-16,0.0,25182.0,5066.1,31190.0,35.26636363636364,22.9,33418.3,484.1999999999998,640.0,7724.6,1716510.4,12054.0,6.111164,2022
2022-12-13 13:00:00+00:00,15.856029,80.46928043999999,0.9523775757303972,-0.3049212246562894,6191200.0,123.04,-0.9659258262890684,-0.2588190451025203,1.0,32528.0,7117.2,42100.0,47.86636363636364,12.3,69105.03,4711.7,1212.0,1241.5,644763.1,10932.0,7.9378033,2022
2022-12-20 16:00:00+00:00,14.540833,80.46928043999999,0.9821256058680004,-0.1882267098432448,7263299.0,99.9,-0.5000000000000004,-0.8660254037844385,1.0,30638.0,7117.2,41300.0,51.14363636363637,11.633333333333336,53255.98,4112.2,1004.0,884.2,371690.56,11763.0,5.6022773,2022
2022-10-22 14:00:00+00:00,21.379335,80.46928043999999,0.3576982388331254,-0.9338372288229252,4759479.0,44.8,-0.8660254037844386,-0.5000000000000001,0.0,23390.0,5066.1,31190.0,35.26636363636364,22.9,31966.56,297.8000000000002,576.0,6508.1,1462887.8,13128.0,6.0141697,2022
2022-12-21 14:00:00+00:00,15.576687,80.46928043999999,0.9852201067560606,-0.1712931441814778,7263299.0,87.97,-0.8660254037844386,-0.5000000000000001,1.0,30823.0,7117.2,41300.0,47.775454545454544,11.7,47860.53,4112.6,1048.0,4735.9,999823.7,14331.0,6.0708323,2022
2023-02-23 10:00:00+00:00,9.670326,89.55725625000001,0.5981809144059164,0.8013610881746766,9817436.0,49.89,-0.8660254037844387,0.4999999999999999,1.0,31805.0,6121.4,41668.0,82.59181818181818,12.8,56794.81,3238.4,944.0,7762.8,1047821.44,5918.0,1.4028366,2023
2022-08-14 22:00:00+00:00,22.72305,80.46928043999999,-0.7324940716135788,-0.6807734094770164,6132407.0,149.95,0.8660254037844384,-0.5000000000000004,0.0,24576.0,7117.2,25691.0,46.93636363636363,26.6,34818.13,3276.6,580.0,489.4,0.0,6590.0,3.573667,2022
2022-08-20 13:00:00+00:00,28.441664,80.46928043999999,-0.6584015846980489,-0.7526668275320083,5982421.0,160.0,-0.9659258262890684,-0.2588190451025203,0.0,26340.0,7117.2,24721.0,45.440000000000005,24.2,28476.23,3231.0,580.0,13032.1,3182747.2,2441.0,0.9478815,2022
2022-12-18 00:00:00+00:00,10.1018715,80.46928043999999,0.9750645322571948,-0.2219215130041658,6191200.0,114.0,1.0,0.0,0.0,21800.0,7117.2,41185.0,65.12181818181817,12.7,62822.38,3735.6,1052.0,10.9,0.0,5703.0,2.676615,2022
2022-12-09 02:00:00+00:00,12.64881,80.46928043999999,0.9291414114031744,-0.3697245428906732,5758229.0,135.0,0.8660254037844387,0.4999999999999999,1.0,20096.0,7117.2,40170.0,36.96818181818182,12.5,56749.8,549.2000000000003,848.0,0.0,0.0,8357.0,5.4848347,2022
2022-10-24 08:00:00+00:00,17.57412,80.46928043999999,0.3896304495307877,-0.9209712877166348,4884752.0,39.0,-0.4999999999999998,0.8660254037844387,1.0,28467.0,5066.1,32105.0,34.5,23.0,35156.35,4425.5,852.0,3711.8,376205.22,5193.0,4.165446,2022
2022-07-15 09:00:00+00:00,27.228342,80.46928043999999,-0.973118337233262,-0.2303056702306119,7037432.0,146.0,-0.7071067811865475,0.7071067811865476,1.0,35109.0,7117.2,25950.0,43.41363636363637,27.23333333333333,38414.33,5338.0,640.0,11255.8,2075855.5,3672.0,1.9103228,2022
2023-01-29 10:00:00+00:00,6.119912,89.55725625000001,0.8779600847008882,0.4787338401157884,10151548.0,56.45,-0.8660254037844387,0.4999999999999999,0.0,27458.0,7117.2,44320.0,115.03999999999998,10.7,64538.73,1937.7,1128.0,9016.8,912375.5,8547.0,4.7274833,2023
2022-07-19 21:00:00+00:00,24.02118,80.46928043999999,-0.9549667548552552,-0.2967128192734901,6828082.0,112.0,0.7071067811865474,-0.7071067811865477,1.0,31625.0,7117.2,24490.0,46.693636363636365,27.366666666666664,45468.08,5018.9,624.0,547.4,36.117237,5580.0,1.5064888,2022
2023-01-31 09:00:00+00:00,6.0714173,89.55725625000001,0.8609610158889943,0.5086709438521044,10162057.0,55.0,-0.7071067811865475,0.7071067811865476,1.0,35716.0,7117.2,43870.0,99.3681818181818,10.5,67473.23,6494.0,1092.0,6978.9,522060.78,7716.0,2.1848967,2023
2022-12-18 14:00:00+00:00,14.40253,80.46928043999999,0.9750645322571948,-0.2219215130041658,6191200.0,114.0,-0.8660254037844386,-0.5000000000000001,0.0,24896.0,7117.2,41185.0,65.12181818181817,12.7,51158.79,1525.5,916.0,7832.4,1145061.8,8280.0,4.797021,2022
2022-10-23 01:00:00+00:00,18.512602,80.46928043999999,0.3737197147904684,-0.9275416835791968,4759479.0,40.12,0.9659258262890684,0.2588190451025207,0.0,18427.0,5066.1,31190.0,34.84909090909091,23.0,26480.22,185.0999999999999,692.0,18.3,0.0,14157.0,7.625254,2022
2022-10-01 09:00:00+00:00,17.533329,80.46928043999999,0.0043035382962438,-0.99999073973619,4867449.0,90.0,-0.7071067811865475,0.7071067811865476,0.0,24654.0,6111.4,28215.0,42.193636363636365,20.7,30617.22,4058.5,492.0,11536.0,1283259.5,2365.0,0.24679959,2022
2022-10-01 14:00:00+00:00,22.230114,80.46928043999999,0.0043035382962438,-0.99999073973619,4867449.0,90.0,-0.8660254037844386,-0.5000000000000001,0.0,22813.0,6111.4,28215.0,42.193636363636365,20.7,25087.870000000003,3849.4,424.0,12379.4,2290176.2,2784.0,0.56731814,2022
2022-07-04 13:00:00+00:00,26.187492,80.46928043999999,-0.99907411510223,-0.0430222330045303,7194500.0,133.79,-0.9659258262890684,-0.2588190451025203,1.0,32596.0,7117.2,28380.0,44.396,24.5,39897.990000000005,5235.0,644.0,12521.1,3180003.0,4449.0,1.1900944,2022
2022-10-28 05:00:00+00:00,17.470907,80.46928043999999,0.4520722039323045,-0.8919813464595484,4884752.0,48.94,0.2588190451025207,0.9659258262890684,1.0,25775.0,5066.1,30305.0,32.56454545454545,22.65,35140.49,1711.7999999999995,728.0,8.6,0.0,8293.0,2.9206667,2022
2022-11-28 07:00:00+00:00,10.242958,80.46928043999999,0.8429415373547827,-0.5380051715383,5768825.0,86.5,-0.2588190451025208,0.9659258262890684,1.0,29451.0,7117.2,34023.0,50.22727272727273,16.233333333333334,56928.29,3294.9,960.0,112.0,1382.3745,14536.0,5.682951,2022
2022-07-04 03:00:00+00:00,19.425161,80.46928043999999,-0.99907411510223,-0.0430222330045303,7194500.0,133.79,0.7071067811865476,0.7071067811865476,1.0,21669.0,7117.2,28380.0,44.396,24.5,33971.29,4151.5,584.0,299.9,0.0,6129.0,1.2839159,2022
2022-10-01 00:00:00+00:00,14.406149,80.46928043999999,0.0043035382962438,-0.99999073973619,4867449.0,90.0,1.0,0.0,0.0,20701.0,6111.4,28125.0,42.193636363636365,20.7,25122.25,3958.5,484.0,150.1,0.0,3568.0,2.0204964,2022
2023-01-15 21:00:00+00:00,9.161493,89.55725625000001,0.9668478136052776,0.255353295116187,9141747.0,63.97,0.7071067811865474,-0.7071067811865477,0.0,28534.0,7117.2,43665.0,56.00727272727273,13.2,43175.01,3763.0,1284.0,2.6,0.0,14314.0,6.40577,2023
2022-06-29 02:00:00+00:00,17.819895,80.46928043999999,-0.99907411510223,0.0430222330045305,7335369.0,115.87,0.8660254037844387,0.4999999999999999,1.0,22898.0,7117.2,28795.0,41.633,23.100000000000005,34577.94,2535.8,664.0,650.5,0.0,2513.0,1.8058819,2022
2022-07-27 06:00:00+00:00,20.235262,80.46928043999999,-0.9051931898913976,-0.4250003399695539,6608574.0,133.0,6.123233995736766e-17,1.0,1.0,30324.0,7117.2,25620.0,45.73454545454545,25.933333333333334,42462.27,4148.8,544.0,2011.9,136760.56,4711.0,2.9216816,2022
2023-01-28 16:00:00+00:00,8.440492,89.55725625000001,0.886070621534138,0.4635502709028509,10151548.0,50.51,-0.5000000000000004,-0.8660254037844385,0.0,29106.0,7117.2,44740.0,115.67636363636365,10.7,61590.53,3763.0,1216.0,5938.4,768072.8,13022.0,5.651008,2023
2022-10-24 11:00:00+00:00,20.48941,80.46928043999999,0.3896304495307877,-0.9209712877166348,4884752.0,39.0,-0.9659258262890682,0.258819045102521,1.0,29124.0,5066.1,32105.0,34.5,23.0,31965.99,3989.8,664.0,7649.4,1658601.5,6307.0,4.126122,2022
2022-11-24 05:00:00+00:00,12.7864065,80.46928043999999,0.8039279618328213,-0.5947266869607633,5454445.0,66.58,0.2588190451025207,0.9659258262890684,1.0,23356.0,6071.9,34069.0,74.2890909090909,17.233333333333334,45583.43,2004.5,1000.0,0.0,0.0,7529.0,3.2366157,2022
2022-09-03 18:00:00+00:00,24.260656,80.46928043999999,-0.4597327394521046,-0.888057322629493,5643916.0,185.0,-1.8369701987210292e-16,-1.0,0.0,26404.0,7117.2,23311.0,39.231,24.9,39212.45,4230.0,440.0,2743.9,512181.03,5993.0,3.0877297,2022
2022-07-25 19:00:00+00:00,27.305798,80.46928043999999,-0.9192859697186104,-0.3935902766564669,6608574.0,129.8,0.2588190451025203,-0.9659258262890684,1.0,33225.0,7117.2,24992.0,46.22818181818182,27.3,41385.61,4553.6,560.0,1632.7,390620.53,8770.0,3.784676,2022
2022-07-19 08:00:00+00:00,23.867006,80.46928043999999,-0.9549667548552552,-0.2967128192734901,6828082.0,112.0,-0.4999999999999998,0.8660254037844387,1.0,33970.0,7117.2,24490.0,46.693636363636365,27.366666666666664,44940.71,5478.6,596.0,10011.0,1294854.5,4380.0,0.49418604,2022
2022-07-21 13:00:00+00:00,29.515879,80.46928043999999,-0.9441875088341996,-0.3294084822245298,6828082.0,114.95,-0.9659258262890684,-0.2588190451025203,1.0,36591.0,7117.2,27255.0,48.78272727272727,27.433333333333334,42535.15,5312.1,608.0,12357.7,3302138.2,4660.0,1.3746742,2022
2023-01-28 01:00:00+00:00,5.151757,89.55725625000001,0.886070621534138,0.4635502709028509,10151548.0,50.51,0.9659258262890684,0.2588190451025207,0.0,24898.0,7117.2,44740.0,115.67636363636365,10.7,59883.66,2962.2000000000003,1180.0,30.4,0.0,12198.0,5.9197383,2023
2022-11-04 19:00:00+00:00,14.639594,80.46928043999999,0.5560174366570438,-0.8311706263658084,5045030.0,52.0,0.2588190451025203,-0.9659258262890684,1.0,28850.0,6071.9,30695.0,33.776363636363634,21.5,45546.86,6946.7,832.0,46.7,0.0,8254.0,6.2272468,2022
2022-10-27 12:00:00+00:00,23.202267,80.46928043999999,0.436651231956063,-0.8996308696522438,4884752.0,50.0,-1.0,1.2246467991473532e-16,1.0,29219.0,5066.1,29745.0,33.39272727272727,22.7,35221.82,2291.6000000000004,644.0,8753.6,1917130.0,11815.0,4.7557106,2022
2022-11-24 00:00:00+00:00,13.295468,80.46928043999999,0.8039279618328213,-0.5947266869607633,5454445.0,66.58,1.0,0.0,1.0,23291.0,6071.9,34069.0,74.2890909090909,17.233333333333334,40742.35,3576.0,1116.0,2.2,0.0,8302.0,4.3202643,2022
2022-10-07 07:00:00+00:00,16.534262,80.46928043999999,0.1073813466641621,-0.994217906893952,4808909.0,102.0,-0.2588190451025208,0.9659258262890684,1.0,28340.0,6111.4,28010.0,34.44090909090908,22.133333333333336,47708.09,4901.4,396.0,2288.2,93724.74,2650.0,3.0356185,2022
2023-02-01 18:00:00+00:00,9.709941,89.55725625000001,0.8520775211013093,0.5234156073655503,10162057.0,58.95,-1.8369701987210292e-16,-1.0,1.0,36127.0,7117.2,45030.0,98.43363636363635,10.8,64997.15,7369.1,1152.0,462.2,51646.695,8013.0,2.4802997,2023
2023-02-01 13:00:00+00:00,11.406613,89.55725625000001,0.8520775211013093,0.5234156073655503,10162057.0,58.95,-0.9659258262890684,-0.2588190451025203,1.0,32968.0,7117.2,44660.0,98.43363636363635,10.8,54632.3,4959.2,1076.0,11177.2,1862028.0,7487.0,1.9134238,2023
2022-12-10 01:00:00+00:00,11.638632,80.46928043999999,0.935367949313148,-0.3536761221763721,5758229.0,134.5,0.9659258262890684,0.2588190451025207,0.0,21440.0,7117.2,40725.0,40.11545454545455,12.5,59362.27,3901.3,792.0,0.0,0.0,12476.0,4.7958694,2022
2023-01-31 06:00:00+00:00,4.348805,89.55725625000001,0.8609610158889943,0.5086709438521044,10162057.0,55.0,6.123233995736766e-17,1.0,1.0,31294.0,7117.2,43870.0,99.3681818181818,10.5,67579.57,5467.1,1048.0,28.2,0.0,8126.0,2.2089868,2023
2022-09-13 20:00:00+00:00,22.108135,80.46928043999999,-0.300819807635668,-0.9536809966304456,5329748.0,144.0,0.5000000000000001,-0.8660254037844386,1.0,30061.0,7117.2,27126.0,40.654545454545456,23.3,41640.71,3184.7000000000003,564.0,50.7,0.0,8046.0,3.92736,2022
2022-11-28 05:00:00+00:00,10.484388,80.46928043999999,0.8429415373547827,-0.5380051715383,5768825.0,86.5,0.2588190451025207,0.9659258262890684,1.0,22184.0,7117.2,34023.0,50.22727272727273,16.233333333333334,48001.61,1947.2000000000005,932.0,25.9,0.0,14518.0,5.089776,2022
2023-01-29 21:00:00+00:00,5.617479,89.55725625000001,0.8779600847008882,0.4787338401157884,10151548.0,56.45,0.7071067811865474,-0.7071067811865477,0.0,31917.0,7117.2,43310.0,115.03999999999998,10.7,63284.4,5166.1,1316.0,35.3,0.0,7401.0,4.467164,2023
2022-07-27 19:00:00+00:00,25.693464,80.46928043999999,-0.9051931898913976,-0.4250003399695539,6608574.0,133.0,0.2588190451025203,-0.9659258262890684,1.0,33547.0,7117.2,24885.0,45.73454545454545,25.933333333333334,42938.3,4292.2,588.0,1533.9,393340.9,5524.0,2.1566982,2022
2022-10-22 00:00:00+00:00,17.605017,80.46928043999999,0.3576982388331254,-0.9338372288229252,4759479.0,44.8,1.0,0.0,0.0,21194.0,5066.1,31120.0,35.26636363636364,22.9,31907.35,1276.3000000000002,652.0,0.0,0.0,8219.0,4.9138894,2022
2022-07-21 09:00:00+00:00,25.897686,80.46928043999999,-0.9441875088341996,-0.3294084822245298,6828082.0,114.95,-0.7071067811865475,0.7071067811865476,1.0,34291.0,7117.2,27255.0,48.78272727272727,27.433333333333334,44771.13,5970.2,620.0,11196.0,1955543.5,3831.0,2.6892602,2022
2022-12-18 04:00:00+00:00,9.703506,80.46928043999999,0.9750645322571948,-0.2219215130041658,6191200.0,114.0,0.5000000000000001,0.8660254037844386,0.0,19112.0,7117.2,41185.0,65.12181818181817,12.7,56214.08,1881.7000000000005,892.0,8.3,0.0,6368.0,3.0586665,2022
2022-08-05 00:00:00+00:00,23.084293,80.46928043999999,-0.8287700871745037,-0.5595892624101767,6357621.0,129.99,1.0,0.0,1.0,25520.0,7117.2,26306.0,44.653636363636366,27.53333333333333,36240.69,4355.2,504.0,478.3,0.0,9256.0,1.7316161,2022
2022-10-22 01:00:00+00:00,17.37958,80.46928043999999,0.3576982388331254,-0.9338372288229252,4759479.0,44.8,0.9659258262890684,0.2588190451025207,0.0,20436.0,5066.1,31120.0,35.26636363636364,22.9,29570.51,885.4000000000001,692.0,0.0,0.0,7814.0,4.793022,2022
2022-10-01 16:00:00+00:00,22.320194,80.46928043999999,0.0043035382962438,-0.99999073973619,4867449.0,90.0,-0.5000000000000004,-0.8660254037844385,0.0,23010.0,6111.4,27745.0,42.193636363636365,20.7,29762.6,4174.5,416.0,9397.5,1354211.5,2505.0,0.3783936,2022
2022-12-13 12:00:00+00:00,15.680632,80.46928043999999,0.9523775757303972,-0.3049212246562894,6191200.0,123.04,-1.0,1.2246467991473532e-16,1.0,32813.0,7117.2,42100.0,47.86636363636364,12.3,70175.82,5027.4,1248.0,1400.7,682736.6,11022.0,7.845903,2022
2022-09-03 17:00:00+00:00,25.03457,80.46928043999999,-0.4597327394521046,-0.888057322629493,5643916.0,185.0,-0.2588190451025206,-0.9659258262890684,0.0,26300.0,7117.2,23311.0,39.231,24.9,38554.67,3757.5,436.0,7306.6,1109712.4,5874.0,3.3303392,2022
2023-01-28 08:00:00+00:00,4.1731257,89.55725625000001,0.886070621534138,0.4635502709028509,10151548.0,50.51,-0.4999999999999998,0.8660254037844387,0.0,28677.0,7117.2,44740.0,115.67636363636365,10.7,63303.39,3164.3,1220.0,2027.8,59156.22,12161.0,6.2032475,2023
2023-01-18 17:00:00+00:00,7.7158284,89.55725625000001,0.9523775757303976,0.304921224656289,9606485.0,52.0,-0.2588190451025206,-0.9659258262890684,1.0,34471.0,7117.2,43670.0,290.69416666666666,12.3,69421.74,4281.799999999999,1272.0,632.6,243745.7,15411.0,9.21446,2023
2022-11-24 02:00:00+00:00,13.019761,80.46928043999999,0.8039279618328213,-0.5947266869607633,5454445.0,66.58,0.8660254037844387,0.4999999999999999,1.0,21679.0,6071.9,34069.0,74.2890909090909,17.233333333333334,39298.71,2599.9,1048.0,0.8,0.0,8148.0,3.878626,2022
2022-07-21 08:00:00+00:00,24.635582,80.46928043999999,-0.9441875088341996,-0.3294084822245298,6828082.0,114.95,-0.4999999999999998,0.8660254037844387,1.0,33160.0,7117.2,27255.0,48.78272727272727,27.433333333333334,45149.2,5922.4,616.0,9763.9,1304857.5,3866.0,2.9825723,2022
2023-01-08 02:00:00+00:00,11.760947,89.55725625000001,0.9905324521322229,0.1372787721132647,8688669.0,61.89,0.8660254037844387,0.4999999999999999,0.0,19357.0,7117.2,39922.0,38.42363636363636,10.25,34149.45,823.5,964.0,0.0,0.0,14258.0,7.9666967,2023
2022-11-18 22:00:00+00:00,10.932022,80.46928043999999,0.7383263540031063,-0.6744436188329457,5211425.0,52.5,0.8660254037844384,-0.5000000000000004,1.0,25286.0,6071.9,32039.0,33.452727272727266,18.5,51598.59,3821.7,800.0,33.6,0.0,13136.0,7.429016,2022
2022-10-07 15:00:00+00:00,22.368294,80.46928043999999,0.1073813466641621,-0.994217906893952,4808909.0,102.0,-0.7071067811865477,-0.7071067811865475,1.0,27553.0,6111.4,28010.0,34.44090909090908,22.133333333333336,38742.52,5570.7,328.0,8832.4,1419806.9,3132.0,2.602192,2022
2022-10-07 05:00:00+00:00,16.522608,80.46928043999999,0.1073813466641621,-0.994217906893952,4808909.0,102.0,0.2588190451025207,0.9659258262890684,1.0,26135.0,6111.4,28010.0,34.44090909090908,22.133333333333336,45309.97,3534.1,344.0,74.3,0.0,3088.0,3.2251253,2022
2022-11-18 05:00:00+00:00,12.974366,80.46928043999999,0.7383263540031063,-0.6744436188329457,5211425.0,52.5,0.2588190451025207,0.9659258262890684,1.0,23001.0,6071.9,32039.0,33.452727272727266,18.5,42783.61,2201.3,756.0,0.0,0.0,7033.0,6.241188,2022
2022-08-20 06:00:00+00:00,19.354733,80.46928043999999,-0.6584015846980489,-0.7526668275320083,5982421.0,160.0,6.123233995736766e-17,1.0,0.0,21509.0,7117.2,25156.0,45.440000000000005,24.2,31648.59,3886.2,556.0,1451.2,59094.16,3646.0,2.1414266,2022
2022-08-24 04:00:00+00:00,21.428772,80.46928043999999,-0.6050560696488494,-0.7961828637826154,5812377.0,225.0,0.5000000000000001,0.8660254037844386,1.0,24459.0,7117.2,25146.0,45.233,26.100000000000005,38256.04,4212.2,508.0,125.2,0.0,4088.0,1.265772,2022
2022-09-07 02:00:00+00:00,19.560848,80.46928043999999,-0.3975428142825566,-0.9175836260593934,5498074.0,130.0,0.8660254037844387,0.4999999999999999,1.0,22656.0,7117.2,25618.0,38.89454545454545,24.5,33661.5,3925.1,432.0,80.9,0.0,4921.0,2.5057814,2022
2023-02-01 17:00:00+00:00,11.041995,89.55725625000001,0.8520775211013093,0.5234156073655503,10162057.0,58.95,-0.2588190451025206,-0.9659258262890684,1.0,33782.0,7117.2,45030.0,98.43363636363635,10.8,62124.98,6886.2,1156.0,2014.2,439733.53,7464.0,2.1253285,2023
2022-08-14 18:00:00+00:00,26.616337,80.46928043999999,-0.7324940716135788,-0.6807734094770164,6132407.0,149.95,-1.8369701987210292e-16,-1.0,0.0,26142.0,7117.2,26011.0,46.17818181818182,27.03333333333333,34654.75,3060.1,540.0,4030.4,804281.8,7215.0,3.2065694,2022
2023-01-15 02:00:00+00:00,9.532188,89.55725625000001,0.9668478136052776,0.255353295116187,9141747.0,63.97,0.8660254037844387,0.4999999999999999,0.0,20179.0,7117.2,40752.0,56.00727272727273,13.2,35646.020000000004,2120.7,1064.0,0.0,0.0,11041.0,4.5190253,2023
2023-02-01 04:00:00+00:00,5.361359,89.55725625000001,0.8520775211013093,0.5234156073655503,10162057.0,58.95,0.5000000000000001,0.8660254037844386,1.0,24094.0,7117.2,44660.0,98.43363636363635,10.8,52406.2,3587.0,976.0,11.4,0.0,7836.0,2.482338,2023
2022-07-25 04:00:00+00:00,22.117096,80.46928043999999,-0.9192859697186104,-0.3935902766564669,6608574.0,129.8,0.5000000000000001,0.8660254037844386,1.0,25146.0,7117.2,24992.0,46.22818181818182,27.3,36211.61,3427.2,532.0,118.4,0.0,3871.0,2.191578,2022
2023-01-29 03:00:00+00:00,3.952618,89.55725625000001,0.8779600847008882,0.4787338401157884,10151548.0,56.45,0.7071067811865476,0.7071067811865476,0.0,21129.0,7117.2,44325.0,115.03999999999998,10.7,59029.19,2061.5,1136.0,16.7,0.0,10147.0,5.0556755,2023
2022-12-20 21:00:00+00:00,13.249156,80.46928043999999,0.9821256058680004,-0.1882267098432448,7263299.0,99.9,0.7071067811865474,-0.7071067811865477,1.0,30525.0,7117.2,41300.0,51.14363636363637,11.633333333333336,50866.02,4662.4,1232.0,1.1,0.0,12786.0,5.7086787,2022
2022-10-27 10:00:00+00:00,21.80215,80.46928043999999,0.436651231956063,-0.8996308696522438,4884752.0,50.0,-0.8660254037844387,0.4999999999999999,1.0,29209.0,5066.1,29745.0,33.39272727272727,22.7,37205.57,3078.4,672.0,8306.6,1387697.2,10875.0,4.4252224,2022
2022-11-24 18:00:00+00:00,14.635487,80.46928043999999,0.8039279618328213,-0.5947266869607633,5454445.0,66.58,-1.8369701987210292e-16,-1.0,1.0,31401.0,6071.9,34984.0,74.2890909090909,17.233333333333334,54543.82,6639.9,1180.0,23.5,674.8455,7445.0,3.9281948,2022
2022-12-13 23:00:00+00:00,14.766007,80.46928043999999,0.9523775757303972,-0.3049212246562894,6191200.0,123.04,0.9659258262890684,-0.2588190451025207,1.0,25366.0,7117.2,42100.0,57.89909090909091,12.5,64993.75,3325.5,1200.0,0.0,0.0,13877.0,8.139517,2022
2023-02-26 12:00:00+00:00,9.802456,89.55725625000001,0.5560174366570445,0.831170626365808,9817436.0,49.7,-1.0,1.2246467991473532e-16,0.0,25781.0,6121.4,38865.0,93.22454545454544,11.3,31017.15,4990.5,760.0,11015.1,1962624.1,14903.0,5.1039033,2023
2022-10-22 02:00:00+00:00,17.22734,80.46928043999999,0.3576982388331254,-0.9338372288229252,4759479.0,44.8,0.8660254037844387,0.4999999999999999,0.0,20144.0,5066.1,31120.0,35.26636363636364,22.9,28584.37,648.2000000000003,656.0,0.0,0.0,7727.0,4.769292,2022
2022-07-17 06:00:00+00:00,22.581427,80.46928043999999,-0.9646141756912436,-0.2636654927280072,7037432.0,98.0,6.123233995736766e-17,1.0,0.0,22487.0,7117.2,24300.0,44.74,27.5,30973.09,3620.9,532.0,2264.1,197711.03,3009.0,2.1753178,2022
2023-02-21 00:00:00+00:00,11.258109,89.55725625000001,0.6254105729852463,0.7802958510707755,9817436.0,49.52,1.0,0.0,1.0,24007.0,7117.2,41375.0,79.73272727272727,12.4,51219.6,4589.8,824.0,5.5,0.0,5857.0,2.097511,2023
2022-10-23 16:00:00+00:00,20.818054,80.46928043999999,0.3737197147904684,-0.9275416835791968,4759479.0,40.12,-0.5000000000000004,-0.8660254037844385,0.0,21586.0,5066.1,32105.0,34.84909090909091,23.0,24964.9,1329.3000000000002,812.0,3116.4,755764.8,13051.0,6.0334845,2022
2022-08-24 20:00:00+00:00,24.518007,80.46928043999999,-0.6050560696488494,-0.7961828637826154,5812377.0,225.0,0.5000000000000001,-0.8660254037844386,1.0,31065.0,7117.2,23816.0,45.233,26.100000000000005,43475.42,5220.7,608.0,489.5,1380.9757,4504.0,0.7826864,2022
2022-10-27 08:00:00+00:00,19.266054,80.46928043999999,0.436651231956063,-0.8996308696522438,4884752.0,50.0,-0.4999999999999998,0.8660254037844387,1.0,28867.0,5066.1,29745.0,33.39272727272727,22.7,38495.18,3376.1,696.0,4261.5,379987.16,11381.0,4.719925,2022
2022-12-18 01:00:00+00:00,9.994826,80.46928043999999,0.9750645322571948,-0.2219215130041658,6191200.0,114.0,0.9659258262890684,0.2588190451025207,0.0,20405.0,7117.2,41185.0,65.12181818181817,12.7,62181.27,2992.6000000000004,972.0,14.0,0.0,5929.0,2.8208878,2022
2022-07-25 14:00:00+00:00,29.716272,80.46928043999999,-0.9192859697186104,-0.3935902766564669,6608574.0,129.8,-0.8660254037844386,-0.5000000000000001,1.0,34809.0,7117.2,24992.0,46.22818181818182,27.3,36298.37,4103.7,576.0,11691.7,2994855.2,5285.0,3.5414298,2022
2022-10-07 03:00:00+00:00,16.919073,80.46928043999999,0.1073813466641621,-0.994217906893952,4808909.0,102.0,0.7071067811865476,0.7071067811865476,1.0,21197.0,6111.4,27830.0,34.44090909090908,22.133333333333336,36285.57,3285.6,344.0,69.1,0.0,3913.0,3.3490293,2022
2023-01-16 16:00:00+00:00,11.94303,89.55725625000001,0.9623090774541486,0.2719581575341055,9606485.0,63.0,-0.5000000000000004,-0.8660254037844385,1.0,31217.0,7117.2,43670.0,58.85090909090909,13.0,52424.01,2589.6000000000004,1272.0,1323.1,381103.94,17516.0,11.596876,2023
2022-10-27 09:00:00+00:00,20.455273,80.46928043999999,0.436651231956063,-0.8996308696522438,4884752.0,50.0,-0.7071067811865475,0.7071067811865476,1.0,28962.0,5066.1,29745.0,33.39272727272727,22.7,37509.0,3197.7,636.0,6939.9,896174.1,10758.0,4.545406,2022
2022-08-09 00:00:00+00:00,22.961699,80.46928043999999,-0.7883050558305256,-0.6152845999633274,6132407.0,131.51,1.0,0.0,1.0,24097.0,7117.2,26778.0,47.87363636363636,27.73333333333333,31270.73,4559.8,520.0,487.0,0.0,6630.0,1.371718,2022
2022-07-04 11:00:00+00:00,24.894514,80.46928043999999,-0.99907411510223,-0.0430222330045303,7194500.0,133.79,-0.9659258262890682,0.258819045102521,1.0,33188.0,7117.2,28380.0,44.396,24.5,42719.7,5156.4,636.0,12568.1,2882104.0,3753.0,0.7185772,2022
2022-08-25 22:00:00+00:00,22.636957,80.46928043999999,-0.5912614448635782,-0.8064799463209447,5812377.0,206.98,0.8660254037844384,-0.5000000000000004,1.0,26895.0,7117.2,24046.0,46.178,25.933333333333334,39112.13,4051.2,584.0,515.9,0.0,10594.0,2.9414737,2022
2022-11-07 22:00:00+00:00,15.534454,80.46928043999999,0.5981809144059166,-0.8013610881746764,5135888.0,46.88,0.8660254037844384,-0.5000000000000004,1.0,24201.0,6071.9,30805.0,34.61454545454546,20.1,37016.92,3081.3,684.0,27.2,0.0,10721.0,5.434437,2022
2022-11-07 17:00:00+00:00,17.549677,80.46928043999999,0.5981809144059166,-0.8013610881746764,5135888.0,46.88,-0.2588190451025206,-0.9659258262890684,1.0,28102.0,6071.9,30805.0,34.61454545454546,20.1,43209.69,4466.1,684.0,660.6,166442.55,9553.0,4.141274,2022
2022-10-07 16:00:00+00:00,22.036335,80.46928043999999,0.1073813466641621,-0.994217906893952,4808909.0,102.0,-0.5000000000000004,-0.8660254037844385,1.0,27472.0,6111.4,28010.0,34.44090909090908,22.133333333333336,42302.15,5603.3,320.0,6438.0,959344.8,3573.0,2.7885597,2022
2022-10-07 02:00:00+00:00,17.190878,80.46928043999999,0.1073813466641621,-0.994217906893952,4808909.0,102.0,0.8660254037844387,0.4999999999999999,1.0,21139.0,6111.4,27830.0,34.44090909090908,22.133333333333336,35225.93,3407.2,340.0,75.7,0.0,4339.0,3.3216279,2022
2022-10-18 21:00:00+00:00,20.363602,80.46928043999999,0.2926003356333479,-0.9562348265919058,4759479.0,50.0,0.7071067811865474,-0.7071067811865477,1.0,24883.0,5066.1,29189.0,34.74727272727273,23.5,40165.62,2682.2,452.0,39.7,0.0,10064.0,4.173082,2022
2022-10-18 11:00:00+00:00,23.219433,80.46928043999999,0.2926003356333479,-0.9562348265919058,4759479.0,50.0,-0.9659258262890682,0.258819045102521,1.0,29624.0,5066.1,29189.0,34.74727272727273,23.5,40606.11,1697.1000000000004,320.0,10242.8,1866192.8,11192.0,4.77794,2022
2023-01-28 09:00:00+00:00,5.1660137,89.55725625000001,0.886070621534138,0.4635502709028509,10151548.0,50.51,-0.7071067811865475,0.7071067811865476,0.0,30375.0,7117.2,44740.0,115.67636363636365,10.7,63186.19,3155.2000000000003,1160.0,6242.6,403162.16,12296.0,6.0527515,2023
2022-10-22 05:00:00+00:00,16.937504,80.46928043999999,0.3576982388331254,-0.9338372288229252,4759479.0,44.8,0.2588190451025207,0.9659258262890684,0.0,21405.0,5066.1,31120.0,35.26636363636364,22.9,32694.31,253.5,656.0,0.0,0.0,7866.0,4.816378,2022
2022-11-28 09:00:00+00:00,11.0878725,80.46928043999999,0.8429415373547827,-0.5380051715383,5768825.0,86.5,-0.7071067811865475,0.7071067811865476,1.0,30724.0,7117.2,34023.0,50.22727272727273,16.233333333333334,57102.78,4564.6,900.0,7167.4,475069.5,14123.0,6.052624,2022
2022-10-01 03:00:00+00:00,13.591039,80.46928043999999,0.0043035382962438,-0.99999073973619,4867449.0,90.0,0.7071067811865476,0.7071067811865476,0.0,19480.0,6111.4,27590.0,42.193636363636365,20.7,21553.49,3735.5,432.0,41.0,0.0,3369.0,1.4726101,2022
2022-08-20 08:00:00+00:00,22.886654,80.46928043999999,-0.6584015846980489,-0.7526668275320083,5982421.0,160.0,-0.4999999999999998,0.8660254037844387,0.0,24533.0,7117.2,25156.0,45.440000000000005,24.2,32553.32,4080.4,600.0,9736.6,1148890.0,2397.0,1.7231033,2022
2023-01-16 09:00:00+00:00,9.780275,89.55725625000001,0.9623090774541486,0.2719581575341055,9606485.0,63.0,-0.7071067811865475,0.7071067811865476,1.0,32798.0,7117.2,43648.0,58.85090909090909,13.0,51966.87,2669.1000000000004,1332.0,2226.8,269101.75,17451.0,10.291591,2023
2023-02-01 20:00:00+00:00,8.129059,89.55725625000001,0.8520775211013093,0.5234156073655503,10162057.0,58.95,0.5000000000000001,-0.8660254037844386,1.0,37750.0,7117.2,45030.0,98.43363636363635,10.8,58501.94,7177.6,1256.0,191.1,0.0,8579.0,2.7810106,2023
2022-07-27 15:00:00+00:00,27.777645,80.46928043999999,-0.9051931898913976,-0.4250003399695539,6608574.0,133.0,-0.7071067811865477,-0.7071067811865475,1.0,35270.0,7117.2,24885.0,45.73454545454545,25.933333333333334,38091.71,3921.5,580.0,11718.7,2761289.5,3326.0,1.9928312,2022
2022-07-25 15:00:00+00:00,29.70057,80.46928043999999,-0.9192859697186104,-0.3935902766564669,6608574.0,129.8,-0.7071067811865477,-0.7071067811865475,1.0,34695.0,7117.2,24992.0,46.22818181818182,27.3,36206.85,3977.3,544.0,11088.3,2663253.5,6118.0,3.718244,2022
2023-01-29 09:00:00+00:00,4.783358,89.55725625000001,0.8779600847008882,0.4787338401157884,10151548.0,56.45,-0.7071067811865475,0.7071067811865476,0.0,26779.0,7117.2,44320.0,115.03999999999998,10.7,66020.91,1772.7999999999995,1112.0,6189.3,425285.03,8870.0,5.2072945,2023
2022-10-22 13:00:00+00:00,21.31812,80.46928043999999,0.3576982388331254,-0.9338372288229252,4759479.0,44.8,-0.9659258262890684,-0.2588190451025203,0.0,24249.0,5066.1,31190.0,35.26636363636364,22.9,32181.84,334.1999999999998,576.0,7235.1,1701772.8,12644.0,6.0816827,2022
2022-12-21 00:00:00+00:00,12.906434,80.46928043999999,0.9852201067560606,-0.1712931441814778,7263299.0,87.97,1.0,0.0,1.0,23716.0,7117.2,41300.0,47.775454545454544,11.7,47298.05,3192.1,1096.0,0.0,0.0,12748.0,5.860795,2022
2022-07-15 00:00:00+00:00,24.06467,80.46928043999999,-0.973118337233262,-0.2303056702306119,7037432.0,146.0,1.0,0.0,1.0,27490.0,7117.2,26655.0,43.41363636363637,27.23333333333333,34782.520000000004,4551.0,556.0,410.8,0.0,8685.0,2.5217948,2022
2023-02-21 15:00:00+00:00,15.405319,89.55725625000001,0.6254105729852463,0.7802958510707755,9817436.0,49.52,-0.7071067811865477,-0.7071067811865475,1.0,28839.0,7117.2,41375.0,79.73272727272727,12.4,48545.61,4313.9,840.0,7973.3,1616554.6,2178.0,1.593714,2023
2022-10-07 18:00:00+00:00,20.507282,80.46928043999999,0.1073813466641621,-0.994217906893952,4808909.0,102.0,-1.8369701987210292e-16,-1.0,1.0,29178.0,6111.4,28010.0,34.44090909090908,22.133333333333336,46911.92,6085.6,360.0,321.8,89048.7,4530.0,3.0146487,2022
2022-08-24 14:00:00+00:00,28.778858,80.46928043999999,-0.6050560696488494,-0.7961828637826154,5812377.0,225.0,-0.8660254037844386,-0.5000000000000001,1.0,32342.0,7117.2,25146.0,45.233,26.100000000000005,40074.48,4207.200000000001,512.0,11213.4,2660158.0,4104.0,0.6138238,2022
2022-08-09 16:00:00+00:00,29.630249,80.46928043999999,-0.7883050558305256,-0.6152845999633274,6132407.0,131.51,-0.5000000000000004,-0.8660254037844385,1.0,32096.0,7117.2,26888.0,47.87363636363636,27.73333333333333,36092.04,5201.6,528.0,9284.9,2046397.6,5355.0,1.8093647,2022
2022-10-18 02:00:00+00:00,18.259344,80.46928043999999,0.2926003356333479,-0.9562348265919058,4759479.0,50.0,0.8660254037844387,0.4999999999999999,1.0,20389.0,5066.1,29189.0,34.74727272727273,23.5,33049.16,1107.0,336.0,82.9,0.0,8609.0,4.240493,2022
2023-01-31 19:00:00+00:00,8.497634,89.55725625000001,0.8609610158889943,0.5086709438521044,10162057.0,55.0,0.2588190451025203,-0.9659258262890684,1.0,38308.0,7117.2,44830.0,99.3681818181818,10.5,65979.98,8277.1,1244.0,142.3,0.0,7646.0,2.8117235,2023
2022-11-28 00:00:00+00:00,11.350277,80.46928043999999,0.8429415373547827,-0.5380051715383,5768825.0,86.5,1.0,0.0,1.0,21236.0,6071.9,33113.0,50.22727272727273,16.233333333333334,43276.69,2540.0,952.0,24.8,0.0,8855.0,3.8488538,2022
2023-02-23 18:00:00+00:00,9.642438,89.55725625000001,0.5981809144059164,0.8013610881746766,9817436.0,49.89,-1.8369701987210292e-16,-1.0,1.0,33047.0,6121.4,41815.0,82.59181818181818,12.8,60960.2,5288.700000000001,980.0,530.4,151365.95,8422.0,1.606252,2023
2022-11-07 15:00:00+00:00,19.040022,80.46928043999999,0.5981809144059166,-0.8013610881746764,5135888.0,46.88,-0.7071067811865477,-0.7071067811865475,1.0,26948.0,6071.9,30805.0,34.61454545454546,20.1,36798.62,4318.6,624.0,8575.1,1125566.9,8489.0,3.9646382,2022
2023-01-08 23:00:00+00:00,13.256083,89.55725625000001,0.9905324521322229,0.1372787721132647,8688669.0,61.89,0.9659258262890684,-0.2588190451025207,1.0,22867.0,7117.2,42950.0,45.693636363636365,10.1,36372.47,2153.3,1068.0,0.0,0.0,15794.0,9.835774,2023
2023-01-08 09:00:00+00:00,12.590654,89.55725625000001,0.9905324521322229,0.1372787721132647,8688669.0,61.89,-0.7071067811865475,0.7071067811865476,0.0,23997.0,7117.2,40837.0,38.42363636363636,10.25,37739.76,742.1999999999998,956.0,869.9,211625.58,14404.0,8.858209,2023
2022-12-13 11:00:00+00:00,15.522129,80.46928043999999,0.9523775757303972,-0.3049212246562894,6191200.0,123.04,-0.9659258262890682,0.258819045102521,1.0,32521.0,7117.2,42100.0,47.86636363636364,12.3,71917.44,5419.6,1240.0,1375.9,591918.2,11279.0,7.794443,2022
2022-08-05 17:00:00+00:00,28.193672,80.46928043999999,-0.8287700871745037,-0.5595892624101767,6357621.0,129.99,-0.2588190451025206,-0.9659258262890684,1.0,32185.0,7117.2,27036.0,44.653636363636366,27.53333333333333,39463.63,5581.4,532.0,8441.3,1495916.0,8241.0,1.7776799,2022
2023-01-08 13:00:00+00:00,14.318423,89.55725625000001,0.9905324521322229,0.1372787721132647,8688669.0,61.89,-0.9659258262890684,-0.2588190451025203,0.0,25939.0,7117.2,41717.0,38.42363636363636,10.25,34784.33,1732.1000000000004,980.0,2631.7,813537.75,16810.0,10.178367,2023
2022-09-03 07:00:00+00:00,19.502277,80.46928043999999,-0.4597327394521046,-0.888057322629493,5643916.0,185.0,-0.2588190451025208,0.9659258262890684,0.0,24429.0,7117.2,22401.0,39.231,24.9,35918.73,3707.1,476.0,3969.5,285702.28,1517.0,1.721254,2022
2023-02-21 17:00:00+00:00,14.347007,89.55725625000001,0.6254105729852463,0.7802958510707755,9817436.0,49.52,-0.2588190451025206,-0.9659258262890684,1.0,29498.0,7117.2,41375.0,79.73272727272727,12.4,56651.94,4826.7,972.0,2098.3,579027.2,1805.0,1.4474208,2023
2022-12-20 11:00:00+00:00,14.1262455,80.46928043999999,0.9821256058680004,-0.1882267098432448,7263299.0,99.9,-0.9659258262890682,0.258819045102521,1.0,31481.0,7117.2,41190.0,51.14363636363637,11.633333333333336,51001.75,3911.4,912.0,4216.0,905535.1,10506.0,5.3229966,2022
2022-11-07 18:00:00+00:00,16.795864,80.46928043999999,0.5981809144059166,-0.8013610881746764,5135888.0,46.88,-1.8369701987210292e-16,-1.0,1.0,29257.0,6071.9,30805.0,34.61454545454546,20.1,44485.32,4669.9,732.0,109.8,3884.5107,10010.0,4.3584485,2022
2023-02-01 02:00:00+00:00,5.742338,89.55725625000001,0.8520775211013093,0.5234156073655503,10162057.0,58.95,0.8660254037844387,0.4999999999999999,1.0,24199.0,7117.2,44660.0,98.43363636363635,10.8,52524.13,3985.1,1004.0,10.9,0.0,7944.0,2.389682,2023
2022-10-23 21:00:00+00:00,18.367363,80.46928043999999,0.3737197147904684,-0.9275416835791968,4759479.0,40.12,0.7071067811865474,-0.7071067811865477,0.0,22392.0,5066.1,32105.0,34.84909090909091,23.0,29238.120000000003,3194.5,900.0,17.0,0.0,9484.0,5.0666504,2022
2022-07-25 23:00:00+00:00,23.55794,80.46928043999999,-0.9192859697186104,-0.3935902766564669,6608574.0,129.8,0.9659258262890684,-0.2588190451025207,1.0,28076.0,7117.2,24992.0,46.058181818181815,26.83333333333333,36635.78,3422.9,548.0,418.4,0.0,7948.0,3.8330767,2022
2022-12-10 23:00:00+00:00,9.447434,80.46928043999999,0.935367949313148,-0.3536761221763721,5758229.0,134.5,0.9659258262890684,-0.2588190451025207,0.0,23232.0,7117.2,40725.0,43.20090909090909,11.666666666666666,61977.85,4549.0,956.0,0.0,0.0,6648.0,3.9007816,2022
2023-02-23 09:00:00+00:00,8.83894,89.55725625000001,0.5981809144059164,0.8013610881746766,9817436.0,49.89,-0.7071067811865475,0.7071067811865476,1.0,32384.0,6121.4,41668.0,82.59181818181818,12.8,58066.86,3434.1,956.0,5220.6,600927.5,5612.0,1.5139897,2023
2022-12-09 08:00:00+00:00,12.397142,80.46928043999999,0.9291414114031744,-0.3697245428906732,5758229.0,135.0,-0.4999999999999998,0.8660254037844387,1.0,28905.0,7117.2,40960.0,36.96818181818182,12.5,71353.38,4123.3,896.0,453.9,47486.156,7056.0,4.5366116,2022
2022-12-18 06:00:00+00:00,9.662264,80.46928043999999,0.9750645322571948,-0.2219215130041658,6191200.0,114.0,6.123233995736766e-17,1.0,0.0,20334.0,7117.2,41185.0,65.12181818181817,12.7,58047.4,1679.1,944.0,7.3,0.0,6716.0,3.2903953,2022
2022-08-24 06:00:00+00:00,21.214277,80.46928043999999,-0.6050560696488494,-0.7961828637826154,5812377.0,225.0,6.123233995736766e-17,1.0,1.0,26973.0,7117.2,25146.0,45.233,26.100000000000005,42924.99,4506.6,532.0,1065.2,45934.387,3873.0,1.3009665,2022
2023-01-31 12:00:00+00:00,10.340734,89.55725625000001,0.8609610158889943,0.5086709438521044,10162057.0,55.0,-1.0,1.2246467991473532e-16,1.0,33805.0,7117.2,44830.0,99.3681818181818,10.5,59237.06,5826.1,1092.0,11185.2,1808447.4,6807.0,2.0794811,2023
2023-02-23 15:00:00+00:00,10.921818,89.55725625000001,0.5981809144059164,0.8013610881746766,9817436.0,49.89,-0.7071067811865477,-0.7071067811865475,1.0,30153.0,6121.4,41815.0,82.59181818181818,12.8,51725.37,3489.5,864.0,8893.8,1426721.4,8340.0,2.3056383,2023
2022-10-07 12:00:00+00:00,21.943123,80.46928043999999,0.1073813466641621,-0.994217906893952,4808909.0,102.0,-1.0,1.2246467991473532e-16,1.0,28911.0,6111.4,28010.0,34.44090909090908,22.133333333333336,39140.9,4945.0,340.0,10527.4,2004086.1,2491.0,2.2749305,2022
2022-08-25 09:00:00+00:00,23.882473,80.46928043999999,-0.5912614448635782,-0.8064799463209447,5812377.0,206.98,-0.7071067811865475,0.7071067811865476,1.0,30675.0,7117.2,24046.0,46.841,26.066666666666663,43498.02,4597.6,552.0,10526.3,1518814.8,4818.0,1.8691057,2022
2022-08-08 23:00:00+00:00,23.397152,80.46928043999999,-0.798779372886365,-0.6016240632249223,6132407.0,125.0,0.9659258262890684,-0.2588190451025207,1.0,25520.0,7117.2,26778.0,47.87363636363636,27.73333333333333,31958.95,4771.7,540.0,509.6,0.0,6884.0,1.3529787,2022
2022-11-28 04:00:00+00:00,10.692414,80.46928043999999,0.8429415373547827,-0.5380051715383,5768825.0,86.5,0.5000000000000001,0.8660254037844386,1.0,19998.0,7117.2,34023.0,50.22727272727273,16.233333333333334,43025.45,1826.5,952.0,21.3,0.0,13739.0,4.7378964,2022
2022-11-04 06:00:00+00:00,13.442552,80.46928043999999,0.5560174366570438,-0.8311706263658084,5045030.0,52.0,6.123233995736766e-17,1.0,1.0,25211.0,5066.1,30065.0,33.776363636363634,21.5,41306.27,3725.0,700.0,0.1,0.0,8767.0,5.3544536,2022
2023-01-16 02:00:00+00:00,8.594245,89.55725625000001,0.9623090774541486,0.2719581575341055,9606485.0,63.0,0.8660254037844387,0.4999999999999999,1.0,20513.0,7117.2,44558.0,58.85090909090909,13.0,36118.47,673.0,1128.0,0.2,0.0,16558.0,7.5219736,2023
2022-09-07 01:00:00+00:00,20.062023,80.46928043999999,-0.3975428142825566,-0.9175836260593934,5498074.0,130.0,0.9659258262890684,0.2588190451025207,1.0,22913.0,7117.2,25618.0,38.89454545454545,24.5,34475.42,4029.5,436.0,177.3,0.0,4967.0,2.6554015,2022
2022-12-10 15:00:00+00:00,11.651232,80.46928043999999,0.935367949313148,-0.3536761221763721,5758229.0,134.5,-0.7071067811865477,-0.7071067811865475,0.0,25951.0,7117.2,40725.0,40.11545454545455,12.5,59363.09,4338.7,912.0,3988.3,734004.25,8821.0,5.090894,2022
2023-02-26 19:00:00+00:00,8.548626,89.55725625000001,0.5560174366570445,0.831170626365808,9817436.0,49.7,0.2588190451025203,-0.9659258262890684,0.0,30190.0,6121.4,38865.0,93.22454545454544,11.3,48126.68,5497.1,860.0,117.4,3630.0686,16725.0,5.7189803,2023
2022-08-05 07:00:00+00:00,22.624672,80.46928043999999,-0.8287700871745037,-0.5595892624101767,6357621.0,129.99,-0.2588190451025208,0.9659258262890684,1.0,29716.0,7117.2,26306.0,44.653636363636366,27.53333333333333,40573.15,5265.8,568.0,5662.8,536497.94,6654.0,2.3324223,2022
2022-11-28 18:00:00+00:00,11.786823,80.46928043999999,0.8429415373547827,-0.5380051715383,5768825.0,86.5,-1.8369701987210292e-16,-1.0,1.0,32939.0,7117.2,34828.0,50.22727272727273,16.233333333333334,62891.36,6523.7,1036.0,128.6,694.5892,12318.0,7.084216,2022
2022-10-27 20:00:00+00:00,20.379816,80.46928043999999,0.436651231956063,-0.8996308696522438,4884752.0,50.0,0.5000000000000001,-0.8660254037844386,1.0,27592.0,5066.1,30305.0,33.39272727272727,22.7,35863.94,3166.6,736.0,40.2,0.0,11985.0,4.7222915,2022
2022-12-20 17:00:00+00:00,14.00601,80.46928043999999,0.9821256058680004,-0.1882267098432448,7263299.0,99.9,-0.2588190451025206,-0.9659258262890684,1.0,32134.0,7117.2,41300.0,51.14363636363637,11.633333333333336,56613.15,4580.9,1024.0,54.6,76264.984,11905.0,5.6202,2022
2022-11-04 03:00:00+00:00,14.057234,80.46928043999999,0.5560174366570438,-0.8311706263658084,5045030.0,52.0,0.7071067811865476,0.7071067811865476,1.0,20343.0,5066.1,30065.0,33.776363636363634,21.5,29148.39,3561.3,672.0,6.6,0.0,7375.0,5.388129,2022
2022-07-04 01:00:00+00:00,20.09834,80.46928043999999,-0.99907411510223,-0.0430222330045303,7194500.0,133.79,0.9659258262890684,0.2588190451025207,1.0,21718.0,7117.2,28380.0,44.396,24.5,32813.28,4225.4,600.0,338.4,0.0,6402.0,1.3358421,2022
2022-11-07 03:00:00+00:00,12.621686,80.46928043999999,0.5981809144059166,-0.8013610881746764,5135888.0,46.88,0.7071067811865476,0.7071067811865476,1.0,18611.0,6071.9,30805.0,34.61454545454546,20.1,27911.120000000003,3233.7,672.0,21.3,0.0,5113.0,1.1561607,2022
2022-09-03 02:00:00+00:00,19.744074,80.46928043999999,-0.4597327394521046,-0.888057322629493,5643916.0,185.0,0.8660254037844387,0.4999999999999999,0.0,22301.0,7117.2,22401.0,39.231,24.9,31106.57,3074.7,452.0,138.8,0.0,4247.0,2.8944612,2022
2023-02-26 05:00:00+00:00,6.514496,89.55725625000001,0.5560174366570445,0.831170626365808,9817436.0,49.7,0.2588190451025207,0.9659258262890684,0.0,20658.0,6121.4,38865.0,93.22454545454544,11.3,41535.06,4510.4,860.0,3.9,0.0,10546.0,4.1894684,2023
2022-07-17 13:00:00+00:00,31.054682,80.46928043999999,-0.9646141756912436,-0.2636654927280072,7037432.0,98.0,-0.9659258262890684,-0.2588190451025203,0.0,30333.0,7117.2,23920.0,44.74,27.5,30634.27,3204.5,524.0,11840.2,3372672.2,3788.0,2.1535473,2022
2022-08-05 20:00:00+00:00,25.249846,80.46928043999999,-0.8287700871745037,-0.5595892624101767,6357621.0,129.99,0.5000000000000001,-0.8660254037844386,1.0,30966.0,7117.2,27036.0,44.653636363636366,27.53333333333333,40101.65,5888.9,584.0,619.4,21984.334,10067.0,2.4217625,2022
2022-11-18 15:00:00+00:00,13.700716,80.46928043999999,0.7383263540031063,-0.6744436188329457,5211425.0,52.5,-0.7071067811865477,-0.7071067811865475,1.0,28628.0,6071.9,32039.0,33.452727272727266,18.5,47726.89,2830.5,704.0,5452.5,732803.1,11015.0,6.5289164,2022
2022-11-24 11:00:00+00:00,15.172794,80.46928043999999,0.8039279618328213,-0.5947266869607633,5454445.0,66.58,-0.9659258262890682,0.258819045102521,1.0,29938.0,6071.9,34069.0,74.2890909090909,17.233333333333334,49431.12,4176.2,1068.0,4630.3,992862.0,8273.0,3.995696,2022
2022-07-19 20:00:00+00:00,24.98434,80.46928043999999,-0.9549667548552552,-0.2967128192734901,6828082.0,112.0,0.5000000000000001,-0.8660254037844386,1.0,33762.0,7117.2,24490.0,46.693636363636365,27.366666666666664,44167.59,5263.6,632.0,612.6,55641.18,5752.0,1.3740007,2022
2022-10-27 01:00:00+00:00,19.148348,80.46928043999999,0.436651231956063,-0.8996308696522438,4884752.0,50.0,0.9659258262890684,0.2588190451025207,1.0,20982.0,5066.1,30305.0,33.39272727272727,22.7,28526.77,1062.8000000000002,648.0,39.7,0.0,12185.0,4.7038016,2022
2022-08-14 06:00:00+00:00,20.791367,80.46928043999999,-0.7324940716135788,-0.6807734094770164,6132407.0,149.95,6.123233995736766e-17,1.0,0.0,20801.0,7117.2,26011.0,46.17818181818182,27.03333333333333,29164.95,3016.6,564.0,1216.2,64936.918,3318.0,1.901448,2022
2022-08-08 10:00:00+00:00,26.659798,80.46928043999999,-0.798779372886365,-0.6016240632249223,6132407.0,125.0,-0.8660254037844387,0.4999999999999999,1.0,31951.0,7117.2,26099.0,47.06363636363636,27.53333333333333,34889.99,5390.2,572.0,12407.9,2464875.2,2283.0,0.783035,2022
2022-12-13 19:00:00+00:00,15.251889,80.46928043999999,0.9523775757303972,-0.3049212246562894,6191200.0,123.04,0.2588190451025203,-0.9659258262890684,1.0,33418.0,7117.2,42100.0,47.86636363636364,12.3,73503.13,5347.1,1276.0,0.0,0.0,12663.0,7.9101067,2022
2023-02-26 07:00:00+00:00,6.355387,89.55725625000001,0.5560174366570445,0.831170626365808,9817436.0,49.7,-0.2588190451025208,0.9659258262890684,0.0,21575.0,6121.4,38865.0,93.22454545454544,11.3,41833.99,4702.5,844.0,325.8,11844.133,11424.0,4.145124,2023
2022-12-21 02:00:00+00:00,12.693961,80.46928043999999,0.9852201067560606,-0.1712931441814778,7263299.0,87.97,0.8660254037844387,0.4999999999999999,1.0,21832.0,7117.2,41300.0,47.775454545454544,11.7,44629.22,2231.9,1052.0,0.0,0.0,12833.0,5.95967,2022
2022-06-29 07:00:00+00:00,19.33287,80.46928043999999,-0.99907411510223,0.0430222330045305,7335369.0,115.87,-0.2588190451025208,0.9659258262890684,1.0,29624.0,7117.2,28795.0,41.633,23.100000000000005,43579.8,3860.2,724.0,7637.7,778345.3,1572.0,1.6082236,2022
2022-09-13 17:00:00+00:00,23.430977,80.46928043999999,-0.300819807635668,-0.9536809966304456,5329748.0,144.0,-0.2588190451025206,-0.9659258262890684,1.0,30825.0,7117.2,27126.0,40.654545454545456,23.3,46202.64,2983.4,488.0,2872.8,643558.5,9374.0,3.6946769,2022
2022-10-27 22:00:00+00:00,19.660297,80.46928043999999,0.436651231956063,-0.8996308696522438,4884752.0,50.0,0.8660254037844384,-0.5000000000000004,1.0,23431.0,5066.1,30305.0,32.56454545454545,22.65,33890.91,1983.3,680.0,24.7,0.0,12076.0,4.18074,2022
2022-06-29 08:00:00+00:00,20.83407,80.46928043999999,-0.99907411510223,0.0430222330045305,7335369.0,115.87,-0.4999999999999998,0.8660254037844387,1.0,30585.0,7117.2,28795.0,41.633,23.100000000000005,42874.21,3851.7,688.0,10368.2,1386618.5,1396.0,1.4812429,2022
2022-06-29 13:00:00+00:00,24.723509,80.46928043999999,-0.99907411510223,0.0430222330045305,7335369.0,115.87,-0.9659258262890684,-0.2588190451025203,1.0,31250.0,7117.2,28795.0,41.633,23.100000000000005,39025.5,3166.7,628.0,12431.6,3169772.5,5068.0,1.4172394,2022
2023-01-28 10:00:00+00:00,6.397403,89.55725625000001,0.886070621534138,0.4635502709028509,10151548.0,50.51,-0.8660254037844387,0.4999999999999999,0.0,30480.0,7117.2,44740.0,115.67636363636365,10.7,62158.71,3108.7,1144.0,9242.7,868805.1,12616.0,5.641656,2023
2022-07-27 12:00:00+00:00,26.5995,80.46928043999999,-0.9051931898913976,-0.4250003399695539,6608574.0,133.0,-1.0,1.2246467991473532e-16,1.0,36170.0,7117.2,25615.0,45.73454545454545,25.933333333333334,39144.11,4426.9,648.0,12673.0,3134813.0,2336.0,1.6113827,2022
2023-01-28 20:00:00+00:00,5.9793954,89.55725625000001,0.886070621534138,0.4635502709028509,10151548.0,50.51,0.5000000000000001,-0.8660254037844386,0.0,34185.0,7117.2,44740.0,115.67636363636365,10.7,64511.48,4814.9,1308.0,183.4,0.0,12545.0,5.540911,2023
2022-10-24 20:00:00+00:00,18.452501,80.46928043999999,0.3896304495307877,-0.9209712877166348,4884752.0,39.0,0.5000000000000001,-0.8660254037844386,1.0,27167.0,5066.1,32105.0,34.5,23.0,36648.93,4273.9,888.0,66.5,0.0,5664.0,2.5546029,2022
2022-08-05 23:00:00+00:00,23.074293,80.46928043999999,-0.8287700871745037,-0.5595892624101767,6357621.0,129.99,0.9659258262890684,-0.2588190451025207,0.0,25865.0,7117.2,26306.0,45.45454545454545,27.33333333333333,32635.53,4914.6,536.0,537.3,0.0,10345.0,2.1967967,2022
2022-12-20 19:00:00+00:00,13.441087,80.46928043999999,0.9821256058680004,-0.1882267098432448,7263299.0,99.9,0.2588190451025203,-0.9659258262890684,1.0,33502.0,7117.2,41300.0,51.14363636363637,11.633333333333336,55567.9,4956.1,1240.0,5.9,0.0,12318.0,5.722451,2022
2022-08-25 08:00:00+00:00,22.830317,80.46928043999999,-0.5912614448635782,-0.8064799463209447,5812377.0,206.98,-0.4999999999999998,0.8660254037844387,1.0,29869.0,7117.2,24046.0,46.841,26.066666666666663,44027.5,4583.2,568.0,8066.9,913241.94,4902.0,1.8758496,2022
2022-07-25 03:00:00+00:00,22.398085,80.46928043999999,-0.9192859697186104,-0.3935902766564669,6608574.0,129.8,0.7071067811865476,0.7071067811865476,1.0,23622.0,7117.2,24992.0,46.22818181818182,27.3,34063.72,3315.3,536.0,182.1,0.0,4052.0,2.17429,2022
2023-02-21 10:00:00+00:00,12.93839,89.55725625000001,0.6254105729852463,0.7802958510707755,9817436.0,49.52,-0.8660254037844387,0.4999999999999999,1.0,31035.0,7117.2,41375.0,79.73272727272727,12.4,54020.61,4700.9,880.0,8150.7,1272590.6,1814.0,0.87163794,2023
2023-01-31 11:00:00+00:00,9.307324,89.55725625000001,0.8609610158889943,0.5086709438521044,10162057.0,55.0,-0.9659258262890682,0.258819045102521,1.0,34019.0,7117.2,44830.0,99.3681818181818,10.5,62499.630000000005,6048.4,1072.0,10960.3,1513734.8,7084.0,2.0690727,2023
2022-08-09 19:00:00+00:00,27.25629,80.46928043999999,-0.7883050558305256,-0.6152845999633274,6132407.0,131.51,0.2588190451025203,-0.9659258262890684,1.0,31298.0,7117.2,26888.0,47.87363636363636,27.73333333333333,38061.08,6194.4,624.0,1081.9,278172.56,6992.0,1.9219308,2022
2022-12-21 15:00:00+00:00,15.4657345,80.46928043999999,0.9852201067560606,-0.1712931441814778,7263299.0,87.97,-0.7071067811865477,-0.7071067811865475,1.0,30733.0,7117.2,41300.0,47.775454545454544,11.7,47480.68,4365.4,1116.0,3367.0,709643.7,13270.0,5.894246,2022
2023-01-08 21:00:00+00:00,13.456881,89.55725625000001,0.9905324521322229,0.1372787721132647,8688669.0,61.89,0.7071067811865474,-0.7071067811865477,0.0,27515.0,7117.2,42950.0,38.42363636363636,10.25,37868.65,3091.6,1236.0,0.0,0.0,15781.0,9.70249,2023
2022-10-28 10:00:00+00:00,20.699139,80.46928043999999,0.4520722039323045,-0.8919813464595484,4884752.0,48.94,-0.8660254037844387,0.4999999999999999,1.0,28536.0,5066.1,30305.0,32.56454545454545,22.65,36897.1,3053.7,736.0,7729.5,1292946.1,7513.0,3.3073237,2022
2022-08-20 04:00:00+00:00,19.591595,80.46928043999999,-0.6584015846980489,-0.7526668275320083,5982421.0,160.0,0.5000000000000001,0.8660254037844386,0.0,21051.0,7117.2,25156.0,45.440000000000005,24.2,30272.84,3791.8,548.0,245.4,0.0,4560.0,2.244621,2022
2023-02-01 09:00:00+00:00,6.95099,89.55725625000001,0.8520775211013093,0.5234156073655503,10162057.0,58.95,-0.7071067811865475,0.7071067811865476,1.0,35481.0,7117.2,44660.0,98.43363636363635,10.8,63550.78,5284.9,1112.0,6801.7,502091.56,8038.0,2.4940355,2023
2023-01-18 09:00:00+00:00,6.389145,89.55725625000001,0.9523775757303976,0.304921224656289,9606485.0,52.0,-0.7071067811865475,0.7071067811865476,1.0,34198.0,7117.2,43670.0,290.69416666666666,12.3,68911.43,3669.7,1292.0,4646.2,328183.56,15385.0,9.3797865,2023
2022-11-07 16:00:00+00:00,18.591928,80.46928043999999,0.5981809144059166,-0.8013610881746764,5135888.0,46.88,-0.5000000000000004,-0.8660254037844385,1.0,26878.0,6071.9,30805.0,34.61454545454546,20.1,39036.2,4420.0,636.0,4018.7,623849.56,9046.0,4.003726,2022
2022-12-20 06:00:00+00:00,12.123293,80.46928043999999,0.9821256058680004,-0.1882267098432448,7263299.0,99.9,6.123233995736766e-17,1.0,1.0,28125.0,7117.2,41190.0,51.14363636363637,11.633333333333336,48921.31,935.5,824.0,0.4,0.0,10699.0,5.9836264,2022
2022-07-15 03:00:00+00:00,22.64271,80.46928043999999,-0.973118337233262,-0.2303056702306119,7037432.0,146.0,0.7071067811865476,0.7071067811865476,1.0,25753.0,7117.2,25545.0,43.41363636363637,27.23333333333333,33673.08,3821.3,524.0,198.4,0.0,6976.0,2.431475,2022
2023-02-26 06:00:00+00:00,6.439261,89.55725625000001,0.5560174366570445,0.831170626365808,9817436.0,49.7,6.123233995736766e-17,1.0,0.0,21388.0,6121.4,38865.0,93.22454545454544,11.3,42014.98,4617.1,844.0,4.2,0.0,11017.0,4.128436,2023
2022-08-24 05:00:00+00:00,21.203016,80.46928043999999,-0.6050560696488494,-0.7961828637826154,5812377.0,225.0,0.2588190451025207,0.9659258262890684,1.0,26101.0,7117.2,25146.0,45.233,26.100000000000005,40561.82,4339.1,508.0,99.9,0.06358669,4101.0,1.2987596,2022
2022-09-07 09:00:00+00:00,22.282354,80.46928043999999,-0.3975428142825566,-0.9175836260593934,5498074.0,130.0,-0.7071067811865475,0.7071067811865476,1.0,30365.0,7117.2,25596.0,38.89454545454545,24.5,42690.7,4732.2,460.0,9890.7,1414009.9,4633.0,2.382021,2022
2022-12-13 04:00:00+00:00,14.717318,80.46928043999999,0.9523775757303972,-0.3049212246562894,6191200.0,123.04,0.5000000000000001,0.8660254037844386,1.0,21960.0,7117.2,41300.0,47.86636363636364,12.3,57029.91,1592.1,1036.0,0.0,0.0,15111.0,8.639534,2022
2022-07-27 22:00:00+00:00,22.703676,80.46928043999999,-0.9051931898913976,-0.4250003399695539,6608574.0,133.0,0.8660254037844384,-0.5000000000000004,1.0,28986.0,7117.2,24885.0,43.33545454545454,25.96666666666667,41072.43,3488.8,556.0,564.0,0.0,5511.0,1.8889564,2022
2022-08-14 08:00:00+00:00,23.218828,80.46928043999999,-0.7324940716135788,-0.6807734094770164,6132407.0,149.95,-0.4999999999999998,0.8660254037844387,0.0,23111.0,7117.2,26011.0,46.17818181818182,27.03333333333333,31376.27,3429.9,572.0,8424.8,1060489.2,2713.0,2.0209155,2022
2022-07-21 04:00:00+00:00,21.347443,80.46928043999999,-0.9441875088341996,-0.3294084822245298,6828082.0,114.95,0.5000000000000001,0.8660254037844386,1.0,26712.0,7117.2,28170.0,48.78272727272727,27.433333333333334,39721.58,3993.4,512.0,319.3,0.0,5593.0,3.527596,2022
2022-10-01 18:00:00+00:00,20.416794,80.46928043999999,0.0043035382962438,-0.99999073973619,4867449.0,90.0,-1.8369701987210292e-16,-1.0,0.0,25134.0,6111.4,27745.0,42.193636363636365,20.7,36232.07,5191.2,552.0,453.9,163528.33,2332.0,0.6422466,2022
2022-12-10 20:00:00+00:00,9.783335,80.46928043999999,0.935367949313148,-0.3536761221763721,5758229.0,134.5,0.5000000000000001,-0.8660254037844386,0.0,28887.0,7117.2,40725.0,40.11545454545455,12.5,62025.11,6231.0,964.0,3.8,0.0,5926.0,3.7271273,2022
2022-12-18 15:00:00+00:00,14.422028,80.46928043999999,0.9750645322571948,-0.2219215130041658,6191200.0,114.0,-0.7071067811865477,-0.7071067811865475,0.0,23927.0,7117.2,41185.0,65.12181818181817,12.7,51995.35,1694.9,944.0,6085.0,840311.75,8382.0,4.8639836,2022
2023-01-29 05:00:00+00:00,3.6618214,89.55725625000001,0.8779600847008882,0.4787338401157884,10151548.0,56.45,0.2588190451025207,0.9659258262890684,0.0,21342.0,7117.2,44325.0,115.03999999999998,10.7,59881.8,1827.7,1128.0,27.2,0.0,9877.0,5.27795,2023
2022-08-13 02:00:00+00:00,23.203484,80.46928043999999,-0.7441039398713605,-0.6680638642135336,6132407.0,150.0,0.8660254037844387,0.4999999999999999,0.0,23240.0,7117.2,26291.0,46.81454545454546,27.73333333333333,28334.27,4026.3,540.0,138.9,0.0,3081.0,1.7334071,2022
2022-08-20 14:00:00+00:00,28.863369,80.46928043999999,-0.6584015846980489,-0.7526668275320083,5982421.0,160.0,-0.8660254037844386,-0.5000000000000001,0.0,25808.0,7117.2,24721.0,45.440000000000005,24.2,28121.5,2943.1,544.0,12675.6,3000741.5,2741.0,1.1400371,2022
2022-11-24 19:00:00+00:00,14.420283,80.46928043999999,0.8039279618328213,-0.5947266869607633,5454445.0,66.58,0.2588190451025203,-0.9659258262890684,1.0,31915.0,6071.9,34984.0,74.2890909090909,17.233333333333334,50782.85,6706.3,1216.0,14.9,0.0,7027.0,4.0563455,2022
2022-09-07 13:00:00+00:00,25.144127,80.46928043999999,-0.3975428142825566,-0.9175836260593934,5498074.0,130.0,-0.9659258262890684,-0.2588190451025203,1.0,31167.0,7117.2,26396.0,38.89454545454545,24.5,40116.14,4067.6,424.0,11689.4,2591250.8,8468.0,3.8313386,2022
2022-08-08 17:00:00+00:00,28.536535,80.46928043999999,-0.798779372886365,-0.6016240632249223,6132407.0,125.0,-0.2588190451025206,-0.9659258262890684,1.0,31820.0,7117.2,27308.0,47.06363636363636,27.53333333333333,39100.94,5590.6,548.0,8543.0,1523867.5,5152.0,0.7903672,2022
2022-09-13 19:00:00+00:00,22.481318,80.46928043999999,-0.300819807635668,-0.9536809966304456,5329748.0,144.0,0.2588190451025203,-0.9659258262890684,1.0,32416.0,7117.2,27126.0,40.654545454545456,23.3,44077.42,3448.7,568.0,79.3,20565.715,8417.0,3.6919289,2022
2022-09-03 22:00:00+00:00,20.866037,80.46928043999999,-0.4597327394521046,-0.888057322629493,5643916.0,185.0,0.8660254037844384,-0.5000000000000004,0.0,23612.0,7117.2,23311.0,39.78,24.65,37478.01,3387.5,448.0,406.8,0.0,5966.0,2.1884344,2022
2022-07-15 02:00:00+00:00,23.003183,80.46928043999999,-0.973118337233262,-0.2303056702306119,7037432.0,146.0,0.8660254037844387,0.4999999999999999,1.0,26042.0,7117.2,25545.0,43.41363636363637,27.23333333333333,32659.5,4019.3,524.0,189.4,0.0,7539.0,2.5531614,2022
2022-10-18 15:00:00+00:00,24.17299,80.46928043999999,0.2926003356333479,-0.9562348265919058,4759479.0,50.0,-0.7071067811865477,-0.7071067811865475,1.0,28737.0,5066.1,29189.0,34.74727272727273,23.5,39652.17,2061.3,328.0,7667.8,1397916.6,11719.0,4.3690805,2022
2022-07-25 22:00:00+00:00,24.110622,80.46928043999999,-0.9192859697186104,-0.3935902766564669,6608574.0,129.8,0.8660254037844384,-0.5000000000000004,1.0,29967.0,7117.2,24992.0,46.058181818181815,26.83333333333333,39471.61,3785.1,572.0,447.2,0.0,8345.0,3.8576643,2022
2022-10-24 18:00:00+00:00,19.371555,80.46928043999999,0.3896304495307877,-0.9209712877166348,4884752.0,39.0,-1.8369701987210292e-16,-1.0,1.0,30148.0,5066.1,32105.0,34.5,23.0,41474.32,5015.4,860.0,93.3,16469.396,4556.0,2.4601133,2022
2023-02-26 08:00:00+00:00,6.8089848,89.55725625000001,0.5560174366570445,0.831170626365808,9817436.0,49.7,-0.4999999999999998,0.8660254037844387,0.0,23237.0,6121.4,38865.0,93.22454545454544,11.3,40918.1,4768.7,896.0,3030.8,231786.86,11700.0,4.1536603,2023
2022-10-27 06:00:00+00:00,18.270788,80.46928043999999,0.436651231956063,-0.8996308696522438,4884752.0,50.0,6.123233995736766e-17,1.0,1.0,28166.0,5066.1,30305.0,33.39272727272727,22.7,38635.09,2345.9,708.0,10.4,0.0,11779.0,4.705137,2022
2022-12-09 09:00:00+00:00,12.668184,80.46928043999999,0.9291414114031744,-0.3697245428906732,5758229.0,135.0,-0.7071067811865475,0.7071067811865476,1.0,29642.0,7117.2,40960.0,36.96818181818182,12.5,70511.16,5194.299999999999,896.0,1423.9,247014.25,7006.0,4.318644,2022
2022-10-28 04:00:00+00:00,17.681314,80.46928043999999,0.4520722039323045,-0.8919813464595484,4884752.0,48.94,0.5000000000000001,0.8660254037844386,1.0,22289.0,5066.1,30305.0,32.56454545454545,22.65,30896.51,1381.7999999999995,612.0,14.7,0.0,8718.0,2.8536232,2022
2022-07-21 02:00:00+00:00,21.992756,80.46928043999999,-0.9441875088341996,-0.3294084822245298,6828082.0,114.95,0.8660254037844387,0.4999999999999999,1.0,25626.0,7117.2,28170.0,48.78272727272727,27.433333333333334,36566.05,4002.6,540.0,462.0,0.0,6275.0,3.3417966,2022
2022-10-07 09:00:00+00:00,19.214071,80.46928043999999,0.1073813466641621,-0.994217906893952,4808909.0,102.0,-0.7071067811865475,0.7071067811865476,1.0,28913.0,6111.4,28010.0,34.44090909090908,22.133333333333336,43498.83,5175.7,352.0,8815.4,1028649.75,2224.0,2.7275567,2022
2022-07-17 09:00:00+00:00,27.593824,80.46928043999999,-0.9646141756912436,-0.2636654927280072,7037432.0,98.0,-0.7071067811865475,0.7071067811865476,0.0,27069.0,7117.2,23670.0,44.74,27.5,32852.03,4005.2,532.0,10923.5,2070027.8,2386.0,2.123764,2022
2022-10-01 15:00:00+00:00,22.418493,80.46928043999999,0.0043035382962438,-0.99999073973619,4867449.0,90.0,-0.7071067811865477,-0.7071067811865475,0.0,22556.0,6111.4,27745.0,42.193636363636365,20.7,26265.8,3952.0,420.0,11781.6,1900321.2,2708.0,0.46201667,2022
2023-02-26 21:00:00+00:00,7.3819213,89.55725625000001,0.5560174366570445,0.831170626365808,9817436.0,49.7,0.7071067811865474,-0.7071067811865477,0.0,29634.0,6121.4,38865.0,93.22454545454544,11.3,46396.23,4910.5,864.0,74.3,0.0,16611.0,5.7528768,2023
2023-01-08 16:00:00+00:00,14.341876,89.55725625000001,0.9905324521322229,0.1372787721132647,8688669.0,61.89,-0.5000000000000004,-0.8660254037844385,0.0,24363.0,7117.2,42372.0,38.42363636363636,10.25,37336.85,2103.0,1040.0,780.2,335858.12,16600.0,10.417256,2023
2022-10-28 19:00:00+00:00,19.997404,80.46928043999999,0.4520722039323045,-0.8919813464595484,4884752.0,48.94,0.2588190451025203,-0.9659258262890684,1.0,29084.0,5066.1,30305.0,32.56454545454545,22.65,40836.64,3410.2,792.0,45.8,0.0,11633.0,4.53157,2022
2022-07-15 18:00:00+00:00,29.761377,80.46928043999999,-0.973118337233262,-0.2303056702306119,7037432.0,146.0,-1.8369701987210292e-16,-1.0,1.0,34893.0,7117.2,25950.0,43.41363636363637,27.23333333333333,41950.7,6204.3,580.0,5052.8,1030626.1,5535.0,1.1526024,2022
2022-10-07 22:00:00+00:00,18.328821,80.46928043999999,0.1073813466641621,-0.994217906893952,4808909.0,102.0,0.8660254037844384,-0.5000000000000004,0.0,23438.0,6111.4,29320.0,33.809999999999995,22.266666666666666,39770.5,4797.0,336.0,93.7,0.0,5657.0,3.0374491,2022
2023-02-01 01:00:00+00:00,5.9476748,89.55725625000001,0.8520775211013093,0.5234156073655503,10162057.0,58.95,0.9659258262890684,0.2588190451025207,1.0,24923.0,7117.2,44660.0,98.43363636363635,10.8,54681.24,4397.4,1012.0,12.3,0.0,7909.0,2.4405208,2023
2022-12-20 15:00:00+00:00,14.8116255,80.46928043999999,0.9821256058680004,-0.1882267098432448,7263299.0,99.9,-0.7071067811865477,-0.7071067811865475,1.0,30210.0,7117.2,41300.0,51.14363636363637,11.633333333333336,50286.630000000005,3865.9,1000.0,2385.3,689667.94,11319.0,5.575245,2022
2023-01-08 07:00:00+00:00,12.097903,89.55725625000001,0.9905324521322229,0.1372787721132647,8688669.0,61.89,-0.2588190451025208,0.9659258262890684,0.0,20176.0,7117.2,40837.0,38.42363636363636,10.25,35039.770000000004,403.1999999999998,952.0,13.5,1.939394,13751.0,8.552473,2023
2022-10-27 17:00:00+00:00,22.064432,80.46928043999999,0.436651231956063,-0.8996308696522438,4884752.0,50.0,-0.2588190451025206,-0.9659258262890684,1.0,29218.0,5066.1,30305.0,33.39272727272727,22.7,43829.37,2853.2,704.0,653.6,261788.3,12331.0,4.4293346,2022
2022-12-18 09:00:00+00:00,10.787459,80.46928043999999,0.9750645322571948,-0.2219215130041658,6191200.0,114.0,-0.7071067811865475,0.7071067811865476,0.0,23960.0,7117.2,41185.0,65.12181818181817,12.7,60540.69,1591.3000000000002,928.0,4300.7,340574.97,7434.0,3.9433663,2022
2022-12-10 16:00:00+00:00,11.260509,80.46928043999999,0.935367949313148,-0.3536761221763721,5758229.0,134.5,-0.5000000000000004,-0.8660254037844385,0.0,26027.0,7117.2,40725.0,40.11545454545455,12.5,62606.28,4486.7,864.0,1347.1,365593.7,8072.0,4.7946324,2022
2022-07-15 16:00:00+00:00,31.057718,80.46928043999999,-0.973118337233262,-0.2303056702306119,7037432.0,146.0,-0.5000000000000004,-0.8660254037844385,1.0,36135.0,7117.2,25950.0,43.41363636363637,27.23333333333333,39495.87,5897.4,556.0,10097.2,2335145.8,4551.0,1.3285623,2022
2022-12-20 02:00:00+00:00,12.2892685,80.46928043999999,0.9821256058680004,-0.1882267098432448,7263299.0,99.9,0.8660254037844387,0.4999999999999999,1.0,21880.0,7117.2,41190.0,51.14363636363637,11.633333333333336,39826.19,455.2000000000007,912.0,6.6,0.0,11292.0,6.3347635,2022
2023-01-15 17:00:00+00:00,10.877952,89.55725625000001,0.9668478136052776,0.255353295116187,9141747.0,63.97,-0.2588190451025206,-0.9659258262890684,0.0,26564.0,7117.2,41880.0,56.00727272727273,13.2,42614.38,3477.6,1276.0,424.6,204034.98,13352.0,6.7358365,2023
2022-10-01 23:00:00+00:00,16.904757,80.46928043999999,0.0043035382962438,-0.99999073973619,4867449.0,90.0,0.9659258262890684,-0.2588190451025207,0.0,20036.0,6111.4,26830.0,43.32454545454546,21.0,31050.12,4090.1,540.0,128.9,0.0,3011.0,1.5488824,2022
2022-07-21 11:00:00+00:00,28.220427,80.46928043999999,-0.9441875088341996,-0.3294084822245298,6828082.0,114.95,-0.9659258262890682,0.258819045102521,1.0,36639.0,7117.2,27255.0,48.78272727272727,27.433333333333334,44323.92,5607.0,624.0,12339.2,2971842.0,4106.0,2.0104327,2022
2022-11-18 14:00:00+00:00,13.89379,80.46928043999999,0.7383263540031063,-0.6744436188329457,5211425.0,52.5,-0.8660254037844386,-0.5000000000000001,1.0,28995.0,6071.9,32039.0,33.452727272727266,18.5,46992.82,2584.5999999999995,756.0,6301.1,987926.94,10641.0,6.3801174,2022
2022-07-15 17:00:00+00:00,30.547085,80.46928043999999,-0.973118337233262,-0.2303056702306119,7037432.0,146.0,-0.2588190451025206,-0.9659258262890684,1.0,35680.0,7117.2,25950.0,43.41363636363637,27.23333333333333,42234.39,6051.5,556.0,8647.1,1726569.2,5094.0,1.2537855,2022
2023-01-29 00:00:00+00:00,4.7068877,89.55725625000001,0.8779600847008882,0.4787338401157884,10151548.0,56.45,1.0,0.0,0.0,24315.0,7117.2,44223.0,115.03999999999998,10.7,63197.62,2966.3,1192.0,45.4,0.0,10942.0,4.9197464,2023
2022-08-25 16:00:00+00:00,27.066854,80.46928043999999,-0.5912614448635782,-0.8064799463209447,5812377.0,206.98,-0.5000000000000004,-0.8660254037844385,1.0,31313.0,7117.2,24046.0,46.841,26.066666666666663,43307.21,4610.700000000001,528.0,9963.6,1752865.5,6818.0,2.5113182,2022
2022-08-25 14:00:00+00:00,27.324684,80.46928043999999,-0.5912614448635782,-0.8064799463209447,5812377.0,206.98,-0.8660254037844386,-0.5000000000000001,1.0,31749.0,7117.2,24046.0,46.841,26.066666666666663,40964.12,4595.8,520.0,11835.1,2574234.2,5631.0,1.8736539,2022
2023-01-31 08:00:00+00:00,4.652183,89.55725625000001,0.8609610158889943,0.5086709438521044,10162057.0,55.0,-0.4999999999999998,0.8660254037844387,1.0,35962.0,7117.2,43870.0,99.3681818181818,10.5,70079.1,6799.2,1196.0,2367.9,86673.234,8105.0,2.2577617,2023
2022-12-18 11:00:00+00:00,12.820585,80.46928043999999,0.9750645322571948,-0.2219215130041658,6191200.0,114.0,-0.9659258262890682,0.258819045102521,0.0,24988.0,7117.2,41185.0,65.12181818181817,12.7,57573.07,1768.8000000000002,932.0,7685.5,1074051.0,7817.0,4.1750784,2022
2023-02-21 06:00:00+00:00,10.026379,89.55725625000001,0.6254105729852463,0.7802958510707755,9817436.0,49.52,6.123233995736766e-17,1.0,1.0,28525.0,7117.2,41375.0,79.73272727272727,12.4,59461.74,4301.3,924.0,59.8,0.0,3233.0,1.2411677,2023
2023-01-16 21:00:00+00:00,11.337441,89.55725625000001,0.9623090774541486,0.2719581575341055,9606485.0,63.0,0.7071067811865474,-0.7071067811865477,1.0,31918.0,7117.2,43670.0,58.85090909090909,13.0,57372.84,3326.8,1396.0,1.2,0.0,17543.0,11.853529,2023
2022-10-01 21:00:00+00:00,17.8328,80.46928043999999,0.0043035382962438,-0.99999073973619,4867449.0,90.0,0.7071067811865474,-0.7071067811865477,0.0,22403.0,6111.4,26830.0,42.193636363636365,20.7,35469.38,4823.6,588.0,230.3,0.0,2636.0,1.2720114,2022
2022-06-29 17:00:00+00:00,24.12707,80.46928043999999,-0.99907411510223,0.0430222330045305,7335369.0,115.87,-0.2588190451025206,-0.9659258262890684,1.0,30541.0,7117.2,28795.0,41.633,23.100000000000005,45118.54,2501.4,628.0,9214.3,1633408.5,7966.0,2.0596702,2022
2023-01-29 15:00:00+00:00,8.682189,89.55725625000001,0.8779600847008882,0.4787338401157884,10151548.0,56.45,-0.7071067811865477,-0.7071067811865475,0.0,26844.0,7117.2,44320.0,115.03999999999998,10.7,57810.63,3145.3,1112.0,9315.3,1234734.4,6813.0,4.426769,2023
2022-10-01 05:00:00+00:00,13.3796015,80.46928043999999,0.0043035382962438,-0.99999073973619,4867449.0,90.0,0.2588190451025207,0.9659258262890684,0.0,21047.0,6111.4,28215.0,42.193636363636365,20.7,26317.72,3867.5,432.0,8.7,0.0,3384.0,0.99669087,2022
2023-01-18 20:00:00+00:00,6.6693683,89.55725625000001,0.9523775757303976,0.304921224656289,9606485.0,52.0,0.5000000000000001,-0.8660254037844386,1.0,36053.0,7117.2,42520.0,290.69416666666666,12.3,63300.9,5091.200000000001,1360.0,39.0,0.0,15002.0,8.792371,2023
2023-01-15 12:00:00+00:00,11.674158,89.55725625000001,0.9668478136052776,0.255353295116187,9141747.0,63.97,-1.0,1.2246467991473532e-16,0.0,25835.0,7117.2,40752.0,56.00727272727273,13.2,34143.490000000005,2680.7,1136.0,5646.2,1336111.8,11794.0,5.9127245,2023
2023-01-16 11:00:00+00:00,11.111615,89.55725625000001,0.9623090774541486,0.2719581575341055,9606485.0,63.0,-0.9659258262890682,0.258819045102521,1.0,32148.0,7117.2,43670.0,58.85090909090909,13.0,49309.29,2460.0,1320.0,4516.2,807819.9,17612.0,10.901118,2023
2022-08-20 11:00:00+00:00,27.075922,80.46928043999999,-0.6584015846980489,-0.7526668275320083,5982421.0,160.0,-0.9659258262890682,0.258819045102521,0.0,26456.0,7117.2,25156.0,45.440000000000005,24.2,31412.8,3892.3,580.0,12946.9,2883432.5,2131.0,0.7158329,2022
2022-11-28 10:00:00+00:00,12.0657835,80.46928043999999,0.8429415373547827,-0.5380051715383,5768825.0,86.5,-0.8660254037844387,0.4999999999999999,1.0,30825.0,7117.2,34023.0,50.22727272727273,16.233333333333334,56092.630000000005,4490.7,888.0,8920.3,887171.25,14420.0,6.162416,2022
2022-10-28 16:00:00+00:00,22.26425,80.46928043999999,0.4520722039323045,-0.8919813464595484,4884752.0,48.94,-0.5000000000000004,-0.8660254037844385,1.0,26961.0,5066.1,30305.0,32.56454545454545,22.65,42101.15,3108.0,752.0,2838.3,681156.06,10542.0,4.032386,2022
2022-07-21 07:00:00+00:00,22.984777,80.46928043999999,-0.9441875088341996,-0.3294084822245298,6828082.0,114.95,-0.2588190451025208,0.9659258262890684,1.0,31962.0,7117.2,27255.0,48.78272727272727,27.433333333333334,45972.66,5618.1,588.0,6320.9,663890.4,4278.0,3.2217457,2022
2022-06-29 09:00:00+00:00,21.96251,80.46928043999999,-0.99907411510223,0.0430222330045305,7335369.0,115.87,-0.7071067811865475,0.7071067811865476,1.0,31076.0,7117.2,28795.0,41.633,23.100000000000005,42225.78,3772.2,680.0,11537.0,1989956.0,1650.0,1.3505856,2022
2022-08-25 00:00:00+00:00,22.413177,80.46928043999999,-0.5912614448635782,-0.8064799463209447,5812377.0,206.98,1.0,0.0,1.0,24563.0,7117.2,24046.0,46.841,26.066666666666663,36523.6,3698.1,528.0,294.6,0.0,4109.0,1.1908427,2022
2023-01-28 23:00:00+00:00,4.8837147,89.55725625000001,0.886070621534138,0.4635502709028509,10151548.0,50.51,0.9659258262890684,-0.2588190451025207,0.0,26620.0,7117.2,44223.0,115.03999999999998,10.7,65000.99,3501.3,1244.0,57.5,0.0,11376.0,4.909135,2023
2022-07-17 19:00:00+00:00,28.601946,80.46928043999999,-0.9646141756912436,-0.2636654927280072,7037432.0,98.0,0.2588190451025203,-0.9659258262890684,0.0,30046.0,7117.2,24300.0,44.74,27.5,40400.45,5040.4,556.0,1668.0,440217.4,5647.0,1.552344,2022
2022-12-18 03:00:00+00:00,9.845883,80.46928043999999,0.9750645322571948,-0.2219215130041658,6191200.0,114.0,0.7071067811865476,0.7071067811865476,0.0,19195.0,7117.2,41185.0,65.12181818181817,12.7,56746.53,2113.4,944.0,12.6,0.0,6220.0,3.0488935,2022
2022-12-10 00:00:00+00:00,11.840865,80.46928043999999,0.935367949313148,-0.3536761221763721,5758229.0,134.5,1.0,0.0,0.0,22654.0,7117.2,40725.0,40.11545454545455,12.5,60362.37,4407.2,812.0,0.0,0.0,12006.0,4.5763307,2022
2022-10-27 02:00:00+00:00,18.8279,80.46928043999999,0.436651231956063,-0.8996308696522438,4884752.0,50.0,0.8660254037844387,0.4999999999999999,1.0,20830.0,5066.1,30305.0,33.39272727272727,22.7,27179.63,1050.5,636.0,40.7,0.0,12359.0,4.6410975,2022
2022-11-24 01:00:00+00:00,13.160498,80.46928043999999,0.8039279618328213,-0.5947266869607633,5454445.0,66.58,0.9659258262890684,0.2588190451025207,1.0,22202.0,6071.9,34069.0,74.2890909090909,17.233333333333334,41243.17,2980.8,1104.0,1.8,0.0,8256.0,4.0975246,2022
2023-02-26 13:00:00+00:00,10.188465,89.55725625000001,0.5560174366570445,0.831170626365808,9817436.0,49.7,-0.9659258262890684,-0.2588190451025203,0.0,26180.0,6121.4,38865.0,93.22454545454544,11.3,29229.31,4832.4,760.0,10929.3,2014075.9,15552.0,5.4233136,2023
2022-07-25 05:00:00+00:00,21.854158,80.46928043999999,-0.9192859697186104,-0.3935902766564669,6608574.0,129.8,0.2588190451025207,0.9659258262890684,1.0,26666.0,7117.2,24992.0,46.22818181818182,27.3,38969.73,3728.9,548.0,217.0,2948.5464,3835.0,2.1264877,2022
2022-10-23 02:00:00+00:00,18.386864,80.46928043999999,0.3737197147904684,-0.9275416835791968,4759479.0,40.12,0.8660254037844387,0.4999999999999999,0.0,18132.0,5066.1,31190.0,34.84909090909091,23.0,24755.78,-66.0,712.0,13.8,0.0,14211.0,7.638291,2022
2022-10-23 23:00:00+00:00,17.768291,80.46928043999999,0.3737197147904684,-0.9275416835791968,4759479.0,40.12,0.9659258262890684,-0.2588190451025207,1.0,20161.0,5066.1,32105.0,34.5,23.0,23778.27,2051.9,808.0,1.8,0.0,8471.0,5.2893963,2022
2022-07-19 18:00:00+00:00,27.235794,80.46928043999999,-0.9549667548552552,-0.2967128192734901,6828082.0,112.0,-1.8369701987210292e-16,-1.0,1.0,34679.0,7117.2,24490.0,46.693636363636365,27.366666666666664,45957.25,5186.2,564.0,5439.4,1030029.75,6591.0,1.2846977,2022
2022-08-08 00:00:00+00:00,22.613815,80.46928043999999,-0.798779372886365,-0.6016240632249223,6132407.0,125.0,1.0,0.0,1.0,23303.0,7117.2,25289.0,47.06363636363636,27.53333333333333,29957.07,4511.9,492.0,495.3,0.0,6188.0,0.6572565,2022
2023-01-18 23:00:00+00:00,6.051879,89.55725625000001,0.9523775757303976,0.304921224656289,9606485.0,52.0,0.9659258262890684,-0.2588190451025207,1.0,27536.0,7117.2,42520.0,254.7325,11.6,62542.29,4210.5,1256.0,0.3,0.0,13619.0,8.406017,2023
2022-10-28 11:00:00+00:00,21.61682,80.46928043999999,0.4520722039323045,-0.8919813464595484,4884752.0,48.94,-0.9659258262890682,0.258819045102521,1.0,28718.0,5066.1,30305.0,32.56454545454545,22.65,36618.3,2606.0,728.0,8449.4,1595166.4,8857.0,3.6477556,2022
2022-12-10 04:00:00+00:00,10.948051,80.46928043999999,0.935367949313148,-0.3536761221763721,5758229.0,134.5,0.5000000000000001,0.8660254037844386,0.0,20242.0,7117.2,40725.0,40.11545454545455,12.5,54612.98,3326.4,756.0,0.0,0.0,12585.0,5.23459,2022
2023-02-23 02:00:00+00:00,8.969413,89.55725625000001,0.5981809144059164,0.8013610881746766,9817436.0,49.89,0.8660254037844387,0.4999999999999999,1.0,22669.0,6121.4,41815.0,82.59181818181818,12.8,49179.77,2089.3,852.0,107.5,0.0,4313.0,2.3221676,2023
2022-09-07 08:00:00+00:00,21.063452,80.46928043999999,-0.3975428142825566,-0.9175836260593934,5498074.0,130.0,-0.4999999999999998,0.8660254037844387,1.0,29877.0,7117.2,25596.0,38.89454545454545,24.5,42963.81,4850.3,488.0,7646.3,804017.8,4235.0,1.9763085,2022
2023-01-29 12:00:00+00:00,7.7019444,89.55725625000001,0.8779600847008882,0.4787338401157884,10151548.0,56.45,-1.0,1.2246467991473532e-16,0.0,27539.0,7117.2,44320.0,115.03999999999998,10.7,59945.01,2616.7,1092.0,10380.0,1574878.9,7803.0,4.59391,2023
2022-11-24 08:00:00+00:00,13.165257,80.46928043999999,0.8039279618328213,-0.5947266869607633,5454445.0,66.58,-0.4999999999999998,0.8660254037844387,1.0,30077.0,6071.9,34069.0,74.2890909090909,17.233333333333334,55281.13,3392.9,1088.0,1395.5,118473.445,7669.0,3.2349658,2022
2022-10-22 07:00:00+00:00,16.932169,80.46928043999999,0.3576982388331254,-0.9338372288229252,4759479.0,44.8,-0.2588190451025208,0.9659258262890684,0.0,23723.0,5066.1,31120.0,35.26636363636364,22.9,36754.78,527.9000000000001,640.0,1048.3,50161.504,8443.0,5.0488114,2022
2022-08-14 14:00:00+00:00,27.99415,80.46928043999999,-0.7324940716135788,-0.6807734094770164,6132407.0,149.95,-0.8660254037844386,-0.5000000000000001,0.0,26375.0,7117.2,26011.0,46.17818181818182,27.03333333333333,28263.58,2251.3,520.0,12193.0,2906862.8,6642.0,3.5931728,2022
2022-10-07 11:00:00+00:00,21.384811,80.46928043999999,0.1073813466641621,-0.994217906893952,4808909.0,102.0,-0.9659258262890682,0.258819045102521,1.0,29295.0,6111.4,28010.0,34.44090909090908,22.133333333333336,41446.09,4971.7,352.0,10454.8,1843956.4,2381.0,2.4424663,2022
2022-12-20 23:00:00+00:00,12.927692,80.46928043999999,0.9821256058680004,-0.1882267098432448,7263299.0,99.9,0.9659258262890684,-0.2588190451025207,1.0,25463.0,7117.2,41300.0,47.775454545454544,11.7,49902.29,3918.9,1088.0,0.0,0.0,12443.0,5.786046,2022
2022-11-24 12:00:00+00:00,15.555712,80.46928043999999,0.8039279618328213,-0.5947266869607633,5454445.0,66.58,-1.0,1.2246467991473532e-16,1.0,30092.0,6071.9,34069.0,74.2890909090909,17.233333333333334,46975.86,4179.700000000001,1056.0,5135.7,1127473.0,8647.0,4.292662,2022
2022-08-05 14:00:00+00:00,28.979296,80.46928043999999,-0.8287700871745037,-0.5595892624101767,6357621.0,129.99,-0.8660254037844386,-0.5000000000000001,1.0,33643.0,7117.2,26306.0,44.653636363636366,27.53333333333333,35705.83,5400.4,560.0,12375.3,2944270.5,6405.0,1.329246,2022
2023-02-21 05:00:00+00:00,10.151093,89.55725625000001,0.6254105729852463,0.7802958510707755,9817436.0,49.52,0.2588190451025207,0.9659258262890684,1.0,24186.0,7117.2,41375.0,79.73272727272727,12.4,53826.18,4168.9,832.0,0.0,0.0,3518.0,1.2839736,2023
2022-08-20 00:00:00+00:00,21.232832,80.46928043999999,-0.6584015846980489,-0.7526668275320083,5982421.0,160.0,1.0,0.0,0.0,22546.0,7117.2,25033.0,45.440000000000005,24.2,31864.55,3972.3,560.0,424.4,0.0,6137.0,2.3228621,2022
2022-07-19 14:00:00+00:00,28.435469,80.46928043999999,-0.9549667548552552,-0.2967128192734901,6828082.0,112.0,-0.8660254037844386,-0.5000000000000001,1.0,36359.0,7117.2,24490.0,46.693636363636365,27.366666666666664,42641.62,5104.9,576.0,12144.6,3111802.5,7071.0,1.5443726,2022
2022-10-18 05:00:00+00:00,17.912073,80.46928043999999,0.2926003356333479,-0.9562348265919058,4759479.0,50.0,0.2588190451025207,0.9659258262890684,1.0,25672.0,5066.1,29189.0,34.74727272727273,23.5,43301.6,1052.6999999999998,436.0,37.2,0.0,9639.0,4.6635294,2022
2022-07-27 02:00:00+00:00,20.968807,80.46928043999999,-0.9051931898913976,-0.4250003399695539,6608574.0,133.0,0.8660254037844387,0.4999999999999999,1.0,25478.0,7117.2,25620.0,45.73454545454545,25.933333333333334,34497.0,3244.4,520.0,495.0,0.0,7551.0,3.166732,2022
2022-10-23 13:00:00+00:00,21.196297,80.46928043999999,0.3737197147904684,-0.9275416835791968,4759479.0,40.12,-0.9659258262890684,-0.2588190451025203,0.0,22355.0,5066.1,32105.0,34.84909090909091,23.0,20172.6,424.3000000000002,804.0,6965.6,1750677.1,14486.0,7.2943416,2022
2023-01-08 08:00:00+00:00,12.302307,89.55725625000001,0.9905324521322229,0.1372787721132647,8688669.0,61.89,-0.4999999999999998,0.8660254037844387,0.0,21897.0,7117.2,40837.0,38.42363636363636,10.25,36516.75,448.8000000000002,960.0,268.2,31761.36,13903.0,8.65326,2023
2022-07-04 06:00:00+00:00,19.512035,80.46928043999999,-0.99907411510223,-0.0430222330045303,7194500.0,133.79,6.123233995736766e-17,1.0,1.0,28011.0,7117.2,28380.0,44.396,24.5,42798.63,4876.2,732.0,2546.5,221512.17,5065.0,1.0490612,2022
2022-12-09 04:00:00+00:00,12.587832,80.46928043999999,0.9291414114031744,-0.3697245428906732,5758229.0,135.0,0.5000000000000001,0.8660254037844386,1.0,20056.0,7117.2,40950.0,36.96818181818182,12.5,57254.14,597.0,852.0,0.0,0.0,7778.0,5.335351,2022
2022-08-05 05:00:00+00:00,21.349628,80.46928043999999,-0.8287700871745037,-0.5595892624101767,6357621.0,129.99,0.2588190451025207,0.9659258262890684,1.0,26882.0,7117.2,26306.0,44.653636363636366,27.53333333333333,37649.22,4344.0,500.0,270.4,652.4948,7677.0,2.3422995,2022
2022-12-21 11:00:00+00:00,14.594817,80.46928043999999,0.9852201067560606,-0.1712931441814778,7263299.0,87.97,-0.9659258262890682,0.258819045102521,1.0,31238.0,7117.2,41300.0,47.775454545454544,11.7,50454.51,4319.5,1044.0,4554.7,928995.25,14041.0,5.7397285,2022
2023-01-18 12:00:00+00:00,8.019556,89.55725625000001,0.9523775757303976,0.304921224656289,9606485.0,52.0,-1.0,1.2246467991473532e-16,1.0,33627.0,7117.2,43670.0,290.69416666666666,12.3,61977.31,2628.1000000000004,1244.0,9153.9,1428241.9,16055.0,9.295826,2023
2022-07-19 00:00:00+00:00,23.180964,80.46928043999999,-0.9549667548552552,-0.2967128192734901,6828082.0,112.0,1.0,0.0,1.0,27505.0,7117.2,24490.0,46.693636363636365,27.366666666666664,36249.89,3561.5,528.0,506.1,0.0,7344.0,1.1589972,2022
2023-02-23 01:00:00+00:00,9.27811,89.55725625000001,0.5981809144059164,0.8013610881746766,9817436.0,49.89,0.9659258262890684,0.2588190451025207,1.0,23159.0,6121.4,41815.0,82.59181818181818,12.8,51715.75,2447.3,888.0,106.9,0.0,3907.0,2.3410966,2023
2023-01-15 20:00:00+00:00,9.502061,89.55725625000001,0.9668478136052776,0.255353295116187,9141747.0,63.97,0.5000000000000001,-0.8660254037844386,0.0,30054.0,7117.2,43665.0,56.00727272727273,13.2,43579.21,4130.4,1308.0,19.5,0.0,13952.0,6.4836054,2023
2023-02-01 12:00:00+00:00,10.786172,89.55725625000001,0.8520775211013093,0.5234156073655503,10162057.0,58.95,-1.0,1.2246467991473532e-16,1.0,33344.0,7117.2,44660.0,98.43363636363635,10.8,55890.27,4999.3,1004.0,10977.8,1769600.2,7543.0,2.1003153,2023
2022-07-17 02:00:00+00:00,23.039164,80.46928043999999,-0.9646141756912436,-0.2636654927280072,7037432.0,98.0,0.8660254037844387,0.4999999999999999,0.0,23369.0,7117.2,24300.0,44.74,27.5,29625.21,4151.0,520.0,254.0,0.0,4465.0,1.8994089,2022
2022-08-14 09:00:00+00:00,24.426073,80.46928043999999,-0.7324940716135788,-0.6807734094770164,6132407.0,149.95,-0.7071067811865475,0.7071067811865476,0.0,24119.0,7117.2,26011.0,46.17818181818182,27.03333333333333,32333.57,3452.0,552.0,10585.0,1708883.6,2909.0,2.220062,2022
2022-09-13 23:00:00+00:00,21.328299,80.46928043999999,-0.300819807635668,-0.9536809966304456,5329748.0,144.0,0.9659258262890684,-0.2588190451025207,1.0,24622.0,7117.2,26716.0,41.776363636363634,24.85,36700.04,1542.1,504.0,41.2,0.0,7657.0,4.3985205,2022
2022-08-20 02:00:00+00:00,20.264158,80.46928043999999,-0.6584015846980489,-0.7526668275320083,5982421.0,160.0,0.8660254037844387,0.4999999999999999,0.0,21165.0,7117.2,25156.0,45.440000000000005,24.2,28937.78,3758.6,544.0,392.7,0.0,5361.0,2.2870955,2022
2022-11-18 17:00:00+00:00,12.591207,80.46928043999999,0.7383263540031063,-0.6744436188329457,5211425.0,52.5,-0.2588190451025206,-0.9659258262890684,1.0,30101.0,6071.9,32039.0,33.452727272727266,18.5,54024.5,3831.2,788.0,301.2,109784.58,11960.0,6.857399,2022
2022-10-22 10:00:00+00:00,19.847086,80.46928043999999,0.3576982388331254,-0.9338372288229252,4759479.0,44.8,-0.8660254037844387,0.4999999999999999,0.0,24959.0,5066.1,31190.0,35.26636363636364,22.9,36277.2,915.2999999999992,624.0,7161.9,1208435.0,10172.0,5.5769777,2022
2023-01-15 13:00:00+00:00,11.888823,89.55725625000001,0.9668478136052776,0.255353295116187,9141747.0,63.97,-0.9659258262890684,-0.2588190451025203,0.0,26244.0,7117.2,40752.0,56.00727272727273,13.2,33327.29,2387.4,1100.0,5670.9,1398554.1,12552.0,6.4359803,2023
2022-11-04 13:00:00+00:00,16.992317,80.46928043999999,0.5560174366570438,-0.8311706263658084,5045030.0,52.0,-0.9659258262890684,-0.2588190451025203,1.0,28135.0,6071.9,30065.0,33.776363636363634,21.5,40025.49,5307.1,668.0,8821.2,1623247.1,11159.0,6.5640206,2022
2022-10-18 17:00:00+00:00,22.714039,80.46928043999999,0.2926003356333479,-0.9562348265919058,4759479.0,50.0,-0.2588190451025206,-0.9659258262890684,1.0,28833.0,5066.1,29189.0,34.74727272727273,23.5,47160.19,2909.8,464.0,1438.3,356124.16,10391.0,3.9152398,2022
2022-08-24 21:00:00+00:00,23.851273,80.46928043999999,-0.6050560696488494,-0.7961828637826154,5812377.0,225.0,0.7071067811865474,-0.7071067811865477,1.0,28531.0,7117.2,23816.0,45.233,26.100000000000005,44965.53,4900.2,568.0,463.3,0.0,4392.0,0.91497195,2022
2022-10-23 20:00:00+00:00,18.722424,80.46928043999999,0.3737197147904684,-0.9275416835791968,4759479.0,40.12,0.5000000000000001,-0.8660254037844386,0.0,24227.0,5066.1,32105.0,34.84909090909091,23.0,27003.94,3321.8,876.0,28.1,0.0,9825.0,5.1183233,2022
2022-11-24 10:00:00+00:00,14.597482,80.46928043999999,0.8039279618328213,-0.5947266869607633,5454445.0,66.58,-0.8660254037844387,0.4999999999999999,1.0,29912.0,6071.9,34069.0,74.2890909090909,17.233333333333334,50995.37,3897.2,1048.0,4238.6,772573.94,7858.0,3.6197731,2022
2022-07-21 19:00:00+00:00,27.727413,80.46928043999999,-0.9441875088341996,-0.3294084822245298,6828082.0,114.95,0.2588190451025203,-0.9659258262890684,1.0,33929.0,7117.2,27255.0,48.78272727272727,27.433333333333334,45876.07,5981.6,608.0,1629.6,409534.62,7489.0,1.0472656,2022
2022-10-28 01:00:00+00:00,18.672981,80.46928043999999,0.4520722039323045,-0.8919813464595484,4884752.0,48.94,0.9659258262890684,0.2588190451025207,1.0,20970.0,5066.1,30305.0,32.56454545454545,22.65,28167.43,1220.0,600.0,41.5,0.0,11023.0,3.364056,2022
2022-07-15 07:00:00+00:00,23.982096,80.46928043999999,-0.973118337233262,-0.2303056702306119,7037432.0,146.0,-0.2588190451025208,0.9659258262890684,1.0,32345.0,7117.2,25950.0,43.41363636363637,27.23333333333333,38850.0,4876.7,624.0,6585.3,746741.94,4844.0,2.2882395,2022
2023-01-31 14:00:00+00:00,11.676468,89.55725625000001,0.8609610158889943,0.5086709438521044,10162057.0,55.0,-0.8660254037844386,-0.5000000000000001,1.0,32667.0,7117.2,44830.0,99.3681818181818,10.5,59121.95,6026.8,1072.0,11359.2,1777300.9,6780.0,2.2978604,2023
2022-06-29 22:00:00+00:00,19.588497,80.46928043999999,-0.99907411510223,0.0430222330045305,7335369.0,115.87,0.8660254037844384,-0.5000000000000004,1.0,26230.0,7117.2,29400.0,42.42100000000001,23.6,42276.99,2358.6,656.0,664.8,0.0,7714.0,2.3163388,2022
2022-10-23 03:00:00+00:00,18.30535,80.46928043999999,0.3737197147904684,-0.9275416835791968,4759479.0,40.12,0.7071067811865476,0.7071067811865476,0.0,18001.0,5066.1,32093.0,34.84909090909091,23.0,24231.45,-135.0,684.0,6.7,0.0,14145.0,7.6983185,2022
2022-10-22 11:00:00+00:00,20.594328,80.46928043999999,0.3576982388331254,-0.9338372288229252,4759479.0,44.8,-0.9659258262890682,0.258819045102521,0.0,25323.0,5066.1,31190.0,35.26636363636364,22.9,36050.02,760.2000000000007,696.0,7785.2,1545772.6,11219.0,5.9832354,2022
2022-12-13 03:00:00+00:00,14.7279215,80.46928043999999,0.9523775757303972,-0.3049212246562894,6191200.0,123.04,0.7071067811865476,0.7071067811865476,1.0,21658.0,7117.2,41300.0,47.86636363636364,12.3,55511.44,1435.6999999999998,1084.0,0.0,0.0,16089.0,8.906733,2022
2022-10-27 16:00:00+00:00,23.015396,80.46928043999999,0.436651231956063,-0.8996308696522438,4884752.0,50.0,-0.5000000000000004,-0.8660254037844385,1.0,28272.0,5066.1,30305.0,33.39272727272727,22.7,40111.58,2740.4,664.0,3098.2,770978.7,12283.0,4.394958,2022
2022-12-13 06:00:00+00:00,14.6571665,80.46928043999999,0.9523775757303972,-0.3049212246562894,6191200.0,123.04,6.123233995736766e-17,1.0,1.0,28143.0,7117.2,41300.0,47.86636363636364,12.3,69774.91,2389.8,1128.0,0.0,0.0,13264.0,8.193199,2022
2022-10-18 16:00:00+00:00,23.658314,80.46928043999999,0.2926003356333479,-0.9562348265919058,4759479.0,50.0,-0.5000000000000004,-0.8660254037844385,1.0,28516.0,5066.1,29189.0,34.74727272727273,23.5,42566.36,2450.2,376.0,4624.0,879199.3,11032.0,4.1121264,2022
2022-08-08 01:00:00+00:00,22.139399,80.46928043999999,-0.798779372886365,-0.6016240632249223,6132407.0,125.0,0.9659258262890684,0.2588190451025207,1.0,22494.0,7117.2,26099.0,47.06363636363636,27.53333333333333,28296.0,4378.3,504.0,492.3,0.0,5782.0,0.8547211,2022
2022-10-23 19:00:00+00:00,19.108952,80.46928043999999,0.3737197147904684,-0.9275416835791968,4759479.0,40.12,0.2588190451025203,-0.9659258262890684,0.0,25515.0,5066.1,32105.0,34.84909090909091,23.0,28619.92,3328.6000000000004,868.0,43.0,0.0,10376.0,5.174853,2022
2023-01-29 19:00:00+00:00,6.4359517,89.55725625000001,0.8779600847008882,0.4787338401157884,10151548.0,56.45,0.2588190451025203,-0.9659258262890684,0.0,33190.0,7117.2,44320.0,115.03999999999998,10.7,67617.87,5701.8,1240.0,64.7,0.0,7341.0,4.5799646,2023
2022-07-21 00:00:00+00:00,22.895,80.46928043999999,-0.9441875088341996,-0.3294084822245298,6828082.0,114.95,1.0,0.0,1.0,26977.0,7117.2,28170.0,48.78272727272727,27.433333333333334,39617.56,4170.0,548.0,583.8,0.0,7151.0,3.0997636,2022
2022-10-28 15:00:00+00:00,22.72775,80.46928043999999,0.4520722039323045,-0.8919813464595484,4884752.0,48.94,-0.7071067811865477,-0.7071067811865475,1.0,27287.0,5066.1,30305.0,32.56454545454545,22.65,38303.59,3141.2000000000003,740.0,6092.8,1132892.5,9965.0,4.059907,2022
2022-08-09 20:00:00+00:00,26.103065,80.46928043999999,-0.7883050558305256,-0.6152845999633274,6132407.0,131.51,0.5000000000000001,-0.8660254037844386,1.0,30886.0,7117.2,26888.0,47.87363636363636,27.73333333333333,38124.71,6100.4,640.0,508.7,16542.107,7421.0,2.0641825,2022
2022-12-10 19:00:00+00:00,9.946162,80.46928043999999,0.935367949313148,-0.3536761221763721,5758229.0,134.5,0.2588190451025203,-0.9659258262890684,0.0,28740.0,7117.2,40725.0,40.11545454545455,12.5,64467.4,6286.9,964.0,15.0,0.0,6461.0,3.9855216,2022
2022-08-25 13:00:00+00:00,27.093443,80.46928043999999,-0.5912614448635782,-0.8064799463209447,5812377.0,206.98,-0.9659258262890684,-0.2588190451025203,1.0,32004.0,7117.2,24046.0,46.841,26.066666666666663,41327.84,4670.8,524.0,12375.9,2764205.8,5165.0,1.6688595,2022
2022-08-05 08:00:00+00:00,24.00334,80.46928043999999,-0.8287700871745037,-0.5595892624101767,6357621.0,129.99,-0.4999999999999998,0.8660254037844387,1.0,31371.0,7117.2,26306.0,44.653636363636366,27.53333333333333,40052.74,5395.8,596.0,9267.9,1117618.1,6183.0,2.3102832,2022
2023-02-01 19:00:00+00:00,8.885943,89.55725625000001,0.8520775211013093,0.5234156073655503,10162057.0,58.95,0.2588190451025203,-0.9659258262890684,1.0,37960.0,7117.2,45030.0,98.43363636363635,10.8,61974.38,7508.3,1224.0,196.7,0.2225534,8334.0,2.680079,2023
2022-08-20 07:00:00+00:00,20.839,80.46928043999999,-0.6584015846980489,-0.7526668275320083,5982421.0,160.0,-0.2588190451025208,0.9659258262890684,0.0,22791.0,7117.2,25156.0,45.440000000000005,24.2,32330.4,3975.7,580.0,5660.9,480167.56,2989.0,1.9824145,2022
2022-09-03 00:00:00+00:00,20.464115,80.46928043999999,-0.4597327394521046,-0.888057322629493,5643916.0,185.0,1.0,0.0,0.0,23573.0,7117.2,22401.0,39.231,24.9,34620.47,3278.4,452.0,165.7,0.0,5346.0,3.1276267,2022
2022-11-18 20:00:00+00:00,11.430993,80.46928043999999,0.7383263540031063,-0.6744436188329457,5211425.0,52.5,0.5000000000000001,-0.8660254037844386,1.0,30268.0,6071.9,32039.0,33.452727272727266,18.5,50353.36,4247.6,840.0,46.6,0.0,12875.0,7.087445,2022
2022-08-14 07:00:00+00:00,21.760864,80.46928043999999,-0.7324940716135788,-0.6807734094770164,6132407.0,149.95,-0.2588190451025208,0.9659258262890684,0.0,21807.0,7117.2,26011.0,46.17818181818182,27.03333333333333,30546.25,3276.4,604.0,4736.9,452646.06,3010.0,1.9474046,2022
2022-08-20 03:00:00+00:00,19.83329,80.46928043999999,-0.6584015846980489,-0.7526668275320083,5982421.0,160.0,0.7071067811865476,0.7071067811865476,0.0,20773.0,7117.2,25156.0,45.440000000000005,24.2,29449.75,3754.1,544.0,381.9,0.0,4970.0,2.2913685,2022
2022-07-15 14:00:00+00:00,31.122797,80.46928043999999,-0.973118337233262,-0.2303056702306119,7037432.0,146.0,-0.8660254037844386,-0.5000000000000001,1.0,37048.0,7117.2,25950.0,43.41363636363637,27.23333333333333,36457.86,5519.5,620.0,11821.5,3207951.0,3776.0,1.4432609,2022
2022-10-24 19:00:00+00:00,18.836428,80.46928043999999,0.3896304495307877,-0.9209712877166348,4884752.0,39.0,0.2588190451025203,-0.9659258262890684,1.0,29992.0,5066.1,32105.0,34.5,23.0,38011.14,4747.6,880.0,62.7,0.0,5251.0,2.417508,2022
2023-02-21 21:00:00+00:00,11.697862,89.55725625000001,0.6254105729852463,0.7802958510707755,9817436.0,49.52,0.7071067811865474,-0.7071067811865477,1.0,30694.0,7117.2,41375.0,79.73272727272727,12.4,50834.35,5571.2,952.0,159.4,0.0,1863.0,1.6516753,2023
2022-11-28 11:00:00+00:00,12.661362,80.46928043999999,0.8429415373547827,-0.5380051715383,5768825.0,86.5,-0.9659258262890682,0.258819045102521,1.0,30802.0,7117.2,34023.0,50.22727272727273,16.233333333333334,55312.46,4494.8,900.0,9747.1,1168131.8,14893.0,6.826982,2022
2022-10-28 18:00:00+00:00,20.46085,80.46928043999999,0.4520722039323045,-0.8919813464595484,4884752.0,48.94,-1.8369701987210292e-16,-1.0,1.0,29414.0,5066.1,30305.0,32.56454545454545,22.65,44310.53,3587.2000000000003,780.0,90.5,12161.78,11347.0,4.3292046,2022
2022-10-23 07:00:00+00:00,18.27461,80.46928043999999,0.3737197147904684,-0.9275416835791968,4759479.0,40.12,-0.2588190451025208,0.9659258262890684,0.0,20224.0,5066.1,32093.0,34.84909090909091,23.0,28355.3,35.30000000000018,744.0,744.4,48792.64,13871.0,7.812729,2022
2022-09-13 13:00:00+00:00,24.197636,80.46928043999999,-0.300819807635668,-0.9536809966304456,5329748.0,144.0,-0.9659258262890684,-0.2588190451025203,1.0,31959.0,7117.2,27126.0,40.654545454545456,23.3,40145.82,1565.0999999999997,432.0,5977.4,1769692.8,12252.0,4.875999,2022
2022-10-23 05:00:00+00:00,18.270111,80.46928043999999,0.3737197147904684,-0.9275416835791968,4759479.0,40.12,0.2588190451025207,0.9659258262890684,0.0,18916.0,5066.1,32093.0,34.84909090909091,23.0,25786.8,-13.800000000000182,756.0,0.0,0.0,13909.0,7.9672155,2022
2022-10-01 01:00:00+00:00,14.124094,80.46928043999999,0.0043035382962438,-0.99999073973619,4867449.0,90.0,0.9659258262890684,0.2588190451025207,0.0,20085.0,6111.4,27590.0,42.193636363636365,20.7,22716.78,3808.3,448.0,83.7,0.0,3333.0,1.7663478,2022
2022-11-18 00:00:00+00:00,14.3631735,80.46928043999999,0.7383263540031063,-0.6744436188329457,5211425.0,52.5,1.0,0.0,1.0,22878.0,6071.9,32039.0,33.452727272727266,18.5,39510.82,3354.1,764.0,0.0,0.0,10290.0,7.2824974,2022
2022-11-07 09:00:00+00:00,14.714946,80.46928043999999,0.5981809144059166,-0.8013610881746764,5135888.0,46.88,-0.7071067811865475,0.7071067811865476,1.0,27498.0,6071.9,30805.0,34.61454545454546,20.1,39613.64,4956.2,684.0,8334.7,786279.4,5527.0,2.3092048,2022
2022-07-15 04:00:00+00:00,22.258932,80.46928043999999,-0.973118337233262,-0.2303056702306119,7037432.0,146.0,0.5000000000000001,0.8660254037844386,1.0,27037.0,7117.2,25545.0,43.41363636363637,27.23333333333333,35028.61,3752.3,524.0,159.6,0.0,6575.0,2.3967257,2022
2022-08-24 19:00:00+00:00,25.44522,80.46928043999999,-0.6050560696488494,-0.7961828637826154,5812377.0,225.0,0.2588190451025203,-0.9659258262890684,1.0,31995.0,7117.2,23816.0,45.233,26.100000000000005,45335.23,5397.9,568.0,644.4,130364.53,4499.0,0.64105844,2022
2022-07-21 05:00:00+00:00,21.13974,80.46928043999999,-0.9441875088341996,-0.3294084822245298,6828082.0,114.95,0.2588190451025207,0.9659258262890684,1.0,28702.0,7117.2,28170.0,48.78272727272727,27.433333333333334,42680.07,4246.1,528.0,398.8,4538.722,5307.0,3.5015142,2022
2023-01-08 18:00:00+00:00,13.822206,89.55725625000001,0.9905324521322229,0.1372787721132647,8688669.0,61.89,-1.8369701987210292e-16,-1.0,0.0,27121.0,7117.2,42950.0,38.42363636363636,10.25,43080.1,3230.3,1120.0,0.3,2866.3606,16058.0,10.0968485,2023
2022-12-20 20:00:00+00:00,13.309427,80.46928043999999,0.9821256058680004,-0.1882267098432448,7263299.0,99.9,0.5000000000000001,-0.8660254037844386,1.0,33077.0,7117.2,41300.0,51.14363636363637,11.633333333333336,52291.33,4812.5,1260.0,1.4,0.0,12569.0,5.7245073,2022
2022-07-25 11:00:00+00:00,28.391266,80.46928043999999,-0.9192859697186104,-0.3935902766564669,6608574.0,129.8,-0.9659258262890682,0.258819045102521,1.0,34507.0,7117.2,24992.0,46.22818181818182,27.3,38831.15,4609.3,612.0,11615.0,2864612.2,3161.0,2.282166,2022
2022-12-20 18:00:00+00:00,13.617757,80.46928043999999,0.9821256058680004,-0.1882267098432448,7263299.0,99.9,-1.8369701987210292e-16,-1.0,1.0,32847.0,7117.2,41300.0,51.14363636363637,11.633333333333336,58494.32,4965.4,1060.0,4.2,726.0964,12092.0,5.645498,2022
2022-09-13 00:00:00+00:00,22.855343,80.46928043999999,-0.300819807635668,-0.9536809966304456,5329748.0,144.0,1.0,0.0,1.0,24464.0,7117.2,28226.0,40.654545454545456,23.3,35387.47,884.5,424.0,10.9,0.0,11156.0,5.022977,2022
2023-01-15 05:00:00+00:00,9.296878,89.55725625000001,0.9668478136052776,0.255353295116187,9141747.0,63.97,0.2588190451025207,0.9659258262890684,0.0,19937.0,7117.2,40752.0,56.00727272727273,13.2,33847.26,1924.4,1080.0,0.0,0.0,10403.0,4.617351,2023
2023-01-16 08:00:00+00:00,9.302178,89.55725625000001,0.9623090774541486,0.2719581575341055,9606485.0,63.0,-0.4999999999999998,0.8660254037844387,1.0,32556.0,7117.2,43648.0,58.85090909090909,13.0,52369.67,2531.8,1284.0,587.9,39301.117,17573.0,10.045911,2023
2023-02-21 09:00:00+00:00,11.476602,89.55725625000001,0.6254105729852463,0.7802958510707755,9817436.0,49.52,-0.7071067811865475,0.7071067811865476,1.0,31548.0,7117.2,41375.0,79.73272727272727,12.4,56884.04,4706.3,916.0,5632.5,717492.3,2102.0,1.072845,2023
2023-01-29 07:00:00+00:00,3.4483855,89.55725625000001,0.8779600847008882,0.4787338401157884,10151548.0,56.45,-0.2588190451025208,0.9659258262890684,0.0,22963.0,7117.2,44320.0,115.03999999999998,10.7,64566.01,1864.4,1168.0,84.5,68.991554,9612.0,5.3265276,2023
2022-08-24 22:00:00+00:00,23.167618,80.46928043999999,-0.6050560696488494,-0.7961828637826154,5812377.0,225.0,0.8660254037844384,-0.5000000000000004,1.0,27243.0,7117.2,23816.0,46.841,26.066666666666663,40716.87,4062.9,556.0,419.5,0.0,4302.0,0.5732844,2022
2022-08-13 14:00:00+00:00,28.637226,80.46928043999999,-0.7441039398713605,-0.6680638642135336,6132407.0,150.0,-0.8660254037844386,-0.5000000000000001,0.0,29762.0,7117.2,26836.0,46.81454545454546,27.73333333333333,32005.19,3318.9,544.0,5925.1,2440677.2,8876.0,2.0053031,2022
2022-08-09 21:00:00+00:00,25.219065,80.46928043999999,-0.7883050558305256,-0.6152845999633274,6132407.0,131.51,0.7071067811865474,-0.7071067811865477,1.0,28604.0,7117.2,26888.0,47.87363636363636,27.73333333333333,39077.46,5882.8,604.0,497.6,0.0,7192.0,2.2035396,2022
2022-10-27 03:00:00+00:00,18.638548,80.46928043999999,0.436651231956063,-0.8996308696522438,4884752.0,50.0,0.7071067811865476,0.7071067811865476,1.0,20929.0,5066.1,30305.0,33.39272727272727,22.7,27982.36,1109.8000000000002,640.0,32.9,0.0,12200.0,4.608026,2022
2022-10-24 04:00:00+00:00,16.891857,80.46928043999999,0.3896304495307877,-0.9209712877166348,4884752.0,39.0,0.5000000000000001,0.8660254037844386,1.0,21192.0,5066.1,32105.0,34.5,23.0,26445.26,1915.3,792.0,0.8,0.0,6100.0,4.4973655,2022
2022-09-07 15:00:00+00:00,25.395119,80.46928043999999,-0.3975428142825566,-0.9175836260593934,5498074.0,130.0,-0.7071067811865477,-0.7071067811865475,1.0,31122.0,7117.2,26396.0,38.89454545454545,24.5,40364.08,4223.5,408.0,10099.9,2007761.1,9657.0,4.1217256,2022
2022-12-20 22:00:00+00:00,12.958279,80.46928043999999,0.9821256058680004,-0.1882267098432448,7263299.0,99.9,0.8660254037844384,-0.5000000000000004,1.0,27341.0,7117.2,41300.0,51.14363636363637,11.633333333333336,52490.58,4366.2,1144.0,0.3,0.0,13065.0,5.8366694,2022
2023-01-31 03:00:00+00:00,4.7121773,89.55725625000001,0.8609610158889943,0.5086709438521044,10162057.0,55.0,0.7071067811865476,0.7071067811865476,1.0,23940.0,7117.2,43870.0,99.3681818181818,10.5,57268.42,4617.3,1032.0,31.0,0.0,8023.0,2.0013812,2023
2022-10-22 16:00:00+00:00,20.940147,80.46928043999999,0.3576982388331254,-0.9338372288229252,4759479.0,44.8,-0.5000000000000004,-0.8660254037844385,0.0,23292.0,5066.1,31190.0,35.26636363636364,22.9,35727.14,541.5,592.0,2942.9,713818.3,13211.0,5.683827,2022
2022-12-21 21:00:00+00:00,13.645737,80.46928043999999,0.9852201067560606,-0.1712931441814778,7263299.0,87.97,0.7071067811865474,-0.7071067811865477,1.0,30340.0,7117.2,41300.0,47.775454545454544,11.7,43811.2,5498.7,1164.0,0.5,0.0,12830.0,5.531794,2022
2023-01-08 14:00:00+00:00,14.515924,89.55725625000001,0.9905324521322229,0.1372787721132647,8688669.0,61.89,-0.8660254037844386,-0.5000000000000001,0.0,24904.0,7117.2,41717.0,38.42363636363636,10.25,35019.84,1702.0,1020.0,2444.2,746184.44,16981.0,10.358829,2023
2022-08-08 08:00:00+00:00,24.0007,80.46928043999999,-0.798779372886365,-0.6016240632249223,6132407.0,125.0,-0.4999999999999998,0.8660254037844387,1.0,30146.0,7117.2,26099.0,47.06363636363636,27.53333333333333,35852.42,5226.0,588.0,9287.8,1210130.1,2236.0,1.2321674,2022
2023-02-23 20:00:00+00:00,8.715805,89.55725625000001,0.5981809144059164,0.8013610881746766,9817436.0,49.89,0.5000000000000001,-0.8660254037844386,1.0,34678.0,6121.4,41815.0,82.59181818181818,12.8,52004.74,6286.1,1024.0,265.3,0.0,7763.0,1.334527,2023
2022-07-04 17:00:00+00:00,26.475096,80.46928043999999,-0.99907411510223,-0.0430222330045303,7194500.0,133.79,-0.2588190451025206,-0.9659258262890684,1.0,31953.0,7117.2,28380.0,44.396,24.5,44053.48,5487.7,580.0,8835.8,1644201.6,7220.0,1.630095,2022
2023-01-08 15:00:00+00:00,14.458949,89.55725625000001,0.9905324521322229,0.1372787721132647,8688669.0,61.89,-0.7071067811865477,-0.7071067811865475,0.0,24256.0,7117.2,41717.0,38.42363636363636,10.25,34721.84,1841.1000000000004,1012.0,1787.3,566816.94,17071.0,10.391437,2023
2023-02-26 15:00:00+00:00,10.553572,89.55725625000001,0.5560174366570445,0.831170626365808,9817436.0,49.7,-0.7071067811865477,-0.7071067811865475,0.0,24707.0,6121.4,38865.0,93.22454545454544,11.3,30620.9,4665.7,740.0,10050.8,1587674.8,16121.0,5.836961,2023
2022-10-01 19:00:00+00:00,19.33045,80.46928043999999,0.0043035382962438,-0.99999073973619,4867449.0,90.0,0.2588190451025203,-0.9659258262890684,0.0,26049.0,6111.4,27745.0,42.193636363636365,20.7,33644.57,5586.8,584.0,375.0,1577.0134,2166.0,0.878836,2022
2022-11-28 01:00:00+00:00,11.184353,80.46928043999999,0.8429415373547827,-0.5380051715383,5768825.0,86.5,0.9659258262890684,0.2588190451025207,1.0,20281.0,6071.9,33113.0,50.22727272727273,16.233333333333334,43566.32,2170.4,932.0,26.6,0.0,10534.0,3.9644382,2022
2022-10-22 04:00:00+00:00,17.018206,80.46928043999999,0.3576982388331254,-0.9338372288229252,4759479.0,44.8,0.5000000000000001,0.8660254037844386,0.0,20339.0,5066.1,31120.0,35.26636363636364,22.9,30470.38,318.8000000000002,640.0,0.0,0.0,7825.0,4.768568,2022
2023-02-26 18:00:00+00:00,9.225038,89.55725625000001,0.5560174366570445,0.831170626365808,9817436.0,49.7,-1.8369701987210292e-16,-1.0,0.0,28053.0,6121.4,38865.0,93.22454545454544,11.3,48442.06,5177.5,860.0,352.2,178246.08,16604.0,5.703908,2023
2022-10-18 04:00:00+00:00,18.011711,80.46928043999999,0.2926003356333479,-0.9562348265919058,4759479.0,50.0,0.5000000000000001,0.8660254037844386,1.0,22132.0,5066.1,29189.0,34.74727272727273,23.5,37687.44,890.9000000000001,332.0,48.1,0.0,9303.0,4.50711,2022
2022-09-13 15:00:00+00:00,24.17467,80.46928043999999,-0.300819807635668,-0.9536809966304456,5329748.0,144.0,-0.7071067811865477,-0.7071067811865475,1.0,31714.0,7117.2,27126.0,40.654545454545456,23.3,40938.91,2049.1000000000004,436.0,5289.4,1396135.2,10889.0,4.3011684,2022
2022-07-25 10:00:00+00:00,27.506762,80.46928043999999,-0.9192859697186104,-0.3935902766564669,6608574.0,129.8,-0.8660254037844387,0.4999999999999999,1.0,33410.0,7117.2,24992.0,46.22818181818182,27.3,39752.54,4913.1,636.0,11082.5,2429553.5,2822.0,1.7880949,2022
2022-08-05 06:00:00+00:00,21.48984,80.46928043999999,-0.8287700871745037,-0.5595892624101767,6357621.0,129.99,6.123233995736766e-17,1.0,1.0,28068.0,7117.2,26306.0,44.653636363636366,27.53333333333333,39781.93,4763.6,516.0,1716.6,101616.9,7204.0,2.3178072,2022
2023-02-01 16:00:00+00:00,11.931881,89.55725625000001,0.8520775211013093,0.5234156073655503,10162057.0,58.95,-0.5000000000000004,-0.8660254037844385,1.0,32615.0,7117.2,45030.0,98.43363636363635,10.8,56648.74,6254.9,1020.0,7239.7,1000492.8,7073.0,1.958665,2023
2022-08-14 03:00:00+00:00,21.450186,80.46928043999999,-0.7324940716135788,-0.6807734094770164,6132407.0,149.95,0.7071067811865476,0.7071067811865476,0.0,21196.0,7117.2,26011.0,46.17818181818182,27.03333333333333,27731.87,3129.5,548.0,134.5,0.0,3712.0,1.4688741,2022
2022-06-29 23:00:00+00:00,19.034044,80.46928043999999,-0.99907411510223,0.0430222330045305,7335369.0,115.87,0.9659258262890684,-0.2588190451025207,1.0,24857.0,7117.2,29400.0,42.42100000000001,23.6,38916.13,2256.2000000000003,688.0,661.9,0.0,6798.0,2.4517648,2022
2022-10-07 10:00:00+00:00,20.509748,80.46928043999999,0.1073813466641621,-0.994217906893952,4808909.0,102.0,-0.8660254037844387,0.4999999999999999,1.0,29082.0,6111.4,28010.0,34.44090909090908,22.133333333333336,42496.76,5285.2,352.0,10086.3,1513397.9,2271.0,2.649939,2022
2022-11-18 23:00:00+00:00,10.73467,80.46928043999999,0.7383263540031063,-0.6744436188329457,5211425.0,52.5,0.9659258262890684,-0.2588190451025207,0.0,23828.0,6071.9,32039.0,33.45,17.633333333333333,47580.2,3038.5,700.0,0.0,0.0,14154.0,7.665717,2022
2022-11-18 02:00:00+00:00,13.718806,80.46928043999999,0.7383263540031063,-0.6744436188329457,5211425.0,52.5,0.8660254037844387,0.4999999999999999,1.0,21307.0,6071.9,32039.0,33.452727272727266,18.5,37462.12,2686.8,752.0,0.0,0.0,8712.0,6.8391504,2022
2022-12-09 10:00:00+00:00,13.213123,80.46928043999999,0.9291414114031744,-0.3697245428906732,5758229.0,135.0,-0.8660254037844387,0.4999999999999999,1.0,29800.0,7117.2,40960.0,36.96818181818182,12.5,68906.69,5407.5,900.0,2245.3,500407.53,7046.0,4.039622,2022
2022-08-20 23:00:00+00:00,22.550886,80.46928043999999,-0.6584015846980489,-0.7526668275320083,5982421.0,160.0,0.9659258262890684,-0.2588190451025207,0.0,23002.0,7117.2,23811.0,45.40999999999999,25.066666666666663,34869.81,3064.3,568.0,468.0,0.0,3806.0,2.156197,2022
2022-11-07 08:00:00+00:00,13.273692,80.46928043999999,0.5981809144059166,-0.8013610881746764,5135888.0,46.88,-0.4999999999999998,0.8660254037844387,1.0,27320.0,6071.9,30805.0,34.61454545454546,20.1,41464.92,4702.8,704.0,5181.5,284605.16,5928.0,2.0942433,2022
2022-11-18 03:00:00+00:00,13.403879,80.46928043999999,0.7383263540031063,-0.6744436188329457,5211425.0,52.5,0.7071067811865476,0.7071067811865476,1.0,21160.0,6071.9,32039.0,33.452727272727266,18.5,36586.85,2470.3,740.0,0.0,0.0,8088.0,6.64645,2022
2022-12-20 05:00:00+00:00,12.153891,80.46928043999999,0.9821256058680004,-0.1882267098432448,7263299.0,99.9,0.2588190451025207,0.9659258262890684,1.0,23841.0,7117.2,41190.0,51.14363636363637,11.633333333333336,43348.27,533.0,808.0,4.2,0.0,10740.0,6.127627,2022
2022-07-04 21:00:00+00:00,22.764427,80.46928043999999,-0.99907411510223,-0.0430222330045303,7194500.0,133.79,0.7071067811865474,-0.7071067811865477,1.0,28369.0,7117.2,27465.0,44.396,24.5,44577.45,5774.5,708.0,594.4,268.65375,9772.0,1.7887671,2022
2022-07-04 10:00:00+00:00,24.04474,80.46928043999999,-0.99907411510223,-0.0430222330045303,7194500.0,133.79,-0.8660254037844387,0.4999999999999999,1.0,32434.0,7117.2,28380.0,44.396,24.5,43499.58,5334.4,672.0,12096.5,2457042.8,3734.0,0.38920203,2022
2022-10-07 21:00:00+00:00,18.828207,80.46928043999999,0.1073813466641621,-0.994217906893952,4808909.0,102.0,0.7071067811865474,-0.7071067811865477,1.0,24335.0,6111.4,29320.0,34.44090909090908,22.133333333333336,42828.24,5474.1,352.0,123.0,0.0,5471.0,2.877648,2022
2022-07-27 10:00:00+00:00,24.852089,80.46928043999999,-0.9051931898913976,-0.4250003399695539,6608574.0,133.0,-0.8660254037844387,0.4999999999999999,1.0,35006.0,7117.2,25615.0,45.73454545454545,25.933333333333334,40232.93,4766.9,616.0,12104.0,2405485.0,2298.0,1.4776725,2022
2022-11-07 14:00:00+00:00,19.07858,80.46928043999999,0.5981809144059166,-0.8013610881746764,5135888.0,46.88,-0.8660254037844386,-0.5000000000000001,1.0,27200.0,6071.9,30805.0,34.61454545454546,20.1,35403.51,4218.0,668.0,9849.0,1532501.4,8052.0,3.887817,2022
2022-11-04 08:00:00+00:00,13.818633,80.46928043999999,0.5560174366570438,-0.8311706263658084,5045030.0,52.0,-0.4999999999999998,0.8660254037844387,1.0,27672.0,6071.9,30065.0,33.776363636363634,21.5,44560.96,5174.6,740.0,4099.9,247949.48,8985.0,5.3577137,2022
2022-08-20 12:00:00+00:00,27.887585,80.46928043999999,-0.6584015846980489,-0.7526668275320083,5982421.0,160.0,-1.0,1.2246467991473532e-16,0.0,26760.0,7117.2,24721.0,45.440000000000005,24.2,29442.18,3554.4,584.0,13122.8,3143874.0,2232.0,0.7642091,2022
2022-12-18 05:00:00+00:00,9.678327,80.46928043999999,0.9750645322571948,-0.2219215130041658,6191200.0,114.0,0.2588190451025207,0.9659258262890684,0.0,19423.0,7117.2,41185.0,65.12181818181817,12.7,56880.91,1743.1,892.0,8.8,0.0,6510.0,3.1859689,2022
2023-02-23 04:00:00+00:00,8.361355,89.55725625000001,0.5981809144059164,0.8013610881746766,9817436.0,49.89,0.5000000000000001,0.8660254037844386,1.0,22672.0,6121.4,41815.0,82.59181818181818,12.8,49273.68,1789.6999999999998,840.0,73.4,0.0,4881.0,2.159317,2023
2022-12-21 22:00:00+00:00,13.559906,80.46928043999999,0.9852201067560606,-0.1712931441814778,7263299.0,87.97,0.8660254037844384,-0.5000000000000004,1.0,27144.0,7117.2,41300.0,47.775454545454544,11.7,45680.1,5155.3,1152.0,0.0,0.0,12504.0,5.265977,2022
2022-07-19 03:00:00+00:00,21.599615,80.46928043999999,-0.9549667548552552,-0.2967128192734901,6828082.0,112.0,0.7071067811865476,0.7071067811865476,1.0,25843.0,7117.2,24490.0,46.693636363636365,27.366666666666664,34408.56,3460.2,520.0,398.2,0.0,6278.0,0.65373075,2022
2023-02-01 14:00:00+00:00,11.917247,89.55725625000001,0.8520775211013093,0.5234156073655503,10162057.0,58.95,-0.8660254037844386,-0.5000000000000001,1.0,32373.0,7117.2,44660.0,98.43363636363635,10.8,54217.49,5271.3,1072.0,11252.9,1752784.0,7399.0,1.9054216,2023
2023-01-08 11:00:00+00:00,13.674272,89.55725625000001,0.9905324521322229,0.1372787721132647,8688669.0,61.89,-0.9659258262890682,0.258819045102521,0.0,25051.0,7117.2,40837.0,38.42363636363636,10.25,37731.09,1490.8000000000002,992.0,2196.0,651413.8,15684.0,9.555509,2023
2022-07-19 15:00:00+00:00,28.57677,80.46928043999999,-0.9549667548552552,-0.2967128192734901,6828082.0,112.0,-0.7071067811865477,-0.7071067811865475,1.0,36303.0,7117.2,24490.0,46.693636363636365,27.366666666666664,43146.16,4967.1,552.0,11552.1,2775711.0,7314.0,1.4401667,2022
2023-01-08 17:00:00+00:00,14.007959,89.55725625000001,0.9905324521322229,0.1372787721132647,8688669.0,61.89,-0.2588190451025206,-0.9659258262890684,0.0,25724.0,7117.2,42950.0,38.42363636363636,10.25,40885.83,2703.3,1084.0,89.6,91942.85,16102.0,10.267426,2023
2022-12-21 18:00:00+00:00,14.168275,80.46928043999999,0.9852201067560606,-0.1712931441814778,7263299.0,87.97,-1.8369701987210292e-16,-1.0,1.0,32608.0,7117.2,41300.0,47.775454545454544,11.7,52517.58,5586.7,1228.0,11.4,759.9881,13188.0,5.6157675,2022
2022-12-09 17:00:00+00:00,13.194938,80.46928043999999,0.9291414114031744,-0.3697245428906732,5758229.0,135.0,-0.2588190451025206,-0.9659258262890684,1.0,29929.0,7117.2,40960.0,36.96818181818182,12.5,70889.71,6278.1,936.0,5.7,59821.72,8189.0,3.734089,2022
2022-10-22 08:00:00+00:00,17.784567,80.46928043999999,0.3576982388331254,-0.9338372288229252,4759479.0,44.8,-0.4999999999999998,0.8660254037844387,0.0,24856.0,5066.1,31120.0,35.26636363636364,22.9,36982.73,869.3999999999996,636.0,3688.2,344103.47,8425.0,5.1954474,2022
2022-09-13 01:00:00+00:00,22.63653,80.46928043999999,-0.300819807635668,-0.9536809966304456,5329748.0,144.0,0.9659258262890684,0.2588190451025207,1.0,23886.0,7117.2,28226.0,40.654545454545456,23.3,33642.57,764.1000000000004,412.0,5.3,0.0,11215.0,5.221374,2022
2022-08-08 21:00:00+00:00,24.723207,80.46928043999999,-0.798779372886365,-0.6016240632249223,6132407.0,125.0,0.7071067811865474,-0.7071067811865477,1.0,28844.0,7117.2,27308.0,47.06363636363636,27.53333333333333,39136.64,5856.2,576.0,606.3,0.0,7431.0,1.1689856,2022
2022-10-07 20:00:00+00:00,19.295734,80.46928043999999,0.1073813466641621,-0.994217906893952,4808909.0,102.0,0.5000000000000001,-0.8660254037844386,1.0,26706.0,6111.4,29320.0,34.44090909090908,22.133333333333336,41072.7,5906.3,364.0,205.5,0.0,5203.0,2.9501116,2022
2022-09-03 13:00:00+00:00,25.263569,80.46928043999999,-0.4597327394521046,-0.888057322629493,5643916.0,185.0,-0.9659258262890684,-0.2588190451025203,0.0,27209.0,7117.2,22401.0,39.231,24.9,32107.16,3111.1000000000004,476.0,12462.9,2663877.0,3992.0,3.3603833,2022
2022-10-18 10:00:00+00:00,22.217285,80.46928043999999,0.2926003356333479,-0.9562348265919058,4759479.0,50.0,-0.8660254037844387,0.4999999999999999,1.0,29258.0,5066.1,29189.0,34.74727272727273,23.5,41537.83,2395.4,332.0,9955.9,1513475.1,10221.0,4.5829835,2022
2022-08-05 22:00:00+00:00,23.592947,80.46928043999999,-0.8287700871745037,-0.5595892624101767,6357621.0,129.99,0.8660254037844384,-0.5000000000000004,0.0,27159.0,7117.2,27036.0,45.45454545454545,27.33333333333333,36014.81,5340.1,564.0,553.1,0.0,10536.0,2.1868613,2022
2022-07-27 07:00:00+00:00,21.303127,80.46928043999999,-0.9051931898913976,-0.4250003399695539,6608574.0,133.0,-0.2588190451025208,0.9659258262890684,1.0,31765.0,7117.2,25620.0,45.73454545454545,25.933333333333334,42785.63,4774.4,576.0,6045.8,597346.56,3908.0,2.6871202,2022
2022-08-25 10:00:00+00:00,25.131308,80.46928043999999,-0.5912614448635782,-0.8064799463209447,5812377.0,206.98,-0.8660254037844387,0.4999999999999999,1.0,31464.0,7117.2,24046.0,46.841,26.066666666666663,43258.72,4671.3,536.0,11728.5,2085366.9,4697.0,1.0138834,2022
2022-10-07 08:00:00+00:00,17.846466,80.46928043999999,0.1073813466641621,-0.994217906893952,4808909.0,102.0,-0.4999999999999998,0.8660254037844387,1.0,28738.0,6111.4,28010.0,34.44090909090908,22.133333333333336,45549.39,5180.2,400.0,5929.9,488574.44,2365.0,2.8539968,2022
2022-10-22 19:00:00+00:00,19.21045,80.46928043999999,0.3576982388331254,-0.9338372288229252,4759479.0,44.8,0.2588190451025203,-0.9659258262890684,0.0,26190.0,5066.1,31190.0,35.26636363636364,22.9,35950.44,2148.6,740.0,58.7,0.0,13330.0,5.940851,2022
2023-01-18 19:00:00+00:00,6.919811,89.55725625000001,0.9523775757303976,0.304921224656289,9606485.0,52.0,0.2588190451025203,-0.9659258262890684,1.0,36589.0,7117.2,43670.0,290.69416666666666,12.3,67211.63,5114.0,1364.0,55.6,0.0,15187.0,8.931893,2023
2022-07-04 14:00:00+00:00,26.661976,80.46928043999999,-0.99907411510223,-0.0430222330045303,7194500.0,133.79,-0.8660254037844386,-0.5000000000000001,1.0,32431.0,7117.2,28380.0,44.396,24.5,39190.22,5222.3,624.0,11916.3,3028016.8,5063.0,1.3739668,2022
2022-10-28 00:00:00+00:00,19.038479,80.46928043999999,0.4520722039323045,-0.8919813464595484,4884752.0,48.94,1.0,0.0,1.0,21507.0,5066.1,30305.0,32.56454545454545,22.65,30849.77,1270.2999999999995,604.0,35.7,0.0,11524.0,3.6489131,2022
2023-01-31 16:00:00+00:00,11.708248,89.55725625000001,0.8609610158889943,0.5086709438521044,10162057.0,55.0,-0.5000000000000004,-0.8660254037844385,1.0,33058.0,7117.2,44830.0,99.3681818181818,10.5,61971.29,6829.4,1040.0,7099.0,977132.7,6815.0,2.476206,2023
2022-11-04 07:00:00+00:00,13.261024,80.46928043999999,0.5560174366570438,-0.8311706263658084,5045030.0,52.0,-0.2588190451025208,0.9659258262890684,1.0,26988.0,6071.9,30065.0,33.776363636363634,21.5,43852.59,4196.2,728.0,902.3,17807.992,8917.0,5.3952513,2022
2022-07-19 12:00:00+00:00,27.538034,80.46928043999999,-0.9549667548552552,-0.2967128192734901,6828082.0,112.0,-1.0,1.2246467991473532e-16,1.0,37100.0,7117.2,24490.0,46.693636363636365,27.366666666666664,43608.29,5281.2,608.0,12763.1,3215621.8,6330.0,1.5053895,2022
2022-09-07 12:00:00+00:00,24.78463,80.46928043999999,-0.3975428142825566,-0.9175836260593934,5498074.0,130.0,-1.0,1.2246467991473532e-16,1.0,31824.0,7117.2,26396.0,38.89454545454545,24.5,40738.43,4131.4,424.0,11730.6,2548258.8,7549.0,3.5648713,2022
2023-01-16 00:00:00+00:00,8.653491,89.55725625000001,0.9623090774541486,0.2719581575341055,9606485.0,63.0,1.0,0.0,1.0,22203.0,7117.2,43665.0,58.85090909090909,13.0,40067.13,1642.4,1112.0,0.0,0.0,15961.0,7.12011,2023
2022-08-14 01:00:00+00:00,22.320553,80.46928043999999,-0.7324940716135788,-0.6807734094770164,6132407.0,149.95,0.9659258262890684,0.2588190451025207,0.0,22264.0,7117.2,26011.0,46.17818181818182,27.03333333333333,28568.65,3311.9,540.0,117.9,0.0,4569.0,1.6412162,2022
2023-01-18 06:00:00+00:00,6.2868967,89.55725625000001,0.9523775757303976,0.304921224656289,9606485.0,52.0,6.123233995736766e-17,1.0,1.0,29473.0,7117.2,43670.0,290.69416666666666,12.3,66978.51,1836.4,1184.0,0.0,0.0,15760.0,10.113494,2023
2023-01-16 05:00:00+00:00,8.787411,89.55725625000001,0.9623090774541486,0.2719581575341055,9606485.0,63.0,0.2588190451025207,0.9659258262890684,1.0,23002.0,7117.2,44558.0,58.85090909090909,13.0,40822.15,470.90000000000055,1096.0,0.4,0.0,17134.0,8.773925,2023
2022-07-15 08:00:00+00:00,25.769579,80.46928043999999,-0.973118337233262,-0.2303056702306119,7037432.0,146.0,-0.4999999999999998,0.8660254037844387,1.0,34075.0,7117.2,25950.0,43.41363636363637,27.23333333333333,38245.3,5321.7,648.0,9738.1,1405695.9,4061.0,2.0559883,2022
2022-10-24 06:00:00+00:00,16.705343,80.46928043999999,0.3896304495307877,-0.9209712877166348,4884752.0,39.0,6.123233995736766e-17,1.0,1.0,27692.0,5066.1,32105.0,34.5,23.0,35248.72,3056.0,840.0,5.2,0.0,5471.0,4.3116846,2022
2023-02-23 07:00:00+00:00,7.9032617,89.55725625000001,0.5981809144059164,0.8013610881746766,9817436.0,49.89,-0.2588190451025208,0.9659258262890684,1.0,31711.0,6121.4,41815.0,82.59181818181818,12.8,60034.15,3235.1,924.0,278.8,7830.4463,5392.0,1.743388,2023
2022-07-17 08:00:00+00:00,26.036686,80.46928043999999,-0.9646141756912436,-0.2636654927280072,7037432.0,98.0,-0.4999999999999998,0.8660254037844387,0.0,25547.0,7117.2,23670.0,44.74,27.5,32569.33,4073.7,544.0,9457.3,1401243.0,2331.0,2.0416582,2022
2022-07-25 01:00:00+00:00,23.44383,80.46928043999999,-0.9192859697186104,-0.3935902766564669,6608574.0,129.8,0.9659258262890684,0.2588190451025207,1.0,24471.0,7117.2,24992.0,46.22818181818182,27.3,33560.89,3438.9,544.0,241.1,0.0,4689.0,2.1487541,2022
2022-12-09 18:00:00+00:00,12.897867,80.46928043999999,0.9291414114031744,-0.3697245428906732,5758229.0,135.0,-1.8369701987210292e-16,-1.0,1.0,30110.0,7117.2,40725.0,36.96818181818182,12.5,71574.85,6491.6,964.0,0.0,414.0129,8453.0,3.7811794,2022
2022-07-04 18:00:00+00:00,25.938013,80.46928043999999,-0.99907411510223,-0.0430222330045303,7194500.0,133.79,-1.8369701987210292e-16,-1.0,1.0,31428.0,7117.2,28380.0,44.396,24.5,43374.36,5790.9,608.0,5439.0,1030568.25,8082.0,1.6159728,2022
2022-12-13 08:00:00+00:00,14.650136,80.46928043999999,0.9523775757303972,-0.3049212246562894,6191200.0,123.04,-0.4999999999999998,0.8660254037844387,1.0,32123.0,7117.2,42100.0,47.86636363636364,12.3,74541.29,4563.0,1224.0,211.7,41572.246,12276.0,7.9592195,2022
2022-09-07 10:00:00+00:00,23.536282,80.46928043999999,-0.3975428142825566,-0.9175836260593934,5498074.0,130.0,-0.8660254037844387,0.4999999999999999,1.0,31095.0,7117.2,26396.0,38.89454545454545,24.5,42388.4,4536.1,432.0,10678.1,1943804.2,5460.0,2.6041515,2022
2023-01-31 22:00:00+00:00,6.6968484,89.55725625000001,0.8609610158889943,0.5086709438521044,10162057.0,55.0,0.8660254037844384,-0.5000000000000004,1.0,30979.0,7117.2,45280.0,99.3681818181818,10.5,61537.81,6686.4,1216.0,229.2,0.0,8056.0,2.7299392,2023
2022-10-18 23:00:00+00:00,19.680756,80.46928043999999,0.2926003356333479,-0.9562348265919058,4759479.0,50.0,0.9659258262890684,-0.2588190451025207,1.0,22228.0,5066.1,29189.0,35.49454545454545,23.6,34652.33,1218.8999999999996,448.0,54.9,0.0,9629.0,4.408502,2022
2022-12-09 21:00:00+00:00,12.370495,80.46928043999999,0.9291414114031744,-0.3697245428906732,5758229.0,135.0,0.7071067811865474,-0.7071067811865477,1.0,28194.0,7117.2,40725.0,36.96818181818182,12.5,63864.71,5787.5,1012.0,0.0,0.0,9805.0,4.160142,2022
2022-08-25 04:00:00+00:00,21.123634,80.46928043999999,-0.5912614448635782,-0.8064799463209447,5812377.0,206.98,0.5000000000000001,0.8660254037844386,1.0,24451.0,7117.2,24046.0,46.841,26.066666666666663,36745.53,3421.0,520.0,123.5,0.0,4609.0,1.6091284,2022
2023-01-28 15:00:00+00:00,8.603002,89.55725625000001,0.886070621534138,0.4635502709028509,10151548.0,50.51,-0.7071067811865477,-0.7071067811865475,0.0,28960.0,7117.2,44740.0,115.67636363636365,10.7,57313.27,3076.5,1136.0,9400.0,1188553.2,13340.0,5.8241434,2023
2022-12-21 16:00:00+00:00,15.129248,80.46928043999999,0.9852201067560606,-0.1712931441814778,7263299.0,87.97,-0.5000000000000004,-0.8660254037844385,1.0,30778.0,7117.2,41300.0,47.775454545454544,11.7,49244.62,4603.2,1124.0,1187.7,366871.28,12814.0,5.6981826,2022
2023-01-16 03:00:00+00:00,8.587142,89.55725625000001,0.9623090774541486,0.2719581575341055,9606485.0,63.0,0.7071067811865476,0.7071067811865476,1.0,20401.0,7117.2,44558.0,58.85090909090909,13.0,33972.54,430.7999999999993,1084.0,0.3,0.0,16844.0,7.7932425,2023
2022-08-24 02:00:00+00:00,22.030943,80.46928043999999,-0.6050560696488494,-0.7961828637826154,5812377.0,225.0,0.8660254037844387,0.4999999999999999,1.0,23417.0,7117.2,24710.0,45.233,26.100000000000005,34767.96,4370.0,532.0,207.8,0.0,4351.0,1.030356,2022
2022-12-09 15:00:00+00:00,13.81907,80.46928043999999,0.9291414114031744,-0.3697245428906732,5758229.0,135.0,-0.7071067811865477,-0.7071067811865475,1.0,28964.0,7117.2,40960.0,36.96818181818182,12.5,64880.52,5608.7,916.0,1589.0,561517.2,7530.0,3.7875636,2022
2022-08-08 22:00:00+00:00,23.859419,80.46928043999999,-0.798779372886365,-0.6016240632249223,6132407.0,125.0,0.8660254037844384,-0.5000000000000004,1.0,27095.0,7117.2,26778.0,47.87363636363636,27.73333333333333,34545.92,5248.1,548.0,540.9,0.0,7045.0,1.2875265,2022
2023-02-21 12:00:00+00:00,14.811055,89.55725625000001,0.6254105729852463,0.7802958510707755,9817436.0,49.52,-1.0,1.2246467991473532e-16,1.0,30283.0,7117.2,41375.0,79.73272727272727,12.4,47774.35,4668.3,852.0,9425.0,2008056.4,1733.0,1.1981759,2023
2023-01-18 05:00:00+00:00,6.5286984,89.55725625000001,0.9523775757303976,0.304921224656289,9606485.0,52.0,0.2588190451025207,0.9659258262890684,1.0,25007.0,7117.2,43670.0,290.69416666666666,12.3,60609.68,1137.0,1180.0,0.1,0.0,16065.0,10.253452,2023
2022-12-18 17:00:00+00:00,13.245532,80.46928043999999,0.9750645322571948,-0.2219215130041658,6191200.0,114.0,-0.2588190451025206,-0.9659258262890684,0.0,25758.0,7117.2,41300.0,65.12181818181817,12.7,57338.91,2776.4,1056.0,249.7,86609.07,9095.0,5.0486627,2022
2022-10-22 15:00:00+00:00,21.28702,80.46928043999999,0.3576982388331254,-0.9338372288229252,4759479.0,44.8,-0.7071067811865477,-0.7071067811865475,0.0,23189.0,5066.1,31190.0,35.26636363636364,22.9,32827.14,312.0,580.0,5292.5,1156085.1,13306.0,5.8999143,2022
2022-08-09 22:00:00+00:00,24.474972,80.46928043999999,-0.7883050558305256,-0.6152845999633274,6132407.0,131.51,0.8660254037844384,-0.5000000000000004,1.0,27359.0,7117.2,26888.0,47.76454545454544,27.73333333333333,35680.93,5472.4,584.0,294.5,0.0,6917.0,2.1794565,2022
2022-08-09 23:00:00+00:00,23.934883,80.46928043999999,-0.7883050558305256,-0.6152845999633274,6132407.0,131.51,0.9659258262890684,-0.2588190451025207,1.0,25837.0,7117.2,26888.0,47.76454545454544,27.73333333333333,32675.1,4956.8,588.0,262.1,0.0,6393.0,2.2465327,2022
2022-12-20 14:00:00+00:00,14.871859,80.46928043999999,0.9821256058680004,-0.1882267098432448,7263299.0,99.9,-0.8660254037844386,-0.5000000000000001,1.0,30478.0,7117.2,41300.0,51.14363636363637,11.633333333333336,49693.53,3710.5,984.0,3491.5,991966.2,11040.0,5.6239543,2022
2023-01-28 00:00:00+00:00,5.415886,89.55725625000001,0.886070621534138,0.4635502709028509,10151548.0,50.51,1.0,0.0,0.0,26752.0,7117.2,44740.0,115.67636363636365,10.7,60095.68,3269.7,1204.0,30.9,0.0,12503.0,5.9616704,2023
2022-07-27 00:00:00+00:00,21.997656,80.46928043999999,-0.9051931898913976,-0.4250003399695539,6608574.0,133.0,1.0,0.0,1.0,26761.0,7117.2,25620.0,45.73454545454545,25.933333333333334,37016.45,3388.9,528.0,442.2,0.0,8658.0,2.870591,2022
2022-12-13 10:00:00+00:00,15.278659,80.46928043999999,0.9523775757303972,-0.3049212246562894,6191200.0,123.04,-0.8660254037844387,0.4999999999999999,1.0,32529.0,7117.2,42100.0,47.86636363636364,12.3,72497.56,5355.1,1236.0,1254.7,443007.2,11587.0,7.6905346,2022
2022-12-13 17:00:00+00:00,15.533734,80.46928043999999,0.9523775757303972,-0.3049212246562894,6191200.0,123.04,-0.2588190451025206,-0.9659258262890684,1.0,32655.0,7117.2,42100.0,47.86636363636364,12.3,75692.07,5176.0,1220.0,6.8,38702.48,11509.0,7.756903,2022
2022-12-13 20:00:00+00:00,15.140943,80.46928043999999,0.9523775757303972,-0.3049212246562894,6191200.0,123.04,0.5000000000000001,-0.8660254037844386,1.0,33113.0,7117.2,42100.0,47.86636363636364,12.3,68985.11,5033.5,1272.0,0.0,0.0,13228.0,7.9882812,2022
2022-07-19 17:00:00+00:00,27.957743,80.46928043999999,-0.9549667548552552,-0.2967128192734901,6828082.0,112.0,-0.2588190451025206,-0.9659258262890684,1.0,35157.0,7117.2,24490.0,46.693636363636365,27.366666666666664,47122.5,4904.8,536.0,9072.4,1670856.9,7006.0,1.2798752,2022
2022-12-10 03:00:00+00:00,11.174483,80.46928043999999,0.935367949313148,-0.3536761221763721,5758229.0,134.5,0.7071067811865476,0.7071067811865476,0.0,20317.0,7117.2,40725.0,40.11545454545455,12.5,54509.28,3358.2,772.0,0.0,0.0,12833.0,5.073475,2022
2022-07-25 18:00:00+00:00,28.31538,80.46928043999999,-0.9192859697186104,-0.3935902766564669,6608574.0,129.8,-1.8369701987210292e-16,-1.0,1.0,33490.0,7117.2,24992.0,46.22818181818182,27.3,41321.2,4361.5,524.0,5060.3,989664.44,8408.0,3.8721054,2022
2022-08-09 18:00:00+00:00,28.347757,80.46928043999999,-0.7883050558305256,-0.6152845999633274,6132407.0,131.51,-1.8369701987210292e-16,-1.0,1.0,30914.0,7117.2,26888.0,47.87363636363636,27.73333333333333,38894.84,5896.3,588.0,3812.3,812659.0,6473.0,1.8386424,2022
2022-10-01 22:00:00+00:00,17.330812,80.46928043999999,0.0043035382962438,-0.99999073973619,4867449.0,90.0,0.8660254037844384,-0.5000000000000004,0.0,21157.0,6111.4,26830.0,43.32454545454546,21.0,33127.28,4489.4,504.0,171.1,0.0,2897.0,1.4897764,2022
2022-07-25 06:00:00+00:00,22.1409,80.46928043999999,-0.9192859697186104,-0.3935902766564669,6608574.0,129.8,6.123233995736766e-17,1.0,1.0,27924.0,6950.5,24992.0,46.22818181818182,27.3,41325.11,4211.5,568.0,1695.6,148518.72,3586.0,2.0980244,2022
2022-07-04 20:00:00+00:00,23.792479,80.46928043999999,-0.99907411510223,-0.0430222330045303,7194500.0,133.79,0.5000000000000001,-0.8660254037844386,1.0,30600.0,7117.2,27465.0,44.396,24.5,41715.09,5936.2,744.0,669.7,73891.07,9597.0,1.7494335,2022
2022-08-20 16:00:00+00:00,28.841284,80.46928043999999,-0.6584015846980489,-0.7526668275320083,5982421.0,160.0,-0.5000000000000004,-0.8660254037844385,0.0,25823.0,7117.2,24721.0,45.440000000000005,24.2,32103.41,3038.5,512.0,11360.5,2098092.8,3390.0,1.4910499,2022
2023-01-29 23:00:00+00:00,4.922956,89.55725625000001,0.8779600847008882,0.4787338401157884,10151548.0,56.45,0.9659258262890684,-0.2588190451025207,1.0,26272.0,7117.2,43310.0,105.43272727272728,10.6,61043.3,3621.1,1236.0,39.2,0.0,6757.0,3.9310846,2023
2022-12-21 08:00:00+00:00,12.601003,80.46928043999999,0.9852201067560606,-0.1712931441814778,7263299.0,87.97,-0.4999999999999998,0.8660254037844387,1.0,31702.0,7117.2,41300.0,47.775454545454544,11.7,54813.62,4105.6,1060.0,538.4,44205.02,12325.0,5.6411023,2022
2022-08-13 15:00:00+00:00,28.439009,80.46928043999999,-0.7441039398713605,-0.6680638642135336,6132407.0,150.0,-0.7071067811865477,-0.7071067811865475,0.0,29796.0,7117.2,26836.0,46.81454545454546,27.73333333333333,33512.63,3278.2,528.0,5284.7,2111820.0,9472.0,1.952344,2022
2022-11-07 21:00:00+00:00,15.714047,80.46928043999999,0.5981809144059166,-0.8013610881746764,5135888.0,46.88,0.7071067811865474,-0.7071067811865477,1.0,26919.0,6071.9,30805.0,34.61454545454546,20.1,35413.53,3544.4,708.0,54.5,0.0,10641.0,5.084117,2022
2023-01-08 06:00:00+00:00,12.034201,89.55725625000001,0.9905324521322229,0.1372787721132647,8688669.0,61.89,6.123233995736766e-17,1.0,0.0,19624.0,7117.2,39007.0,38.42363636363636,10.25,34006.0,414.8999999999997,932.0,0.0,0.0,13852.0,8.486442,2023
2022-08-13 04:00:00+00:00,22.729427,80.46928043999999,-0.7441039398713605,-0.6680638642135336,6132407.0,150.0,0.5000000000000001,0.8660254037844386,0.0,23059.0,7117.2,26291.0,46.81454545454546,27.73333333333333,28794.22,3990.5,552.0,21.2,0.0,2597.0,1.4182012,2022
2022-10-24 01:00:00+00:00,17.356876,80.46928043999999,0.3896304495307877,-0.9209712877166348,4884752.0,39.0,0.9659258262890684,0.2588190451025207,1.0,19035.0,5066.1,32105.0,34.5,23.0,20967.53,1714.6,788.0,3.9,0.0,7457.0,4.87161,2022
2022-08-25 23:00:00+00:00,22.241304,80.46928043999999,-0.5912614448635782,-0.8064799463209447,5812377.0,206.98,0.9659258262890684,-0.2588190451025207,1.0,25453.0,7117.2,24046.0,46.178,25.933333333333334,35761.9,3393.9,564.0,447.9,0.0,10282.0,3.2373183,2022
2022-11-28 08:00:00+00:00,10.405989,80.46928043999999,0.8429415373547827,-0.5380051715383,5768825.0,86.5,-0.4999999999999998,0.8660254037844387,1.0,30368.0,7117.2,34023.0,50.22727272727273,16.233333333333334,57788.29,4184.0,960.0,3153.6,104951.35,14196.0,5.919065,2022
2023-01-15 18:00:00+00:00,10.159014,89.55725625000001,0.9668478136052776,0.255353295116187,9141747.0,63.97,-1.8369701987210292e-16,-1.0,0.0,28345.0,7117.2,42760.0,56.00727272727273,13.2,46340.22,3907.9,1268.0,47.5,9155.0205,13277.0,6.6540427,2023
2022-12-09 00:00:00+00:00,12.7265215,80.46928043999999,0.9291414114031744,-0.3697245428906732,5758229.0,135.0,1.0,0.0,1.0,21754.0,7117.2,39270.0,36.96818181818182,12.5,58940.99,1217.4,864.0,0.0,0.0,9292.0,5.359101,2022
2023-01-16 18:00:00+00:00,11.535378,89.55725625000001,0.9623090774541486,0.2719581575341055,9606485.0,63.0,-1.8369701987210292e-16,-1.0,1.0,34162.0,7117.2,43670.0,58.85090909090909,13.0,62738.26,3665.3,1408.0,12.5,5533.3135,17298.0,11.523681,2023
2022-10-24 00:00:00+00:00,17.609404,80.46928043999999,0.3896304495307877,-0.9209712877166348,4884752.0,39.0,1.0,0.0,1.0,19425.0,5066.1,32105.0,34.5,23.0,22879.04,1807.5,792.0,3.7,0.0,8077.0,5.1162577,2022
2022-10-23 18:00:00+00:00,19.479534,80.46928043999999,0.3737197147904684,-0.9275416835791968,4759479.0,40.12,-1.8369701987210292e-16,-1.0,0.0,24940.0,5066.1,32105.0,34.84909090909091,23.0,31235.91,3086.5,856.0,66.8,18321.168,11096.0,5.3576517,2022
2022-09-03 15:00:00+00:00,25.66025,80.46928043999999,-0.4597327394521046,-0.888057322629493,5643916.0,185.0,-0.7071067811865477,-0.7071067811865475,0.0,26336.0,7117.2,23311.0,39.231,24.9,32071.76,2953.5,432.0,11585.8,2166472.5,5225.0,3.4902854,2022
2022-09-13 16:00:00+00:00,23.831272,80.46928043999999,-0.300819807635668,-0.9536809966304456,5329748.0,144.0,-0.5000000000000004,-0.8660254037844385,1.0,31406.0,7117.2,27126.0,40.654545454545456,23.3,43523.73,2470.0,468.0,4594.2,1059078.4,10152.0,3.9040413,2022
2022-11-28 12:00:00+00:00,13.13674,80.46928043999999,0.8429415373547827,-0.5380051715383,5768825.0,86.5,-1.0,1.2246467991473532e-16,1.0,31043.0,7117.2,34938.0,50.22727272727273,16.233333333333334,53254.46,4158.3,872.0,10026.6,1333426.9,15265.0,7.4353733,2022
2022-12-10 21:00:00+00:00,9.605912,80.46928043999999,0.935367949313148,-0.3536761221763721,5758229.0,134.5,0.7071067811865474,-0.7071067811865477,0.0,27304.0,7117.2,40725.0,40.11545454545455,12.5,61183.14,5949.8,964.0,1.0,0.0,5270.0,3.5517943,2022
2023-02-23 16:00:00+00:00,10.703221,89.55725625000001,0.5981809144059164,0.8013610881746766,9817436.0,49.89,-0.5000000000000004,-0.8660254037844385,1.0,30501.0,6121.4,41815.0,82.59181818181818,12.8,52693.67,3962.6,880.0,6707.2,1071294.2,8341.0,2.1800086,2023
2023-01-28 07:00:00+00:00,3.9772775,89.55725625000001,0.886070621534138,0.4635502709028509,10151548.0,50.51,-0.2588190451025208,0.9659258262890684,0.0,26759.0,7117.2,44740.0,115.67636363636365,10.7,61386.7,3028.4,1196.0,79.4,52.141083,11933.0,6.2315645,2023
2022-07-21 21:00:00+00:00,25.260433,80.46928043999999,-0.9441875088341996,-0.3294084822245298,6828082.0,114.95,0.7071067811865474,-0.7071067811865477,1.0,31666.0,7117.2,27255.0,48.78272727272727,27.433333333333334,47633.29,5651.3,616.0,611.3,19.29856,8091.0,1.1591382,2022
2022-08-13 10:00:00+00:00,27.040583,80.46928043999999,-0.7441039398713605,-0.6680638642135336,6132407.0,150.0,-0.8660254037844387,0.4999999999999999,0.0,28398.0,7117.2,26291.0,46.81454545454546,27.73333333333333,32830.06,4263.9,588.0,6933.0,2052543.1,3964.0,1.7184625,2022
2022-12-20 04:00:00+00:00,12.227817,80.46928043999999,0.9821256058680004,-0.1882267098432448,7263299.0,99.9,0.5000000000000001,0.8660254037844386,1.0,21860.0,7117.2,41190.0,51.14363636363637,11.633333333333336,39126.46,358.39999999999964,872.0,7.2,0.0,10869.0,6.1882944,2022
2023-02-01 08:00:00+00:00,5.531506,89.55725625000001,0.8520775211013093,0.5234156073655503,10162057.0,58.95,-0.4999999999999998,0.8660254037844387,1.0,35907.0,7117.2,44660.0,98.43363636363635,10.8,65674.99,5371.4,1020.0,2255.0,87366.68,7998.0,2.5948288,2023
2023-02-23 05:00:00+00:00,8.173255,89.55725625000001,0.5981809144059164,0.8013610881746766,9817436.0,49.89,0.2588190451025207,0.9659258262890684,1.0,24625.0,6121.4,41815.0,82.59181818181818,12.8,53304.18,1871.0,868.0,58.5,0.0,5088.0,2.0227978,2023
2022-10-18 07:00:00+00:00,17.956898,80.46928043999999,0.2926003356333479,-0.9562348265919058,4759479.0,50.0,-0.2588190451025208,0.9659258262890684,1.0,28177.0,5066.1,29189.0,34.74727272727273,23.5,45695.84,2519.8,428.0,1873.2,67184.164,10129.0,4.844204,2022
2022-11-24 07:00:00+00:00,12.801548,80.46928043999999,0.8039279618328213,-0.5947266869607633,5454445.0,66.58,-0.2588190451025208,0.9659258262890684,1.0,29449.0,6071.9,34069.0,74.2890909090909,17.233333333333334,55108.3,2563.9,1100.0,154.0,2043.1992,7696.0,3.1376164,2022
2022-12-10 02:00:00+00:00,11.414234,80.46928043999999,0.935367949313148,-0.3536761221763721,5758229.0,134.5,0.8660254037844387,0.4999999999999999,0.0,20668.0,7117.2,40725.0,40.11545454545455,12.5,56210.73,3529.0,776.0,0.0,0.0,12904.0,4.937025,2022
2023-01-31 05:00:00+00:00,4.4475574,89.55725625000001,0.8609610158889943,0.5086709438521044,10162057.0,55.0,0.2588190451025207,0.9659258262890684,1.0,26129.0,7117.2,43870.0,99.3681818181818,10.5,62192.12,4878.8,1048.0,33.6,0.0,8103.0,2.1776173,2023
2022-12-21 04:00:00+00:00,12.572877,80.46928043999999,0.9852201067560606,-0.1712931441814778,7263299.0,87.97,0.5000000000000001,0.8660254037844386,1.0,21761.0,7117.2,41300.0,47.775454545454544,11.7,44603.46,2072.6,1068.0,0.0,0.0,12532.0,5.958511,2022
2022-12-10 09:00:00+00:00,10.399319,80.46928043999999,0.935367949313148,-0.3536761221763721,5758229.0,134.5,-0.7071067811865475,0.7071067811865476,0.0,27053.0,7117.2,40725.0,40.11545454545455,12.5,64411.41,4340.3,800.0,3406.8,306071.12,9660.0,5.0519447,2022
2022-10-01 11:00:00+00:00,20.389038,80.46928043999999,0.0043035382962438,-0.99999073973619,4867449.0,90.0,-0.9659258262890682,0.258819045102521,0.0,24956.0,6111.4,28215.0,42.193636363636365,20.7,29953.21,3971.0,500.0,12909.7,2260771.5,2643.0,0.34501603,2022
2022-07-27 14:00:00+00:00,27.595366,80.46928043999999,-0.9051931898913976,-0.4250003399695539,6608574.0,133.0,-0.8660254037844386,-0.5000000000000001,1.0,35354.0,7117.2,24885.0,45.73454545454545,25.933333333333334,37815.67,4112.7,608.0,12348.1,3077764.0,2901.0,1.8535764,2022
2022-09-07 14:00:00+00:00,25.380142,80.46928043999999,-0.3975428142825566,-0.9175836260593934,5498074.0,130.0,-0.8660254037844386,-0.5000000000000001,1.0,30998.0,7117.2,26396.0,38.89454545454545,24.5,40199.0,4103.8,412.0,11102.3,2366270.2,9410.0,4.0609183,2022
2022-12-09 14:00:00+00:00,13.927006,80.46928043999999,0.9291414114031744,-0.3697245428906732,5758229.0,135.0,-0.8660254037844386,-0.5000000000000001,1.0,29828.0,7117.2,40960.0,36.96818181818182,12.5,64957.41,5440.0,900.0,2395.0,742045.56,7253.0,3.9927433,2022
2022-12-21 10:00:00+00:00,13.949388,80.46928043999999,0.9852201067560606,-0.1712931441814778,7263299.0,87.97,-0.8660254037844387,0.4999999999999999,1.0,31483.0,7117.2,41300.0,47.775454545454544,11.7,51771.0,4452.8,1052.0,3650.9,612089.1,13382.0,5.5695596,2022
2022-07-25 21:00:00+00:00,25.017035,80.46928043999999,-0.9192859697186104,-0.3935902766564669,6608574.0,129.8,0.7071067811865474,-0.7071067811865477,1.0,31253.0,7117.2,24992.0,46.22818181818182,27.3,44805.02,4188.4,584.0,543.3,3.6880279,8708.0,3.77149,2022
2022-09-03 11:00:00+00:00,24.142426,80.46928043999999,-0.4597327394521046,-0.888057322629493,5643916.0,185.0,-0.9659258262890682,0.258819045102521,0.0,27747.0,7117.2,22401.0,39.231,24.9,35436.15,3640.3,500.0,12314.4,2392936.2,2299.0,2.4090023,2022
2022-10-07 23:00:00+00:00,17.97109,80.46928043999999,0.1073813466641621,-0.994217906893952,4808909.0,102.0,0.9659258262890684,-0.2588190451025207,0.0,22306.0,6111.4,29165.0,33.809999999999995,22.266666666666666,36275.57,4386.2,332.0,77.8,0.0,5716.0,2.94753,2022
2022-07-15 11:00:00+00:00,29.482513,80.46928043999999,-0.973118337233262,-0.2303056702306119,7037432.0,146.0,-0.9659258262890682,0.258819045102521,1.0,37385.0,7117.2,25950.0,43.41363636363637,27.23333333333333,38311.49,5040.8,624.0,12209.9,3079049.8,3463.0,2.0313377,2022
2022-10-27 13:00:00+00:00,23.534922,80.46928043999999,0.436651231956063,-0.8996308696522438,4884752.0,50.0,-0.9659258262890684,-0.2588190451025203,1.0,28573.0,5066.1,29745.0,33.39272727272727,22.7,34904.36,2527.0,668.0,8327.7,1884278.8,12224.0,4.7305655,2022
2022-09-07 04:00:00+00:00,19.05458,80.46928043999999,-0.3975428142825566,-0.9175836260593934,5498074.0,130.0,0.5000000000000001,0.8660254037844386,1.0,24005.0,7117.2,25618.0,38.89454545454545,24.5,37281.03,3976.3,436.0,45.7,0.0,4809.0,2.1632955,2022
2022-10-18 18:00:00+00:00,21.822716,80.46928043999999,0.2926003356333479,-0.9562348265919058,4759479.0,50.0,-1.8369701987210292e-16,-1.0,1.0,30767.0,5066.1,29189.0,34.74727272727273,23.5,45450.52,3568.3,500.0,149.0,33143.098,10088.0,3.963188,2022
2022-08-25 15:00:00+00:00,27.355703,80.46928043999999,-0.5912614448635782,-0.8064799463209447,5812377.0,206.98,-0.7071067811865477,-0.7071067811865475,1.0,31730.0,7117.2,24046.0,46.841,26.066666666666663,41591.9,4558.2,524.0,11089.0,2237443.8,6215.0,2.1637194,2022
2022-12-18 16:00:00+00:00,14.057131,80.46928043999999,0.9750645322571948,-0.2219215130041658,6191200.0,114.0,-0.5000000000000004,-0.8660254037844385,0.0,23992.0,7117.2,41300.0,65.12181818181817,12.7,54713.67,2000.2,940.0,2500.3,440034.25,8619.0,4.930246,2022
2023-01-31 04:00:00+00:00,4.5949683,89.55725625000001,0.8609610158889943,0.5086709438521044,10162057.0,55.0,0.5000000000000001,0.8660254037844386,1.0,24088.0,7117.2,43870.0,99.3681818181818,10.5,58255.36,4660.6,1068.0,32.0,0.0,8018.0,2.0902863,2023
2022-11-04 17:00:00+00:00,16.002684,80.46928043999999,0.5560174366570438,-0.8311706263658084,5045030.0,52.0,-0.2588190451025206,-0.9659258262890684,1.0,27617.0,6071.9,30695.0,33.776363636363634,21.5,47174.83,6633.7,748.0,541.6,213446.97,9463.0,6.3761263,2022
2022-10-07 17:00:00+00:00,21.359974,80.46928043999999,0.1073813466641621,-0.994217906893952,4808909.0,102.0,-0.2588190451025206,-0.9659258262890684,1.0,27286.0,6111.4,28010.0,34.44090909090908,22.133333333333336,46307.62,5701.4,320.0,2489.4,476659.53,4125.0,2.8934934,2022
2022-09-13 14:00:00+00:00,24.348518,80.46928043999999,-0.300819807635668,-0.9536809966304456,5329748.0,144.0,-0.8660254037844386,-0.5000000000000001,1.0,31674.0,7117.2,27126.0,40.654545454545456,23.3,40293.76,1780.5,432.0,5761.2,1656592.2,11685.0,4.6377616,2022
2022-12-18 21:00:00+00:00,11.874668,80.46928043999999,0.9750645322571948,-0.2219215130041658,6191200.0,114.0,0.7071067811865474,-0.7071067811865477,0.0,27221.0,7117.2,41190.0,65.12181818181817,12.7,51698.23,3367.3,1052.0,39.9,0.0,10337.0,5.7647953,2022
2022-12-09 07:00:00+00:00,12.386748,80.46928043999999,0.9291414114031744,-0.3697245428906732,5758229.0,135.0,-0.2588190451025208,0.9659258262890684,1.0,27462.0,7117.2,40960.0,36.96818181818182,12.5,70849.7,2595.8,872.0,13.0,137.85594,7133.0,4.7132854,2022
2022-09-07 21:00:00+00:00,21.780428,80.46928043999999,-0.3975428142825566,-0.9175836260593934,5498074.0,130.0,0.7071067811865474,-0.7071067811865477,1.0,26995.0,7117.2,26396.0,38.89454545454545,24.5,42639.74,5253.3,480.0,261.9,0.0,6720.0,3.2360568,2022
2022-11-04 04:00:00+00:00,13.859114,80.46928043999999,0.5560174366570438,-0.8311706263658084,5045030.0,52.0,0.5000000000000001,0.8660254037844386,1.0,20445.0,5066.1,30065.0,33.776363636363634,21.5,31714.08,3461.0,664.0,0.1,0.0,7964.0,5.389151,2022
2022-10-27 11:00:00+00:00,22.628712,80.46928043999999,0.436651231956063,-0.8996308696522438,4884752.0,50.0,-0.9659258262890682,0.258819045102521,1.0,29484.0,5066.1,29745.0,33.39272727272727,22.7,35918.06,2532.6,636.0,8821.9,1722377.6,11379.0,4.6489983,2022
2023-01-15 23:00:00+00:00,8.738396,89.55725625000001,0.9668478136052776,0.255353295116187,9141747.0,63.97,0.9659258262890684,-0.2588190451025207,1.0,23951.0,7117.2,43665.0,58.85090909090909,13.0,42092.07,2353.2000000000003,1160.0,0.6,0.0,15483.0,7.009666,2023
2023-01-16 14:00:00+00:00,11.966279,89.55725625000001,0.9623090774541486,0.2719581575341055,9606485.0,63.0,-0.8660254037844386,-0.5000000000000001,1.0,31152.0,7117.2,43670.0,58.85090909090909,13.0,47559.65,2258.5,1332.0,3889.0,849400.1,17972.0,11.876283,2023
2023-01-08 20:00:00+00:00,13.611181,89.55725625000001,0.9905324521322229,0.1372787721132647,8688669.0,61.89,0.5000000000000001,-0.8660254037844386,0.0,28899.0,7117.2,42950.0,38.42363636363636,10.25,39322.28,3447.9,1212.0,0.1,0.0,15951.0,9.856998,2023
2022-11-07 02:00:00+00:00,12.861932,80.46928043999999,0.5981809144059166,-0.8013610881746764,5135888.0,46.88,0.8660254037844387,0.4999999999999999,1.0,18671.0,6071.9,30805.0,34.61454545454546,20.1,29001.01,3316.3,664.0,24.1,0.0,5225.0,1.3226502,2022
2022-12-21 23:00:00+00:00,13.484133,80.46928043999999,0.9852201067560606,-0.1712931441814778,7263299.0,87.97,0.9659258262890684,-0.2588190451025207,1.0,25422.0,7117.2,41300.0,46.10909090909092,11.933333333333332,40247.4,4714.6,1068.0,2.7,0.0,13148.0,5.231474,2022
2022-10-07 01:00:00+00:00,17.515953,80.46928043999999,0.1073813466641621,-0.994217906893952,4808909.0,102.0,0.9659258262890684,0.2588190451025207,1.0,21200.0,6111.4,27830.0,34.44090909090908,22.133333333333336,36065.82,3603.4,348.0,84.8,0.0,4748.0,3.2834435,2022
2022-12-09 12:00:00+00:00,13.765213,80.46928043999999,0.9291414114031744,-0.3697245428906732,5758229.0,135.0,-1.0,1.2246467991473532e-16,1.0,30546.0,7117.2,40960.0,36.96818181818182,12.5,65546.79,5431.1,908.0,2804.0,826348.94,7110.0,4.1585016,2022
2022-10-28 22:00:00+00:00,18.83111,80.46928043999999,0.4520722039323045,-0.8919813464595484,4884752.0,48.94,0.8660254037844384,-0.5000000000000004,0.0,22699.0,5066.1,28995.0,32.48545454545455,22.4,36916.92,2032.2000000000005,652.0,45.4,0.0,12724.0,4.822493,2022
2022-08-20 18:00:00+00:00,27.523756,80.46928043999999,-0.6584015846980489,-0.7526668275320083,5982421.0,160.0,-1.8369701987210292e-16,-1.0,0.0,26040.0,7117.2,24721.0,45.440000000000005,24.2,36432.91,3924.8,544.0,3897.8,761968.25,3960.0,1.6548148,2022
2022-09-03 16:00:00+00:00,25.535847,80.46928043999999,-0.4597327394521046,-0.888057322629493,5643916.0,185.0,-0.5000000000000004,-0.8660254037844385,0.0,26276.0,7117.2,23311.0,39.231,24.9,35013.25,3227.9,420.0,10556.1,1672130.8,5619.0,3.4521549,2022
2022-08-09 15:00:00+00:00,29.831882,80.46928043999999,-0.7883050558305256,-0.6152845999633274,6132407.0,131.51,-0.7071067811865477,-0.7071067811865475,1.0,32393.0,7117.2,26888.0,47.87363636363636,27.73333333333333,33770.05,4986.9,524.0,10344.7,2605236.0,4844.0,1.9356855,2022
2022-08-08 02:00:00+00:00,21.640879,80.46928043999999,-0.798779372886365,-0.6016240632249223,6132407.0,125.0,0.8660254037844387,0.4999999999999999,1.0,22035.0,7117.2,26099.0,47.06363636363636,27.53333333333333,28185.18,4300.8,500.0,466.2,0.0,5399.0,1.0016,2022
2023-01-18 10:00:00+00:00,7.100598,89.55725625000001,0.9523775757303976,0.304921224656289,9606485.0,52.0,-0.8660254037844387,0.4999999999999999,1.0,33808.0,7117.2,43670.0,290.69416666666666,12.3,66819.8,3251.3,1176.0,7414.6,770456.6,15517.0,9.172747,2023
2022-10-28 03:00:00+00:00,17.930328,80.46928043999999,0.4520722039323045,-0.8919813464595484,4884752.0,48.94,0.7071067811865476,0.7071067811865476,1.0,20731.0,5066.1,30305.0,32.56454545454545,22.65,27655.38,1298.0,608.0,27.0,0.0,9531.0,2.9025335,2022
2023-02-01 03:00:00+00:00,5.495196,89.55725625000001,0.8520775211013093,0.5234156073655503,10162057.0,58.95,0.7071067811865476,0.7071067811865476,1.0,23983.0,7117.2,44660.0,98.43363636363635,10.8,50968.09,3726.8,992.0,11.2,0.0,7905.0,2.436915,2023
2022-07-21 16:00:00+00:00,29.873203,80.46928043999999,-0.9441875088341996,-0.3294084822245298,6828082.0,114.95,-0.5000000000000004,-0.8660254037844385,1.0,35687.0,7117.2,27255.0,48.78272727272727,27.433333333333334,44177.62,5158.7,560.0,9970.7,2296600.8,5693.0,0.98424745,2022
2022-12-10 14:00:00+00:00,11.842213,80.46928043999999,0.935367949313148,-0.3536761221763721,5758229.0,134.5,-0.8660254037844386,-0.5000000000000001,0.0,26593.0,7117.2,40725.0,40.11545454545455,12.5,58846.3,4242.6,824.0,5549.7,1015498.3,9496.0,5.199769,2022
2022-07-19 13:00:00+00:00,28.05162,80.46928043999999,-0.9549667548552552,-0.2967128192734901,6828082.0,112.0,-0.9659258262890684,-0.2588190451025203,1.0,36563.0,7117.2,24490.0,46.693636363636365,27.366666666666664,43020.77,5238.9,596.0,12657.6,3275152.2,6741.0,1.5595003,2022
2022-09-03 09:00:00+00:00,21.980185,80.46928043999999,-0.4597327394521046,-0.888057322629493,5643916.0,185.0,-0.7071067811865475,0.7071067811865476,0.0,26728.0,7117.2,22401.0,39.231,24.9,35190.33,3788.0,504.0,10628.1,1397731.6,1196.0,1.5765489,2022
2022-10-27 19:00:00+00:00,20.818222,80.46928043999999,0.436651231956063,-0.8996308696522438,4884752.0,50.0,0.2588190451025203,-0.9659258262890684,1.0,30579.0,5066.1,30305.0,33.39272727272727,22.7,37785.33,3407.6,728.0,53.8,0.0,12130.0,4.6509786,2022
2022-10-18 01:00:00+00:00,18.473625,80.46928043999999,0.2926003356333479,-0.9562348265919058,4759479.0,50.0,0.9659258262890684,0.2588190451025207,1.0,20429.0,5066.1,29189.0,34.74727272727273,23.5,34278.95,1372.6,336.0,84.5,0.0,8401.0,4.106674,2022
2023-02-26 14:00:00+00:00,10.486531,89.55725625000001,0.5560174366570445,0.831170626365808,9817436.0,49.7,-0.8660254037844386,-0.5000000000000001,0.0,25392.0,6121.4,38865.0,93.22454545454544,11.3,29544.35,4679.6,736.0,10490.0,1871771.6,15955.0,5.6901183,2023
2022-09-13 08:00:00+00:00,22.38914,80.46928043999999,-0.300819807635668,-0.9536809966304456,5329748.0,144.0,-0.4999999999999998,0.8660254037844387,1.0,31122.0,7117.2,28226.0,40.654545454545456,23.3,42982.62,1683.3000000000002,460.0,3157.8,469766.8,11652.0,5.0700035,2022
2022-09-03 04:00:00+00:00,19.235426,80.46928043999999,-0.4597327394521046,-0.888057322629493,5643916.0,185.0,0.5000000000000001,0.8660254037844386,0.0,22020.0,7117.2,22401.0,39.231,24.9,32273.54,3132.5,448.0,84.2,0.0,3121.0,2.5049188,2022
2022-08-08 03:00:00+00:00,21.284561,80.46928043999999,-0.798779372886365,-0.6016240632249223,6132407.0,125.0,0.7071067811865476,0.7071067811865476,1.0,21768.0,7117.2,26099.0,47.06363636363636,27.53333333333333,29423.99,4289.6,488.0,418.7,0.0,4998.0,1.015728,2022
2022-10-23 10:00:00+00:00,20.146202,80.46928043999999,0.3737197147904684,-0.9275416835791968,4759479.0,40.12,-0.8660254037844387,0.4999999999999999,0.0,22340.0,5066.1,32105.0,34.84909090909091,23.0,27100.02,427.1999999999998,764.0,5556.5,1216342.0,13896.0,7.410472,2022
2022-09-07 17:00:00+00:00,24.693588,80.46928043999999,-0.3975428142825566,-0.9175836260593934,5498074.0,130.0,-0.2588190451025206,-0.9659258262890684,1.0,30324.0,7117.2,26396.0,38.89454545454545,24.5,45767.92,4932.0,412.0,5509.7,914185.7,9480.0,3.9195395,2022
2022-06-29 04:00:00+00:00,17.14626,80.46928043999999,-0.99907411510223,0.0430222330045305,7335369.0,115.87,0.5000000000000001,0.8660254037844386,1.0,24251.0,7117.2,28795.0,41.633,23.100000000000005,37606.23,2639.5,668.0,553.6,0.0,2094.0,1.7694974,2022
2022-07-25 08:00:00+00:00,24.927635,80.46928043999999,-0.9192859697186104,-0.3935902766564669,6608574.0,129.8,-0.4999999999999998,0.8660254037844387,1.0,31198.0,6950.5,24992.0,46.22818181818182,27.3,41214.26,5055.9,624.0,8238.8,1244669.0,2759.0,1.9118736,2022
2023-02-23 08:00:00+00:00,8.211992,89.55725625000001,0.5981809144059164,0.8013610881746766,9817436.0,49.89,-0.4999999999999998,0.8660254037844387,1.0,32427.0,6121.4,41668.0,82.59181818181818,12.8,59748.64,3487.9,936.0,2107.7,188609.4,5523.0,1.6145916,2023
2022-08-09 07:00:00+00:00,22.855593,80.46928043999999,-0.7883050558305256,-0.6152845999633274,6132407.0,131.51,-0.2588190451025208,0.9659258262890684,1.0,28303.0,7117.2,26888.0,47.87363636363636,27.73333333333333,35503.09,4654.8,572.0,5388.6,543699.25,4157.0,2.442498,2022
2023-02-23 17:00:00+00:00,10.26377,89.55725625000001,0.5981809144059164,0.8013610881746766,9817436.0,49.89,-0.2588190451025206,-0.9659258262890684,1.0,30709.0,6121.4,41815.0,82.59181818181818,12.8,56402.38,4571.7,920.0,2789.6,581892.56,8330.0,1.9013668,2023
2022-08-24 23:00:00+00:00,22.747961,80.46928043999999,-0.6050560696488494,-0.7961828637826154,5812377.0,225.0,0.9659258262890684,-0.2588190451025207,1.0,25809.0,7117.2,23816.0,46.841,26.066666666666663,37645.46,3914.9,544.0,361.7,0.0,4143.0,0.86242825,2022
2022-11-18 18:00:00+00:00,12.087032,80.46928043999999,0.7383263540031063,-0.6744436188329457,5211425.0,52.5,-1.8369701987210292e-16,-1.0,1.0,30721.0,6071.9,32039.0,33.452727272727266,18.5,55571.35,4266.299999999999,808.0,68.1,1349.0552,12413.0,6.996419,2022
2022-08-24 00:00:00+00:00,22.888937,80.46928043999999,-0.6050560696488494,-0.7961828637826154,5812377.0,225.0,1.0,0.0,1.0,24593.0,7117.2,24710.0,45.233,26.100000000000005,37661.25,4597.9,544.0,259.5,0.0,4922.0,0.84874094,2022
2022-11-18 08:00:00+00:00,12.718811,80.46928043999999,0.7383263540031063,-0.6744436188329457,5211425.0,52.5,-0.4999999999999998,0.8660254037844387,1.0,29175.0,6071.9,32039.0,33.452727272727266,18.5,51065.53,3513.3,888.0,1610.0,128804.24,6138.0,5.6170096,2022
2022-08-05 01:00:00+00:00,22.633547,80.46928043999999,-0.8287700871745037,-0.5595892624101767,6357621.0,129.99,0.9659258262890684,0.2588190451025207,1.0,24652.0,7117.2,26306.0,44.653636363636366,27.53333333333333,34180.12,4231.0,504.0,476.9,0.0,8917.0,1.9765836,2022
2023-01-15 09:00:00+00:00,9.726405,89.55725625000001,0.9668478136052776,0.255353295116187,9141747.0,63.97,-0.7071067811865475,0.7071067811865476,0.0,24725.0,7117.2,40212.0,56.00727272727273,13.2,37285.56,2543.8,1152.0,2674.7,325701.9,10268.0,5.0409575,2023
2022-10-23 11:00:00+00:00,20.679882,80.46928043999999,0.3737197147904684,-0.9275416835791968,4759479.0,40.12,-0.9659258262890682,0.258819045102521,0.0,22854.0,5066.1,32105.0,34.84909090909091,23.0,24984.64,560.5999999999995,772.0,6549.4,1511861.4,14194.0,7.5009437,2022
2022-08-05 21:00:00+00:00,24.345394,80.46928043999999,-0.8287700871745037,-0.5595892624101767,6357621.0,129.99,0.7071067811865474,-0.7071067811865477,1.0,29198.0,7117.2,27036.0,44.653636363636366,27.53333333333333,41392.45,5695.2,572.0,602.7,0.0,10159.0,2.4240153,2022
2023-01-31 13:00:00+00:00,11.107276,89.55725625000001,0.8609610158889943,0.5086709438521044,10162057.0,55.0,-0.9659258262890684,-0.2588190451025203,1.0,33286.0,7117.2,44830.0,99.3681818181818,10.5,58842.46,5829.0,1052.0,11388.8,1906090.6,6703.0,2.1742828,2023
2023-01-15 14:00:00+00:00,12.042792,89.55725625000001,0.9668478136052776,0.255353295116187,9141747.0,63.97,-0.8660254037844386,-0.5000000000000001,0.0,25165.0,7117.2,40752.0,56.00727272727273,13.2,33498.23,2171.9,1104.0,5597.8,1259870.1,13157.0,6.7663317,2023
2022-06-29 11:00:00+00:00,23.861912,80.46928043999999,-0.99907411510223,0.0430222330045305,7335369.0,115.87,-0.9659258262890682,0.258819045102521,1.0,32173.0,7117.2,28795.0,41.633,23.100000000000005,41536.88,3562.1,640.0,12421.1,2922251.8,3302.0,0.9415038,2022
2022-09-03 06:00:00+00:00,18.873905,80.46928043999999,-0.4597327394521046,-0.888057322629493,5643916.0,185.0,6.123233995736766e-17,1.0,0.0,23012.0,7117.2,22401.0,39.231,24.9,34513.37,3510.1,456.0,661.9,18387.584,2112.0,2.015768,2022
2022-12-13 21:00:00+00:00,14.9888735,80.46928043999999,0.9523775757303972,-0.3049212246562894,6191200.0,123.04,0.7071067811865474,-0.7071067811865477,1.0,30268.0,7117.2,42100.0,47.86636363636364,12.3,66618.46,4703.0,1236.0,0.0,0.0,13678.0,8.029569,2022
2022-11-18 07:00:00+00:00,12.66269,80.46928043999999,0.7383263540031063,-0.6744436188329457,5211425.0,52.5,-0.2588190451025208,0.9659258262890684,1.0,28743.0,6071.9,32039.0,33.452727272727266,18.5,50516.16,2837.7,856.0,432.5,3787.5728,6227.0,5.830387,2022
2022-12-10 05:00:00+00:00,10.717292,80.46928043999999,0.935367949313148,-0.3536761221763721,5758229.0,134.5,0.2588190451025207,0.9659258262890684,0.0,20895.0,7117.2,40725.0,40.11545454545455,12.5,56267.11,3359.6,744.0,0.0,0.0,12266.0,5.321567,2022
2022-10-27 15:00:00+00:00,23.447344,80.46928043999999,0.436651231956063,-0.8996308696522438,4884752.0,50.0,-0.7071067811865477,-0.7071067811865475,1.0,28469.0,5066.1,30305.0,33.39272727272727,22.7,36798.19,2703.0,664.0,6035.4,1265388.5,12441.0,4.4807954,2022
2022-08-20 21:00:00+00:00,24.087292,80.46928043999999,-0.6584015846980489,-0.7526668275320083,5982421.0,160.0,0.7071067811865474,-0.7071067811865477,0.0,24931.0,7117.2,24721.0,45.440000000000005,24.2,39096.39,3789.8,592.0,533.2,0.0,4084.0,1.7991672,2022
2022-09-07 11:00:00+00:00,24.321045,80.46928043999999,-0.3975428142825566,-0.9175836260593934,5498074.0,130.0,-0.9659258262890682,0.258819045102521,1.0,31872.0,7117.2,26396.0,38.89454545454545,24.5,41894.21,4330.0,420.0,11314.1,2320862.5,6525.0,3.1581335,2022
2022-08-20 05:00:00+00:00,19.288794,80.46928043999999,-0.6584015846980489,-0.7526668275320083,5982421.0,160.0,0.2588190451025207,0.9659258262890684,0.0,21199.0,7117.2,25156.0,45.440000000000005,24.2,30728.26,3826.2,560.0,120.3,5.3094883,4190.0,2.2082143,2022
2023-01-08 00:00:00+00:00,11.695622,89.55725625000001,0.9905324521322229,0.1372787721132647,8688669.0,61.89,1.0,0.0,0.0,21529.0,7117.2,39922.0,38.42363636363636,10.25,37415.11,1756.6999999999998,968.0,0.0,0.0,14587.0,7.820698,2023
2022-11-04 12:00:00+00:00,16.690306,80.46928043999999,0.5560174366570438,-0.8311706263658084,5045030.0,52.0,-1.0,1.2246467991473532e-16,1.0,28456.0,6071.9,30065.0,33.776363636363634,21.5,40277.06,5386.2,668.0,9028.9,1628852.9,11190.0,6.3650217,2022
2022-09-03 19:00:00+00:00,23.119059,80.46928043999999,-0.4597327394521046,-0.888057322629493,5643916.0,185.0,0.2588190451025203,-0.9659258262890684,0.0,27934.0,7117.2,23311.0,39.231,24.9,39376.85,4423.0,448.0,623.4,81814.92,6218.0,2.7650537,2022
2023-01-31 15:00:00+00:00,11.858603,89.55725625000001,0.8609610158889943,0.5086709438521044,10162057.0,55.0,-0.7071067811865477,-0.7071067811865475,1.0,32526.0,7117.2,44830.0,99.3681818181818,10.5,59362.37,6293.3,1032.0,10577.4,1459852.6,6806.0,2.408021,2023
2022-06-29 03:00:00+00:00,17.486326,80.46928043999999,-0.99907411510223,0.0430222330045305,7335369.0,115.87,0.7071067811865476,0.7071067811865476,1.0,22977.0,7117.2,28795.0,41.633,23.100000000000005,35659.08,2565.1,660.0,676.7,0.0,2262.0,1.7716131,2022
2022-12-10 18:00:00+00:00,10.238288,80.46928043999999,0.935367949313148,-0.3536761221763721,5758229.0,134.5,-1.8369701987210292e-16,-1.0,0.0,28397.0,7117.2,40725.0,40.11545454545455,12.5,67059.33,6033.0,948.0,25.3,245.76254,7052.0,4.2433643,2022
2022-08-13 05:00:00+00:00,22.547518,80.46928043999999,-0.7441039398713605,-0.6680638642135336,6132407.0,150.0,0.2588190451025207,0.9659258262890684,0.0,23139.0,7117.2,26291.0,46.81454545454546,27.73333333333333,28974.84,4071.7,548.0,127.7,112.103325,2602.0,1.3531661,2022
2022-08-13 17:00:00+00:00,27.557661,80.46928043999999,-0.7441039398713605,-0.6680638642135336,6132407.0,150.0,-0.2588190451025206,-0.9659258262890684,0.0,29382.0,7117.2,26836.0,46.81454545454546,27.73333333333333,38424.75,3737.1,524.0,3176.9,1210812.1,9964.0,1.835197,2022
2022-08-08 20:00:00+00:00,25.600693,80.46928043999999,-0.798779372886365,-0.6016240632249223,6132407.0,125.0,0.5000000000000001,-0.8660254037844386,1.0,30930.0,7117.2,27308.0,47.06363636363636,27.53333333333333,37902.91,6053.8,588.0,621.6,17926.709,7333.0,1.0627922,2022
2022-11-07 12:00:00+00:00,18.240631,80.46928043999999,0.5981809144059166,-0.8013610881746764,5135888.0,46.88,-1.0,1.2246467991473532e-16,1.0,28055.0,6071.9,30805.0,34.61454545454546,20.1,34077.94,4112.5,648.0,10497.5,1819140.5,7358.0,3.511246,2022
2022-08-08 06:00:00+00:00,21.00357,80.46928043999999,-0.798779372886365,-0.6016240632249223,6132407.0,125.0,6.123233995736766e-17,1.0,1.0,26502.0,7117.2,26099.0,47.06363636363636,27.53333333333333,35757.07,4556.2,512.0,1670.7,99372.89,3629.0,1.1162671,2022
2022-12-20 03:00:00+00:00,12.247232,80.46928043999999,0.9821256058680004,-0.1882267098432448,7263299.0,99.9,0.7071067811865476,0.7071067811865476,1.0,21762.0,7117.2,41190.0,51.14363636363637,11.633333333333336,38006.35,322.0,908.0,5.4,0.0,11097.0,6.268498,2022
2022-09-07 00:00:00+00:00,20.510235,80.46928043999999,-0.3975428142825566,-0.9175836260593934,5498074.0,130.0,1.0,0.0,1.0,23553.0,7117.2,25618.0,38.89454545454545,24.5,36688.97,4159.0,452.0,260.4,0.0,5092.0,2.7837002,2022
2022-11-28 23:00:00+00:00,10.084969,80.46928043999999,0.8429415373547827,-0.5380051715383,5768825.0,86.5,0.9659258262890684,-0.2588190451025207,1.0,24941.0,7117.2,35188.0,46.82909090909091,16.266666666666666,51972.19,5303.3,1044.0,22.4,0.0,10475.0,5.967584,2022
2022-09-07 03:00:00+00:00,19.259287,80.46928043999999,-0.3975428142825566,-0.9175836260593934,5498074.0,130.0,0.7071067811865476,0.7071067811865476,1.0,22534.0,7117.2,25618.0,38.89454545454545,24.5,34547.47,3872.2,428.0,68.0,0.0,4856.0,2.3354177,2022
2023-01-28 03:00:00+00:00,4.638563,89.55725625000001,0.886070621534138,0.4635502709028509,10151548.0,50.51,0.7071067811865476,0.7071067811865476,0.0,23364.0,7117.2,44740.0,115.67636363636365,10.7,55114.2,2662.7,1240.0,29.5,0.0,11817.0,6.0087395,2023
2022-08-24 15:00:00+00:00,28.595648,80.46928043999999,-0.6050560696488494,-0.7961828637826154,5812377.0,225.0,-0.7071067811865477,-0.7071067811865475,1.0,32315.0,7117.2,23816.0,45.233,26.100000000000005,40763.95,4199.6,504.0,10234.7,2265798.0,4402.0,0.58187866,2022
2023-01-16 01:00:00+00:00,8.600617,89.55725625000001,0.9623090774541486,0.2719581575341055,9606485.0,63.0,0.9659258262890684,0.2588190451025207,1.0,21067.0,7117.2,43665.0,58.85090909090909,13.0,39265.85,1082.4,1120.0,0.5,0.0,16267.0,7.256612,2023
2022-10-18 06:00:00+00:00,17.835403,80.46928043999999,0.2926003356333479,-0.9562348265919058,4759479.0,50.0,6.123233995736766e-17,1.0,1.0,27768.0,5066.1,29189.0,34.74727272727273,23.5,45362.55,1719.5,448.0,46.6,15.038251,9986.0,4.793098,2022
2022-08-13 21:00:00+00:00,24.370426,80.46928043999999,-0.7441039398713605,-0.6680638642135336,6132407.0,150.0,0.7071067811865474,-0.7071067811865477,0.0,27737.0,7117.2,26616.0,46.81454545454546,27.73333333333333,39420.7,4295.6,592.0,91.4,0.0,7067.0,1.5561422,2022
2022-12-13 02:00:00+00:00,14.763671,80.46928043999999,0.9523775757303972,-0.3049212246562894,6191200.0,123.04,0.8660254037844387,0.4999999999999999,1.0,21809.0,7117.2,41300.0,47.86636363636364,12.3,57363.14,1388.4,1068.0,0.0,0.0,16833.0,9.183391,2022
2022-08-05 03:00:00+00:00,21.863207,80.46928043999999,-0.8287700871745037,-0.5595892624101767,6357621.0,129.99,0.7071067811865476,0.7071067811865476,1.0,23900.0,7117.2,26306.0,44.653636363636366,27.53333333333333,34057.91,4109.3,492.0,403.4,0.0,8324.0,2.3780077,2022
2022-08-08 14:00:00+00:00,29.121738,80.46928043999999,-0.798779372886365,-0.6016240632249223,6132407.0,125.0,-0.8660254037844386,-0.5000000000000001,1.0,32757.0,7117.2,25988.0,47.06363636363636,27.53333333333333,32699.35,5312.2,544.0,12422.3,3034028.8,3524.0,0.6376262,2022
2023-01-31 07:00:00+00:00,4.310744,89.55725625000001,0.8609610158889943,0.5086709438521044,10162057.0,55.0,-0.2588190451025208,0.9659258262890684,1.0,34925.0,7117.2,43870.0,99.3681818181818,10.5,70640.41,6292.0,1184.0,127.8,125.48833,7993.0,2.2625568,2023
2022-09-07 23:00:00+00:00,20.744202,80.46928043999999,-0.3975428142825566,-0.9175836260593934,5498074.0,130.0,0.9659258262890684,-0.2588190451025207,1.0,24692.0,7117.2,26396.0,39.57636363636363,23.55,35725.88,4640.9,456.0,176.3,0.0,5037.0,3.509319,2022
2022-10-22 09:00:00+00:00,18.727884,80.46928043999999,0.3576982388331254,-0.9338372288229252,4759479.0,44.8,-0.7071067811865475,0.7071067811865476,0.0,25091.0,5066.1,31190.0,35.26636363636364,22.9,36082.98,888.8999999999996,636.0,5822.8,803605.9,8965.0,5.2798386,2022
2022-12-09 01:00:00+00:00,12.677398,80.46928043999999,0.9291414114031744,-0.3697245428906732,5758229.0,135.0,0.9659258262890684,0.2588190451025207,1.0,20638.0,7117.2,40170.0,36.96818181818182,12.5,59120.61,708.6999999999998,856.0,0.0,0.0,8836.0,5.441951,2022
2022-08-14 23:00:00+00:00,22.193703,80.46928043999999,-0.7324940716135788,-0.6807734094770164,6132407.0,149.95,0.9659258262890684,-0.2588190451025207,0.0,23080.0,7117.2,25691.0,46.93636363636363,26.6,32437.57,2643.0,548.0,425.3,0.0,6426.0,3.4134617,2022
2022-08-09 08:00:00+00:00,24.586737,80.46928043999999,-0.7883050558305256,-0.6152845999633274,6132407.0,131.51,-0.4999999999999998,0.8660254037844387,1.0,29928.0,7117.2,26888.0,47.87363636363636,27.73333333333333,34845.270000000004,4801.4,600.0,8921.0,1182640.5,3404.0,2.4862914,2022
2023-01-28 22:00:00+00:00,5.18202,89.55725625000001,0.886070621534138,0.4635502709028509,10151548.0,50.51,0.8660254037844384,-0.5000000000000004,0.0,29153.0,7117.2,44740.0,115.67636363636365,10.7,66755.82,3791.3,1300.0,206.7,0.0,11874.0,4.9372473,2023
2023-01-29 02:00:00+00:00,4.2125683,89.55725625000001,0.8779600847008882,0.4787338401157884,10151548.0,56.45,0.8660254037844387,0.4999999999999999,0.0,21604.0,7117.2,44325.0,115.03999999999998,10.7,60836.18,2343.5,1148.0,51.9,0.0,10291.0,4.945758,2023
2022-07-04 19:00:00+00:00,25.012482,80.46928043999999,-0.99907411510223,-0.0430222330045303,7194500.0,133.79,0.2588190451025203,-0.9659258262890684,1.0,31020.0,7117.2,28380.0,44.396,24.5,41293.02,5966.3,680.0,2005.0,450169.66,8940.0,1.6334352,2022
2022-07-27 16:00:00+00:00,27.737736,80.46928043999999,-0.9051931898913976,-0.4250003399695539,6608574.0,133.0,-0.5000000000000004,-0.8660254037844385,1.0,34696.0,7117.2,24885.0,45.73454545454545,25.933333333333334,40850.05,3741.3,552.0,10907.8,2264778.0,3860.0,2.1391623,2022
2023-02-21 07:00:00+00:00,9.910928,89.55725625000001,0.6254105729852463,0.7802958510707755,9817436.0,49.52,-0.2588190451025208,0.9659258262890684,1.0,30723.0,7117.2,41375.0,79.73272727272727,12.4,61719.01,4436.2,884.0,286.4,7137.256,2767.0,1.1648529,2023
2022-12-09 19:00:00+00:00,12.717199,80.46928043999999,0.9291414114031744,-0.3697245428906732,5758229.0,135.0,0.2588190451025203,-0.9659258262890684,1.0,30181.0,7117.2,40725.0,36.96818181818182,12.5,68771.55,6383.0,972.0,0.8,0.0,8846.0,3.8821712,2022
2022-12-09 16:00:00+00:00,13.549442,80.46928043999999,0.9291414114031744,-0.3697245428906732,5758229.0,135.0,-0.5000000000000004,-0.8660254037844385,1.0,28962.0,7117.2,40960.0,36.96818181818182,12.5,67750.6,5891.4,904.0,583.6,286036.5,7824.0,3.7388058,2022
2022-10-22 06:00:00+00:00,16.878893,80.46928043999999,0.3576982388331254,-0.9338372288229252,4759479.0,44.8,6.123233995736766e-17,1.0,0.0,22440.0,5066.1,31120.0,35.26636363636364,22.9,34618.72,402.9000000000001,644.0,0.0,0.7948336,8068.0,4.9183016,2022
2023-02-21 18:00:00+00:00,13.405276,89.55725625000001,0.6254105729852463,0.7802958510707755,9817436.0,49.52,-1.8369701987210292e-16,-1.0,1.0,31738.0,7117.2,41375.0,79.73272727272727,12.4,61602.62,5430.0,1032.0,259.5,134885.45,1708.0,1.3854156,2023
2022-10-27 21:00:00+00:00,20.036985,80.46928043999999,0.436651231956063,-0.8996308696522438,4884752.0,50.0,0.7071067811865474,-0.7071067811865477,1.0,24879.0,5066.1,30305.0,33.39272727272727,22.7,37492.56,2822.4,652.0,26.6,0.0,11930.0,4.6278267,2022
2022-08-09 06:00:00+00:00,21.456034,80.46928043999999,-0.7883050558305256,-0.6152845999633274,6132407.0,131.51,6.123233995736766e-17,1.0,1.0,26615.0,7117.2,26778.0,47.87363636363636,27.73333333333333,35458.85,4399.7,540.0,1571.0,94289.266,4968.0,2.3620157,2022
2022-10-23 22:00:00+00:00,17.991161,80.46928043999999,0.3737197147904684,-0.9275416835791968,4759479.0,40.12,0.8660254037844384,-0.5000000000000004,1.0,21120.0,5066.1,32105.0,34.5,23.0,26081.9,2845.7,860.0,2.4,0.0,8690.0,5.645519,2022
2023-01-29 17:00:00+00:00,7.923107,89.55725625000001,0.8779600847008882,0.4787338401157884,10151548.0,56.45,-0.2588190451025206,-0.9659258262890684,0.0,28694.0,7117.2,44320.0,115.03999999999998,10.7,66715.7,4651.7,1204.0,1487.0,350903.12,6862.0,4.4229474,2023
2023-01-16 06:00:00+00:00,8.939205,89.55725625000001,0.9623090774541486,0.2719581575341055,9606485.0,63.0,6.123233995736766e-17,1.0,1.0,27380.0,7117.2,44558.0,58.85090909090909,13.0,47125.58,1002.6999999999998,1100.0,0.4,0.0,17224.0,9.261486,2023
2023-01-29 06:00:00+00:00,3.5793905,89.55725625000001,0.8779600847008882,0.4787338401157884,10151548.0,56.45,6.123233995736766e-17,1.0,0.0,22402.0,7117.2,44325.0,115.03999999999998,10.7,62255.39,1900.0,1100.0,50.6,0.0,10027.0,5.3410034,2023
2022-07-25 13:00:00+00:00,29.458622,80.46928043999999,-0.9192859697186104,-0.3935902766564669,6608574.0,129.8,-0.9659258262890684,-0.2588190451025203,1.0,35035.0,7117.2,24992.0,46.22818181818182,27.3,36536.13,4282.6,612.0,12089.2,3161360.0,4490.0,3.247673,2022
2022-11-07 23:00:00+00:00,15.379999,80.46928043999999,0.5981809144059166,-0.8013610881746764,5135888.0,46.88,0.9659258262890684,-0.2588190451025207,1.0,22820.0,6071.9,31275.0,34.58090909090909,20.2,34016.01,2615.2,608.0,39.4,0.0,10380.0,5.3835278,2022
2022-12-10 22:00:00+00:00,9.492385,80.46928043999999,0.935367949313148,-0.3536761221763721,5758229.0,134.5,0.8660254037844384,-0.5000000000000004,0.0,24701.0,7117.2,40725.0,40.11545454545455,12.5,63673.05,5438.7,964.0,2.2,0.0,5445.0,4.1107306,2022
2022-10-24 21:00:00+00:00,18.13416,80.46928043999999,0.3896304495307877,-0.9209712877166348,4884752.0,39.0,0.7071067811865474,-0.7071067811865477,1.0,24350.0,5066.1,32105.0,34.5,23.0,38887.26,3719.3,840.0,69.2,0.0,6022.0,2.8651395,2022
2022-07-27 05:00:00+00:00,19.920547,80.46928043999999,-0.9051931898913976,-0.4250003399695539,6608574.0,133.0,0.2588190451025207,0.9659258262890684,1.0,28540.0,7117.2,25620.0,45.73454545454545,25.933333333333334,40132.83,3670.3,524.0,366.0,2392.481,5472.0,3.090636,2022
2022-08-24 01:00:00+00:00,22.46073,80.46928043999999,-0.6050560696488494,-0.7961828637826154,5812377.0,225.0,0.9659258262890684,0.2588190451025207,1.0,23818.0,7117.2,24710.0,45.233,26.100000000000005,35540.08,4470.6,544.0,253.8,0.0,4626.0,0.9330183,2022
2022-12-20 07:00:00+00:00,12.112185,80.46928043999999,0.9821256058680004,-0.1882267098432448,7263299.0,99.9,-0.2588190451025208,0.9659258262890684,1.0,31228.0,7117.2,41190.0,51.14363636363637,11.633333333333336,51797.17,1803.0,896.0,15.2,23.177347,10681.0,5.907454,2022
2022-07-27 18:00:00+00:00,26.723803,80.46928043999999,-0.9051931898913976,-0.4250003399695539,6608574.0,133.0,-1.8369701987210292e-16,-1.0,1.0,33878.0,7117.2,24885.0,45.73454545454545,25.933333333333334,43958.65,4100.1,552.0,5281.7,1006432.4,5058.0,2.2345736,2022
2022-07-04 05:00:00+00:00,19.032137,80.46928043999999,-0.99907411510223,-0.0430222330045303,7194500.0,133.79,0.2588190451025207,0.9659258262890684,1.0,25912.0,7117.2,28380.0,44.396,24.5,39707.24,4502.6,656.0,406.6,12472.306,5581.0,1.0631812,2022
2022-09-03 01:00:00+00:00,20.085371,80.46928043999999,-0.4597327394521046,-0.888057322629493,5643916.0,185.0,0.9659258262890684,0.2588190451025207,0.0,22769.0,7117.2,22401.0,39.231,24.9,32188.55,3150.6000000000004,444.0,145.3,0.0,4779.0,2.9800653,2022
2022-10-01 13:00:00+00:00,21.785175,80.46928043999999,0.0043035382962438,-0.99999073973619,4867449.0,90.0,-0.9659258262890684,-0.2588190451025203,0.0,23654.0,6111.4,28215.0,42.193636363636365,20.7,25522.18,3769.1,464.0,12880.2,2498383.5,2846.0,0.57503486,2022
2022-08-25 18:00:00+00:00,25.706507,80.46928043999999,-0.5912614448635782,-0.8064799463209447,5812377.0,206.98,-1.8369701987210292e-16,-1.0,1.0,30479.0,7117.2,24046.0,46.841,26.066666666666663,43839.85,5060.9,564.0,3049.3,600215.06,8401.0,3.1252558,2022
2022-06-29 10:00:00+00:00,23.13723,80.46928043999999,-0.99907411510223,0.0430222330045305,7335369.0,115.87,-0.8660254037844387,0.4999999999999999,1.0,31643.0,7117.2,28795.0,41.633,23.100000000000005,42075.72,3775.0,660.0,12228.3,2541731.2,2357.0,0.6199983,2022
2023-02-21 01:00:00+00:00,11.029125,89.55725625000001,0.6254105729852463,0.7802958510707755,9817436.0,49.52,0.9659258262890684,0.2588190451025207,1.0,22839.0,7117.2,41375.0,79.73272727272727,12.4,51947.66,4326.8,812.0,6.5,0.0,5462.0,1.9451705,2023
2022-07-19 19:00:00+00:00,26.285755,80.46928043999999,-0.9549667548552552,-0.2967128192734901,6828082.0,112.0,0.2588190451025203,-0.9659258262890684,1.0,34126.0,7117.2,24490.0,46.693636363636365,27.366666666666664,44015.08,5377.6,608.0,1787.0,416198.5,6132.0,1.3015788,2022
2023-01-08 05:00:00+00:00,11.961276,89.55725625000001,0.9905324521322229,0.1372787721132647,8688669.0,61.89,0.2588190451025207,0.9659258262890684,0.0,19075.0,7117.2,39007.0,38.42363636363636,10.25,32858.68,384.9000000000001,940.0,0.0,0.0,14142.0,8.293649,2023
2023-01-31 23:00:00+00:00,6.398009,89.55725625000001,0.8609610158889943,0.5086709438521044,10162057.0,55.0,0.9659258262890684,-0.2588190451025207,1.0,28594.0,7117.2,44390.0,98.43363636363635,10.8,57060.25,5587.1,1168.0,51.2,0.0,7828.0,2.583786,2023
2022-07-17 18:00:00+00:00,29.82841,80.46928043999999,-0.9646141756912436,-0.2636654927280072,7037432.0,98.0,-1.8369701987210292e-16,-1.0,0.0,29900.0,7117.2,24300.0,44.74,27.5,40363.47,4750.5,516.0,4980.1,1014567.44,5233.0,1.609684,2022
2023-01-08 01:00:00+00:00,11.674459,89.55725625000001,0.9905324521322229,0.1372787721132647,8688669.0,61.89,0.9659258262890684,0.2588190451025207,0.0,20181.0,7117.2,39922.0,38.42363636363636,10.25,36881.64,1180.6,948.0,0.0,0.0,14569.0,7.890942,2023
2022-11-18 12:00:00+00:00,13.90539,80.46928043999999,0.7383263540031063,-0.6744436188329457,5211425.0,52.5,-1.0,1.2246467991473532e-16,1.0,29950.0,6071.9,32039.0,33.452727272727266,18.5,45923.04,2740.0,756.0,6068.3,1093663.2,8825.0,6.0244637,2022
2022-08-13 18:00:00+00:00,26.817364,80.46928043999999,-0.7441039398713605,-0.6680638642135336,6132407.0,150.0,-1.8369701987210292e-16,-1.0,0.0,28897.0,7117.2,26836.0,46.81454545454546,27.73333333333333,38884.41,4196.3,544.0,1519.6,696999.56,9581.0,1.7476364,2022
2023-01-18 13:00:00+00:00,8.319521,89.55725625000001,0.9523775757303976,0.304921224656289,9606485.0,52.0,-0.9659258262890684,-0.2588190451025203,1.0,33343.0,7117.2,43670.0,290.69416666666666,12.3,61308.69,2497.3,1196.0,8951.2,1518574.2,16457.0,9.359827,2023
2023-01-18 16:00:00+00:00,8.257405,89.55725625000001,0.9523775757303976,0.304921224656289,9606485.0,52.0,-0.5000000000000004,-0.8660254037844385,1.0,32961.0,7117.2,43670.0,290.69416666666666,12.3,65668.44,3408.2,1252.0,3706.0,682867.75,15907.0,9.3692255,2023
2022-12-13 22:00:00+00:00,14.89448,80.46928043999999,0.9523775757303972,-0.3049212246562894,6191200.0,123.04,0.8660254037844384,-0.5000000000000004,1.0,26696.0,7117.2,42100.0,47.86636363636364,12.3,68062.99,4263.9,1236.0,0.0,0.0,13971.0,8.031658,2022
2022-10-27 23:00:00+00:00,19.337727,80.46928043999999,0.436651231956063,-0.8996308696522438,4884752.0,50.0,0.9659258262890684,-0.2588190451025207,1.0,22319.0,5066.1,30305.0,32.56454545454545,22.65,31091.11,1514.6999999999998,604.0,8.9,0.0,11863.0,3.9233036,2022
2023-01-29 01:00:00+00:00,4.4373155,89.55725625000001,0.8779600847008882,0.4787338401157884,10151548.0,56.45,0.9659258262890684,0.2588190451025207,0.0,22628.0,7117.2,44223.0,115.03999999999998,10.7,63342.57,2561.5,1136.0,48.0,0.0,10518.0,4.94753,2023
2022-09-13 06:00:00+00:00,21.760786,80.46928043999999,-0.300819807635668,-0.9536809966304456,5329748.0,144.0,6.123233995736766e-17,1.0,1.0,29201.0,7117.2,28226.0,40.654545454545456,23.3,43739.22,1451.6999999999998,408.0,464.0,10800.484,11900.0,5.302667,2022
2022-09-07 20:00:00+00:00,22.432405,80.46928043999999,-0.3975428142825566,-0.9175836260593934,5498074.0,130.0,0.5000000000000001,-0.8660254037844386,1.0,29791.0,7117.2,26396.0,38.89454545454545,24.5,41203.5,5410.8,484.0,337.5,0.06358669,7289.0,3.252394,2022
2022-11-28 16:00:00+00:00,13.193453,80.46928043999999,0.8429415373547827,-0.5380051715383,5768825.0,86.5,-0.5000000000000004,-0.8660254037844385,1.0,30225.0,7117.2,34828.0,50.22727272727273,16.233333333333334,57274.09,5673.0,972.0,2726.7,468200.9,13399.0,7.4731207,2022
2022-12-20 01:00:00+00:00,12.330415,80.46928043999999,0.9821256058680004,-0.1882267098432448,7263299.0,99.9,0.9659258262890684,0.2588190451025207,1.0,22467.0,7117.2,41190.0,51.14363636363637,11.633333333333336,42647.5,808.1999999999998,924.0,6.3,0.0,11536.0,6.3295736,2022
2022-12-21 20:00:00+00:00,13.762888,80.46928043999999,0.9852201067560606,-0.1712931441814778,7263299.0,87.97,0.5000000000000001,-0.8660254037844386,1.0,32940.0,7117.2,41300.0,47.775454545454544,11.7,45463.38,5666.5,1248.0,0.8,0.0,13001.0,5.5796075,2022
2022-12-18 02:00:00+00:00,9.9239025,80.46928043999999,0.9750645322571948,-0.2219215130041658,6191200.0,114.0,0.8660254037844387,0.4999999999999999,0.0,19627.0,7117.2,41185.0,65.12181818181817,12.7,58889.35,2449.1,976.0,15.0,0.0,6035.0,2.923212,2022
2022-10-24 10:00:00+00:00,19.789755,80.46928043999999,0.3896304495307877,-0.9209712877166348,4884752.0,39.0,-0.8660254037844387,0.4999999999999999,1.0,28884.0,5066.1,32105.0,34.5,23.0,33336.020000000004,4437.6,804.0,7095.3,1304308.1,5952.0,3.9148328,2022
2022-12-21 09:00:00+00:00,13.040431,80.46928043999999,0.9852201067560606,-0.1712931441814778,7263299.0,87.97,-0.7071067811865475,0.7071067811865476,1.0,31807.0,7117.2,41300.0,47.775454545454544,11.7,53655.8,4555.9,1072.0,2134.3,281889.8,12657.0,5.5704436,2022
2023-01-28 19:00:00+00:00,6.369124,89.55725625000001,0.886070621534138,0.4635502709028509,10151548.0,50.51,0.2588190451025203,-0.9659258262890684,0.0,33728.0,7117.2,44740.0,115.67636363636365,10.7,66756.17,5147.1,1292.0,125.3,0.0,12682.0,5.574009,2023
2022-08-24 09:00:00+00:00,25.303535,80.46928043999999,-0.6050560696488494,-0.7961828637826154,5812377.0,225.0,-0.7071067811865475,0.7071067811865476,1.0,30951.0,7117.2,25146.0,45.233,26.100000000000005,41815.14,4632.1,592.0,10409.2,1600874.9,2997.0,0.9220902,2022
2022-07-17 11:00:00+00:00,29.828636,80.46928043999999,-0.9646141756912436,-0.2636654927280072,7037432.0,98.0,-0.9659258262890682,0.258819045102521,0.0,29304.0,7117.2,23670.0,44.74,27.5,33320.68,3781.8,544.0,11809.9,3078428.8,2914.0,2.2798445,2022
2022-12-20 12:00:00+00:00,14.568729,80.46928043999999,0.9821256058680004,-0.1882267098432448,7263299.0,99.9,-1.0,1.2246467991473532e-16,1.0,31650.0,7117.2,41190.0,51.14363636363637,11.633333333333336,48510.08,3558.0,928.0,4340.6,1065876.5,10879.0,5.440059,2022
2022-12-09 06:00:00+00:00,12.472698,80.46928043999999,0.9291414114031744,-0.3697245428906732,5758229.0,135.0,6.123233995736766e-17,1.0,1.0,24771.0,7117.2,40950.0,36.96818181818182,12.5,68003.5,1338.2000000000005,820.0,0.0,0.0,7288.0,4.968237,2022
2023-01-15 22:00:00+00:00,8.872488,89.55725625000001,0.9668478136052776,0.255353295116187,9141747.0,63.97,0.8660254037844384,-0.5000000000000004,0.0,25910.0,7117.2,43665.0,56.00727272727273,13.2,44742.62,3197.4,1280.0,0.5,0.0,14601.0,7.1217055,2023
2022-10-28 21:00:00+00:00,19.150694,80.46928043999999,0.4520722039323045,-0.8919813464595484,4884752.0,48.94,0.7071067811865474,-0.7071067811865477,1.0,23998.0,5066.1,30305.0,32.56454545454545,22.65,40435.61,2540.3,752.0,32.0,0.0,12466.0,4.8223267,2022
2023-02-26 01:00:00+00:00,7.069249,89.55725625000001,0.5560174366570445,0.831170626365808,9817436.0,49.7,0.9659258262890684,0.2588190451025207,0.0,21786.0,6121.4,38865.0,93.22454545454544,11.3,45562.56,4854.7,860.0,5.7,0.0,9133.0,4.2222466,2023
2022-10-24 13:00:00+00:00,21.254543,80.46928043999999,0.3896304495307877,-0.9209712877166348,4884752.0,39.0,-0.9659258262890684,-0.2588190451025203,1.0,27971.0,5066.1,32105.0,34.5,23.0,30638.16,4312.4,724.0,7344.8,1725022.1,6602.0,4.204735,2022
2022-09-13 07:00:00+00:00,21.889708,80.46928043999999,-0.300819807635668,-0.9536809966304456,5329748.0,144.0,-0.2588190451025208,0.9659258262890684,1.0,30299.0,7117.2,28226.0,40.654545454545456,23.3,44089.25,1676.9000000000003,432.0,1890.5,162542.55,11716.0,5.1642933,2022
2023-01-28 05:00:00+00:00,4.2585316,89.55725625000001,0.886070621534138,0.4635502709028509,10151548.0,50.51,0.2588190451025207,0.9659258262890684,0.0,23524.0,7117.2,44740.0,115.67636363636365,10.7,56314.48,2618.8,1224.0,31.7,0.0,11752.0,6.157644,2023
2022-07-15 20:00:00+00:00,27.145258,80.46928043999999,-0.973118337233262,-0.2303056702306119,7037432.0,146.0,0.5000000000000001,-0.8660254037844386,1.0,33400.0,7117.2,25950.0,43.41363636363637,27.23333333333333,42894.09,6379.0,680.0,654.8,64816.77,6363.0,0.98418736,2022
2023-01-15 19:00:00+00:00,9.823184,89.55725625000001,0.9668478136052776,0.255353295116187,9141747.0,63.97,0.2588190451025203,-0.9659258262890684,0.0,29626.0,7117.2,43665.0,56.00727272727273,13.2,45284.91,4114.1,1316.0,32.5,0.0,13517.0,6.578792,2023
2022-08-24 07:00:00+00:00,22.288664,80.46928043999999,-0.6050560696488494,-0.7961828637826154,5812377.0,225.0,-0.2588190451025208,0.9659258262890684,1.0,28526.0,7117.2,25146.0,45.233,26.100000000000005,43861.62,4678.4,580.0,4586.0,406002.06,3434.0,1.1706867,2022
2023-01-08 22:00:00+00:00,13.352706,89.55725625000001,0.9905324521322229,0.1372787721132647,8688669.0,61.89,0.8660254037844384,-0.5000000000000004,0.0,25495.0,7117.2,42950.0,38.42363636363636,10.25,39013.09,2696.2,1092.0,0.0,0.0,15473.0,9.917576,2023
2022-12-18 08:00:00+00:00,9.929696,80.46928043999999,0.9750645322571948,-0.2219215130041658,6191200.0,114.0,-0.4999999999999998,0.8660254037844387,0.0,22150.0,7117.2,41185.0,65.12181818181817,12.7,60333.18,1482.2000000000005,960.0,1330.1,50642.25,7297.0,3.7205536,2022
2022-10-22 20:00:00+00:00,18.962017,80.46928043999999,0.3576982388331254,-0.9338372288229252,4759479.0,44.8,0.5000000000000001,-0.8660254037844386,0.0,24501.0,5066.1,31190.0,35.26636363636364,22.9,34280.78,1763.2999999999995,700.0,51.5,0.0,13351.0,6.1650357,2022
2022-10-28 09:00:00+00:00,19.458338,80.46928043999999,0.4520722039323045,-0.8919813464595484,4884752.0,48.94,-0.7071067811865475,0.7071067811865476,1.0,28390.0,5066.1,30305.0,32.56454545454545,22.65,37594.98,3121.6,668.0,6421.8,852070.0,7011.0,3.5703015,2022
2022-11-24 15:00:00+00:00,15.766506,80.46928043999999,0.8039279618328213,-0.5947266869607633,5454445.0,66.58,-0.7071067811865477,-0.7071067811865475,1.0,28987.0,6071.9,34984.0,74.2890909090909,17.233333333333334,46325.08,5446.0,1064.0,3123.6,713127.1,8295.0,4.1640105,2022
2022-07-15 19:00:00+00:00,28.643099,80.46928043999999,-0.973118337233262,-0.2303056702306119,7037432.0,146.0,0.2588190451025203,-0.9659258262890684,1.0,33666.0,7117.2,25950.0,43.41363636363637,27.23333333333333,41362.66,6231.7,740.0,1773.0,445572.4,6022.0,1.0374892,2022
2022-08-13 08:00:00+00:00,24.74385,80.46928043999999,-0.7441039398713605,-0.6680638642135336,6132407.0,150.0,-0.4999999999999998,0.8660254037844387,0.0,26522.0,7117.2,26291.0,46.81454545454546,27.73333333333333,31709.57,4364.4,652.0,5797.2,986958.44,2351.0,1.0831873,2022
2022-12-09 05:00:00+00:00,12.514609,80.46928043999999,0.9291414114031744,-0.3697245428906732,5758229.0,135.0,0.2588190451025207,0.9659258262890684,1.0,21440.0,7117.2,40950.0,36.96818181818182,12.5,61778.96,708.6000000000004,836.0,0.0,0.0,7456.0,5.1597543,2022
2022-08-09 09:00:00+00:00,25.990248,80.46928043999999,-0.7883050558305256,-0.6152845999633274,6132407.0,131.51,-0.7071067811865475,0.7071067811865476,1.0,30811.0,7117.2,26888.0,47.87363636363636,27.73333333333333,34424.44,4785.3,616.0,10600.9,1837931.2,3269.0,2.555151,2022
2023-02-26 20:00:00+00:00,7.950027,89.55725625000001,0.5560174366570445,0.831170626365808,9817436.0,49.7,0.5000000000000001,-0.8660254037844386,0.0,30853.0,6121.4,38865.0,93.22454545454544,11.3,46411.63,5330.8,868.0,90.6,0.0,16660.0,5.764631,2023
2022-10-22 17:00:00+00:00,20.185484,80.46928043999999,0.3576982388331254,-0.9338372288229252,4759479.0,44.8,-0.2588190451025206,-0.9659258262890684,0.0,24059.0,5066.1,31190.0,35.26636363636364,22.9,40055.01,1109.3999999999996,668.0,688.0,261428.2,13241.0,5.7513356,2022
2023-01-29 22:00:00+00:00,5.223861,89.55725625000001,0.8779600847008882,0.4787338401157884,10151548.0,56.45,0.8660254037844384,-0.5000000000000004,0.0,29039.0,7117.2,43310.0,115.03999999999998,10.7,64784.91,4677.5,1288.0,74.4,0.0,7159.0,4.072239,2023
2022-10-24 14:00:00+00:00,21.396338,80.46928043999999,0.3896304495307877,-0.9209712877166348,4884752.0,39.0,-0.8660254037844386,-0.5000000000000001,1.0,27396.0,5066.1,32105.0,34.5,23.0,30831.67,4443.8,696.0,6652.6,1541228.8,6064.0,4.0567527,2022
2022-10-28 07:00:00+00:00,17.30987,80.46928043999999,0.4520722039323045,-0.8919813464595484,4884752.0,48.94,-0.2588190451025208,0.9659258262890684,1.0,28503.0,5066.1,30305.0,32.56454545454545,22.65,39140.05,3183.9,764.0,871.5,37829.117,8137.0,3.1980357,2022
2023-01-15 06:00:00+00:00,9.239061,89.55725625000001,0.9668478136052776,0.255353295116187,9141747.0,63.97,6.123233995736766e-17,1.0,0.0,20951.0,7117.2,40212.0,56.00727272727273,13.2,35068.99,2066.6,1076.0,0.0,0.0,10113.0,4.7356896,2023
2022-07-17 21:00:00+00:00,26.069345,80.46928043999999,-0.9646141756912436,-0.2636654927280072,7037432.0,98.0,0.7071067811865474,-0.7071067811865477,0.0,30268.0,7117.2,25035.0,44.74,27.5,42714.47,5160.7,568.0,562.7,68.03776,6105.0,1.7088182,2022
2022-09-07 18:00:00+00:00,24.017448,80.46928043999999,-0.3975428142825566,-0.9175836260593934,5498074.0,130.0,-1.8369701987210292e-16,-1.0,1.0,30383.0,7117.2,26396.0,38.89454545454545,24.5,45006.88,5334.5,432.0,1749.5,370201.4,8787.0,3.6578124,2022
2022-12-10 10:00:00+00:00,10.836631,80.46928043999999,0.935367949313148,-0.3536761221763721,5758229.0,134.5,-0.8660254037844387,0.4999999999999999,0.0,27448.0,7117.2,40725.0,40.11545454545455,12.5,63243.49,4453.1,812.0,5029.2,654101.6,9268.0,4.821411,2022
2022-08-05 10:00:00+00:00,26.462393,80.46928043999999,-0.8287700871745037,-0.5595892624101767,6357621.0,129.99,-0.8660254037844387,0.4999999999999999,1.0,33374.0,7117.2,26306.0,44.653636363636366,27.53333333333333,39114.87,5379.2,576.0,12280.6,2300175.2,5789.0,1.914585,2022
2023-02-26 02:00:00+00:00,6.9605665,89.55725625000001,0.5560174366570445,0.831170626365808,9817436.0,49.7,0.8660254037844387,0.4999999999999999,0.0,20862.0,6121.4,38865.0,93.22454545454544,11.3,43219.88,4666.0,864.0,6.7,0.0,9351.0,4.2763786,2023
2022-08-05 11:00:00+00:00,27.31645,80.46928043999999,-0.8287700871745037,-0.5595892624101767,6357621.0,129.99,-0.9659258262890682,0.258819045102521,1.0,34382.0,7117.2,26306.0,44.653636363636366,27.53333333333333,38536.81,5237.3,580.0,12766.2,2774580.2,5723.0,1.6846013,2022
2023-02-01 15:00:00+00:00,12.106809,89.55725625000001,0.8520775211013093,0.5234156073655503,10162057.0,58.95,-0.7071067811865477,-0.7071067811865475,1.0,32255.0,7117.2,44660.0,98.43363636363635,10.8,53970.58,5693.2,1028.0,10551.6,1466844.0,7201.0,1.8809881,2023
2023-02-21 04:00:00+00:00,10.316195,89.55725625000001,0.6254105729852463,0.7802958510707755,9817436.0,49.52,0.5000000000000001,0.8660254037844386,1.0,22222.0,7117.2,41375.0,79.73272727272727,12.4,49889.55,4093.9,844.0,0.0,0.0,4190.0,1.4383564,2023
2022-07-21 10:00:00+00:00,27.23653,80.46928043999999,-0.9441875088341996,-0.3294084822245298,6828082.0,114.95,-0.8660254037844387,0.4999999999999999,1.0,35605.0,7117.2,27255.0,48.78272727272727,27.433333333333334,44594.18,5902.8,608.0,12003.8,2536105.2,3980.0,2.3167279,2022
2023-02-26 16:00:00+00:00,10.503103,89.55725625000001,0.5560174366570445,0.831170626365808,9817436.0,49.7,-0.5000000000000004,-0.8660254037844385,0.0,24606.0,6121.4,38865.0,93.22454545454544,11.3,34328.880000000005,4760.3,744.0,7457.4,1166935.2,16239.0,5.8510513,2023
2022-12-10 13:00:00+00:00,11.795068,80.46928043999999,0.935367949313148,-0.3536761221763721,5758229.0,134.5,-0.9659258262890684,-0.2588190451025203,0.0,27514.0,7117.2,40725.0,40.11545454545455,12.5,58797.92,4218.9,824.0,6102.2,1156725.2,9390.0,5.1439643,2022
2022-08-24 16:00:00+00:00,28.193968,80.46928043999999,-0.6050560696488494,-0.7961828637826154,5812377.0,225.0,-0.5000000000000004,-0.8660254037844385,1.0,31962.0,7117.2,23816.0,45.233,26.100000000000005,43379.27,4348.7,508.0,9109.3,1750667.4,4496.0,0.59878814,2022
2022-09-13 05:00:00+00:00,21.845198,80.46928043999999,-0.300819807635668,-0.9536809966304456,5329748.0,144.0,0.2588190451025207,0.9659258262890684,1.0,27901.0,7117.2,28226.0,40.654545454545456,23.3,41855.34,1135.1999999999998,404.0,9.5,0.0,11969.0,5.361033,2022
2022-12-21 03:00:00+00:00,12.635196,80.46928043999999,0.9852201067560606,-0.1712931441814778,7263299.0,87.97,0.7071067811865476,0.7071067811865476,1.0,21586.0,7117.2,41300.0,47.775454545454544,11.7,43741.91,2074.1,1040.0,0.0,0.0,12652.0,5.9446816,2022
2022-08-25 12:00:00+00:00,26.680454,80.46928043999999,-0.5912614448635782,-0.8064799463209447,5812377.0,206.98,-1.0,1.2246467991473532e-16,1.0,32655.0,7117.2,24046.0,46.841,26.066666666666663,42279.97,4666.200000000001,524.0,12655.2,2746086.5,4826.0,1.4742235,2022
2022-07-15 21:00:00+00:00,25.955513,80.46928043999999,-0.973118337233262,-0.2303056702306119,7037432.0,146.0,0.7071067811865474,-0.7071067811865477,1.0,31864.0,7117.2,25950.0,43.41363636363637,27.23333333333333,45609.51,6382.5,632.0,589.2,93.56781,6351.0,1.028042,2022
2022-08-13 20:00:00+00:00,25.072258,80.46928043999999,-0.7441039398713605,-0.6680638642135336,6132407.0,150.0,0.5000000000000001,-0.8660254037844386,0.0,29340.0,7117.2,26836.0,46.81454545454546,27.73333333333333,38240.47,4408.2,580.0,59.4,10676.077,8041.0,1.5997996,2022
2022-07-19 16:00:00+00:00,28.420805,80.46928043999999,-0.9549667548552552,-0.2967128192734901,6828082.0,112.0,-0.5000000000000004,-0.8660254037844385,1.0,35539.0,7117.2,24490.0,46.693636363636365,27.366666666666664,45045.130000000005,4851.6,540.0,10377.8,2278075.5,7285.0,1.3641412,2022
2022-07-25 16:00:00+00:00,29.527372,80.46928043999999,-0.9192859697186104,-0.3935902766564669,6608574.0,129.8,-0.5000000000000004,-0.8660254037844385,1.0,34229.0,7117.2,24992.0,46.22818181818182,27.3,38331.59,3882.9,524.0,10289.2,2188406.8,7031.0,3.8489442,2022
2022-12-20 10:00:00+00:00,13.592682,80.46928043999999,0.9821256058680004,-0.1882267098432448,7263299.0,99.9,-0.8660254037844387,0.4999999999999999,1.0,31485.0,7117.2,41190.0,51.14363636363637,11.633333333333336,51862.27,3873.3,896.0,3661.0,628209.5,10410.0,5.154963,2022
2022-07-27 11:00:00+00:00,25.800085,80.46928043999999,-0.9051931898913976,-0.4250003399695539,6608574.0,133.0,-0.9659258262890682,0.258819045102521,1.0,35922.0,7117.2,25615.0,45.73454545454545,25.933333333333334,39959.880000000005,4540.9,624.0,12472.7,2873944.2,2148.0,1.5414163,2022
2022-07-25 00:00:00+00:00,23.945763,80.46928043999999,-0.9192859697186104,-0.3935902766564669,6608574.0,129.8,1.0,0.0,1.0,25329.0,7117.2,24992.0,46.22818181818182,27.3,35782.12,3574.5,548.0,262.4,0.0,5331.0,2.1517887,2022
2022-08-25 05:00:00+00:00,20.940943,80.46928043999999,-0.5912614448635782,-0.8064799463209447,5812377.0,206.98,0.2588190451025207,0.9659258262890684,1.0,26292.0,7117.2,24046.0,46.841,26.066666666666663,39003.56,3601.3,520.0,114.7,0.0,4749.0,1.5972713,2022
2022-11-28 13:00:00+00:00,13.457512,80.46928043999999,0.8429415373547827,-0.5380051715383,5768825.0,86.5,-0.9659258262890684,-0.2588190451025203,1.0,30890.0,7117.2,34938.0,50.22727272727273,16.233333333333334,53959.46,4087.1,944.0,9711.9,1328354.6,15559.0,7.786889,2022
2022-12-18 19:00:00+00:00,12.317354,80.46928043999999,0.9750645322571948,-0.2219215130041658,6191200.0,114.0,0.2588190451025203,-0.9659258262890684,0.0,27984.0,7117.2,41190.0,65.12181818181817,12.7,56641.89,3522.3,1048.0,109.8,0.0,9918.0,5.4232807,2022
2022-10-24 15:00:00+00:00,21.233297,80.46928043999999,0.3896304495307877,-0.9209712877166348,4884752.0,39.0,-0.7071067811865477,-0.7071067811865475,1.0,27512.0,5066.1,32105.0,34.5,23.0,31866.54,4563.2,756.0,5238.1,1196003.0,5332.0,3.7039213,2022
2023-01-18 08:00:00+00:00,6.0693336,89.55725625000001,0.9523775757303976,0.304921224656289,9606485.0,52.0,-0.4999999999999998,0.8660254037844387,1.0,33845.0,7117.2,43670.0,290.69416666666666,12.3,70811.95,3729.4,1280.0,1108.4,39831.305,15332.0,9.7002125,2023
2022-07-17 10:00:00+00:00,28.911884,80.46928043999999,-0.9646141756912436,-0.2636654927280072,7037432.0,98.0,-0.8660254037844387,0.4999999999999999,0.0,28140.0,7117.2,23670.0,44.74,27.5,33512.8,3930.4,532.0,11564.9,2645343.5,2623.0,2.155339,2022
2023-02-21 08:00:00+00:00,10.432963,89.55725625000001,0.6254105729852463,0.7802958510707755,9817436.0,49.52,-0.4999999999999998,0.8660254037844387,1.0,31539.0,7117.2,41375.0,79.73272727272727,12.4,60278.99,4642.1,924.0,2336.3,215384.92,2516.0,1.1438404,2023
