timestamp,air_temp_era5_FR,carbon_price_FR,day_of_year_cos,day_of_year_sin,filling_rate_FR,gas_price_FR,hour_cos,hour_sin,isworkingday_FR,load_da_FR,nuclear_avail_esios_ES,nuclear_avail_rte_FR,river_flow_mean_FR,river_temp_FR,rl_BE,rl_DE_LU,rl_ES,rl_IT_NORD,run_off_gen_FR,solar_da_FR,ssrd_FR,wind_da_FR,wind_speed_100m_FR,year
2020-04-20 18:00:00+00:00,14.632143,17.2389636,-0.3334687789181868,0.9427611433904208,1670557.0,6.25,-1.8369701987210292e-16,-1.0,1.0,43200.0,5939.1,41430.0,197.7549138583639,14.734791676203423,6697.75,24476.8075,20801.3,16399.0,5525.0,203.24,356244.97,5418.41,5.670263,2020
2023-07-20 21:00:00+00:00,19.27552,89.55725625000001,-0.9497178427914318,-0.3131070409358262,3013784.0,27.08,0.7071067811865474,-0.7071067811865477,1.0,47400.0,7117.2,36780.0,189.15409763569764,23.612333191765675,7823.13,42225.5725,21939.6,22632.0,4157.0,0.0,326.95795,2587.82,2.982281,2023
2022-12-29 20:00:00+00:00,9.025433,80.46928043999999,0.9994074007397048,-0.0344216116227458,2284112.0,79.4,0.5000000000000001,-0.8660254037844386,1.0,53750.0,7117.2,36780.0,374.2383574983792,8.351833303769435,4727.6275,16475.97,15907.625,14030.0,5304.0,0.0,0.0,6401.17,6.521785,2022
2020-07-24 08:00:00+00:00,19.803621,17.2389636,-0.9192859697186104,-0.3935902766564669,3088372.0,4.78,-0.4999999999999998,0.8660254037844387,1.0,51300.0,7117.2,36332.0,200.97030606430607,20.044266510009773,8138.200000000001,38194.4575,24586.7,22701.0,4714.0,4185.17,1201041.0,1432.58,3.2278087,2020
2020-10-11 20:00:00+00:00,9.960604,17.2389636,0.1924515819708299,-0.9813064702716092,2964842.0,13.753333333333334,0.5000000000000001,-0.8660254037844386,0.0,48600.0,6125.5,42805.0,257.29792781847783,12.891699949900309,6821.3725,39353.585,14227.7,14158.0,3824.0,0.0,0.0,4557.32,6.3350544,2020
2019-05-29 16:00:00+00:00,16.376945,22.79031588,-0.8382797052177741,0.5452404385406513,1481998.0,11.75,-0.5000000000000004,-0.8660254037844385,1.0,47800.0,5122.1,45222.0,338.40830645095645,14.900999810960544,8945.5025,48936.1725,18685.1,21073.0,6294.0,2982.01,1452278.9,2617.87,4.1744533,2019
2020-07-17 00:00:00+00:00,16.64118,17.2389636,-0.9599326896597444,-0.2802306751992161,3087938.0,5.15,1.0,0.0,1.0,39450.0,7117.2,36240.0,207.3786451770452,17.973933219909664,7686.6275,38825.305,14634.2,15215.0,3502.0,0.0,0.0,1773.59,3.3766193,2020
2019-12-24 16:00:00+00:00,11.286178,22.79031588,0.9927487224577402,-0.1202080448993527,2804309.0,11.35,-0.5000000000000004,-0.8660254037844385,1.0,58000.0,7117.2,50615.0,844.2380986161985,9.268458326657612,7719.27,40711.1275,22081.0,14376.0,7227.0,29.37,149324.8,10038.47,8.396785,2019
2023-01-29 19:00:00+00:00,3.266859,89.55725625000001,0.8779600847008882,0.4787338401157884,1860943.0,55.43333333333333,0.2588190451025203,-0.9659258262890684,0.0,70800.0,7117.2,44320.0,251.8009174601565,5.214333408408694,6847.7175,21245.067500000005,25891.975,17469.0,4566.0,0.0,0.0,3182.13,2.6597095,2023
2018-01-14 13:00:00+00:00,6.6567154,15.1252596,0.9711000518829505,0.2386727660059501,1719409.0,19.2,-0.9659258262890684,-0.2588190451025203,0.0,63850.0,7117.2,55170.0,646.2492081603582,6.654749989509582,9609.517499999998,44321.4175,27009.4,13143.0,5786.0,1584.34,919656.9,917.89,1.0945271,2018
2020-08-11 20:00:00+00:00,23.258144,17.2389636,-0.7554933140726804,-0.655156357209085,3013309.0,6.82,0.5000000000000001,-0.8660254037844386,1.0,45400.0,7117.2,37219.0,186.1467452177452,22.94709962209064,8915.36,33470.8575,25124.7,16948.0,3956.0,0.0,7340.1543,1678.52,1.6108118,2020
2019-07-11 17:00:00+00:00,23.334932,22.79031588,-0.9866579328916572,-0.1628070129385164,2673159.0,12.75,-0.2588190451025206,-0.9659258262890684,1.0,50950.0,7117.2,42733.0,209.47688111518107,23.160250027974435,8895.747500000001,57013.405,28423.4,24599.0,4457.0,1958.64,1279881.9,2053.14,3.2003732,2019
2018-05-10 02:00:00+00:00,11.93734,15.1252596,-0.6186714032625031,0.7856498550787147,1101932.0,20.9,0.8660254037844387,0.4999999999999999,0.0,34450.0,5066.1,41870.0,379.6789316623705,12.69874966144562,6738.6325,37403.3925,14219.8,15502.0,6485.0,0.0,0.0,3192.44,5.180786,2018
2023-12-28 02:00:00+00:00,8.389511,89.55725625000001,0.998666816288476,-0.0516196672232541,2795844.0,31.8,0.8660254037844387,0.4999999999999999,1.0,47000.0,7117.2,41475.0,521.5360070873571,8.515555381774908,3243.3025,3414.519999999997,15565.05,10003.0,5125.0,0.0,0.0,12401.59,7.8115635,2023
2019-11-02 13:00:00+00:00,14.585278,22.79031588,0.5270777086423716,-0.8498170915275282,2851394.0,11.983333333333333,-0.9659258262890684,-0.2588190451025203,0.0,48250.0,5770.1,38670.0,271.0868385225885,13.827500025431329,5806.725,23859.007500000003,10645.2,14866.0,4967.0,2259.6,754634.06,11670.16,9.211997,2019
2018-04-24 20:00:00+00:00,14.377671,15.1252596,-0.3816892202666589,0.9242907221930932,811033.0,19.68,0.5000000000000001,-0.8660254037844386,1.0,47000.0,5066.1,46290.0,341.58691947044724,13.7509998480479,8895.625,52270.9275,24777.4,18892.0,7138.0,0.0,835.98224,1448.62,3.7914991,2018
2018-10-12 15:00:00+00:00,21.812935,15.1252596,0.1924515819708299,-0.9813064702716092,2476781.0,25.35,-0.7071067811865477,-0.7071067811865475,1.0,47050.0,7117.2,42940.0,125.77950207570206,16.425583283106466,8331.875,51144.755000000005,15926.3,23301.0,1745.0,1865.3,1025290.1,5223.15,6.7442613,2018
2022-02-21 16:00:00+00:00,9.630527,80.46928043999999,0.6254105729852463,0.7802958510707755,1739794.0,71.5,-0.5000000000000004,-0.8660254037844385,1.0,59400.0,7117.2,43286.0,370.0064994301994,8.48661110136244,7828.990000000001,30721.882499999992,13916.8,25393.0,5398.0,1032.95,706743.06,15141.55,11.074177,2022
2019-02-09 11:00:00+00:00,9.763667,22.79031588,0.7721565844991642,0.6354323008901774,1474810.0,18.27,-0.9659258262890682,0.258819045102521,0.0,64700.0,7117.2,54890.0,303.9842227106228,6.808555656009251,7733.2975,11528.394999999997,23013.3,15577.0,3971.0,2838.47,1087633.8,9770.52,7.98836,2019
2021-05-02 06:00:00+00:00,6.5647817,46.29497964,-0.5049610547215204,0.8631421280499114,940614.0,23.966666666666665,6.123233995736766e-17,1.0,0.0,44650.0,6761.4,37170.0,273.2048911884412,9.843611134423156,7062.6225,30277.295,15232.9,10576.0,5291.0,72.76,262212.4,1522.78,3.0612772,2021
2018-05-15 02:00:00+00:00,10.431691,15.1252596,-0.6839194216246103,0.7295575540864878,1327826.0,21.38,0.8660254037844387,0.4999999999999999,1.0,39900.0,6071.9,46785.0,428.9581306064306,10.240166544914253,7081.202499999999,38587.0925,15359.5,14516.0,7261.0,0.0,0.0,4036.41,4.9013677,2018
2020-06-11 04:00:00+00:00,12.344682,17.2389636,-0.9441875088341992,0.3294084822245304,2775806.0,4.72,0.5000000000000001,0.8660254037844386,1.0,38850.0,5102.5,33555.0,308.8348556166056,16.359750270843513,7075.5650000000005,32132.61,16710.4,14832.0,5870.0,3.15,3274.3057,1203.38,1.1427716,2020
2021-12-11 12:00:00+00:00,7.7090583,46.29497964,0.941317317512847,-0.3375228995941134,2059628.0,107.68333333333332,-1.0,1.2246467991473532e-16,0.0,70150.0,5042.0,43435.0,594.794458058608,6.030111140675015,8975.89,49783.05,13515.4,16354.0,5041.0,2893.43,686823.0,3021.55,4.6329036,2021
2018-05-15 01:00:00+00:00,10.6302,15.1252596,-0.6839194216246103,0.7295575540864878,1327826.0,21.38,0.9659258262890684,0.2588190451025207,1.0,41450.0,6071.9,46785.0,428.9581306064306,10.264249881108602,6934.702499999999,36769.625,15315.4,14458.0,7326.0,0.0,0.0,4157.14,4.8836536,2018
2023-09-08 05:00:00+00:00,17.679916,89.55725625000001,-0.3816892202666594,-0.924290722193093,2865844.0,34.65,0.2588190451025207,0.9659258262890684,1.0,44050.0,7043.3,41850.0,190.8092578329078,20.978944248623304,8980.012499999999,41415.2575,23961.95,20028.0,2797.0,0.0,85.617775,1412.54,1.2423466,2023
2022-10-18 09:00:00+00:00,17.36101,80.46928043999999,0.2926003356333479,-0.9562348265919058,2315468.0,72.5,-0.7071067811865475,0.7071067811865476,1.0,49200.0,5066.1,29189.0,157.90778255689554,16.248166640599557,8780.975,48513.515,10349.5,19578.0,2022.0,4570.14,851795.5,1855.69,3.7686868,2022
2023-09-27 08:00:00+00:00,17.2976,89.55725625000001,-0.0645084494493171,-0.9979171608653922,2776356.0,40.0,-0.4999999999999998,0.8660254037844387,1.0,47800.0,5983.0,39656.0,184.11790325415325,18.23622226715088,7706.420000000001,35794.244999999995,10816.9,19078.0,2809.0,4770.3,685166.3,5120.69,4.2165256,2023
2023-07-21 03:00:00+00:00,16.638956,89.55725625000001,-0.9441875088341996,-0.3294084822245298,3013784.0,28.5,0.7071067811865476,0.7071067811865476,1.0,37000.0,7117.2,36780.0,189.1600678932179,22.734888394673685,6413.2775,40490.15,17792.5,17669.0,3190.0,0.0,0.0,2296.68,3.0693495,2023
2022-10-15 01:00:00+00:00,14.700367,80.46928043999999,0.2428497220959349,-0.9700639218515072,2320864.0,64.83333333333333,0.9659258262890684,0.2588190451025207,0.0,34850.0,5066.1,27830.0,167.76770778520998,15.730999946594224,6412.157499999999,36163.015,15497.525,13320.0,2202.0,0.0,0.0,6516.11,4.959587,2022
2022-08-20 15:00:00+00:00,24.107538,80.46928043999999,-0.6584015846980489,-0.7526668275320083,2249940.0,254.0,-0.7071067811865477,-0.7071067811865475,0.0,37800.0,7117.2,24721.0,182.53423222610724,22.17891677220664,5597.2525000000005,35003.067500000005,10801.75,11163.0,2678.0,6928.74,1998149.6,1611.89,3.011262,2022
2020-09-25 04:00:00+00:00,11.655829,17.2389636,-0.0816763953304228,-0.99665890175417,2821249.0,11.43,0.5000000000000001,0.8660254037844386,1.0,40100.0,7075.5,38015.0,179.42284086284087,15.79983342488606,7034.4025,42198.685,10574.0,18463.0,2922.0,0.0,0.0,8158.98,8.110446,2020
2023-01-03 15:00:00+00:00,10.61881,89.55725625000001,0.998666816288476,0.0516196672232537,2327857.0,71.81,-0.7071067811865477,-0.7071067811865475,1.0,56150.0,7117.2,42742.0,326.5747384091754,9.349083264668783,6280.0175,49630.5575,20026.425,17511.0,5849.0,1155.66,417436.56,6594.21,5.522418,2023
2022-08-24 15:00:00+00:00,27.276615,80.46928043999999,-0.6050560696488494,-0.7961828637826154,2250959.0,293.0,-0.7071067811865477,-0.7071067811865475,1.0,48550.0,7117.2,23816.0,146.15470664335666,24.227166493733733,8530.415,41961.14749999999,17996.825,16965.0,2333.0,6718.53,1911989.5,1067.52,1.0305603,2022
2022-12-29 03:00:00+00:00,9.707854,80.46928043999999,0.9994074007397048,-0.0344216116227458,2284112.0,79.4,0.7071067811865476,0.7071067811865476,1.0,43700.0,7117.2,36780.0,374.2383574983792,7.999833464622496,3009.2225,6929.2575,9485.275,9379.0,4686.0,0.0,0.0,15243.29,9.033154,2022
2021-07-18 23:00:00+00:00,19.602861,46.29497964,-0.9599326896597444,-0.2802306751992161,2463983.0,35.89333333333334,0.9659258262890684,-0.2588190451025207,1.0,38700.0,7117.2,40745.0,741.0299879120879,18.67633318901062,7553.400000000001,31610.48,18115.2,13479.0,5291.0,0.0,0.0,4323.14,4.3679695,2021
2018-03-04 00:00:00+00:00,5.8313456,15.1252596,0.4673592171580022,0.8840675099433636,812004.0,23.03333333333333,1.0,0.0,0.0,64150.0,6071.9,51125.0,418.5730196909058,5.645749906698862,9082.1125,38702.14749999999,14159.9,13258.0,6110.0,0.0,0.0,4735.45,5.349783,2018
2019-01-25 20:00:00+00:00,5.2067485,22.79031588,0.9088176373395028,0.4171936026123168,1750281.0,20.8,0.5000000000000001,-0.8660254037844386,1.0,74200.0,7117.2,56068.0,245.88747039072035,5.919749975204466,9659.3175,38334.1725,26487.0,22541.0,4230.0,0.0,0.0,4562.11,4.890036,2019
2020-09-25 05:00:00+00:00,11.413535,17.2389636,-0.0816763953304228,-0.99665890175417,2821249.0,11.43,0.2588190451025207,0.9659258262890684,1.0,45850.0,7075.5,38015.0,179.42284086284087,15.673699951171873,8263.7075,46853.677500000005,13394.7,21455.0,3243.0,0.0,0.0,7932.63,8.124707,2020
2022-08-01 06:00:00+00:00,19.17059,80.46928043999999,-0.8653072543632061,-0.5012418134457756,2274044.0,198.75,6.123233995736766e-17,1.0,1.0,42650.0,7117.2,24776.0,136.26412903300402,20.803249994913728,8377.67,45074.295,21866.925,21239.0,2429.0,1604.06,262124.67,933.38,2.1546097,2022
2019-02-06 17:00:00+00:00,8.384818,22.79031588,0.8039279618328213,0.5947266869607633,1474810.0,19.0,-0.2588190451025206,-0.9659258262890684,1.0,73999.5,7117.2,55920.0,388.7713747659748,6.646333336830139,11648.81,60225.4575,30171.1,26732.0,6251.0,0.0,124559.23,4047.48,3.690361,2019
2019-11-01 19:00:00+00:00,14.420723,22.79031588,0.5123714121284235,-0.858763958275803,2851394.0,11.45,0.2588190451025203,-0.9659258262890684,0.0,48600.0,5760.1,38815.0,265.6794275742775,13.7195831934611,7502.094999999999,32102.585,14493.7,16041.0,4596.0,0.0,0.0,8048.22,7.807453,2019
2023-11-27 14:00:00+00:00,8.704373,89.55725625000001,0.83355577183857,-0.5524353131676195,2883329.0,44.25,-0.8660254037844386,-0.5000000000000001,1.0,66050.0,6125.5,43285.0,450.4519276334776,9.074999862247052,8360.869999999999,44205.2475,11340.25,23901.0,5694.0,2531.44,387719.66,11443.09,6.0346904,2023
2018-07-21 18:00:00+00:00,21.23551,15.1252596,-0.9441875088341996,-0.3294084822245298,2788177.0,22.043333333333333,-1.8369701987210292e-16,-1.0,0.0,42100.0,7117.2,41115.0,195.0570777370777,18.624333461125683,7705.4775,49519.8325,23658.7,21353.0,4529.0,542.88,649399.5,1195.66,2.864471,2018
2018-08-14 21:00:00+00:00,18.900047,15.1252596,-0.7324940716135788,-0.6807734094770164,2869444.0,23.55,0.7071067811865474,-0.7071067811865477,1.0,44100.0,7117.2,41780.0,175.4080203093203,18.145999789237987,8822.095000000001,42593.73,20875.9,13752.0,3718.0,0.0,0.0,2028.29,3.8654704,2018
2021-12-14 05:00:00+00:00,5.6039925,46.29497964,0.9574851883550392,-0.288482432880609,2010670.0,127.2,0.2588190451025207,0.9659258262890684,1.0,65100.0,5042.0,43570.0,403.4267983719984,6.101500034332275,8320.5275,47242.1725,24738.9,20646.0,4856.0,0.0,0.0,701.91,1.1685799,2021
2022-05-03 10:00:00+00:00,14.512209,80.46928043999999,-0.5197438121555155,0.854322169749827,1418563.0,96.35,-0.8660254037844387,0.4999999999999999,1.0,52200.0,6125.5,30843.0,214.7512204924705,14.628444353739416,5951.652499999999,33642.075000000004,13366.6,16721.0,4748.0,7731.28,1968379.9,2061.65,3.0470355,2022
2020-06-21 01:00:00+00:00,14.865072,17.2389636,-0.986657932891657,0.1628070129385171,2837466.0,5.296666666666667,0.9659258262890684,0.2588190451025207,0.0,32950.0,6105.9,32775.0,295.3008598697599,16.537533632914204,6315.172500000001,29760.9925,16118.0,10425.0,5227.0,0.0,0.0,2203.39,3.152563,2020
2018-06-04 17:00:00+00:00,19.097208,15.1252596,-0.8900275764346767,0.4559066935084588,2062657.0,22.15,-0.2588190451025206,-0.9659258262890684,1.0,49850.0,4536.8,42760.0,410.0838156695157,16.225083192189558,9347.455,56598.17499999999,21666.6,21523.0,7803.0,1227.13,1018704.2,1952.36,2.14058,2018
2018-01-27 23:00:00+00:00,6.2208705,15.1252596,0.893918596519257,0.4482293417404106,1704964.0,17.416666666666664,0.9659258262890684,-0.2588190451025207,0.0,64500.0,7117.2,57395.0,948.0772559546422,6.96583346525828,7917.322499999998,19446.445,19918.1,13787.0,6031.0,0.0,0.0,4219.24,3.346299,2018
2021-10-22 07:00:00+00:00,9.0039835,46.29497964,0.3576982388331254,-0.9338372288229252,2356588.0,87.05,-0.2588190451025208,0.9659258262890684,1.0,58650.0,6121.4,42160.0,152.3385578551079,13.127611054314505,7342.227499999999,26630.0475,22332.1,25124.0,2795.0,0.0,62799.56,2710.6,3.8491995,2021
2019-07-15 19:00:00+00:00,20.160425,22.79031588,-0.973118337233262,-0.2303056702306119,2690219.0,12.85,0.2588190451025203,-0.9659258262890684,1.0,46200.0,7117.2,42422.0,205.14103644688643,22.634166399637863,8646.0825,41932.9475,26015.1,21385.0,3856.0,138.61,373086.03,2954.04,4.0410476,2019
2022-10-30 14:00:00+00:00,18.683651,80.46928043999999,0.4825077417612184,-0.875891705144243,2419163.0,30.24,-0.8660254037844386,-0.5000000000000001,0.0,36850.0,5066.1,26375.0,164.02195902052856,14.795250018437676,6489.4475,41829.485,12290.025,11241.0,2169.0,4488.42,1041985.3,2343.63,4.067139,2022
2021-02-21 19:00:00+00:00,10.572682,46.29497964,0.6254105729852463,0.7802958510707755,1533892.0,16.16,0.2588190451025203,-0.9659258262890684,0.0,55250.0,6113.8,43005.0,408.267239010989,9.059916575749712,8380.115,39928.5725,20666.6,16976.0,6359.0,0.0,0.021880342,6604.64,5.115173,2021
2021-05-13 12:00:00+00:00,13.421074,46.29497964,-0.6584015846980488,0.7526668275320085,1231647.0,26.4,-1.0,1.2246467991473532e-16,0.0,43300.0,7117.2,40705.0,480.0754813797314,13.315222316318083,5942.5625,28409.870000000003,10145.4,17105.0,6228.0,5933.1,2185361.5,4132.03,4.2493515,2021
2023-08-21 12:00:00+00:00,27.020096,89.55725625000001,-0.64534811322955,-0.7638886127905429,2829706.0,39.45,-1.0,1.2246467991473532e-16,1.0,48700.0,6947.5,36253.0,175.05161205091204,25.00927797953288,4249.08,21848.252499999995,14223.225,16571.0,2227.0,12054.81,2706222.2,733.13,0.41110733,2023
2021-11-12 09:00:00+00:00,8.884858,46.29497964,0.6648553979642859,-0.7469720876965558,2344289.0,74.7,-0.7071067811865475,0.7071067811865476,1.0,64450.0,5057.5,43165.0,174.29761794871797,9.194777753618007,7467.200000000001,55090.6225,22913.9,24403.0,3069.0,1978.2,465803.78,3111.13,2.1770594,2021
2022-09-16 19:00:00+00:00,16.036922,80.46928043999999,-0.2511900638848195,-0.9679377830240642,2252727.0,161.5,0.2588190451025203,-0.9659258262890684,1.0,44700.0,7117.2,28706.0,172.6440018000518,19.12983353932697,6032.939999999999,27249.6975,20466.825,19411.0,2562.0,0.0,5043.5938,5490.7,5.380696,2022
2019-09-03 06:00:00+00:00,14.003997,22.79031588,-0.4597327394521046,-0.888057322629493,2718854.0,7.18,6.123233995736766e-17,1.0,1.0,48250.0,7117.2,40890.0,182.0802051282052,19.56091634432476,9004.3775,40972.035,25086.1,24631.0,2896.0,348.32,92283.164,2203.09,1.8007993,2019
2022-03-07 09:00:00+00:00,3.9562142,80.46928043999999,0.4211008707960896,0.907013812802636,1420843.0,227.0,-0.7071067811865475,0.7071067811865476,1.0,71450.0,7117.2,42760.0,236.381658038258,7.141833477550083,8206.1175,43295.5425,25079.1,22401.0,5122.0,5125.59,990687.9,4132.97,5.044524,2022
2022-12-29 05:00:00+00:00,9.572339,80.46928043999999,0.9994074007397048,-0.0344216116227458,2284112.0,79.4,0.2588190451025207,0.9659258262890684,1.0,46950.0,7117.2,36780.0,374.2383574983792,7.957500139872229,3807.3675,9673.145000000004,11718.35,12273.0,4809.0,0.0,0.0,14648.68,8.760341,2022
2019-03-05 16:00:00+00:00,11.561493,22.79031588,0.4520722039323043,0.8919813464595485,1161979.0,17.08,-0.5000000000000004,-0.8660254037844385,1.0,58950.0,7117.2,52356.0,258.36005946275947,8.90616681840685,9712.3675,39966.52,19499.6,22796.0,5398.0,992.3,803036.44,4298.21,6.141935,2019
2019-11-03 08:00:00+00:00,11.777612,22.79031588,0.5416278206559811,-0.8406184056344783,2851394.0,12.516666666666667,-0.4999999999999998,0.8660254037844387,0.0,43350.0,5047.5,37170.0,330.6776047619048,13.243833263715109,7916.26,33454.355,5585.299999999999,13123.0,5336.0,459.37,141904.78,8810.79,6.743082,2019
2019-05-08 09:00:00+00:00,12.230896,22.79031588,-0.5912614448635781,0.8064799463209448,1130279.0,14.48,-0.7071067811865475,0.7071067811865476,0.0,48100.0,6125.5,45425.0,240.71942702482696,13.684749921162917,8777.074999999999,40855.71,15941.7,22668.0,5240.0,2630.84,1020698.94,6469.69,6.762165,2019
2023-08-04 01:00:00+00:00,15.786476,89.55725625000001,-0.8382797052177743,-0.5452404385406511,2985265.0,28.45,0.9659258262890684,0.2588190451025207,1.0,32500.0,7117.2,32416.0,189.72849656269656,20.927055464850536,6314.2375,25584.7175,13012.35,13946.0,3101.0,0.0,0.0,3659.79,5.927714,2023
2023-04-26 17:00:00+00:00,14.38086,89.55725625000001,-0.4132786077829042,0.9106046300942162,1591705.0,39.0,-0.2588190451025206,-0.9659258262890684,1.0,48800.0,5785.1,38047.0,295.29982926887925,14.619499948289656,9067.1925,46614.875,15700.1,20206.0,5967.0,2373.96,744679.0,1270.28,0.3730416,2023
2023-01-03 21:00:00+00:00,8.465215,89.55725625000001,0.998666816288476,0.0516196672232537,2327857.0,71.81,0.7071067811865474,-0.7071067811865477,1.0,54250.0,7117.2,42742.0,326.5747384091754,9.009749809900931,4904.8275,28163.15500000001,24355.025,13478.0,5278.0,0.0,0.0,9303.4,6.433185,2023
2022-07-05 13:00:00+00:00,23.17961,80.46928043999999,-0.9981855344718586,-0.0602132773657927,2469618.0,178.05,-0.9659258262890684,-0.2588190451025203,1.0,51500.0,7117.2,28380.0,194.5713800976801,22.06191619237263,6397.615,26337.565,14622.975,24303.0,3260.0,9707.31,2853190.2,2105.19,3.386798,2022
2019-11-19 09:00:00+00:00,5.66553,22.79031588,0.7498264012045686,-0.6616346182422783,2792032.0,15.2,-0.7071067811865475,0.7071067811865476,1.0,75950.0,5008.0,40950.0,321.2352842083842,8.896791656812033,10937.075,41782.4575,29650.2,26582.0,5482.0,1126.85,352142.0,1317.83,1.2224219,2019
2019-07-11 04:00:00+00:00,16.637278,22.79031588,-0.9866579328916572,-0.1628070129385164,2673159.0,12.75,0.5000000000000001,0.8660254037844386,1.0,40500.0,7117.2,43808.0,209.47688111518107,22.088666756947863,7914.682499999999,51617.91499999999,24322.5,19378.0,3659.0,1.82,1039.1849,866.88,0.8854061,2019
2020-03-03 14:00:00+00:00,8.396314,17.2389636,0.4673592171580022,0.8840675099433636,1864482.0,9.55,-0.8660254037844386,-0.5000000000000001,1.0,66500.0,7117.2,48229.0,617.4136992877493,7.994416654109956,8204.89,45939.3875,11757.0,26467.0,6432.0,2547.31,1312810.1,2036.05,6.0172706,2020
2018-07-13 03:00:00+00:00,16.444647,15.1252596,-0.980469160361632,-0.1966728897935762,2807415.0,22.48,0.7071067811865476,0.7071067811865476,1.0,39200.0,6071.9,42225.0,198.4855559422059,18.49046649932862,8078.535000000001,47364.925,20609.7,17049.0,3717.0,0.0,0.0,1475.62,2.747483,2018
2019-04-13 21:00:00+00:00,7.17198,22.79031588,-0.2008905551306352,0.97961369164549,932025.0,15.626666666666669,0.7071067811865474,-0.7071067811865477,0.0,57950.0,6071.9,44430.0,215.8318215303215,12.055222405327688,8642.8375,29259.18,21795.7,14198.0,4270.0,0.0,0.0,3375.5,3.2566895,2019
2023-11-01 00:00:00+00:00,11.834908,89.55725625000001,0.5123714121284235,-0.858763958275803,2856838.0,36.3,1.0,0.0,0.0,40750.0,5061.6,39764.0,416.1369108946608,10.986278004116484,4907.942500000001,25619.6,11517.875,12105.0,5276.0,0.0,0.0,11409.49,7.714595,2023
2021-12-19 02:00:00+00:00,4.6375446,46.29497964,0.9787400799669153,-0.2051044998686192,2010670.0,144.96666666666667,0.8660254037844387,0.4999999999999999,0.0,58400.0,5846.1,44225.0,246.7148607651608,5.46288895068897,7877.825,14663.129999999996,16065.5,12211.0,2880.0,0.0,0.0,3159.87,3.1892064,2021
2019-04-05 20:00:00+00:00,8.483559,22.79031588,-0.0645084494493162,0.9979171608653922,984486.0,15.82,0.5000000000000001,-0.8660254037844386,1.0,55950.0,6071.9,47710.0,276.5253241758241,10.697666803995778,9028.265,44855.755,21973.8,19206.0,5361.0,0.0,0.0,4143.31,3.5298648,2019
2022-11-03 18:00:00+00:00,12.528274,80.46928043999999,0.5416278206559811,-0.8406184056344783,2455704.0,78.0,-1.8369701987210292e-16,-1.0,1.0,51350.0,5066.1,30065.0,174.81942049255093,13.096583286921184,9318.975,39307.88250000001,18098.0,21997.0,4156.0,0.0,54.219486,8723.59,6.987963,2022
2021-08-09 09:00:00+00:00,18.888454,46.29497964,-0.7883050558305256,-0.6152845999633274,2658935.0,42.75,-0.7071067811865475,0.7071067811865476,1.0,44500.0,7117.2,40008.0,419.738475986976,16.42179167270662,6196.495,22630.770000000004,17856.4,14097.0,4525.0,4244.41,1571864.4,3211.81,3.023416,2021
2019-01-25 21:00:00+00:00,5.1213923,22.79031588,0.9088176373395028,0.4171936026123168,1750281.0,20.8,0.7071067811865474,-0.7071067811865477,1.0,72750.0,7117.2,56068.0,245.88747039072035,5.987666726112366,9783.73,35351.975,24457.3,20336.0,4111.0,0.0,0.0,4688.52,4.8694205,2019
2020-04-13 03:00:00+00:00,10.372679,17.2389636,-0.2177232303965317,0.9760105506323684,1551504.0,7.1475,0.7071067811865476,0.7071067811865476,0.0,31400.0,6996.4,37000.0,178.38076448921453,14.236833333969116,5054.702499999999,14350.649999999998,13979.4,7732.0,3450.0,0.0,0.0,3591.53,3.2584991,2020
2018-10-13 17:00:00+00:00,20.077147,15.1252596,0.209314645963048,-0.9778483415056568,2476781.0,25.540000000000003,-0.2588190451025206,-0.9659258262890684,0.0,46050.0,7117.2,41785.0,124.08890134310134,17.2311664422353,8310.16,36616.235,20138.5,18887.0,2027.0,55.63,183714.44,4052.67,5.7689066,2018
2020-08-24 05:00:00+00:00,15.389773,17.2389636,-0.5912614448635782,-0.8064799463209447,2955316.0,8.02,0.2588190451025207,0.9659258262890684,1.0,39100.0,7117.2,35570.0,148.5478214082214,18.38583329518636,8115.54,45293.5475,19307.1,15674.0,2972.0,1.89,2208.7769,1991.52,3.151138,2020
2021-10-22 10:00:00+00:00,12.255008,46.29497964,0.3576982388331254,-0.9338372288229252,2356588.0,87.05,-0.8660254037844387,0.4999999999999999,1.0,56950.0,6121.4,41250.0,152.3385578551079,13.16788906521268,5692.9975,16053.900000000009,15806.7,21367.0,2590.0,3310.61,1136715.5,2934.92,3.8333087,2021
2018-03-01 00:00:00+00:00,0.13853408,15.1252596,0.5123714121284237,0.8587639582758029,812004.0,76.0,1.0,0.0,1.0,82050.0,7117.2,53065.0,409.0690141116085,3.965916593869528,8628.182499999999,38472.79000000001,16357.4,17067.0,5844.0,0.0,0.0,8502.3,8.40976,2018
2022-01-18 07:00:00+00:00,3.0422854,80.46928043999999,0.9523775757303976,0.304921224656289,1998118.0,79.08,-0.2588190451025208,0.9659258262890684,1.0,82950.0,7117.2,48625.0,351.2121664835165,4.280388865205975,12176.905,62147.925,32135.7,27193.0,6380.0,0.0,56.34188,2939.74,1.8223825,2022
2021-03-28 04:00:00+00:00,5.5707197,46.29497964,0.0730951298980775,0.9973249731081556,994654.0,18.44,0.5000000000000001,0.8660254037844386,0.0,47200.0,6111.4,41474.0,256.23077887667887,8.410444259643535,5248.875,19486.0775,16228.7,12404.0,3944.0,0.0,0.0,3464.27,3.6105971,2021
2019-01-01 20:00:00+00:00,6.3709235,22.79031588,0.9998518392091162,0.0172133561558346,2186488.0,21.05,0.5000000000000001,-0.8660254037844386,0.0,60450.0,6071.9,56375.0,227.5836082824583,6.709416627883913,7291.852500000001,9314.515,23269.6,14195.0,3762.0,0.0,0.0,3431.78,4.2868667,2019
2019-08-27 01:00:00+00:00,18.922707,22.79031588,-0.5631507242749187,-0.8263541987239094,2760250.0,10.45,0.9659258262890684,0.2588190451025207,1.0,37600.0,7117.2,40990.0,209.30935952380952,22.17629162470499,7885.92,37709.56250000001,21809.0,15367.0,2844.0,0.0,0.0,1618.48,1.0263169,2019
2020-10-01 08:00:00+00:00,13.703955,17.2389636,0.0215160974362222,-0.9997685019798908,2801270.0,12.13,-0.4999999999999998,0.8660254037844387,1.0,53700.0,6765.5,40000.0,193.1043582010581,14.195499833424885,8642.66,40011.075,19929.7,21632.0,3662.0,1488.43,477538.84,4905.82,4.332431,2020
2018-05-26 17:00:00+00:00,20.981688,15.1252596,-0.8090169943749473,0.5877852522924732,1497111.0,22.0,-0.2588190451025206,-0.9659258262890684,0.0,43150.0,5068.5,37815.0,353.14762000406995,16.009999752044692,7787.885,48624.8375,20815.6,16807.0,7525.0,1306.93,1080201.6,2768.69,3.1554148,2018
2022-06-27 02:00:00+00:00,15.625892,80.46928043999999,-0.9970011699250152,0.077386479233463,2482855.0,129.5,0.8660254037844387,0.4999999999999999,1.0,34300.0,7117.2,29750.0,205.6743557794058,19.06133317947388,7131.7675,36674.6575,12573.225,13543.0,3354.0,0.0,0.0,1717.27,2.1658428,2022
2021-10-19 04:00:00+00:00,13.465482,46.29497964,0.3090169943749472,-0.9510565162951536,2356588.0,84.7,0.5000000000000001,0.8660254037844386,1.0,46300.0,6121.4,44130.0,158.05992012617014,12.876444498697914,7059.9175,43210.9575,17945.6,18396.0,2108.0,0.0,0.0,5365.62,5.5985117,2021
2020-07-30 05:00:00+00:00,17.097462,17.2389636,-0.8738071036110809,-0.4862727071086898,3100546.0,4.93,0.2588190451025207,0.9659258262890684,1.0,42100.0,7117.2,35436.0,171.7878930809931,20.08776639302573,8053.595000000001,44089.0275,23985.7,20930.0,3422.0,186.23,37933.36,1847.63,3.406513,2020
2023-02-12 20:00:00+00:00,5.9922576,89.55725625000001,0.7383263540031065,0.6744436188329455,1548596.0,53.7,0.5000000000000001,-0.8660254037844386,0.0,62000.0,7117.2,44175.0,188.86791016294487,6.499388820595211,8918.59,45068.9875,25009.8,16470.0,3139.0,0.0,0.0,2966.46,3.9310725,2023
2020-11-21 07:00:00+00:00,4.7859507,17.2389636,0.7829801036770624,-0.622046748440868,3012185.0,12.906666666666666,-0.2588190451025208,0.9659258262890684,0.0,56650.0,7117.2,50690.0,181.4430767195768,8.328583359718325,6530.7775,24446.63,19235.5,17625.0,2986.0,0.0,4456.741,2886.46,0.6212242,2020
2021-12-08 00:00:00+00:00,6.6494627,46.29497964,0.9226395488404876,-0.3856634062436074,2059628.0,98.9,1.0,0.0,1.0,62300.0,5042.0,42975.0,439.7575734635735,6.53038885858324,6074.245,21192.075,7753.5,15377.0,4540.0,0.0,0.0,9291.51,8.092263,2021
2019-06-29 13:00:00+00:00,28.077906,22.79031588,-0.99907411510223,0.0430222330045305,2394994.0,9.733333333333333,-0.9659258262890684,-0.2588190451025203,0.0,48900.0,7117.2,45027.0,297.9122903947904,24.237333297729503,5871.554999999999,23474.442500000005,24360.6,16860.0,5498.0,5623.51,3071595.2,1327.66,0.66600925,2019
2018-10-13 16:00:00+00:00,21.448187,15.1252596,0.209314645963048,-0.9778483415056568,2476781.0,25.540000000000003,-0.5000000000000004,-0.8660254037844385,0.0,42950.0,7117.2,41785.0,124.08890134310134,17.30466699600221,7919.49,38438.515,17944.0,16905.0,1958.0,802.64,608610.2,4456.07,5.9057302,2018
2022-08-20 06:00:00+00:00,17.106647,80.46928043999999,-0.6584015846980489,-0.7526668275320083,2249940.0,254.0,6.123233995736766e-17,1.0,0.0,34200.0,7117.2,25156.0,182.53423222610724,18.568083445231125,7158.9975,40363.53,15889.675,11420.0,2956.0,918.92,141363.38,1632.49,2.5158186,2022
2018-05-19 09:00:00+00:00,14.931528,15.1252596,-0.7324940716135786,0.6807734094770165,1327826.0,22.13,-0.7071067811865475,0.7071067811865476,0.0,45650.0,5068.5,43024.0,420.3747963776964,12.190083265304573,8054.929999999999,40093.285,21832.8,13464.0,7339.0,3885.43,2082389.1,855.04,2.452033,2018
2021-09-25 03:00:00+00:00,14.902643,46.29497964,-0.0988201387328721,-0.9951053111006974,2361161.0,70.89333333333333,0.7071067811865476,0.7071067811865476,0.0,34700.0,7117.2,39067.0,195.31286412291416,17.869333638085266,6962.26,28998.07,17594.8,14117.0,2554.0,0.0,0.0,1385.75,2.2437403,2021
2023-08-24 02:00:00+00:00,21.237606,89.55725625000001,-0.6050560696488494,-0.7961828637826154,2829706.0,31.7,0.8660254037844387,0.4999999999999999,1.0,36400.0,6887.5,35387.0,171.59683058793058,25.089333004421665,6944.465,40221.1025,20383.775,15751.0,2441.0,0.0,0.0,3485.6,2.2658942,2023
2019-07-31 16:00:00+00:00,22.214828,22.79031588,-0.8738071036110809,-0.4862727071086898,2742271.0,10.15,-0.5000000000000004,-0.8660254037844385,1.0,46500.0,7117.2,39397.0,214.1813473748473,21.56879154841105,7174.97,49641.1175,22047.4,25239.0,4055.0,3151.26,1687475.9,2674.08,3.1897156,2019
2021-08-04 21:00:00+00:00,17.19544,46.29497964,-0.8382797052177743,-0.5452404385406511,2607829.0,41.75,0.7071067811865474,-0.7071067811865477,1.0,44750.0,7117.2,41400.0,414.6251922669923,17.829666773478188,8356.9225,45069.3925,23334.7,17732.0,5209.0,0.0,0.043760683,1477.28,2.863114,2021
2019-01-12 16:00:00+00:00,7.447109,22.79031588,0.9787400799669153,0.2051044998686192,2055622.0,21.38,-0.5000000000000004,-0.8660254037844385,0.0,67250.0,7117.2,53972.0,194.374116035816,6.024333397547402,9629.429999999998,26608.0175,21819.8,19223.0,3147.0,58.45,192623.11,7625.98,6.348681,2019
2021-06-05 07:00:00+00:00,14.847563,46.29497964,-0.8977433935342337,0.440518784350495,1628356.0,26.11,-0.2588190451025208,0.9659258262890684,0.0,40700.0,5068.5,39795.0,343.07020093610095,15.629055553012428,6655.974999999999,34725.425,18171.9,15192.0,6318.0,1199.22,698083.44,2444.4,1.7317394,2021
2022-05-11 19:00:00+00:00,18.101261,80.46928043999999,-0.6321034111873487,0.7748840413670407,1511294.0,84.0,0.2588190451025203,-0.9659258262890684,1.0,45250.0,6125.5,29180.0,206.13527462352465,18.25788847605386,6810.31,41522.7,21063.5,19886.0,5508.0,50.22,191213.9,6382.68,4.788137,2022
2023-05-28 22:00:00+00:00,15.82622,89.55725625000001,-0.8287700871745035,0.5595892624101769,2200163.0,24.365,0.8660254037844384,-0.5000000000000004,0.0,36850.0,5118.0,33415.0,275.61391267436267,17.168833467695446,3996.13,24445.0225,16681.65,11695.0,5246.0,0.0,0.0,7504.28,5.4062023,2023
2019-07-15 07:00:00+00:00,16.93152,22.79031588,-0.973118337233262,-0.2303056702306119,2690219.0,12.85,-0.2588190451025208,0.9659258262890684,1.0,51450.0,7117.2,42468.0,205.14103644688643,21.312416394551605,8920.305,46343.39,26412.4,24135.0,4222.0,2657.15,801518.44,2509.1,3.816879,2019
2020-04-14 21:00:00+00:00,9.396309,17.2389636,-0.2344913895704096,0.9721181966290612,1551504.0,7.18,0.7071067811865474,-0.7071067811865477,1.0,47950.0,5982.1,43255.0,189.36414566544565,13.928874850273145,7961.207500000001,35234.6775,17399.3,12227.0,5200.0,0.0,0.0,4962.72,6.0501385,2020
2023-12-07 16:00:00+00:00,7.617908,89.55725625000001,0.9158642882672872,-0.4014879892059729,2789836.0,40.25,-0.5000000000000004,-0.8660254037844385,1.0,68200.0,6125.5,45645.0,606.1116042087542,7.764333460066051,8694.11,61709.1875,18953.275,25068.0,5895.0,47.48,58618.266,10731.2,5.279227,2023
2019-05-17 23:00:00+00:00,10.6711855,22.79031588,-0.7086266782644596,0.705583610107178,1254728.0,13.07,0.9659258262890684,-0.2588190451025207,0.0,44850.0,5122.1,45545.0,242.6721245014245,14.018666585286455,8110.1175,31711.25,17647.1,14409.0,5385.0,0.0,0.0,2585.98,1.8639096,2019
2021-07-18 07:00:00+00:00,19.274616,46.29497964,-0.9599326896597444,-0.2802306751992161,2463983.0,35.89333333333334,-0.2588190451025208,0.9659258262890684,0.0,37050.0,7117.2,40855.0,803.8197150183149,17.35041681925457,6133.705000000001,21026.8675,14057.3,12004.0,5232.0,1493.82,936125.94,3245.43,3.4845154,2021
2022-08-25 00:00:00+00:00,20.079712,80.46928043999999,-0.5912614448635782,-0.8064799463209447,2250959.0,308.7,1.0,0.0,1.0,39750.0,7117.2,24046.0,137.649736959337,22.02991596857708,7293.175,32541.38,19825.7,13439.0,2009.0,0.0,0.0,3226.4,1.3303512,2022
2021-11-30 01:00:00+00:00,4.1521716,46.29497964,0.8609610158889941,-0.5086709438521049,2024972.0,91.35,0.9659258262890684,0.2588190451025207,1.0,67200.0,3825.9,44825.0,194.51476818274315,6.035388800832958,5612.829999999999,21953.0925,19166.1,15169.0,2403.0,0.0,0.0,7233.71,5.0499697,2021
2021-07-18 04:00:00+00:00,16.758455,46.29497964,-0.9599326896597444,-0.2802306751992161,2463983.0,35.89333333333334,0.5000000000000001,0.8660254037844386,0.0,31450.0,7117.2,40855.0,803.8197150183149,17.432458043098467,7012.012500000001,25208.597500000003,17081.1,12111.0,5213.0,0.0,766.92786,3823.83,3.9194314,2021
2020-10-27 20:00:00+00:00,11.327412,17.2389636,0.4520722039323045,-0.8919813464595484,3041148.0,14.77,0.5000000000000001,-0.8660254037844386,1.0,55300.0,6125.5,45217.0,370.266746011396,11.371375083923336,6672.317500000001,28565.2425,23562.3,20375.0,5379.0,0.0,0.0,8761.0,7.0920343,2020
2023-11-01 09:00:00+00:00,12.480299,89.55725625000001,0.5123714121284235,-0.858763958275803,2856838.0,36.3,-0.7071067811865475,0.7071067811865476,0.0,43700.0,5061.6,40669.0,416.1369108946608,12.876610967848016,4227.657499999999,21518.475,3094.7000000000007,12246.0,4844.0,3091.84,479951.22,12591.74,7.7544622,2023
2018-06-02 15:00:00+00:00,20.540916,15.1252596,-0.8738071036110806,0.4862727071086904,1791003.0,21.95,-0.7071067811865477,-0.7071067811865475,0.0,40100.0,5068.5,43970.0,444.4777311965812,15.497333367665613,7956.787499999999,42308.24250000001,19646.2,12755.0,7585.0,3240.31,1985861.2,734.89,0.41069764,2018
2020-02-05 09:00:00+00:00,5.75734,17.2389636,0.8140460935082179,0.5808002734538008,2214084.0,9.55,-0.7071067811865475,0.7071067811865476,1.0,72100.0,7117.2,53490.0,666.8845368131869,8.521791617075605,10938.445,52729.28,24811.4,23413.0,6909.0,2364.68,423289.2,1625.8,3.894629,2020
2020-09-25 19:00:00+00:00,11.719571,17.2389636,-0.0816763953304228,-0.99665890175417,2821249.0,11.43,0.2588190451025203,-0.9659258262890684,1.0,46050.0,7091.5,38015.0,179.42284086284087,15.13883320490518,7495.9475,46035.66500000001,17145.6,21182.0,3717.0,0.0,182.21948,10879.19,10.682728,2020
2020-02-05 05:00:00+00:00,5.0861983,17.2389636,0.8140460935082179,0.5808002734538008,2214084.0,9.55,0.2588190451025207,0.9659258262890684,1.0,62350.0,7117.2,54790.0,666.8845368131869,8.694333275159199,10439.295,44697.1675,17742.6,19724.0,6291.0,0.0,0.0,2389.57,5.357508,2020
2019-10-14 22:00:00+00:00,14.861091,22.79031588,0.226115685508288,-0.9741004551724206,2649054.0,11.1,0.8660254037844384,-0.5000000000000004,1.0,45050.0,6111.4,40270.0,199.76312995523,16.542417128880807,6684.119999999999,29666.865,13551.8,15993.0,2635.0,0.0,0.0,4799.57,4.362585,2019
2023-01-26 14:00:00+00:00,4.8673263,89.55725625000001,0.901501684131884,0.4327755925504312,1860943.0,57.0,-0.8660254037844386,-0.5000000000000001,1.0,74200.0,7117.2,44740.0,334.4440375906702,5.0334443582428845,8329.442500000001,59968.865000000005,13514.225,23696.0,5447.0,3971.4,813740.56,6009.05,6.33752,2023
2021-12-18 10:00:00+00:00,6.1467443,46.29497964,0.9750645322571948,-0.2219215130041658,2010670.0,140.93333333333334,-0.8660254037844387,0.4999999999999999,0.0,68550.0,6105.9,44225.0,277.35934126984125,5.458777781161996,9833.075,45731.9375,23126.6,19072.0,4117.0,3309.28,609828.25,4233.88,4.31545,2021
2022-06-22 23:00:00+00:00,17.771431,80.46928043999999,-0.986657932891657,0.1628070129385171,2434351.0,128.55,0.9659258262890684,-0.2588190451025207,1.0,41700.0,7117.2,30940.0,195.74778019943017,22.238332907358817,6265.5825,40762.5425,21707.275,18201.0,3615.0,0.0,0.0,1488.68,0.45123103,2022
2023-01-26 16:00:00+00:00,4.7191153,89.55725625000001,0.901501684131884,0.4327755925504312,1860943.0,57.0,-0.5000000000000004,-0.8660254037844385,1.0,72750.0,7117.2,44740.0,334.4440375906702,4.987277762757409,9047.905,60018.9375,19364.525,24626.0,6063.0,327.54,313025.34,6743.65,6.6401587,2023
2019-06-25 14:00:00+00:00,26.161549,22.79031588,-0.993746580436178,0.1116590071216946,2394994.0,9.13,-0.8660254037844386,-0.5000000000000001,1.0,54750.0,7117.2,46643.0,326.0912268823769,21.31325038274129,8043.307499999999,33385.205,23819.7,27469.0,5815.0,5012.79,2731817.5,1877.38,0.93767947,2019
2018-11-18 03:00:00+00:00,5.850607,15.1252596,0.7383263540031063,-0.6744436188329457,2472229.0,24.766666666666666,0.7071067811865476,0.7071067811865476,0.0,49050.0,5110.1,44680.0,141.27701450956454,10.159166600969094,6554.9575,31968.025,13672.1,11672.0,2239.0,0.0,0.0,5038.28,8.079723,2018
2020-11-26 03:00:00+00:00,7.2491007,17.2389636,0.83355577183857,-0.5524353131676195,2929262.0,14.13,0.7071067811865476,0.7071067811865476,1.0,53000.0,7117.2,50167.0,184.01968463573465,8.2872082789739,8604.602499999999,37810.3975,13981.4,14770.0,2818.0,0.0,0.0,2744.56,3.6714778,2020
2020-07-09 13:00:00+00:00,24.318504,17.2389636,-0.9893142039703664,-0.1457991969198744,3064947.0,4.75,-0.9659258262890684,-0.2588190451025203,1.0,51100.0,7117.2,33610.0,213.90884824989823,20.90143337249755,6926.1425,37784.2525,22804.3,20327.0,4589.0,6421.02,2665390.8,3490.44,3.963701,2020
2021-09-20 12:00:00+00:00,17.290977,46.29497964,-0.1839983516576798,-0.9829265519799822,2361161.0,73.2,-1.0,1.2246467991473532e-16,1.0,51050.0,7117.2,42162.0,255.11155732600733,18.62149985631305,7616.295,48170.47750000001,12278.6,20026.0,3441.0,4828.69,1670737.6,1832.56,3.949056,2021
2018-01-14 22:00:00+00:00,4.713572,15.1252596,0.9711000518829505,0.2386727660059501,1719409.0,19.2,0.8660254037844384,-0.5000000000000004,0.0,67250.0,7117.2,56470.0,646.2492081603582,6.597416679064432,9581.95,43101.545,27444.3,13937.0,6281.0,0.0,0.0,2332.89,3.049731,2018
2019-12-24 08:00:00+00:00,9.162062,22.79031588,0.9927487224577402,-0.1202080448993527,2804309.0,11.35,-0.4999999999999998,0.8660254037844387,1.0,62750.0,7117.2,50615.0,844.2380986161985,9.00641683737437,7050.374999999999,33766.785,20569.0,15240.0,7167.0,126.2,28672.307,10131.27,8.087492,2019
2021-05-06 19:00:00+00:00,11.7190075,46.29497964,-0.5631507242749186,0.8263541987239096,1047965.0,24.98,0.2588190451025203,-0.9659258262890684,1.0,50250.0,7117.2,38710.0,253.30065927960925,12.191055615743016,9772.1,60054.21,21958.7,20350.0,5915.0,475.42,134825.77,5640.66,4.992016,2021
2020-07-01 16:00:00+00:00,21.805523,17.2389636,-0.9999629591162656,-0.0086069968886884,2972388.0,5.57,-0.5000000000000004,-0.8660254037844385,1.0,48000.0,7117.2,31306.0,263.7054396825397,19.09030011494954,6769.165,35617.7475,19582.0,24146.0,5486.0,3043.62,1586059.2,4696.43,4.8707757,2020
2018-03-01 05:00:00+00:00,0.49060977,15.1252596,0.5123714121284237,0.8587639582758029,812004.0,76.0,0.2588190451025207,0.9659258262890684,1.0,82400.0,7117.2,53075.0,409.0690141116085,4.056333363056184,9696.6425,47489.2125,17381.5,20548.0,6052.0,0.0,0.0,7837.7,8.584241,2018
2018-04-05 06:00:00+00:00,7.4769974,15.1252596,-0.0645084494493162,0.9979171608653922,597380.0,19.08,6.123233995736766e-17,1.0,1.0,64000.0,6071.9,46655.0,503.2806767828878,8.774416645367944,8969.470000000001,44639.76999999999,28418.6,25117.0,6926.0,181.37,40960.176,4665.04,4.804268,2018
2019-04-20 21:00:00+00:00,13.49024,22.79031588,-0.3171912885891059,0.9483615800121716,921232.0,14.805,0.7071067811865474,-0.7071067811865477,0.0,47550.0,7075.5,43915.0,204.61303795278795,14.4771106508043,7748.5725,32919.707500000004,16598.2,12692.0,4748.0,0.0,0.0,3895.58,5.855713,2019
2020-11-21 19:00:00+00:00,6.8564134,17.2389636,0.7829801036770624,-0.622046748440868,3012185.0,12.906666666666666,0.2588190451025203,-0.9659258262890684,0.0,60250.0,7117.2,50434.0,181.4430767195768,8.597291787465414,6984.25,22949.97,25384.2,17637.0,3644.0,0.0,0.0,2398.08,1.0004165,2020
2021-12-13 04:00:00+00:00,6.7194324,46.29497964,0.9523775757303972,-0.3049212246562894,2010670.0,115.85,0.5000000000000001,0.8660254037844386,1.0,58150.0,5042.0,43570.0,416.6821061660561,6.400333351559108,6791.817499999999,41748.5975,17922.8,14865.0,4134.0,0.0,0.0,1891.85,3.0897403,2021
2019-11-01 07:00:00+00:00,12.073801,22.79031588,0.5123714121284235,-0.858763958275803,2851394.0,11.45,-0.2588190451025208,0.9659258262890684,0.0,43300.0,5760.1,38815.0,265.6794275742775,13.463041583696995,7172.584999999999,35153.18,12362.8,11988.0,4146.0,28.4,23849.092,4572.68,4.4758277,2019
2022-09-25 14:00:00+00:00,16.23938,80.46928043999999,-0.0988201387328721,-0.9951053111006974,2254828.0,168.66666666666666,-0.8660254037844386,-0.5000000000000001,0.0,37200.0,7117.2,28570.0,142.5735019166019,15.919833342234298,5894.375,36278.8425,4549.7750000000015,11683.0,1771.0,6554.42,1529060.2,2177.6,3.5374458,2022
2019-03-30 12:00:00+00:00,14.760512,22.79031588,0.0387222808921744,0.9992500112396836,1064149.0,14.486666666666666,-1.0,1.2246467991473532e-16,0.0,51450.0,7117.2,49500.0,226.3055422059422,10.509611341688364,7360.855,19007.1525,20018.6,11388.0,3127.0,5337.47,2644412.2,1411.81,1.6835811,2019
2021-08-02 03:00:00+00:00,14.407752,46.29497964,-0.8565509959010037,-0.5160623910158526,2607829.0,42.1,0.7071067811865476,0.7071067811865476,1.0,33550.0,7117.2,42310.0,445.6694630443631,17.164999842643752,7258.135,33680.752499999995,19036.1,13892.0,4199.0,0.0,0.0,1520.38,2.795555,2021
2023-07-27 01:00:00+00:00,16.695547,89.55725625000001,-0.9051931898913976,-0.4250003399695539,3000966.0,28.4,0.9659258262890684,0.2588190451025207,1.0,35574.0,7117.2,34225.0,218.2320718873719,21.52688927120632,3981.675,23344.99,19694.35,14152.0,3441.0,0.0,0.0,5234.74,5.047612,2023
2023-12-24 15:00:00+00:00,11.255491,89.55725625000001,0.9927487224577402,-0.1202080448993527,2761956.0,33.82,-0.7071067811865477,-0.7071067811865475,0.0,45900.0,7117.2,42790.0,678.8999762700262,9.111000061035156,4907.977499999999,561.314999999995,15044.675,11365.0,5233.0,1258.49,389048.16,15361.59,8.079796,2023
2018-11-05 02:00:00+00:00,10.79704,15.1252596,0.5702422926917867,-0.8214765533024145,2457273.0,23.28,0.8660254037844387,0.4999999999999999,1.0,46450.0,6105.9,45965.0,146.0237865079365,10.348944240146215,7610.815,37028.9475,13465.9,10865.0,2035.0,0.0,0.0,5252.88,5.941845,2018
2018-10-26 01:00:00+00:00,10.735648,15.1252596,0.4211008707960891,-0.9070138128026362,2474033.0,23.88,0.9659258262890684,0.2588190451025207,1.0,43700.0,7117.2,42845.0,118.92259165649168,13.879333178202309,7901.2775,36286.5775,21434.7,14219.0,1801.0,0.0,0.0,867.16,1.6560618,2018
2023-03-19 03:00:00+00:00,8.855615,89.55725625000001,0.2261156855082882,0.9741004551724204,1437424.0,41.333333333333336,0.7071067811865476,0.7071067811865476,0.0,38400.0,7117.2,35735.0,348.55208366810325,10.496277729670226,5742.5925,31394.3475,13045.225,11512.0,4852.0,0.0,0.0,2753.54,3.3212652,2023
2020-09-23 02:00:00+00:00,15.561332,17.2389636,-0.1159345995955006,-0.9932568492674144,2821249.0,11.6,0.8660254037844387,0.4999999999999999,1.0,35000.0,7117.2,37225.0,165.87788597883596,17.672466595967624,6483.16,36165.785,18236.5,14972.0,2408.0,0.0,0.0,2527.24,4.375444,2020
2021-06-26 05:00:00+00:00,14.513956,46.29497964,-0.9955213724144752,0.0945367498171995,2183321.0,32.13333333333333,0.2588190451025207,0.9659258262890684,0.0,34800.0,6821.9,41960.0,400.0068490028491,16.88591655095418,7830.6475,39335.855,18978.9,15849.0,5992.0,6.61,100191.4,429.35,0.45475578,2021
2020-04-18 14:00:00+00:00,16.93191,17.2389636,-0.3008198076356675,0.9536809966304456,1551504.0,6.316666666666666,-0.8660254037844386,-0.5000000000000001,0.0,36450.0,5953.1,41445.0,186.9617947293448,14.991833527882896,6728.712500000001,23895.9425,16737.3,11053.0,4314.0,4237.53,2058376.1,1081.61,0.22623637,2020
2022-11-30 14:00:00+00:00,8.6218405,80.46928043999999,0.8609610158889941,-0.5086709438521049,2462887.0,139.0,-0.8660254037844386,-0.5000000000000001,1.0,63800.0,7117.2,35883.0,213.0855690957191,8.082416574160257,10132.6325,62001.66,24421.875,25077.0,4620.0,3131.0,628695.8,2582.18,3.3883932,2022
2018-01-23 13:00:00+00:00,10.823556,15.1252596,0.9226395488404876,0.3856634062436071,1704964.0,18.0,-0.9659258262890684,-0.2588190451025203,1.0,68250.0,7117.2,58695.0,1270.895421214896,7.891166647275291,9963.615000000002,64133.74500000001,28114.7,23191.0,6128.0,1984.64,861224.4,5568.07,5.74903,2018
2019-10-14 05:00:00+00:00,14.832655,22.79031588,0.226115685508288,-0.9741004551724206,2649054.0,11.1,0.2588190451025207,0.9659258262890684,1.0,48000.0,6111.4,41600.0,188.0964338217338,16.535916169484477,10287.8775,46482.0725,18228.1,21288.0,2530.0,0.0,0.0,4366.83,5.087762,2019
2019-09-24 20:00:00+00:00,16.521347,22.79031588,-0.1159345995955006,-0.9932568492674144,2650572.0,11.15,0.5000000000000001,-0.8660254037844386,1.0,44200.0,7117.2,40240.0,148.58380539275538,17.813500006993593,7745.582499999999,41373.6375,22604.9,19022.0,2437.0,0.0,0.0,5688.45,6.5275354,2019
2021-06-09 16:00:00+00:00,21.81079,46.29497964,-0.9259247771938498,0.3777079652039649,1803076.0,27.9,-0.5000000000000004,-0.8660254037844385,1.0,47850.0,5068.5,40695.0,411.7468413105413,20.31644450293649,8225.75,50974.985,18603.8,20959.0,6338.0,5151.06,1773052.9,1395.93,2.808452,2021
2021-02-28 21:00:00+00:00,6.8998137,46.29497964,0.5270777086423722,0.8498170915275278,1515570.0,16.166666666666668,0.7071067811865474,-0.7071067811865477,0.0,54850.0,7117.2,40215.0,323.39998667073667,8.93766665458679,7513.115,47112.295000000006,18641.1,14394.0,5741.0,0.0,0.0,5735.01,6.4833407,2021
2018-01-23 10:00:00+00:00,9.5607395,15.1252596,0.9226395488404876,0.3856634062436071,1704964.0,18.0,-0.8660254037844387,0.4999999999999999,1.0,71050.0,7117.2,57815.0,1270.895421214896,7.63366671403249,10443.285,69051.4375,30257.1,24768.0,6158.0,1735.75,535089.56,4383.59,5.115616,2018
2020-04-14 14:00:00+00:00,13.666064,17.2389636,-0.2344913895704096,0.9721181966290612,1551504.0,7.18,-0.8660254037844386,-0.5000000000000001,1.0,43600.0,6993.4,41755.0,189.36414566544565,14.055000225702926,5937.995,27588.932499999995,15177.7,12338.0,4178.0,6121.16,2483096.0,5006.33,5.047294,2020
2023-05-31 08:00:00+00:00,16.82405,89.55725625000001,-0.8565509959010036,0.5160623910158528,2404082.0,26.0,-0.4999999999999998,0.8660254037844387,1.0,45500.0,5118.0,33765.0,283.51314396344395,17.04427756203546,3514.6600000000008,21852.980000000003,14239.425,18747.0,5146.0,7200.38,1519221.5,4648.81,4.887791,2023
2023-03-26 18:00:00+00:00,9.697677,89.55725625000001,0.107381346664163,0.994217906893952,1480070.0,43.0,-1.8369701987210292e-16,-1.0,0.0,47900.0,7117.2,36013.0,314.253942199427,12.649611049228255,6343.537500000001,30578.5475,11791.725,15951.0,5473.0,13.04,209749.05,8145.52,7.171525,2023
2023-11-04 09:00:00+00:00,10.739991,89.55725625000001,0.5560174366570438,-0.8311706263658084,2856838.0,40.93333333333333,-0.7071067811865475,0.7071067811865476,0.0,48900.0,5061.6,38869.0,509.0916879028379,10.30800011422898,4620.589999999998,10106.192499999996,4684.5250000000015,13243.0,5418.0,2445.97,333978.03,19704.51,9.234717,2023
2018-12-03 19:00:00+00:00,11.570139,15.1252596,0.8860706215341378,-0.4635502709028512,2232914.0,24.6,0.2588190451025203,-0.9659258262890684,1.0,62150.0,6121.4,52655.0,250.5123778388279,10.90983335177102,9412.55,41893.145,31965.4,24433.0,4992.0,0.0,0.0,6957.7,7.933115,2018
2019-02-14 05:00:00+00:00,3.1914527,22.79031588,0.7146733860429609,0.699458327051647,1446619.0,17.75,0.2588190451025207,0.9659258262890684,1.0,69950.0,7117.2,54610.0,343.6004017908018,6.956833256615531,10314.8375,55764.425,21429.7,20301.0,5277.0,0.0,0.0,3133.47,3.533468,2019
2018-09-15 06:00:00+00:00,13.728016,15.1252596,-0.2678143051621748,-0.9634705485641486,2678886.0,27.35,6.123233995736766e-17,1.0,0.0,39100.0,7117.2,44825.0,146.4264953805454,15.80746663411458,8145.2375,41117.505000000005,21854.4,17267.0,2123.0,88.18,37390.99,1190.67,1.3110512,2018
2021-02-27 07:00:00+00:00,5.0495415,46.29497964,0.5416278206559814,0.8406184056344782,1515570.0,15.983333333333334,-0.2588190451025208,0.9659258262890684,0.0,55300.0,6113.8,42945.0,346.0252311965812,8.660083373387646,9325.615,42242.805,16830.8,16633.0,6071.0,340.71,28732.805,4898.38,4.5838914,2021
2019-08-19 18:00:00+00:00,19.763916,22.79031588,-0.6712599575675318,-0.7412220108485954,2777986.0,9.55,-1.8369701987210292e-16,-1.0,1.0,44800.0,7117.2,40098.0,196.8427709401709,20.608250141143778,8151.0375,47071.875,22038.1,18140.0,3868.0,273.74,452382.62,1934.7,2.691384,2019
2018-10-13 21:00:00+00:00,17.235334,15.1252596,0.209314645963048,-0.9778483415056568,2476781.0,25.540000000000003,0.7071067811865474,-0.7071067811865477,0.0,46250.0,7117.2,41785.0,124.08890134310134,17.104833205541006,7042.3975,24777.1625,18243.4,13954.0,1643.0,0.0,0.0,4624.13,5.1316657,2018
2022-02-21 19:00:00+00:00,8.375284,80.46928043999999,0.6254105729852463,0.7802958510707755,1739794.0,71.5,0.2588190451025203,-0.9659258262890684,1.0,65150.0,7117.2,43286.0,370.0064994301994,8.456999884711372,8148.602500000001,28257.000000000007,23959.3,23034.0,6268.0,0.0,0.06564102,11913.45,9.77042,2022
2021-12-08 22:00:00+00:00,4.3872004,46.29497964,0.9226395488404876,-0.3856634062436074,2059628.0,98.9,0.8660254037844384,-0.5000000000000004,1.0,70650.0,5042.0,42975.0,439.7575734635735,6.532777799500359,8036.397499999999,46033.6175,10911.4,15023.0,5217.0,0.0,0.0,5951.04,7.5649753,2021
2020-07-18 16:00:00+00:00,23.926603,17.2389636,-0.9549667548552552,-0.2967128192734901,3087938.0,4.91,-0.5000000000000004,-0.8660254037844385,0.0,42300.0,7117.2,35980.0,196.6655754171753,20.88783308664957,7014.005,38841.567500000005,18617.8,15766.0,3331.0,3850.91,1883364.1,1380.31,1.6224836,2020
2023-04-07 12:00:00+00:00,12.197601,89.55725625000001,-0.0988201387328714,0.9951053111006976,1512237.0,44.024,-1.0,1.2246467991473532e-16,1.0,51000.0,7117.2,36720.0,293.67998515486124,11.840277910232516,6246.07,19485.000000000004,1084.2750000000017,16595.0,3736.0,10752.39,2318739.2,1038.2,0.58867747,2023
2019-01-25 15:00:00+00:00,6.5495067,22.79031588,0.9088176373395028,0.4171936026123168,1750281.0,20.8,-0.7071067811865477,-0.7071067811865475,1.0,75450.0,7117.2,55091.0,245.88747039072035,5.615166703859964,10781.69,55153.36750000001,21890.9,25691.0,4646.0,833.21,539359.3,3912.82,5.133543,2019
2018-07-22 12:00:00+00:00,23.005682,15.1252596,-0.9383773917408642,-0.3456123126707333,2788177.0,22.136666666666667,-1.0,1.2246467991473532e-16,0.0,41500.0,7117.2,42450.0,184.6226867114368,18.09679182370505,6092.4825,33206.16499999999,21375.1,12013.0,3369.0,4528.11,2568305.8,777.94,2.2683728,2018
2022-03-09 18:00:00+00:00,9.83693,80.46928043999999,0.3896304495307879,0.9209712877166346,1420843.0,149.75,-1.8369701987210292e-16,-1.0,1.0,68250.0,7117.2,43170.0,228.0852643060643,8.522277633349097,9938.8975,56952.52250000001,22881.4,25015.0,5446.0,0.0,65246.875,5283.06,5.781633,2022
2023-01-28 19:00:00+00:00,3.1225684,89.55725625000001,0.886070621534138,0.4635502709028509,1860943.0,54.46666666666667,0.2588190451025203,-0.9659258262890684,0.0,71200.0,7117.2,44740.0,283.2520271840076,4.893555624617471,10290.4725,46651.49249999999,21082.475,17807.0,5222.0,0.0,0.0,4443.83,4.849076,2023
2019-10-31 06:00:00+00:00,11.027418,22.79031588,0.4975132889071803,-0.8674563547295971,2851394.0,10.0,6.123233995736766e-17,1.0,1.0,54400.0,5760.1,41035.0,276.0912582417583,13.539999961853008,9370.5075,52390.23,22628.4,20991.0,4177.0,0.0,4.091624,2629.71,0.10881413,2019
2021-12-19 16:00:00+00:00,6.387923,46.29497964,0.9787400799669153,-0.2051044998686192,2010670.0,144.96666666666667,-0.5000000000000004,-0.8660254037844385,0.0,63000.0,5110.1,43885.0,246.7148607651608,5.5941111743450165,10015.095,32072.88,21722.7,18353.0,4263.0,49.3,156654.62,3282.37,2.2847693,2021
2021-05-05 18:00:00+00:00,11.925807,46.29497964,-0.548842958284719,0.8359254794186372,1047965.0,24.68,-1.8369701987210292e-16,-1.0,1.0,52600.0,7117.2,38710.0,235.74478127798128,13.21016650729706,8622.4825,27738.465,23642.2,20367.0,5628.0,1872.82,498561.78,4800.15,5.378006,2021
2021-08-04 06:00:00+00:00,15.971095,46.29497964,-0.8382797052177743,-0.5452404385406511,2607829.0,41.75,6.123233995736766e-17,1.0,1.0,41150.0,7117.2,41400.0,414.6251922669923,16.844708283742257,8332.1125,52483.8,22495.6,20798.0,4936.0,89.7,180548.94,776.2,0.77614594,2021
2018-02-07 07:00:00+00:00,0.8816295,15.1252596,0.7935716089521474,0.6084768701151261,1416974.0,18.35,-0.2588190451025208,0.9659258262890684,1.0,84050.0,7117.2,57205.0,618.0039719265816,5.227249999841054,11954.155,76613.6125,29202.5,26390.0,6808.0,20.13,1096.599,2937.75,5.832835,2018
2023-07-01 22:00:00+00:00,17.88954,89.55725625000001,-0.9999629591162656,0.0086069968886886,2932525.0,36.71666666666667,0.8660254037844384,-0.5000000000000004,0.0,37850.0,7117.2,35915.0,204.7287288840789,19.71488894356624,5880.594999999999,15425.315,15464.625,13626.0,4470.0,0.0,0.0,5849.38,5.785141,2023
2020-03-05 05:00:00+00:00,8.408581,17.2389636,0.436651231956064,0.8996308696522433,1864482.0,9.4,0.2588190451025207,0.9659258262890684,1.0,61250.0,7117.2,47704.0,693.3990552096052,8.141666650772095,9431.6175,53877.4575,12921.4,19028.0,6724.0,0.0,0.0,4496.69,4.2910075,2020
2020-07-28 14:00:00+00:00,23.576296,17.2389636,-0.8900275764346768,-0.4559066935084586,3100546.0,4.68,-0.8660254037844386,-0.5000000000000001,1.0,49850.0,7117.2,34815.0,176.11558345543347,21.630333264668792,5592.197499999998,18846.7425,21477.6,23667.0,3511.0,4925.0,2365473.0,3835.01,3.6152525,2020
2018-05-11 03:00:00+00:00,8.98103,15.1252596,-0.6321034111873487,0.7748840413670407,1101932.0,21.25,0.7071067811865476,0.7071067811865476,1.0,36650.0,5066.1,42675.0,369.6361689910912,11.454750180244464,7820.5775,42915.075,19731.4,15906.0,6741.0,0.0,0.0,1732.63,2.453469,2018
2022-05-03 16:00:00+00:00,15.295484,80.46928043999999,-0.5197438121555155,0.854322169749827,1418563.0,96.35,-0.5000000000000004,-0.8660254037844385,1.0,46800.0,6125.5,30093.0,214.7512204924705,15.179277684953483,8307.7675,49747.99,13914.8,19632.0,5341.0,4358.94,1344948.2,2429.02,3.076022,2022
2018-05-07 08:00:00+00:00,16.559736,15.1252596,-0.5772916165517272,0.8165380514459161,1101932.0,20.63,-0.4999999999999998,0.8660254037844387,1.0,46950.0,5066.1,42000.0,315.49475125265684,12.712500055631,8984.460000000001,44419.895,26687.9,22778.0,6847.0,2897.88,1467790.1,881.01,1.2727703,2018
2020-01-12 14:00:00+00:00,8.936508,17.2389636,0.9787400799669153,0.2051044998686192,2742325.0,11.933333333333334,-0.8660254037844386,-0.5000000000000001,0.0,57250.0,7117.2,54676.0,267.77046729751726,7.5632499257723484,7013.9975,18720.3775,21615.4,13243.0,3154.0,2029.83,822010.7,6345.86,4.697184,2020
2023-03-27 21:00:00+00:00,6.6227584,89.55725625000001,0.0902516100310411,0.995918996147179,1508365.0,43.25,0.7071067811865474,-0.7071067811865477,1.0,55100.0,7117.2,35888.0,332.7553484346571,11.664333555433478,9535.955000000002,24480.2,21331.525,15438.0,5131.0,0.0,0.0,1952.3,1.3187389,2023
2020-06-03 18:00:00+00:00,17.892174,17.2389636,-0.8900275764346767,0.4559066935084588,2698730.0,4.9,-1.8369701987210292e-16,-1.0,1.0,44450.0,4856.7,36990.0,203.5885103785104,20.04962491989135,7729.102500000001,46511.8925,18960.3,19822.0,5619.0,681.46,572820.5,2040.57,2.3610678,2020
2023-10-10 20:00:00+00:00,17.066338,89.55725625000001,0.1585593851031347,-0.9873494423939864,2613447.0,45.0,0.5000000000000001,-0.8660254037844386,1.0,43000.0,6053.3,41600.0,147.4119905372405,17.79205523596872,5393.1275000000005,22766.134999999995,24372.825,17223.0,2276.0,0.0,0.0,3714.02,3.4384837,2023
2023-03-16 23:00:00+00:00,9.868004,89.55725625000001,0.276096973097469,0.9611297838723007,1437424.0,42.45,0.9659258262890684,-0.2588190451025207,1.0,49550.0,7117.2,37000.0,406.6981802100476,10.335222244262686,5269.1525,18555.015000000003,11763.5,15441.0,5513.0,0.0,0.0,8020.43,5.817979,2023
2020-02-05 22:00:00+00:00,4.5514283,17.2389636,0.8140460935082179,0.5808002734538008,2214084.0,9.55,0.8660254037844384,-0.5000000000000004,1.0,68350.0,7117.2,52260.0,666.8845368131869,8.677833278973898,10319.7975,38005.955,22795.5,17890.0,6404.0,0.0,0.0,2358.71,2.8695579,2020
2018-10-26 03:00:00+00:00,10.600077,15.1252596,0.4211008707960891,-0.9070138128026362,2474033.0,23.88,0.7071067811865476,0.7071067811865476,1.0,44200.0,7117.2,42845.0,118.92259165649168,13.760111225975896,8218.805,40234.880000000005,21711.8,15357.0,1691.0,0.0,0.0,935.36,2.0270963,2018
2018-10-26 10:00:00+00:00,12.789672,15.1252596,0.4211008707960891,-0.9070138128026362,2474033.0,23.88,-0.8660254037844387,0.4999999999999999,1.0,59200.0,7117.2,44920.0,118.92259165649168,13.720166577233217,9691.7725,41988.7075,28726.6,22430.0,2092.0,2749.64,989136.4,1405.82,3.0047424,2018
2023-02-11 13:00:00+00:00,8.968691,89.55725625000001,0.7498264012045687,0.6616346182422783,1548596.0,54.5,-0.9659258262890684,-0.2588190451025203,0.0,59400.0,7117.2,44175.0,207.9655814466532,6.209388991196948,8875.64,20691.4375,13073.4,14360.0,2353.0,8535.01,1510378.6,1600.4,1.092308,2023
2021-12-08 05:00:00+00:00,5.74795,46.29497964,0.9226395488404876,-0.3856634062436074,2059628.0,98.9,0.2588190451025207,0.9659258262890684,1.0,64850.0,5042.0,42975.0,439.7575734635735,6.5296666622161865,7102.677499999999,34543.80499999999,4113.200000000001,14228.0,4507.0,0.0,0.0,8372.83,7.2326627,2021
2018-01-15 22:00:00+00:00,7.880653,15.1252596,0.9668478136052776,0.255353295116187,1660658.0,19.0,0.8660254037844384,-0.5000000000000004,1.0,68200.0,7117.2,56880.0,600.620746011396,6.520916740099588,9299.95,26369.38749999999,21916.8,18092.0,6118.0,0.0,0.0,8078.29,10.2219305,2018
2019-01-12 03:00:00+00:00,4.5267706,22.79031588,0.9787400799669153,0.2051044998686192,2055622.0,21.38,0.7071067811865476,0.7071067811865476,0.0,63300.0,7117.2,56192.0,194.374116035816,5.958222177293568,8230.61,24982.545,17908.9,14567.0,2542.0,0.0,0.0,2795.71,4.6523046,2019
2019-04-06 05:00:00+00:00,6.474656,22.79031588,-0.0816763953304224,0.9966589017541702,984486.0,15.84,0.2588190451025207,0.9659258262890684,0.0,52100.0,5638.0,45905.0,271.7547155474156,10.87916668256123,8678.575,38737.4,13129.0,15809.0,4853.0,0.0,36.999657,3620.96,2.983094,2019
2021-12-13 10:00:00+00:00,7.8687606,46.29497964,0.9523775757303972,-0.3049212246562894,2010670.0,115.85,-0.8660254037844387,0.4999999999999999,1.0,73900.0,5042.0,43570.0,416.6821061660561,6.31888892915514,9117.7825,59025.5975,23217.3,26515.0,5178.0,2826.63,565349.06,1860.28,2.896263,2021
2020-04-13 23:00:00+00:00,9.157964,17.2389636,-0.2177232303965317,0.9760105506323684,1551504.0,7.1475,0.9659258262890684,-0.2588190451025207,1.0,40550.0,6993.4,40045.0,189.36414566544565,13.934916496276848,6531.96,18860.335,15783.1,7875.0,3811.0,0.0,0.0,7636.01,6.562574,2020
2019-06-29 08:00:00+00:00,23.31248,22.79031588,-0.99907411510223,0.0430222330045305,2394994.0,9.733333333333333,-0.4999999999999998,0.8660254037844387,0.0,47150.0,7117.2,45047.0,297.9122903947904,22.957166989644364,6914.375,28186.7675,25486.8,19436.0,5749.0,4061.81,1603718.4,1329.53,1.7355771,2019
2022-07-09 11:00:00+00:00,23.613937,80.46928043999999,-0.99167731989929,-0.1287481774525806,2469618.0,168.92333333333335,-0.9659258262890682,0.258819045102521,0.0,47200.0,7117.2,28535.0,158.76736664631665,21.501333077748622,4427.919999999999,12651.487499999996,14153.4,12812.0,2425.0,10042.91,2865993.0,2242.87,2.8156328,2022
2022-03-08 17:00:00+00:00,9.186314,80.46928043999999,0.4054257283599973,0.9141279881853336,1420843.0,210.0,-0.2588190451025206,-0.9659258262890684,1.0,63900.0,7117.2,43170.0,234.6854668498168,8.061000082227919,9822.4025,55914.5875,25864.8,24716.0,5559.0,198.68,462241.03,3741.39,3.02112,2022
2018-05-15 22:00:00+00:00,12.359615,15.1252596,-0.6839194216246103,0.7295575540864878,1327826.0,21.38,0.8660254037844384,-0.5000000000000004,1.0,48100.0,6071.9,46710.0,468.97805197395206,10.975583354632066,8112.020000000001,46244.9825,16350.6,15986.0,7714.0,0.0,0.0,2761.5,4.641141,2018
2020-06-29 05:00:00+00:00,15.889277,17.2389636,-0.9996666485105112,0.025818440227133,2972388.0,5.65,0.2588190451025207,0.9659258262890684,1.0,41100.0,7117.2,31220.0,258.75361086691083,18.442066828409825,6005.5275,41579.925,22841.7,18377.0,5690.0,386.58,78205.68,2742.37,4.8476553,2020
2020-07-09 00:00:00+00:00,17.189003,17.2389636,-0.9893142039703664,-0.1457991969198744,3064947.0,4.75,1.0,0.0,1.0,40150.0,7117.2,33610.0,213.90884824989823,19.65703360239664,6823.005,38862.3625,18136.6,15569.0,4007.0,0.0,0.0,1382.3,1.6349956,2020
2019-09-24 05:00:00+00:00,14.580199,22.79031588,-0.1159345995955006,-0.9932568492674144,2650572.0,11.15,0.2588190451025207,0.9659258262890684,1.0,47250.0,7117.2,40240.0,148.58380539275538,17.797166585922263,8857.675,56099.6125,21150.0,21298.0,2287.0,0.0,0.0,4610.99,5.0925355,2019
2021-05-10 07:00:00+00:00,13.094691,46.29497964,-0.6186714032625031,0.7856498550787147,1231647.0,25.05,-0.2588190451025208,0.9659258262890684,1.0,49800.0,7117.2,37815.0,318.32096487586483,13.89116679297553,6395.985,27405.9425,20329.4,20331.0,6246.0,833.61,640357.2,6345.73,5.903991,2021
2018-05-09 07:00:00+00:00,13.351413,15.1252596,-0.6050560696488488,0.7961828637826158,1101932.0,20.6,-0.2588190451025208,0.9659258262890684,1.0,50450.0,5066.1,42000.0,381.5686341111564,12.948833624521894,9696.96,48203.425,25277.0,22701.0,6936.0,1570.08,738129.06,1614.11,2.6889222,2018
2019-11-15 06:00:00+00:00,4.7677355,22.79031588,0.7025274741691566,-0.711656622281775,2954760.0,15.15,6.123233995736766e-17,1.0,1.0,72100.0,5008.0,40950.0,351.0574397028897,9.496125102043136,9825.5875,35350.7825,21027.3,22858.0,5823.0,0.0,0.0,1535.23,2.8105946,2019
2023-03-19 05:00:00+00:00,8.581672,89.55725625000001,0.2261156855082882,0.9741004551724204,1437424.0,41.333333333333336,0.2588190451025207,0.9659258262890684,0.0,38350.0,7117.2,35735.0,348.55208366810325,10.282555633121062,6485.29,32336.4,13760.45,11959.0,4926.0,0.0,0.0,2697.6,3.0210912,2023
2019-11-01 13:00:00+00:00,14.591903,22.79031588,0.5123714121284235,-0.858763958275803,2851394.0,11.45,-0.9659258262890684,-0.2588190451025203,0.0,47050.0,5760.1,38815.0,265.6794275742775,13.626500129699716,6479.879999999999,35707.9075,11052.6,11819.0,4200.0,2039.07,645480.44,7836.55,6.4093943,2019
2021-02-22 18:00:00+00:00,10.519592,46.29497964,0.6118864012687244,0.7909456567567772,1515570.0,15.95,-1.8369701987210292e-16,-1.0,1.0,66150.0,6113.8,44035.0,397.6079492470493,9.446750164031988,10291.2475,55200.5,29249.5,23443.0,6922.0,0.0,34908.465,4034.99,3.113347,2021
2020-07-17 14:00:00+00:00,21.691843,17.2389636,-0.9599326896597444,-0.2802306751992161,3087938.0,5.15,-0.8660254037844386,-0.5000000000000001,1.0,47600.0,7117.2,36240.0,207.3786451770452,18.86236680348714,8168.217500000001,38967.2375,17368.5,21313.0,3917.0,5875.7,2189267.2,2050.08,3.0059245,2020
2022-02-08 22:00:00+00:00,6.586381,80.46928043999999,0.7829801036770629,0.6220467484408675,1729375.0,75.7,0.8660254037844384,-0.5000000000000004,1.0,66650.0,7117.2,46051.0,311.2079174399675,6.985722270276813,7599.25,30432.1775,23068.9,16963.0,3918.0,0.0,0.0,2455.41,3.215784,2022
2021-04-19 02:00:00+00:00,5.75911,46.29497964,-0.3008198076356675,0.9536809966304456,874649.0,21.52,0.8660254037844387,0.4999999999999999,1.0,47950.0,6111.4,38325.0,186.4205871591372,9.758999983469648,7732.025,39255.615,17903.4,11399.0,2789.0,0.0,0.0,2023.13,1.8245215,2021
2020-08-11 16:00:00+00:00,27.119541,17.2389636,-0.7554933140726804,-0.655156357209085,3013309.0,6.82,-0.5000000000000004,-0.8660254037844385,1.0,47700.0,7117.2,37099.0,186.1467452177452,23.47780036926268,8458.79,39230.395,21801.5,18153.0,4050.0,3063.41,1491951.2,1191.64,0.822121,2020
2018-03-04 20:00:00+00:00,6.9840264,15.1252596,0.4673592171580022,0.8840675099433636,812004.0,23.03333333333333,0.5000000000000001,-0.8660254037844386,0.0,65650.0,6071.9,51125.0,418.5730196909058,6.184083342552184,9300.8925,41329.9625,20907.9,17318.0,6314.0,0.0,0.0,3435.85,4.8497577,2018
2021-03-31 11:00:00+00:00,17.664581,46.29497964,0.0215160974362222,0.9997685019798908,961615.0,18.93,-0.9659258262890682,0.258819045102521,1.0,52850.0,6111.4,42624.0,256.5943834961335,11.90688874986435,6647.44,31505.200000000004,13454.0,17131.0,4184.0,6684.72,2519029.8,1423.22,2.8970246,2021
2018-08-17 21:00:00+00:00,18.099508,15.1252596,-0.6963762255968724,-0.7176769136759618,2869444.0,24.1,0.7071067811865474,-0.7071067811865477,1.0,44950.0,7117.2,39890.0,170.48020303215307,17.90387463569644,8905.9175,45967.4725,17792.5,14055.0,3627.0,0.0,0.0,2403.42,3.8596559,2018
2023-11-27 04:00:00+00:00,6.0042653,89.55725625000001,0.83355577183857,-0.5524353131676195,2883329.0,44.25,0.5000000000000001,0.8660254037844386,1.0,54800.0,6125.5,43285.0,450.4519276334776,9.03077761332194,4691.4400000000005,41968.765,14824.5,14007.0,4987.0,0.0,0.0,8557.34,4.920631,2023
2022-01-04 23:00:00+00:00,6.3952203,80.46928043999999,0.9976303053065856,0.0688024268023198,2152112.0,86.0,0.9659258262890684,-0.2588190451025207,1.0,60500.0,6105.9,46790.0,581.4137495726495,7.847555663850573,6808.097499999999,29904.4,10693.8,12922.0,5800.0,0.0,0.0,8632.65,6.2207465,2022
2018-01-15 04:00:00+00:00,4.6638403,15.1252596,0.9668478136052776,0.255353295116187,1660658.0,19.0,0.5000000000000001,0.8660254037844386,1.0,59000.0,7117.2,56880.0,600.620746011396,6.510500033696491,7940.765,40287.72749999999,20350.9,13873.0,5574.0,0.0,0.0,4371.19,5.437862,2018
2021-06-26 08:00:00+00:00,18.039757,46.29497964,-0.9955213724144752,0.0945367498171995,2183321.0,32.13333333333333,-0.4999999999999998,0.8660254037844387,0.0,42000.0,7117.2,41960.0,400.0068490028491,17.09941697120665,8349.93,31584.66,16017.2,16205.0,5972.0,2738.68,1340222.1,318.29,1.0672092,2021
2023-01-11 10:00:00+00:00,9.316187,89.55725625000001,0.9821256058680006,0.1882267098432442,2347129.0,62.7,-0.8660254037844387,0.4999999999999999,1.0,63800.0,7117.2,44580.0,418.13047293173815,7.364916642506919,6431.6575,39864.4275,19764.9,21039.0,6003.0,2900.78,438661.03,8319.38,7.065191,2023
2018-06-02 04:00:00+00:00,14.092563,15.1252596,-0.8738071036110806,0.4862727071086904,1791003.0,21.95,0.5000000000000001,0.8660254037844386,0.0,34000.0,4076.8,42943.0,444.4777311965812,13.855000178019194,7355.957499999999,41551.0925,19330.5,12189.0,7368.0,1.79,2294.7446,810.21,0.8742459,2018
2018-01-22 12:00:00+00:00,10.554167,15.1252596,0.9291414114031744,0.3697245428906731,1704964.0,18.5,-1.0,1.2246467991473532e-16,1.0,69800.0,7117.2,57265.0,1104.66863509361,7.834333499272663,11240.21,69233.91750000001,24836.9,22398.0,6544.0,1838.53,732007.2,6742.36,7.2196507,2018
2021-12-13 08:00:00+00:00,6.5659976,46.29497964,0.9523775757303972,-0.3049212246562894,2010670.0,115.85,-0.4999999999999998,0.8660254037844387,1.0,75300.0,5042.0,44880.0,416.6821061660561,6.335222363471988,9435.92,59352.595,26632.8,28318.0,5549.0,220.93,45488.137,1945.89,3.3496764,2021
2019-12-24 15:00:00+00:00,11.712988,22.79031588,0.9927487224577402,-0.1202080448993527,2804309.0,11.35,-0.7071067811865477,-0.7071067811865475,1.0,55900.0,7117.2,50615.0,844.2380986161985,9.245708346366882,7077.23,38772.9075,20124.8,13319.0,7073.0,618.37,403873.22,10437.05,8.595947,2019
2022-03-26 01:00:00+00:00,8.082135,80.46928043999999,0.107381346664163,0.994217906893952,1369050.0,101.66666666666669,0.9659258262890684,0.2588190451025207,0.0,47200.0,6053.3,31585.0,189.38260966625964,10.65516665246752,6610.1900000000005,34603.4225,15265.7,14038.0,2722.0,0.0,0.0,5900.44,6.450549,2022
2023-03-19 06:00:00+00:00,8.448974,89.55725625000001,0.2261156855082882,0.9741004551724204,1437424.0,41.333333333333336,6.123233995736766e-17,1.0,0.0,38850.0,7117.2,35735.0,348.55208366810325,10.31116686926948,6718.4075,32874.1525,13608.4,11957.0,5110.0,30.35,3583.9563,2670.17,2.951002,2023
2023-02-04 02:00:00+00:00,6.0326123,89.55725625000001,0.8239230057575543,0.5667017562911175,1741224.0,59.55,0.8660254037844387,0.4999999999999999,0.0,54500.0,7117.2,45790.0,203.1060879685532,6.346777743763394,7335.774999999999,29707.625000000004,18795.975,14273.0,2250.0,0.0,0.0,2949.71,3.5227334,2023
2019-07-01 20:00:00+00:00,20.145084,22.79031588,-0.9999629591162656,0.0086069968886886,2572658.0,10.2,0.5000000000000001,-0.8660254037844386,1.0,49600.0,6125.5,43750.0,292.2262064713065,23.00366695721944,9271.56,33274.655,25405.3,24886.0,5526.0,0.07,73639.69,2552.58,3.8383408,2019
2019-10-20 19:00:00+00:00,13.198289,22.79031588,0.3253420847119803,-0.9455963874271424,2649054.0,10.266666666666666,0.2588190451025203,-0.9659258262890684,0.0,45850.0,6111.4,39810.0,267.2835455229955,14.865958293279023,8334.650000000001,43317.2525,24271.9,16181.0,4246.0,0.0,0.0,4486.52,1.5979245,2019
2018-10-12 08:00:00+00:00,16.846577,15.1252596,0.1924515819708299,-0.9813064702716092,2476781.0,25.35,-0.4999999999999998,0.8660254037844387,1.0,52950.0,7117.2,42830.0,125.77950207570206,15.609000153011737,8604.5,45597.19,17702.4,25311.0,1755.0,1067.54,448248.56,4455.72,6.9917583,2018
2023-10-10 04:00:00+00:00,13.849038,89.55725625000001,0.1585593851031347,-0.9873494423939864,2613447.0,45.0,0.5000000000000001,0.8660254037844386,1.0,39550.0,6053.3,41600.0,147.4119905372405,16.398777855767136,7969.25,48979.3975,22227.65,17735.0,1985.0,0.0,0.0,1046.13,2.516775,2023
2019-02-09 09:00:00+00:00,8.02403,22.79031588,0.7721565844991642,0.6354323008901774,1474810.0,18.27,-0.7071067811865475,0.7071067811865476,0.0,64250.0,7117.2,54890.0,303.9842227106228,6.758111079533894,7890.585,15634.75,25581.7,18758.0,4407.0,1589.12,427705.94,9588.51,8.259465,2019
2019-07-09 12:00:00+00:00,21.340715,22.79031588,-0.99167731989929,-0.1287481774525806,2673159.0,11.55,-1.0,1.2246467991473532e-16,1.0,54850.0,7117.2,42606.0,256.779258017908,22.42941657702129,8183.317500000001,34736.020000000004,25694.0,27167.0,4198.0,5341.38,2647479.2,3052.84,2.7052972,2019
2021-05-10 00:00:00+00:00,13.754331,46.29497964,-0.6186714032625031,0.7856498550787147,1231647.0,25.05,1.0,0.0,1.0,37900.0,7117.2,36485.0,318.32096487586483,14.78016673194039,5021.8925,20479.307500000003,12960.4,10842.0,6034.0,0.0,0.0,6888.31,6.0502515,2021
2020-11-05 17:00:00+00:00,10.718716,17.2389636,0.5842981736283683,-0.8115390590073611,3088786.0,14.4,-0.2588190451025206,-0.9659258262890684,1.0,63600.0,6125.5,47742.0,240.5404167684168,10.582624991734818,11741.92,54362.75749999999,19255.3,24573.0,4990.0,0.0,38257.254,5266.81,5.9109254,2020
2022-12-25 14:00:00+00:00,12.7024355,80.46928043999999,0.9946708199115212,-0.1031016974474354,2142607.0,81.4,-0.8660254037844386,-0.5000000000000001,0.0,40600.0,7117.2,37935.0,485.1797122864253,8.589749972025558,7752.0975,32466.7175,4692.875,10644.0,5468.0,2678.88,638313.6,6370.31,6.072085,2022
2020-01-27 10:00:00+00:00,7.925635,17.2389636,0.893918596519257,0.4482293417404106,2194236.0,10.48,-0.8660254037844387,0.4999999999999999,1.0,74800.0,7117.2,51975.0,253.13572344322336,6.871125002702076,9440.9025,39151.89250000001,23739.7,25303.0,5149.0,2047.99,475971.4,6698.15,6.949693,2020
2021-08-23 16:00:00+00:00,21.451115,46.29497964,-0.6186714032625032,-0.7856498550787144,2612909.0,42.4,-0.5000000000000004,-0.8660254037844385,1.0,44400.0,7117.2,43377.0,255.9606637362637,19.401708285013857,7549.65,43628.5125,17060.4,22032.0,3848.0,5295.48,1419039.1,4710.1,4.6147823,2021
2021-10-26 20:00:00+00:00,11.899189,46.29497964,0.4211008707960891,-0.9070138128026362,2291919.0,87.83,0.5000000000000001,-0.8660254037844386,1.0,51000.0,6121.4,44280.0,146.69180759055757,12.547611157099416,6926.845000000001,38162.7975,24130.3,19122.0,2012.0,0.0,0.0,3540.53,2.3384373,2021
2022-03-11 00:00:00+00:00,7.9091806,80.46928043999999,0.3576982388331257,0.9338372288229252,1420843.0,132.0,1.0,0.0,1.0,54600.0,7117.2,39950.0,211.6551496947497,8.744499895307756,6272.7525,20461.7775,10641.5,14894.0,2594.0,0.0,0.0,7897.68,7.7907243,2022
2021-11-19 11:00:00+00:00,10.268223,46.29497964,0.7498264012045686,-0.6616346182422783,2216776.0,86.5,-0.9659258262890682,0.258819045102521,1.0,66750.0,5057.5,44880.0,172.05342983312983,8.881333404117166,9504.2675,37948.70999999999,19157.9,20996.0,2873.0,4399.84,1007366.4,1341.95,0.45423305,2021
2018-11-05 12:00:00+00:00,13.957248,15.1252596,0.5702422926917867,-0.8214765533024145,2457273.0,23.28,-1.0,1.2246467991473532e-16,1.0,60750.0,6105.9,47090.0,146.0237865079365,9.779000123341886,10411.687500000002,54252.51999999999,23271.5,21798.0,2774.0,2820.83,1007095.75,3032.33,4.3788733,2018
2019-09-24 00:00:00+00:00,15.14778,22.79031588,-0.1159345995955006,-0.9932568492674144,2650572.0,11.15,1.0,0.0,1.0,38700.0,7117.2,40240.0,148.58380539275538,18.00245785713196,6605.67,38945.78,16285.2,14296.0,1866.0,0.0,0.0,3660.22,5.265184,2019
2021-05-20 20:00:00+00:00,13.737738,46.29497964,-0.7441039398713604,0.6680638642135338,1413451.0,24.7,0.5000000000000001,-0.8660254037844386,1.0,47200.0,5068.5,42205.0,520.2700013227512,14.00044457117716,6534.669999999999,47798.425,23549.9,18349.0,6987.0,88.88,20689.963,5222.53,6.7448535,2021
2023-01-17 14:00:00+00:00,5.018559,89.55725625000001,0.9574851883550392,0.288482432880609,2331058.0,59.6,-0.8660254037844386,-0.5000000000000001,1.0,67850.0,7117.2,43670.0,467.569088997476,6.495999972025556,10153.94,46901.9175,6934.099999999999,26335.0,6017.0,2652.02,685964.5,3574.95,4.966935,2023
2021-06-26 16:00:00+00:00,21.624912,46.29497964,-0.9955213724144752,0.0945367498171995,2183321.0,32.13333333333333,-0.5000000000000004,-0.8660254037844385,0.0,40600.0,7117.2,41255.0,400.0068490028491,19.78283341725668,7827.969999999999,40331.8725,11349.0,16882.0,6045.0,4646.21,1530005.9,688.3,0.62444234,2021
2023-12-24 18:00:00+00:00,9.858243,89.55725625000001,0.9927487224577402,-0.1202080448993527,2761956.0,33.82,-1.8369701987210292e-16,-1.0,0.0,52650.0,7117.2,42790.0,678.8999762700262,9.129777908325194,5179.237499999999,1974.5050000000049,26451.9,14205.0,5464.0,0.0,0.0,15409.81,8.027254,2023
2022-08-24 17:00:00+00:00,26.445724,80.46928043999999,-0.6050560696488494,-0.7961828637826154,2250959.0,293.0,-0.2588190451025206,-0.9659258262890684,1.0,50200.0,7117.2,23816.0,146.15470664335666,23.834666570027665,9465.635,51260.5625,21578.75,18715.0,3223.0,2085.33,927609.75,1492.46,1.1079352,2022
2019-07-31 12:00:00+00:00,21.39908,22.79031588,-0.8738071036110809,-0.4862727071086898,2742271.0,10.15,-1.0,1.2246467991473532e-16,1.0,50350.0,7117.2,39397.0,214.1813473748473,20.94195826848348,6478.3125,42201.8125,23757.1,23824.0,3952.0,6163.17,2497596.5,3172.67,3.3920403,2019
2021-02-21 01:00:00+00:00,9.735562,46.29497964,0.6254105729852463,0.7802958510707755,1533892.0,16.16,0.9659258262890684,0.2588190451025207,0.0,50650.0,6113.8,44035.0,408.267239010989,8.474416812260943,5546.9375,18158.895,9738.4,11684.0,4470.0,0.0,0.0,8073.86,6.4556365,2021
2019-10-07 13:00:00+00:00,16.274181,22.79031588,0.1073813466641621,-0.994217906893952,2625151.0,10.25,-0.9659258262890684,-0.2588190451025203,1.0,52050.0,6111.4,42000.0,200.745857977208,16.047041654586785,9581.8125,49660.555,21002.8,20931.0,2786.0,4603.56,1244360.8,2848.02,2.3550575,2019
2019-02-07 19:00:00+00:00,7.216745,22.79031588,0.7935716089521474,0.6084768701151261,1474810.0,18.58,0.2588190451025203,-0.9659258262890684,1.0,73150.0,7117.2,55920.0,357.4757996540496,7.0724165439605695,9724.0575,35243.81249999999,34597.5,24754.0,5813.0,0.0,0.0,6345.24,6.503784,2019
2021-03-29 10:00:00+00:00,14.202338,46.29497964,0.0559169901006032,0.9984354211555644,961615.0,18.42,-0.8660254037844387,0.4999999999999999,1.0,57900.0,6111.4,41294.0,244.8442707773708,10.040333112080903,4927.645,19217.11,14602.8,16079.0,4348.0,5575.97,2071321.2,2599.15,2.7595243,2021
2023-06-27 18:00:00+00:00,21.741823,89.55725625000001,-0.9970011699250152,0.077386479233463,2932525.0,34.75,-1.8369701987210292e-16,-1.0,1.0,45600.0,7117.2,36745.0,227.27970331890327,21.83055549197728,7698.0125,40186.7125,19816.9,23511.0,5255.0,1786.76,799142.2,2831.24,3.354479,2023
2020-09-20 18:00:00+00:00,19.27224,17.2389636,-0.1670516255021195,-0.9859481499638304,2855432.0,11.286666666666669,-1.8369701987210292e-16,-1.0,0.0,43250.0,7117.2,37240.0,144.98546978021977,18.899033355712888,7682.467500000001,37896.4375,22222.7,17692.0,2889.0,0.6,112245.61,1469.5,2.0963874,2020
2019-07-22 11:00:00+00:00,25.785204,22.79031588,-0.9383773917408642,-0.3456123126707333,2697155.0,10.3,-0.9659258262890682,0.258819045102521,1.0,55600.0,7117.2,42329.0,182.78106345136348,22.9636665980021,6591.84,35601.9275,28541.2,24602.0,3567.0,6003.23,2767858.2,364.98,0.61758256,2019
2021-01-20 05:00:00+00:00,6.5379505,46.29497964,0.9413173175128472,0.3375228995941133,1924342.0,19.83,0.2588190451025207,0.9659258262890684,1.0,68300.0,7117.2,51680.0,490.9905038258039,4.979249954223633,7279.425,27056.689999999995,15988.5,20077.0,5069.0,0.0,0.0,10700.15,9.799197,2021
2022-12-25 06:00:00+00:00,9.423042,80.46928043999999,0.9946708199115212,-0.1031016974474354,2142607.0,81.4,6.123233995736766e-17,1.0,0.0,38750.0,7117.2,37935.0,485.1797122864253,8.464833259582512,5703.907499999999,24361.7575,6213.875,9923.0,4851.0,0.0,0.0,3939.99,5.858853,2022
2023-08-24 19:00:00+00:00,23.565195,89.55725625000001,-0.6050560696488494,-0.7961828637826154,2829706.0,31.7,0.2588190451025203,-0.9659258262890684,1.0,48750.0,6887.5,35387.0,171.59683058793058,25.368777804904497,8650.189999999999,42345.965,28657.875,22754.0,3698.0,0.0,88052.84,3193.38,1.9761207,2023
2018-01-15 08:00:00+00:00,5.1690154,15.1252596,0.9668478136052776,0.255353295116187,1660658.0,19.0,-0.4999999999999998,0.8660254037844387,1.0,76300.0,7117.2,56880.0,600.620746011396,6.404333432515461,10641.245,54675.89,32877.4,27716.0,6555.0,184.75,31227.58,6042.79,7.0660124,2018
2022-08-14 17:00:00+00:00,24.126276,80.46928043999999,-0.7324940716135788,-0.6807734094770164,2280964.0,216.0,-0.2588190451025206,-0.9659258262890684,0.0,39850.0,7117.2,26011.0,115.44113513986017,22.835499922434487,6707.8075,34170.645000000004,12389.025,12902.0,2086.0,2019.91,924059.4,4305.73,2.4722168,2022
2020-10-21 03:00:00+00:00,14.290424,17.2389636,0.3576982388331254,-0.9338372288229252,2956736.0,14.93,0.7071067811865476,0.7071067811865476,1.0,42200.0,6125.5,43440.0,210.1746156084656,12.313400173187258,5936.5725,33656.305,9601.1,14999.0,3215.0,0.0,0.0,10208.13,8.401688,2020
2023-06-16 17:00:00+00:00,23.575775,89.55725625000001,-0.9646141756912434,0.2636654927280075,2708825.0,33.3,-0.2588190451025206,-0.9659258262890684,1.0,45550.0,6113.8,33085.0,258.53141969696964,20.047333187527126,7009.0425000000005,45287.8125,17792.2,19851.0,5945.0,3682.12,1312843.8,1397.69,1.4643565,2023
2018-09-04 19:00:00+00:00,19.588484,15.1252596,-0.4443781781046134,-0.8958392907349089,2718547.0,26.95,0.2588190451025203,-0.9659258262890684,1.0,48650.0,7117.2,44411.0,160.88971768416766,17.804500579833963,9570.3175,57883.09,28310.8,21137.0,2886.0,0.0,26783.441,1333.39,3.8104966,2018
2019-08-08 18:00:00+00:00,24.949501,22.79031588,-0.798779372886365,-0.6016240632249223,2749841.0,10.05,-1.8369701987210292e-16,-1.0,1.0,44450.0,7117.2,41603.0,202.0598412698413,23.22495857874552,9338.722500000002,42939.5825,23678.6,19865.0,4446.0,485.18,549645.25,784.97,2.8391235,2019
2021-11-19 01:00:00+00:00,7.3874454,46.29497964,0.7498264012045686,-0.6616346182422783,2216776.0,86.5,0.9659258262890684,0.2588190451025207,1.0,55500.0,5057.5,44880.0,172.05342983312983,9.095222102271192,7301.924999999999,19500.19,17420.0,14811.0,2278.0,0.0,0.0,1495.02,0.3799295,2021
2022-02-13 02:00:00+00:00,4.4017696,80.46928043999999,0.7266075247685656,0.687052767223667,1729375.0,78.19,0.8660254037844387,0.4999999999999999,0.0,59400.0,7117.2,43356.0,253.03201682946687,6.589666651354896,5654.817499999999,22109.390000000003,14328.8,12182.0,3396.0,0.0,0.0,6982.43,6.1268163,2022
2020-04-13 04:00:00+00:00,10.082781,17.2389636,-0.2177232303965317,0.9760105506323684,1551504.0,7.1475,0.5000000000000001,0.8660254037844386,0.0,31650.0,6996.4,37000.0,178.38076448921453,14.147624810536694,5223.647500000001,13677.835,15489.6,7875.0,3458.0,0.0,0.0,4098.48,3.5371172,2020
2022-08-20 16:00:00+00:00,24.004368,80.46928043999999,-0.6584015846980489,-0.7526668275320083,2249940.0,254.0,-0.5000000000000004,-0.8660254037844385,0.0,38500.0,7117.2,24721.0,182.53423222610724,22.599583307902023,6230.049999999999,40097.25,11909.375,11946.0,2958.0,4755.77,1563649.0,1640.82,3.0094678,2022
2018-08-02 09:00:00+00:00,24.066814,15.1252596,-0.8565509959010037,-0.5160623910158526,2817640.0,22.15,-0.7071067811865475,0.7071067811865476,1.0,53100.0,7117.2,41360.0,174.12910502645502,20.52339992523193,8143.329999999998,51804.12,29243.1,26503.0,3814.0,4071.83,1971618.5,736.52,1.6103489,2018
2018-10-06 10:00:00+00:00,17.622356,15.1252596,0.0902516100310407,-0.9959189961471792,2533385.0,27.2,-0.8660254037844387,0.4999999999999999,0.0,47400.0,7117.2,39970.0,130.83137065527066,16.066166877746564,7328.895,31593.232499999995,19069.4,17254.0,2187.0,3388.15,1312437.9,3027.71,2.0673041,2018
2023-11-30 20:00:00+00:00,7.0078955,89.55725625000001,0.8609610158889941,-0.5086709438521049,2883329.0,40.85,0.5000000000000001,-0.8660254037844386,1.0,64100.0,6125.5,44080.0,511.7346074795575,9.219999949137366,10069.4425,54765.9225,22540.425,20878.0,6303.0,0.0,0.0,2825.97,0.6332172,2023
2023-10-22 13:00:00+00:00,15.796214,89.55725625000001,0.3576982388331254,-0.9338372288229252,2620085.0,48.23333333333333,-0.9659258262890684,-0.2588190451025203,0.0,39000.0,4765.8,41335.0,177.24896810966814,15.209500206841383,6008.485,12611.422499999995,4463.674999999999,10534.0,2697.0,7956.17,1376074.2,3846.93,3.7846863,2023
2018-11-18 13:00:00+00:00,9.424059,15.1252596,0.7383263540031063,-0.6744436188329457,2472229.0,24.766666666666666,-0.9659258262890684,-0.2588190451025203,0.0,54950.0,5110.1,46185.0,141.27701450956454,9.885416905085249,7040.372500000001,34775.1425,18833.2,12513.0,2281.0,3050.13,1155476.9,4449.12,7.3728294,2018
2022-03-07 18:00:00+00:00,5.8784523,80.46928043999999,0.4211008707960896,0.907013812802636,1420843.0,227.0,-1.8369701987210292e-16,-1.0,1.0,71550.0,7117.2,42760.0,236.381658038258,8.120833317438764,9611.6625,62349.07500000001,25532.6,24713.0,5899.0,0.0,93572.97,5162.6,5.293105,2022
2021-08-21 17:00:00+00:00,23.075954,46.29497964,-0.64534811322955,-0.7638886127905429,2655591.0,41.83333333333333,-0.2588190451025206,-0.9659258262890684,0.0,43000.0,7117.2,41505.0,237.33002625152625,20.230333328247063,8492.272500000001,46270.525,19854.9,15944.0,3713.0,3048.56,927724.25,2173.58,2.747083,2021
2022-08-24 22:00:00+00:00,21.044529,80.46928043999999,-0.6050560696488494,-0.7961828637826154,2250959.0,293.0,0.8660254037844384,-0.5000000000000004,1.0,43600.0,7117.2,23816.0,137.649736959337,22.302250226338728,7763.455,34285.71250000001,22063.35,14787.0,2363.0,0.0,0.0,2883.13,1.7306547,2022
2023-03-27 05:00:00+00:00,6.1571712,89.55725625000001,0.0902516100310411,0.995918996147179,1508365.0,43.25,0.2588190451025207,0.9659258262890684,1.0,54800.0,7117.2,34983.0,332.7553484346571,11.63655559221902,8019.07,37790.905,20398.525,20153.0,5180.0,0.0,0.0,3897.73,6.148251,2023
2022-02-08 04:00:00+00:00,5.145159,80.46928043999999,0.7829801036770629,0.6220467484408675,1729375.0,75.7,0.5000000000000001,0.8660254037844386,1.0,59800.0,7117.2,45896.0,311.2079174399675,6.733777708477445,6513.742499999999,23149.7325,18504.1,16225.0,4239.0,0.0,0.0,4615.4,2.70091,2022
2018-04-25 05:00:00+00:00,11.33973,15.1252596,-0.3975428142825558,0.9175836260593938,811033.0,19.88,0.2588190451025207,0.9659258262890684,1.0,46500.0,5066.1,46290.0,338.33909355808805,11.948249896367402,9095.9525,43398.14749999999,25228.3,11464.0,6716.0,19.63,10477.424,3459.14,4.2060003,2018
2018-01-15 17:00:00+00:00,7.885048,15.1252596,0.9668478136052776,0.255353295116187,1660658.0,19.0,-0.2588190451025206,-0.9659258262890684,1.0,75250.0,7117.2,56880.0,600.620746011396,6.630416750907898,10568.2575,42194.645,29854.3,27593.0,6344.0,0.0,26212.781,9361.69,8.9677305,2018
2020-03-19 08:00:00+00:00,9.739918,17.2389636,0.2093146459630487,0.9778483415056568,1779274.0,8.7,-0.4999999999999998,0.8660254037844387,1.0,51350.0,7117.2,43059.0,433.5301914122914,10.404666662216176,9136.0725,54562.625,19703.3,15874.0,7288.0,2790.86,624141.94,1032.27,2.1714182,2020
2020-11-21 12:00:00+00:00,9.60867,17.2389636,0.7829801036770624,-0.622046748440868,3012185.0,12.906666666666666,-1.0,1.2246467991473532e-16,0.0,60250.0,7117.2,50690.0,181.4430767195768,8.307624936103824,6365.025,18999.932499999995,19472.3,13527.0,2996.0,4344.98,1195093.4,2023.27,1.1180706,2020
2020-03-23 23:00:00+00:00,6.4483514,17.2389636,0.1415402952170432,0.989932495087353,1763973.0,8.2,0.9659258262890684,-0.2588190451025207,1.0,51650.0,7117.2,43129.0,322.1777275335775,11.092416683832813,6858.692499999999,27515.564999999995,16567.1,12199.0,5759.0,0.0,0.0,5930.77,5.673299,2020
2019-11-01 21:00:00+00:00,14.302459,22.79031588,0.5123714121284235,-0.858763958275803,2851394.0,11.45,0.7071067811865474,-0.7071067811865477,0.0,45650.0,5760.1,38815.0,265.6794275742775,13.757624864578244,6844.6025,27831.3025,13247.8,14006.0,4173.0,0.0,0.0,8395.44,8.011993,2019
2022-10-14 16:00:00+00:00,17.536345,80.46928043999999,0.226115685508288,-0.9741004551724206,2320864.0,67.0,-0.5000000000000004,-0.8660254037844385,1.0,46250.0,5286.1,29574.0,158.31787407632623,16.418333212534623,9194.96,54404.6275,19024.875,20735.0,2680.0,1285.22,418407.97,7381.76,5.188809,2022
2022-07-06 22:00:00+00:00,17.947603,80.46928043999999,-0.9970011699250152,-0.0773864792334627,2469618.0,162.25,0.8660254037844384,-0.5000000000000004,1.0,44450.0,7117.2,27465.0,189.73730822140823,21.366749922434494,6943.6225,32414.0625,15585.675,19411.0,3259.0,0.0,0.0,2788.03,4.9494042,2022
2020-01-28 18:00:00+00:00,7.377732,17.2389636,0.886070621534138,0.4635502709028509,2194236.0,10.88,-1.8369701987210292e-16,-1.0,1.0,77350.0,7117.2,52290.0,276.11772173382167,7.275833408037821,10329.825,31528.4375,28757.5,26460.0,5528.0,0.0,828.17096,9649.02,9.526966,2020
2018-04-08 01:00:00+00:00,10.188345,15.1252596,-0.1159345995955004,0.9932568492674144,597380.0,18.94333333333333,0.9659258262890684,0.2588190451025207,0.0,41100.0,6071.9,42525.0,467.85581146158376,9.823833425839751,7476.15,30792.1575,16374.5,11197.0,6190.0,0.0,0.0,2458.1,1.8011894,2018
2021-10-26 17:00:00+00:00,13.879713,46.29497964,0.4211008707960891,-0.9070138128026362,2291919.0,87.83,-0.2588190451025206,-0.9659258262890684,1.0,59950.0,6121.4,45010.0,146.69180759055757,12.656388945049736,8697.380000000001,50799.895,25520.7,24327.0,2391.0,704.75,90608.07,3339.53,2.6799035,2021
2019-02-11 21:00:00+00:00,5.4186745,22.79031588,0.7498264012045687,0.6616346182422783,1446619.0,18.27,0.7071067811865474,-0.7071067811865477,1.0,67950.0,7117.2,55920.0,370.2755085063084,7.583249926567078,10723.965,32025.28,28238.0,19729.0,5696.0,0.0,0.0,2065.03,3.9842129,2019
2019-02-11 20:00:00+00:00,5.8013983,22.79031588,0.7498264012045687,0.6616346182422783,1446619.0,18.27,0.5000000000000001,-0.8660254037844386,1.0,69900.0,7117.2,55920.0,370.2755085063084,7.570749998092652,10635.29,33901.8075,30838.5,22196.0,5935.0,0.0,0.0,2165.67,4.4549265,2019
2023-05-13 03:00:00+00:00,10.325116,89.55725625000001,-0.6584015846980488,0.7526668275320085,1952971.0,32.86666666666667,0.7071067811865476,0.7071067811865476,0.0,33750.0,4676.2,35015.0,405.4084905483405,14.693333307902014,5075.0,29075.78,10388.225,12796.0,5453.0,0.0,0.0,3602.54,4.822304,2023
2019-07-11 08:00:00+00:00,19.931364,22.79031588,-0.9866579328916572,-0.1628070129385164,2673159.0,12.75,-0.4999999999999998,0.8660254037844387,1.0,52050.0,7117.2,43808.0,209.47688111518107,21.98899984359741,8914.577500000001,54277.8375,28893.4,24518.0,4386.0,3725.26,1144875.9,721.44,1.4378045,2019
2022-01-21 23:00:00+00:00,2.7557397,80.46928043999999,0.9353679493131484,0.3536761221763715,1998118.0,80.5,0.9659258262890684,-0.2588190451025207,0.0,71650.0,7117.2,49251.0,272.2612286528286,4.5616666687031575,8788.685,26398.4375,16754.7,16703.0,3772.0,0.0,0.0,2857.17,3.5518613,2022
2022-08-24 23:00:00+00:00,20.550116,80.46928043999999,-0.6050560696488494,-0.7961828637826154,2250959.0,293.0,0.9659258262890684,-0.2588190451025207,1.0,40700.0,7117.2,23816.0,137.649736959337,22.088499704996742,7431.3025,33031.3625,20874.95,13819.0,2170.0,0.0,0.0,3054.54,1.5974277,2022
2020-08-29 22:00:00+00:00,14.845131,17.2389636,-0.5197438121555157,-0.8543221697498269,2955316.0,9.756666666666668,0.8660254037844384,-0.5000000000000004,0.0,39100.0,7117.2,33750.0,180.22855498575493,17.929766782124855,6451.0275,35716.235,14567.9,13267.0,2943.0,0.0,0.0,3033.8,5.184882,2020
2019-03-05 18:00:00+00:00,10.175457,22.79031588,0.4520722039323043,0.8919813464595485,1161979.0,17.08,-1.8369701987210292e-16,-1.0,1.0,68150.0,7117.2,51776.0,258.36005946275947,8.924222257402212,10612.985,47531.58500000001,22688.9,24806.0,6278.0,0.0,64509.746,4091.98,6.538407,2019
2018-05-07 05:00:00+00:00,12.185326,15.1252596,-0.5772916165517272,0.8165380514459161,1101932.0,20.63,0.2588190451025207,0.9659258262890684,1.0,41700.0,5066.1,42000.0,315.49475125265684,12.388833085695907,9406.437500000002,53974.08250000001,24755.3,19414.0,5444.0,84.42,41665.84,1587.97,2.0115933,2018
2023-04-07 20:00:00+00:00,9.568412,89.55725625000001,-0.0988201387328714,0.9951053111006976,1512237.0,44.024,0.5000000000000001,-0.8660254037844386,1.0,50250.0,7117.2,36720.0,293.67998515486124,12.081777811050406,8713.595,36269.670000000006,18599.325,16268.0,5109.0,0.0,0.21880342,2349.97,2.5857723,2023
2022-06-22 00:00:00+00:00,17.74681,80.46928043999999,-0.986657932891657,0.1628070129385171,2434351.0,128.55,1.0,0.0,1.0,39750.0,7117.2,30890.0,184.03035138380136,22.044416586558,6889.945,41443.4775,19179.95,17498.0,3254.0,0.0,0.0,2676.3,2.0391252,2022
2023-04-07 23:00:00+00:00,7.833925,89.55725625000001,-0.0988201387328714,0.9951053111006976,1512237.0,44.024,0.9659258262890684,-0.2588190451025207,0.0,47950.0,7117.2,36720.0,280.351917681996,11.635500033696491,8106.33,34320.0275,15257.225,13098.0,4428.0,0.0,0.0,3037.2,2.8768845,2023
2019-07-15 17:00:00+00:00,21.589846,22.79031588,-0.973118337233262,-0.2303056702306119,2690219.0,12.85,-0.2588190451025206,-0.9659258262890684,1.0,50550.0,7117.2,42422.0,205.14103644688643,22.782333374023445,8815.320000000002,43184.05,24841.4,22367.0,3894.0,2108.16,1383282.8,3081.76,4.261508,2019
2022-07-22 14:00:00+00:00,25.196714,80.46928043999999,-0.9383773917408642,-0.3456123126707333,2382772.0,162.51,-0.8660254037844386,-0.5000000000000001,1.0,50500.0,7117.2,27075.0,152.4938493080993,23.34408315022786,6629.344999999999,32048.555,19032.55,24926.0,2979.0,6563.47,2355716.2,1175.37,2.1461577,2022
2021-05-26 21:00:00+00:00,12.109408,46.29497964,-0.8090169943749473,0.5877852522924732,1509465.0,26.33,0.7071067811865474,-0.7071067811865477,1.0,50350.0,5068.5,40235.0,420.3369181318682,13.13799995846216,8377.6225,27575.045,20255.8,16488.0,6647.0,0.0,145.41675,2642.3,2.9632485,2021
2021-06-05 03:00:00+00:00,13.589704,46.29497964,-0.8977433935342337,0.440518784350495,1628356.0,26.11,0.7071067811865476,0.7071067811865476,0.0,33700.0,5068.5,39795.0,343.07020093610095,15.804111268785284,5544.387500000001,34560.3025,16161.0,13328.0,5702.0,0.0,0.0,2365.42,2.3094146,2021
2022-01-25 19:00:00+00:00,3.8022375,80.46928043999999,0.9088176373395028,0.4171936026123168,1817029.0,92.9,0.2588190451025203,-0.9659258262890684,1.0,79100.0,7117.2,49251.0,266.21106546601555,4.472500022914674,11746.2075,61936.92,31891.6,24072.0,5835.0,0.0,0.0,345.38,0.28232008,2022
2021-03-29 16:00:00+00:00,17.349964,46.29497964,0.0559169901006032,0.9984354211555644,961615.0,18.42,-0.5000000000000004,-0.8660254037844385,1.0,48100.0,6111.4,42624.0,244.8442707773708,12.659833325280085,7468.952499999999,40179.6825,12902.0,19267.0,4456.0,4907.18,1489407.1,1564.48,3.0859587,2021
2023-03-12 01:00:00+00:00,8.9229355,89.55725625000001,0.3415707691678556,0.9398560579418954,1351720.0,49.66666666666667,0.9659258262890684,0.2588190451025207,0.0,48700.0,7117.2,36595.0,411.2577188404189,10.378777848349692,6018.3725,31533.472500000003,10347.35,11214.0,5624.0,0.0,0.0,6116.94,5.700474,2023
2018-06-02 05:00:00+00:00,14.402285,15.1252596,-0.8738071036110806,0.4862727071086904,1791003.0,21.95,0.2588190451025207,0.9659258262890684,0.0,35650.0,4076.8,42943.0,444.4777311965812,13.763416687647538,7734.792500000001,43182.905000000006,19911.6,12551.0,7275.0,252.72,88711.02,788.9,0.6864539,2018
2019-02-09 22:00:00+00:00,8.192751,22.79031588,0.7721565844991642,0.6354323008901774,1474810.0,18.27,0.8660254037844384,-0.5000000000000004,0.0,63900.0,7117.2,55005.0,303.9842227106228,7.717083414395651,8104.427500000001,19517.9275,19719.7,15435.0,4009.0,0.0,0.0,8483.56,8.273382,2019
2019-11-02 09:00:00+00:00,13.801992,22.79031588,0.5270777086423716,-0.8498170915275282,2851394.0,11.983333333333333,-0.7071067811865475,0.7071067811865476,0.0,48200.0,5770.1,38670.0,271.0868385225885,13.673416654268896,5976.3025,24637.6775,12434.8,16158.0,4610.0,1335.8,339184.34,11093.65,9.068034,2019
2023-02-11 03:00:00+00:00,2.3865082,89.55725625000001,0.7498264012045687,0.6616346182422783,1548596.0,54.5,0.7071067811865476,0.7071067811865476,0.0,59700.0,7117.2,44870.0,207.9655814466532,5.875888774792354,6781.085000000001,15850.235,16569.55,15025.0,2614.0,0.0,0.0,2513.99,0.34259665,2023
2018-07-13 22:00:00+00:00,19.468206,15.1252596,-0.980469160361632,-0.1966728897935762,2807415.0,22.48,0.8660254037844384,-0.5000000000000004,0.0,46250.0,6071.9,39275.0,185.14953021978025,18.70787501335144,8325.8125,44905.7375,24074.6,17432.0,4641.0,0.0,0.0,1250.94,3.0850315,2018
2018-01-18 19:00:00+00:00,7.7737355,15.1252596,0.9523775757303976,0.304921224656289,1660658.0,18.73,0.2588190451025203,-0.9659258262890684,1.0,71000.0,7117.2,57780.0,673.7094476597475,7.199666817982991,10396.155,50866.2225,35062.7,24596.0,6616.0,0.0,0.0,6819.89,8.487531,2018
2022-05-10 10:00:00+00:00,19.424986,80.46928043999999,-0.6186714032625031,0.7856498550787147,1511294.0,81.75,-0.8660254037844387,0.4999999999999999,1.0,51750.0,6125.5,29430.0,204.31881017501016,16.50266710917157,5013.2075,21597.0725,13530.3,18165.0,4412.0,8930.58,2273889.0,2801.96,3.1306703,2022
2022-05-10 06:00:00+00:00,13.607038,80.46928043999999,-0.6186714032625031,0.7856498550787147,1511294.0,81.75,6.123233995736766e-17,1.0,1.0,47100.0,6125.5,29430.0,204.31881017501016,16.04294453726875,6783.665000000001,37043.6225,22160.0,21663.0,4897.0,1575.79,333234.5,2981.12,2.9506652,2022
2019-10-13 23:00:00+00:00,15.530832,22.79031588,0.209314645963048,-0.9778483415056568,2625151.0,10.516666666666666,0.9659258262890684,-0.2588190451025207,1.0,39600.0,6111.4,41600.0,188.0964338217338,16.67866675058999,6671.634999999999,12861.32,13647.7,11769.0,2412.0,0.0,0.0,2349.9,4.0467505,2019
2021-05-20 09:00:00+00:00,13.240506,46.29497964,-0.7441039398713604,0.6680638642135338,1413451.0,24.7,-0.7071067811865475,0.7071067811865476,1.0,54900.0,5068.5,40870.0,520.2700013227512,12.501111083560522,7415.315,41364.8775,18384.2,17432.0,6650.0,4203.39,1764618.4,1847.69,4.0174694,2021
2021-03-31 01:00:00+00:00,10.34215,46.29497964,0.0215160974362222,0.9997685019798908,961615.0,18.93,0.9659258262890684,0.2588190451025207,1.0,42350.0,6111.4,42624.0,256.5943834961335,11.0026666853163,7893.175000000001,42628.1775,13532.9,14166.0,4060.0,0.0,0.0,2714.61,3.651498,2021
2023-07-27 06:00:00+00:00,17.02484,89.55725625000001,-0.9051931898913976,-0.4250003399695539,3000966.0,28.4,6.123233995736766e-17,1.0,1.0,43705.5,7117.2,35720.0,218.2320718873719,20.95883327060275,4816.3225,35515.04,21962.525,20028.0,3350.0,1870.24,221945.3,7120.78,5.030152,2023
2023-03-26 08:00:00+00:00,9.580227,89.55725625000001,0.107381346664163,0.994217906893952,1480070.0,43.0,-0.4999999999999998,0.8660254037844387,0.0,44450.0,7117.2,36633.0,314.253942199427,12.123944600423163,7780.695,29617.305,-592.4000000000015,12072.0,4559.0,3745.52,515490.34,11721.71,6.605745,2023
2019-10-14 03:00:00+00:00,14.975657,22.79031588,0.226115685508288,-0.9741004551724206,2649054.0,11.1,0.7071067811865476,0.7071067811865476,1.0,36500.0,6111.4,41600.0,188.0964338217338,16.598333438237507,7926.747499999999,26895.51,12557.9,12974.0,2209.0,0.0,0.0,3303.47,4.8792925,2019
2018-05-15 06:00:00+00:00,10.806693,15.1252596,-0.6839194216246103,0.7295575540864878,1327826.0,21.38,6.123233995736766e-17,1.0,1.0,53550.0,6071.9,46890.0,428.9581306064306,10.191749890645346,9308.322499999998,56431.705,21977.8,22827.0,7765.0,545.08,304274.9,2961.89,4.7274055,2018
2019-01-20 15:00:00+00:00,5.7082553,22.79031588,0.9413173175128472,0.3375228995941133,1931241.0,21.95,-0.7071067811865477,-0.7071067811865475,0.0,63400.0,6053.3,52918.0,228.39282962962963,6.468750000000004,9704.26,55589.105,16407.4,16252.0,3164.0,645.55,527687.56,1171.96,3.7687368,2019
2018-10-13 01:00:00+00:00,16.443367,15.1252596,0.209314645963048,-0.9778483415056568,2476781.0,25.540000000000003,0.9659258262890684,0.2588190451025207,0.0,36300.0,7117.2,40350.0,124.08890134310134,16.44350035985313,5910.61,28045.875000000004,15227.1,13961.0,1681.0,0.0,0.0,4398.26,6.478,2018
2021-10-19 11:00:00+00:00,18.019552,46.29497964,0.3090169943749472,-0.9510565162951536,2356588.0,84.7,-0.9659258262890682,0.258819045102521,1.0,55000.0,6121.4,44130.0,158.05992012617014,13.125055339601296,7286.8775,46155.2675,14061.6,20105.0,2224.0,5180.71,1352749.9,5637.11,5.864407,2021
2021-12-18 11:00:00+00:00,7.01349,46.29497964,0.9750645322571948,-0.2219215130041658,2010670.0,140.93333333333334,-0.9659258262890682,0.258819045102521,0.0,68700.0,6105.9,44225.0,277.35934126984125,5.5044444468286295,9789.645,44520.5375,22286.6,17708.0,3972.0,4357.16,871903.0,4210.83,3.9652004,2021
2023-01-29 07:00:00+00:00,1.4236181,89.55725625000001,0.8779600847008882,0.4787338401157884,1860943.0,55.43333333333333,-0.2588190451025208,0.9659258262890684,0.0,66200.0,7117.2,44320.0,251.8009174601565,4.718166626162,8199.1875,33884.9525,13651.3,13878.0,3378.0,5.5,365.81744,1628.49,2.4908268,2023
2019-05-26 16:00:00+00:00,17.622326,22.79031588,-0.8090169943749473,0.5877852522924732,1324928.0,12.4,-0.5000000000000004,-0.8660254037844385,0.0,38900.0,5122.1,44792.0,362.5548768620269,14.772888925340448,6133.785,25955.305,11878.5,13651.0,5597.0,2710.9,1259992.1,3555.35,4.6777196,2019
2022-03-26 18:00:00+00:00,13.3831,80.46928043999999,0.107381346664163,0.994217906893952,1369050.0,101.66666666666669,-1.8369701987210292e-16,-1.0,0.0,48350.0,6053.3,31135.0,189.38260966625964,11.68922230932447,7253.6275,50811.245,22009.8,18916.0,4128.0,10.75,256640.42,5766.36,6.352018,2022
2018-01-02 11:00:00+00:00,8.951064,15.1252596,0.9994074007397048,0.0344216116227457,1577489.0,19.15,-0.9659258262890682,0.258819045102521,1.0,68000.0,7117.2,56880.0,597.1518004273504,6.619916637738543,10422.0,53410.455,19420.0,16089.0,6353.0,1531.87,503940.78,4461.38,7.3222313,2018
2022-06-27 16:00:00+00:00,19.768373,80.46928043999999,-0.9970011699250152,0.077386479233463,2482855.0,129.5,-0.5000000000000004,-0.8660254037844385,1.0,47300.0,7117.2,29750.0,205.6743557794058,19.61100021998086,6355.9425,45274.34,12627.425,23937.0,4344.0,4283.75,1628095.2,2893.75,3.8543372,2022
2019-10-07 01:00:00+00:00,12.167811,22.79031588,0.1073813466641621,-0.994217906893952,2625151.0,10.25,0.9659258262890684,0.2588190451025207,1.0,37150.0,6111.4,41085.0,200.745857977208,15.8491667509079,6484.145,31250.14,15566.9,11113.0,2338.0,0.0,0.0,5135.02,3.5393593,2019
2020-09-25 08:00:00+00:00,11.761967,17.2389636,-0.0816763953304228,-0.99665890175417,2821249.0,11.43,-0.4999999999999998,0.8660254037844387,1.0,50700.0,7075.5,38015.0,179.42284086284087,15.407366689046222,8831.765000000001,44877.2125,9380.9,23467.0,3545.0,1865.35,564954.56,7488.47,8.699323,2020
2020-09-25 13:00:00+00:00,13.401465,17.2389636,-0.0816763953304228,-0.99665890175417,2821249.0,11.43,-0.9659258262890684,-0.2588190451025203,1.0,48650.0,7091.5,38015.0,179.42284086284087,15.61846694946289,6349.2575,41829.8925,5096.599999999999,22136.0,2832.0,4010.32,1651919.4,9719.24,10.34304,2020
2018-09-04 13:00:00+00:00,22.221592,15.1252596,-0.4443781781046134,-0.8958392907349089,2718547.0,26.95,-0.9659258262890684,-0.2588190451025203,1.0,51550.0,7117.2,45177.0,160.88971768416766,17.682874917984,9323.51,54551.50749999999,27423.0,20529.0,2237.0,4498.25,2050426.5,987.72,2.5501258,2018
2019-02-18 12:00:00+00:00,11.379434,22.79031588,0.6648553979642865,0.7469720876965552,1319494.0,17.35,-1.0,1.2246467991473532e-16,1.0,68300.0,7117.2,55155.0,278.15358931623933,6.895944489373103,9207.2,44037.5625,28055.6,19919.0,4620.0,3844.16,1623178.2,2682.98,3.1855118,2019
2023-03-27 08:00:00+00:00,7.3663187,89.55725625000001,0.0902516100310411,0.995918996147179,1508365.0,43.25,-0.4999999999999998,0.8660254037844387,1.0,57450.0,7051.9,34983.0,332.7553484346571,11.85972232288784,6570.885,27487.205,13135.775,20442.0,5289.0,4713.42,763070.25,2906.01,4.9878645,2023
2022-01-18 19:00:00+00:00,4.8094893,80.46928043999999,0.9523775757303976,0.304921224656289,1998118.0,79.08,0.2588190451025203,-0.9659258262890684,1.0,79000.0,7117.2,48625.0,351.2121664835165,4.3541666467984514,11543.41,53310.342500000006,35379.1,23348.0,6164.0,0.0,0.0,3032.7,1.6020812,2022
2022-07-15 20:00:00+00:00,22.474213,80.46928043999999,-0.973118337233262,-0.2303056702306119,2462110.0,154.25,0.5000000000000001,-0.8660254037844386,1.0,45950.0,7117.2,25950.0,147.32695785510785,24.407499790191643,8637.002499999999,42559.5675,25963.325,22307.0,3190.0,0.0,66900.52,3055.91,2.8580382,2022
2019-04-13 01:00:00+00:00,5.5597396,22.79031588,-0.2008905551306352,0.97961369164549,932025.0,15.626666666666669,0.9659258262890684,0.2588190451025207,0.0,49800.0,6071.9,44430.0,215.8318215303215,11.907749970753995,7717.3825,34610.36,19353.2,13676.0,3123.0,0.0,0.0,3229.91,3.1863134,2019
2023-09-18 19:00:00+00:00,18.050789,89.55725625000001,-0.2177232303965322,-0.9760105506323682,2809675.0,34.3,0.2588190451025203,-0.9659258262890684,1.0,44250.0,7028.3,41135.0,190.4693383357383,22.260944684346512,6192.312499999999,30585.7825,26967.9,20457.0,3959.0,0.0,2826.5027,5943.35,6.435361,2023
2018-05-26 13:00:00+00:00,21.563253,15.1252596,-0.8090169943749473,0.5877852522924732,1497111.0,22.0,-0.9659258262890684,-0.2588190451025203,0.0,43200.0,5068.5,37105.0,353.14762000406995,15.791416486104325,6245.387500000001,31283.15,19099.7,13011.0,6871.0,4356.84,2491959.8,3322.9,3.4932668,2018
2018-11-20 06:00:00+00:00,4.1512933,15.1252596,0.7611042586607742,-0.6486295610349818,2331922.0,24.63,6.123233995736766e-17,1.0,1.0,74750.0,5110.1,45500.0,139.76403331298332,8.592333369784884,9600.5825,35692.39,25609.5,23445.0,2951.0,0.0,0.0,3053.53,5.5549417,2018
2019-11-01 20:00:00+00:00,14.350952,22.79031588,0.5123714121284235,-0.858763958275803,2851394.0,11.45,0.5000000000000001,-0.8660254037844386,0.0,46150.0,5760.1,38815.0,265.6794275742775,13.72754148642222,7239.497499999999,29223.5325,14255.4,15093.0,4352.0,0.0,0.0,8221.95,7.96924,2019
2022-02-04 20:00:00+00:00,7.1274953,80.46928043999999,0.8239230057575543,0.5667017562911175,1747271.0,80.2,0.5000000000000001,-0.8660254037844386,1.0,65100.0,7117.2,48036.0,258.06962435897435,6.941777798864581,7479.265000000001,19184.275,26552.4,20987.0,4485.0,0.0,0.0,5885.47,5.973574,2022
2018-02-07 15:00:00+00:00,3.387556,15.1252596,0.7935716089521474,0.6084768701151261,1416974.0,18.35,-0.7071067811865477,-0.7071067811865475,1.0,79350.0,7117.2,57205.0,618.0039719265816,5.314916570981343,11783.005,74012.19,26985.7,27043.0,6390.0,1200.12,876015.56,2490.81,5.481728,2018
2022-03-26 10:00:00+00:00,12.824288,80.46928043999999,0.107381346664163,0.994217906893952,1369050.0,101.66666666666669,-0.8660254037844387,0.4999999999999999,0.0,48850.0,6053.3,30345.0,189.38260966625964,10.258888906902746,4744.685,18986.9,17236.7,12753.0,2610.0,7230.55,1938178.4,4314.89,5.3955746,2022
2022-10-05 13:00:00+00:00,20.059647,80.46928043999999,0.0730951298980768,-0.9973249731081556,2313405.0,91.57,-0.9659258262890684,-0.2588190451025203,1.0,47250.0,6111.4,27260.0,252.2618812005225,15.882833242416377,4037.829999999999,19788.855000000003,14194.825,19522.0,2812.0,8524.6,1809545.4,8970.45,5.3102283,2022
2023-01-12 04:00:00+00:00,8.014143,89.55725625000001,0.9787400799669153,0.2051044998686192,2347129.0,64.5,0.5000000000000001,0.8660254037844386,1.0,50550.0,7117.2,43665.0,416.4396129985152,7.306416710217794,4280.7075,16846.629999999997,17296.0,15073.0,5120.0,0.0,0.0,15100.82,9.014558,2023
2019-12-26 07:00:00+00:00,6.4283695,22.79031588,0.9962981749346076,-0.0859647987374467,2804309.0,11.85,-0.2588190451025208,0.9659258262890684,1.0,57600.0,7117.2,49890.0,765.6001929792429,8.7285418510437,9211.825,35577.11,19789.9,10759.0,6929.0,0.0,26.9347,4954.55,2.7618961,2019
2021-02-06 00:00:00+00:00,8.005665,46.29497964,0.8039279618328213,0.5947266869607633,1859154.0,19.23333333333333,1.0,0.0,0.0,56700.0,7117.2,48190.0,1025.6722165445665,8.639583269755041,9617.285,25672.6775,17458.8,14456.0,6670.0,0.0,0.0,2188.41,2.5747058,2021
2020-12-11 09:00:00+00:00,7.47499,17.2389636,0.9469877530760752,-0.3212696616923651,2521048.0,15.93,-0.7071067811865475,0.7071067811865476,1.0,74050.0,7117.2,48935.0,290.0256063085064,6.172888994216919,9322.8875,48361.1225,18623.5,26144.0,5366.0,672.01,143603.47,8086.97,5.7239757,2020
2020-06-23 09:00:00+00:00,21.348269,17.2389636,-0.99167731989929,0.1287481774525808,2854415.0,5.72,-0.7071067811865475,0.7071067811865476,1.0,50000.0,5114.2,30380.0,267.05096168091166,17.62300020853681,7049.054999999999,30986.705,20784.0,18658.0,5125.0,5661.73,2266409.5,985.56,2.452293,2020
2018-09-15 05:00:00+00:00,13.758702,15.1252596,-0.2678143051621748,-0.9634705485641486,2678886.0,27.35,0.2588190451025207,0.9659258262890684,0.0,37250.0,7117.2,44825.0,146.4264953805454,15.941233380635577,7845.352499999999,39081.47,20776.9,16635.0,2164.0,0.0,0.0,1324.14,1.5840938,2018
2021-12-11 13:00:00+00:00,8.084938,46.29497964,0.941317317512847,-0.3375228995941134,2059628.0,107.68333333333332,-0.9659258262890684,-0.2588190451025203,0.0,66800.0,5042.0,43570.0,594.794458058608,6.080055634180705,9071.0275,48967.3275,13549.2,16585.0,4772.0,2403.8,642092.5,2954.29,4.612141,2021
2023-09-19 12:00:00+00:00,20.353155,89.55725625000001,-0.2008905551306352,-0.97961369164549,2809675.0,37.55,-1.0,1.2246467991473532e-16,1.0,48450.0,7028.3,40900.0,203.1401278702779,21.36688868204752,3606.770000000001,6112.357499999998,12148.75,19792.0,3008.0,9849.87,1809586.9,8533.86,6.5966287,2023
2023-11-12 04:00:00+00:00,9.749389,89.55725625000001,0.6648553979642859,-0.7469720876965558,2847567.0,41.53333333333333,0.5000000000000001,0.8660254037844386,0.0,40950.0,5061.6,38310.0,527.2638886724387,10.552888843748288,7025.14,32693.76,4007.225,11542.0,5442.0,0.0,0.0,7943.9,5.061099,2023
2021-05-13 15:00:00+00:00,13.662922,46.29497964,-0.6584015846980488,0.7526668275320085,1231647.0,26.4,-0.7071067811865477,-0.7071067811865475,0.0,38700.0,7117.2,40705.0,480.0754813797314,14.026999791463178,6172.207499999999,33427.48,10351.5,20019.0,6230.0,5003.86,1735802.9,3886.87,4.608303,2021
2023-09-27 10:00:00+00:00,20.614601,89.55725625000001,-0.0645084494493171,-0.9979171608653922,2776356.0,40.0,-0.8660254037844387,0.4999999999999999,1.0,49600.0,5983.0,39656.0,184.11790325415325,18.433221975962315,6234.6525,26648.7575,7405.200000000001,16428.0,2551.0,9849.67,1576184.4,5959.84,4.02233,2023
2019-04-24 10:00:00+00:00,13.640225,22.79031588,-0.3816892202666589,0.9242907221930932,1004280.0,14.18,-0.8660254037844387,0.4999999999999999,1.0,55100.0,7046.5,47675.0,211.1397997354497,13.930916627248134,6863.515,23157.9725,17635.7,18218.0,4481.0,4192.16,1629326.0,7517.35,6.773617,2019
2021-09-20 02:00:00+00:00,13.910369,46.29497964,-0.1839983516576798,-0.9829265519799822,2361161.0,73.2,0.8660254037844387,0.4999999999999999,1.0,33550.0,7117.2,40122.0,255.11155732600733,18.53638866212636,7359.415000000001,37461.19,14810.1,12241.0,3120.0,0.0,0.0,1755.16,4.2590623,2021
2018-07-13 19:00:00+00:00,22.52267,15.1252596,-0.980469160361632,-0.1966728897935762,2807415.0,22.48,0.2588190451025203,-0.9659258262890684,1.0,45900.0,6071.9,43365.0,198.4855559422059,19.601666450500502,8801.0875,55311.66,26416.7,20118.0,4729.0,113.32,367041.06,1212.51,2.794043,2018
2022-10-03 01:00:00+00:00,13.358687,80.46928043999999,0.0387222808921739,-0.9992500112396836,2313405.0,132.42,0.9659258262890684,0.2588190451025207,1.0,34450.0,6111.4,26800.0,293.30850201851285,15.678333441416408,7074.775000000001,23303.0975,15786.275,10704.0,3979.0,0.0,0.0,1494.73,1.4720098,2022
2019-09-27 10:00:00+00:00,18.172674,22.79031588,-0.0645084494493171,-0.9979171608653922,2650572.0,9.4,-0.8660254037844387,0.4999999999999999,1.0,52150.0,7117.2,41840.0,152.19075439560442,17.59408291180928,6907.5650000000005,40342.49500000001,25329.6,20938.0,2954.0,3791.22,1262506.0,5777.64,6.153395,2019
2022-07-16 13:00:00+00:00,26.593876,80.46928043999999,-0.9690098257244062,-0.2470221804809357,2462110.0,155.66666666666666,-0.9659258262890684,-0.2588190451025203,0.0,45900.0,7117.2,25035.0,139.1708654253154,24.1016666094462,4237.05,1894.2900000000009,18099.1,15509.0,2488.0,9754.43,3077779.2,2580.31,2.738915,2022
2022-10-18 03:00:00+00:00,15.023945,80.46928043999999,0.2926003356333479,-0.9562348265919058,2315468.0,72.5,0.7071067811865476,0.7071067811865476,1.0,35900.0,5066.1,29189.0,157.90778255689554,16.325583299001053,7864.277499999999,45255.8325,11913.1,14663.0,1926.0,0.0,0.0,1933.23,2.909361,2022
2022-08-09 04:00:00+00:00,17.928421,80.46928043999999,-0.7883050558305256,-0.6152845999633274,2280964.0,190.0,0.5000000000000001,0.8660254037844386,1.0,36050.0,7117.2,26778.0,120.84214573944575,20.15499989191692,7385.7925,46483.795,18804.325,13743.0,1909.0,0.0,0.0,4413.5,4.941697,2022
2020-06-23 02:00:00+00:00,15.110473,17.2389636,-0.99167731989929,0.1287481774525808,2854415.0,5.72,0.8660254037844387,0.4999999999999999,1.0,34500.0,5114.2,30380.0,267.05096168091166,17.496966361999505,7119.05,36741.4675,17139.9,13618.0,5091.0,0.0,0.0,2557.2,2.1906805,2020
2018-10-13 19:00:00+00:00,18.290993,15.1252596,0.209314645963048,-0.9778483415056568,2476781.0,25.540000000000003,0.2588190451025203,-0.9659258262890684,0.0,43600.0,7117.2,41785.0,124.08890134310134,17.14574996630351,7527.655,29285.4225,22287.0,16214.0,1810.0,0.0,0.0,3973.62,5.5252595,2018
2018-10-12 06:00:00+00:00,15.127161,15.1252596,0.1924515819708299,-0.9813064702716092,2476781.0,25.35,6.123233995736766e-17,1.0,1.0,51950.0,7117.2,42830.0,125.77950207570206,15.522444301181345,9434.867499999998,51280.0125,15612.2,24319.0,2041.0,0.0,1984.8096,4426.23,6.8764114,2018
2019-10-23 03:00:00+00:00,12.379124,22.79031588,0.3737197147904684,-0.9275416835791968,2771196.0,10.45,0.7071067811865476,0.7071067811865476,1.0,42550.0,6111.4,41600.0,353.9933886853887,13.927791436513273,8342.914999999999,45368.715,14889.5,15028.0,4535.0,0.0,0.0,4807.01,5.232904,2019
2019-10-23 19:00:00+00:00,13.711219,22.79031588,0.3737197147904684,-0.9275416835791968,2771196.0,10.45,0.2588190451025203,-0.9659258262890684,1.0,50750.0,6111.4,41600.0,353.9933886853887,13.66512513160707,9192.955,44972.0575,26118.3,20603.0,5313.0,0.0,0.0,3391.69,2.1376865,2019
2021-04-12 09:00:00+00:00,6.714962,46.29497964,-0.18399835165768,0.9829265519799822,917246.0,20.8,-0.7071067811865475,0.7071067811865476,1.0,64350.0,6111.4,38735.0,234.2218932030932,9.102777798970552,8227.405,45141.035,15527.0,22219.0,5188.0,4108.55,1481641.4,2074.94,3.56095,2021
2020-04-06 05:00:00+00:00,9.225012,17.2389636,-0.0988201387328714,0.9951053111006976,1513412.0,7.13,0.2588190451025207,0.9659258262890684,1.0,43050.0,7117.2,43745.0,203.0502775946276,11.481041908264167,6696.625,34394.285,17149.7,11906.0,4373.0,0.0,78.50667,6206.66,3.758794,2020
2021-07-18 02:00:00+00:00,17.29325,46.29497964,-0.9599326896597444,-0.2802306751992161,2463983.0,35.89333333333334,0.8660254037844387,0.4999999999999999,0.0,32350.0,7117.2,40855.0,803.8197150183149,17.594624638557434,7034.605,25560.597500000003,16805.7,12306.0,5073.0,0.0,0.0,4113.17,4.0217195,2021
2019-10-07 08:00:00+00:00,12.589964,22.79031588,0.1073813466641621,-0.994217906893952,2625151.0,10.25,-0.4999999999999998,0.8660254037844387,1.0,54400.0,6111.4,42000.0,200.745857977208,15.598750193913784,10100.58,50708.96000000001,23534.2,22095.0,2863.0,1663.52,403341.2,2171.36,1.7456727,2019
2019-01-25 14:00:00+00:00,6.518278,22.79031588,0.9088176373395028,0.4171936026123168,1750281.0,20.8,-0.8660254037844386,-0.5000000000000001,1.0,77100.0,7117.2,55091.0,245.88747039072035,5.536666671435038,10935.865,56227.77,21524.4,24953.0,4747.0,1655.72,742336.2,3759.28,5.170387,2019
2020-11-07 02:00:00+00:00,10.904975,17.2389636,0.6118864012687242,-0.7909456567567774,3088786.0,13.603333333333332,0.8660254037844387,0.4999999999999999,0.0,45200.0,6125.5,48333.0,216.7865344118844,10.759291569391875,6977.3275,36056.0125,9577.5,12209.0,3154.0,0.0,0.0,6887.55,7.007156,2020
2021-05-05 08:00:00+00:00,10.021077,46.29497964,-0.548842958284719,0.8359254794186372,1047965.0,24.68,-0.4999999999999998,0.8660254037844387,1.0,56750.0,7117.2,39620.0,235.74478127798128,11.517111248440216,6254.0925,13263.6875,19775.0,19743.0,5198.0,2327.67,1196947.2,5262.26,5.7347436,2021
2020-08-30 12:00:00+00:00,17.254679,17.2389636,-0.5049610547215202,-0.8631421280499115,2955316.0,9.943333333333332,-1.0,1.2246467991473532e-16,0.0,38500.0,7117.2,33750.0,180.22855498575493,17.6433334350586,4672.782499999999,31115.16,11143.2,11138.0,3054.0,5134.14,1940855.1,4400.0,4.105741,2020
2020-07-30 22:00:00+00:00,22.187088,17.2389636,-0.8738071036110809,-0.4862727071086898,3100546.0,4.93,0.8660254037844384,-0.5000000000000004,1.0,45350.0,7117.2,35436.0,174.90815915750915,22.341333516438823,7382.8175,39330.665,23936.4,18814.0,3624.0,0.0,0.0,3582.54,3.1056066,2020
2020-04-18 12:00:00+00:00,16.505873,17.2389636,-0.3008198076356675,0.9536809966304456,1551504.0,6.316666666666666,-1.0,1.2246467991473532e-16,0.0,39800.0,5953.1,41445.0,186.9617947293448,14.699499924977635,6590.719999999999,18550.605,19814.0,10794.0,4301.0,5176.7,2327315.8,1017.51,0.88229465,2020
2018-05-09 21:00:00+00:00,13.741944,15.1252596,-0.6050560696488488,0.7961828637826158,1101932.0,20.6,0.7071067811865474,-0.7071067811865477,1.0,48550.0,5066.1,42000.0,381.5686341111564,13.249833106994624,8997.422499999999,43694.86,19208.3,17784.0,7168.0,0.0,0.0,2781.51,4.3470554,2018
2019-03-22 01:00:00+00:00,6.3523417,22.79031588,0.1755314904214282,0.9844738167520922,1135050.0,14.2,0.9659258262890684,0.2588190451025207,1.0,55800.0,7117.2,48010.0,358.00301011396016,9.74679172039033,8705.66,43284.725,20487.1,15125.0,5118.0,0.0,0.0,1795.22,2.9876995,2019
2022-09-04 22:00:00+00:00,19.61198,80.46928043999999,-0.4443781781046134,-0.8958392907349089,2244154.0,208.56,0.8660254037844384,-0.5000000000000004,1.0,39300.0,7117.2,23311.0,124.07328592981094,21.489416599273675,6945.554999999999,24365.9,17077.375,12987.0,1533.0,0.0,0.0,4896.34,3.2266483,2022
2023-06-22 11:00:00+00:00,21.789825,89.55725625000001,-0.986657932891657,0.1628070129385171,2827813.0,34.25,-0.9659258262890682,0.258819045102521,1.0,50700.0,5118.0,35205.0,266.76241924001926,19.89116636912029,7781.252499999999,34296.755000000005,10674.05,19072.0,4951.0,8126.25,2175525.8,4750.08,1.6811091,2023
2022-01-18 03:00:00+00:00,3.3200173,80.46928043999999,0.9523775757303976,0.304921224656289,1998118.0,79.08,0.7071067811865476,0.7071067811865476,1.0,66000.0,7117.2,48625.0,351.2121664835165,4.349277794361114,9378.197499999998,45054.09,21743.6,15641.0,4055.0,0.0,0.0,2640.86,1.5560834,2022
2022-12-04 23:00:00+00:00,4.9005203,80.46928043999999,0.893918596519257,-0.4482293417404106,2462887.0,132.95,0.9659258262890684,-0.2588190451025207,1.0,58850.0,7117.2,38260.0,197.664194860534,6.494666556517284,6949.515,34618.380000000005,19169.5,11957.0,2620.0,0.0,0.0,1235.73,1.9836754,2022
2022-02-21 04:00:00+00:00,7.2006626,80.46928043999999,0.6254105729852463,0.7802958510707755,1739794.0,71.5,0.5000000000000001,0.8660254037844386,1.0,51650.0,7117.2,41777.0,370.0064994301994,8.207333432303534,5285.255000000001,12924.4,15288.2,14045.0,4684.0,0.0,0.0,14468.64,11.128202,2022
2021-12-08 07:00:00+00:00,5.5034356,46.29497964,0.9226395488404876,-0.3856634062436074,2059628.0,98.9,-0.2588190451025208,0.9659258262890684,1.0,74750.0,5042.0,42975.0,439.7575734635735,6.504666725794475,8624.915,43970.94500000001,5711.5,15643.0,5474.0,0.0,207.0318,8134.67,7.1687975,2021
2020-03-19 04:00:00+00:00,7.685157,17.2389636,0.2093146459630487,0.9778483415056568,1779274.0,8.7,0.5000000000000001,0.8660254037844386,1.0,43450.0,7117.2,43059.0,433.5301914122914,10.549625039100649,8097.8775,49124.175,17547.1,12606.0,6557.0,0.0,0.0,940.69,1.930108,2020
2022-03-26 00:00:00+00:00,8.541919,80.46928043999999,0.107381346664163,0.994217906893952,1369050.0,101.66666666666669,1.0,0.0,0.0,48250.0,6053.3,31585.0,189.38260966625964,10.735444386800138,6656.59,36089.345,16070.1,14552.0,2885.0,0.0,0.0,6101.33,6.5527706,2022
2018-08-22 16:00:00+00:00,25.66598,15.1252596,-0.6321034111873488,-0.7748840413670406,2837907.0,24.63,-0.5000000000000004,-0.8660254037844385,1.0,48700.0,7117.2,37870.0,158.51065995115994,19.76424992084504,9585.2175,60812.780000000006,27885.6,20721.0,3605.0,2250.68,1447697.4,874.68,2.009092,2018
2023-12-28 00:00:00+00:00,8.470899,89.55725625000001,0.998666816288476,-0.0516196672232541,2795844.0,31.8,1.0,0.0,1.0,50050.0,7117.2,41475.0,521.5360070873571,8.560555564032663,3699.837500000001,4643.252500000002,17435.575,10507.0,5281.0,0.0,0.0,13303.42,8.114707,2023
2020-12-11 18:00:00+00:00,8.249662,17.2389636,0.9469877530760752,-0.3212696616923651,2521048.0,15.93,-1.8369701987210292e-16,-1.0,1.0,72250.0,7117.2,48935.0,290.0256063085064,7.053444359037609,10740.8925,44179.0325,18197.4,24249.0,5358.0,0.0,0.0,7149.46,5.8021173,2020
2023-07-21 00:00:00+00:00,17.698584,89.55725625000001,-0.9441875088341996,-0.3294084822245298,3013784.0,28.5,1.0,0.0,1.0,39050.0,7117.2,36780.0,189.1600678932179,23.173110855950256,6669.365,37107.6625,18018.925,18237.0,3359.0,0.0,0.0,2682.73,2.8383129,2023
2022-08-03 07:00:00+00:00,22.196735,80.46928043999999,-0.847540922892831,-0.5307300481619335,2274044.0,199.25,-0.2588190451025208,0.9659258262890684,1.0,46650.0,7117.2,28386.0,131.36129892699893,21.504499912261952,5943.31,33549.134999999995,20623.85,21661.0,2200.0,3984.21,764780.7,851.96,0.66219187,2022
2019-01-25 02:00:00+00:00,2.7476122,22.79031588,0.9088176373395028,0.4171936026123168,1750281.0,20.8,0.8660254037844387,0.4999999999999999,1.0,70300.0,7117.2,55516.0,245.88747039072035,5.101833317014907,9833.1275,52833.4575,15078.8,15398.0,3583.0,0.0,0.0,2586.03,4.965777,2019
2020-07-14 21:00:00+00:00,17.708376,17.2389636,-0.973118337233262,-0.2303056702306119,3087938.0,4.22,0.7071067811865474,-0.7071067811865477,0.0,45600.0,7117.2,34220.0,203.5649503459504,20.00316677093505,8843.630000000001,43052.51,18379.4,18093.0,4231.0,0.0,317.83383,1953.42,4.2731056,2020
2021-05-09 19:00:00+00:00,15.928456,46.29497964,-0.6050560696488488,0.7961828637826158,1047965.0,24.66,0.2588190451025203,-0.9659258262890684,0.0,39800.0,7117.2,37046.0,308.1455464387464,15.706777678595644,7419.5825,27028.7875,13481.8,15484.0,6017.0,471.31,125057.945,6213.99,5.5484796,2021
2023-05-14 03:00:00+00:00,10.32608,89.55725625000001,-0.6712599575675313,0.7412220108485958,1952971.0,32.233333333333334,0.7071067811865476,0.7071067811865476,0.0,32750.0,5110.1,35015.0,385.9499112313612,14.60516643524169,5692.389999999999,29132.105,9527.875,10585.0,5477.0,0.0,0.0,3898.86,4.0698233,2023
2021-06-05 06:00:00+00:00,14.09046,46.29497964,-0.8977433935342337,0.440518784350495,1628356.0,26.11,6.123233995736766e-17,1.0,0.0,37800.0,5068.5,39795.0,343.07020093610095,15.59600003560386,6318.732499999999,35392.5025,17698.1,14958.0,6256.0,337.58,319004.97,2446.6,1.9048504,2021
2022-07-05 07:00:00+00:00,18.331053,80.46928043999999,-0.9981855344718586,-0.0602132773657927,2469618.0,178.05,-0.2588190451025208,0.9659258262890684,1.0,49850.0,7117.2,28490.0,194.5713800976801,20.27199999491376,7464.372499999999,36370.9825,17121.75,25243.0,3573.0,4290.02,958458.75,1364.27,3.0184193,2022
2023-10-09 20:00:00+00:00,17.341555,89.55725625000001,0.141540295217043,-0.989932495087353,2613447.0,39.5,0.5000000000000001,-0.8660254037844386,1.0,42950.0,6053.3,41600.0,144.20797942057942,17.28827778498328,8167.089999999999,43339.817500000005,23635.4,16837.0,2555.0,0.0,0.0,1518.5,2.0973306,2023
2023-01-11 05:00:00+00:00,8.539913,89.55725625000001,0.9821256058680006,0.1882267098432442,2347129.0,62.7,0.2588190451025207,0.9659258262890684,1.0,55050.0,7117.2,44580.0,418.13047293173815,7.404916683832803,5780.9125,21855.9975,17712.75,18374.0,5275.0,0.0,0.0,10135.45,7.0726705,2023
2021-01-05 02:00:00+00:00,1.7869087,46.29497964,0.9962981749346078,0.0859647987374464,2407326.0,18.05,0.8660254037844387,0.4999999999999999,1.0,68100.0,7117.2,51835.0,352.1922181318681,4.61500006251865,6501.507499999998,26457.737500000003,18852.1,11138.0,4127.0,0.0,0.0,2550.57,4.181443,2021
2019-07-11 19:00:00+00:00,21.993103,22.79031588,-0.9866579328916572,-0.1628070129385164,2673159.0,12.75,0.2588190451025203,-0.9659258262890684,1.0,46650.0,7117.2,42733.0,209.47688111518107,23.055499871571868,8648.737500000001,53587.255,29199.9,22158.0,4192.0,142.12,350433.8,1909.78,2.877542,2019
2023-03-06 11:00:00+00:00,6.8715863,89.55725625000001,0.436651231956064,0.8996308696522433,1351720.0,43.5,-0.9659258262890682,0.258819045102521,1.0,69550.0,7117.2,36129.0,182.3749220566873,7.557388835483125,8592.637499999999,53014.18749999999,16055.875,19265.0,3132.0,8477.95,1395897.5,3029.71,3.5150776,2023
2021-08-29 19:00:00+00:00,17.993437,46.29497964,-0.5343725582809793,-0.8452490573530629,2612909.0,48.675,0.2588190451025203,-0.9659258262890684,0.0,41100.0,7117.2,43927.0,205.88411866096865,19.780111100938583,6514.504999999999,33902.8275,21750.5,15256.0,3177.0,244.32,56395.4,4430.88,4.4775662,2021
2020-08-11 12:00:00+00:00,27.323414,17.2389636,-0.7554933140726804,-0.655156357209085,3013309.0,6.82,-1.0,1.2246467991473532e-16,1.0,50100.0,7117.2,37209.0,186.1467452177452,22.6510331471761,7059.7475,27180.69,20967.1,14913.0,3487.0,6319.05,2662820.0,694.96,1.3951503,2020
2022-11-30 19:00:00+00:00,6.8283052,80.46928043999999,0.8609610158889941,-0.5086709438521049,2462887.0,139.0,0.2588190451025203,-0.9659258262890684,1.0,65400.0,7117.2,35883.0,213.0855690957191,7.995499809583028,9609.1575,58206.3075,32290.325,21981.0,4394.0,0.0,0.0,3578.14,4.2921762,2022
2020-02-22 07:00:00+00:00,5.404902,17.2389636,0.6118864012687244,0.7909456567567772,2116585.0,9.406666666666666,-0.2588190451025208,0.9659258262890684,0.0,59400.0,7117.2,47014.0,391.5531775539276,8.23229173819224,6351.8575,13111.347500000003,22894.9,18596.0,5145.0,203.0,17868.406,8236.46,6.0693226,2020
2023-08-24 00:00:00+00:00,21.953066,89.55725625000001,-0.6050560696488494,-0.7961828637826154,2829706.0,31.7,1.0,0.0,1.0,39850.0,6887.5,35387.0,171.59683058793058,25.292777485317643,7016.27,38911.075,21040.325,16453.0,2637.0,0.0,0.0,3438.7,2.5773468,2023
2023-04-25 10:00:00+00:00,11.650353,89.55725625000001,-0.3975428142825558,0.9175836260593938,1591705.0,40.0,-0.8660254037844387,0.4999999999999999,1.0,54100.0,6105.9,36717.0,296.5828007455507,13.794388982984762,6003.022500000001,21884.6575,6465.825000000001,8070.0,4803.0,8065.7,1627367.8,1441.32,1.0530175,2023
2019-11-15 22:00:00+00:00,5.2433906,22.79031588,0.7025274741691566,-0.711656622281775,2954760.0,15.15,0.8660254037844384,-0.5000000000000004,1.0,69900.0,5008.0,40950.0,351.0574397028897,9.41470829645792,9250.4025,40594.7225,23106.4,17412.0,5745.0,0.0,0.0,2107.82,2.1035001,2019
2018-05-07 01:00:00+00:00,13.302486,15.1252596,-0.5772916165517272,0.8165380514459161,1101932.0,20.63,0.9659258262890684,0.2588190451025207,1.0,35850.0,5066.1,42000.0,315.49475125265684,12.935833295186384,7028.5375,32667.24,18132.1,11654.0,5829.0,0.0,0.0,1933.36,2.4968061,2018
2018-07-13 15:00:00+00:00,24.749912,15.1252596,-0.980469160361632,-0.1966728897935762,2807415.0,22.48,-0.7071067811865477,-0.7071067811865475,1.0,50000.0,6071.9,42225.0,198.4855559422059,19.612750132878613,8724.0025,48689.05499999999,26219.7,22247.0,4294.0,3677.11,2312526.8,690.29,1.6840644,2018
2018-10-26 19:00:00+00:00,11.4987135,15.1252596,0.4211008707960891,-0.9070138128026362,2474033.0,23.88,0.2588190451025203,-0.9659258262890684,1.0,54050.0,7117.2,44920.0,118.92259165649168,13.084833304087342,8842.317500000001,39537.5925,25827.1,20655.0,1916.0,0.0,0.0,2308.84,4.381467,2018
2021-12-11 05:00:00+00:00,4.901935,46.29497964,0.941317317512847,-0.3375228995941134,2059628.0,107.68333333333332,0.2588190451025207,0.9659258262890684,0.0,60500.0,5042.0,43435.0,594.794458058608,6.024166564146678,7203.33,47227.22,10938.6,16541.0,4834.0,0.0,0.0,5585.9,6.3900423,2021
2023-11-12 20:00:00+00:00,11.945673,89.55725625000001,0.6648553979642859,-0.7469720876965558,2847567.0,41.53333333333333,0.5000000000000001,-0.8660254037844386,0.0,47700.0,5061.6,37000.0,527.2638886724387,11.046833488676294,7867.595,43426.69500000001,16994.1,15123.0,6277.0,0.0,0.0,10331.88,6.586497,2023
2020-06-01 14:00:00+00:00,22.046236,17.2389636,-0.8738071036110806,0.4862727071086904,2698730.0,3.6,-0.8660254037844386,-0.5000000000000001,0.0,36200.0,4106.7,36845.0,176.23673072853072,19.76050019264221,4050.0025,10541.040000000008,18001.8,10724.0,3174.0,4980.99,2667088.8,2620.72,2.9922147,2020
2019-11-06 15:00:00+00:00,11.084956,22.79031588,0.5842981736283683,-0.8115390590073611,2986771.0,13.0,-0.7071067811865477,-0.7071067811865475,1.0,58500.0,5047.5,41130.0,487.6493190272691,12.391208529472356,11180.25,61422.21,17887.9,24228.0,6679.0,1218.77,497466.2,1950.71,4.883895,2019
2019-06-25 12:00:00+00:00,25.333742,22.79031588,-0.993746580436178,0.1116590071216946,2394994.0,9.13,-1.0,1.2246467991473532e-16,1.0,56400.0,7117.2,46643.0,326.0912268823769,20.794500033060693,7677.825000000001,27728.445,24974.6,26953.0,5789.0,5286.43,2941739.5,1904.92,1.2004687,2019
2021-08-21 09:00:00+00:00,20.984798,46.29497964,-0.64534811322955,-0.7638886127905429,2655591.0,41.83333333333333,-0.7071067811865475,0.7071067811865476,0.0,43150.0,7117.2,41720.0,237.33002625152625,18.105541547139467,6900.2525000000005,30014.2825,17524.9,11608.0,3108.0,4326.59,1532532.2,974.58,2.0833988,2021
2018-04-25 03:00:00+00:00,11.422478,15.1252596,-0.3975428142825558,0.9175836260593938,811033.0,19.88,0.7071067811865476,0.7071067811865476,1.0,38600.0,5066.1,46290.0,338.33909355808805,12.102416555086789,6935.43,35565.3,20296.0,12741.0,6325.0,0.0,0.0,2981.72,4.3304152,2018
2023-04-11 13:00:00+00:00,13.617817,89.55725625000001,-0.167051625502119,0.9859481499638304,1545065.0,44.4,-0.9659258262890684,-0.2588190451025203,1.0,48850.0,7117.2,34412.0,246.3093061034779,13.753555509779185,3879.8224999999993,6184.010000000002,5155.700000000001,17264.0,3091.0,8107.55,1962337.9,4452.83,6.26095,2023
2020-06-20 04:00:00+00:00,13.230833,17.2389636,-0.9837092937736096,0.1797665857255624,2837466.0,5.373333333333333,0.5000000000000001,0.8660254037844386,0.0,32550.0,5102.5,32775.0,340.5260545787545,15.535333315531416,7127.219999999999,28134.6225,18766.8,12400.0,5784.0,6.67,4702.8076,1148.81,2.1161284,2020
2022-04-24 14:00:00+00:00,13.623396,80.46928043999999,-0.3816892202666589,0.9242907221930932,1338623.0,94.95,-0.8660254037844386,-0.5000000000000001,0.0,37650.0,5061.6,29515.0,238.76403378103385,13.380166848500574,3151.2474999999995,15873.942500000005,6617.9,10188.0,3821.0,4317.54,1845206.8,2935.14,3.116508,2022
2021-10-22 15:00:00+00:00,13.627286,46.29497964,0.3576982388331254,-0.9338372288229252,2356588.0,87.05,-0.7071067811865477,-0.7071067811865475,1.0,49550.0,6121.4,41250.0,152.3385578551079,13.477388858795168,7468.5275,28825.997500000005,13002.1,22798.0,2360.0,4593.46,754344.94,4277.31,4.2055635,2021
2020-10-01 12:00:00+00:00,15.877162,17.2389636,0.0215160974362222,-0.9997685019798908,2801270.0,12.13,-1.0,1.2246467991473532e-16,1.0,52300.0,6765.5,40000.0,193.1043582010581,14.561266771952324,8131.182500000001,33898.4425,14596.0,20623.0,3305.0,3926.86,1405972.1,6513.4,5.7576733,2020
2022-12-22 03:00:00+00:00,10.549284,80.46928043999999,0.9880226656636976,-0.154308820664281,2142607.0,89.5,0.7071067811865476,0.7071067811865476,1.0,45950.0,7117.2,41300.0,240.6120356640944,8.11633352438609,6893.634999999998,29756.2325,10177.375,13449.0,3138.0,0.0,0.0,15492.89,7.7615886,2022
2020-01-12 22:00:00+00:00,5.837574,17.2389636,0.9787400799669153,0.2051044998686192,2742325.0,11.933333333333334,0.8660254037844384,-0.5000000000000004,0.0,64300.0,7117.2,54676.0,267.77046729751726,7.396374960740406,8312.855000000001,24709.807500000003,28321.6,14398.0,3728.0,0.0,0.0,3133.83,4.2778444,2020
2020-09-05 21:00:00+00:00,16.732212,17.2389636,-0.4132786077829044,-0.9106046300942162,2975651.0,11.553333333333333,0.7071067811865474,-0.7071067811865477,0.0,43450.0,6121.4,33880.0,194.52988211233207,18.23349997202556,7026.820000000001,31163.245000000003,12471.9,14428.0,3025.0,0.0,0.0,2845.93,3.7582994,2020
2023-11-04 21:00:00+00:00,11.348553,89.55725625000001,0.5560174366570438,-0.8311706263658084,2856838.0,40.93333333333333,0.7071067811865474,-0.7071067811865477,0.0,43950.0,5061.6,38869.0,509.0916879028379,10.877722369300008,4342.945,6802.7750000000015,7264.7249999999985,14197.0,5263.0,0.0,0.0,18082.36,10.55903,2023
2022-06-22 20:00:00+00:00,19.486843,80.46928043999999,-0.986657932891657,0.1628070129385171,2434351.0,128.55,0.5000000000000001,-0.8660254037844386,1.0,46350.0,7117.2,30940.0,184.03035138380136,22.796916961669933,7314.5225,46517.73,25401.5,23521.0,4109.0,0.2,73674.305,2061.05,0.42048717,2022
2018-05-09 02:00:00+00:00,12.160409,15.1252596,-0.6050560696488488,0.7961828637826158,1101932.0,20.6,0.8660254037844387,0.4999999999999999,1.0,35200.0,5066.1,42000.0,381.5686341111564,13.392833272616055,7617.014999999999,36656.1425,17573.1,14880.0,6118.0,0.0,0.0,2427.42,3.5682437,2018
2023-04-11 07:00:00+00:00,9.801026,89.55725625000001,-0.167051625502119,0.9859481499638304,1545065.0,44.4,-0.2588190451025208,0.9659258262890684,1.0,52400.0,7117.2,34615.0,246.3093061034779,12.81172211964924,4916.745000000001,24886.4575,17899.175,19537.0,4628.0,2272.48,377183.94,4295.49,5.25541,2023
2018-10-30 16:00:00+00:00,9.801907,15.1252596,0.4825077417612184,-0.875891705144243,2418967.0,23.73,-0.5000000000000004,-0.8660254037844385,1.0,63100.0,6105.9,46880.0,166.054948026048,8.98941655953725,9178.830000000002,33727.88500000001,25420.6,26098.0,3201.0,379.01,268307.03,6970.36,4.68544,2018
2022-06-02 22:00:00+00:00,16.93278,80.46928043999999,-0.8738071036110806,0.4862727071086904,2156969.0,83.5,0.8660254037844384,-0.5000000000000004,1.0,43500.0,6113.8,29775.0,197.53443223443224,19.57505607604981,6429.817499999999,39485.195,22344.925,14041.0,4120.0,0.0,0.0,3162.72,3.685688,2022
2018-01-15 19:00:00+00:00,7.7814713,15.1252596,0.9668478136052776,0.255353295116187,1660658.0,19.0,0.2588190451025203,-0.9659258262890684,1.0,72250.0,7117.2,56880.0,600.620746011396,6.598333438237509,9852.33,35922.1925,29845.7,24475.0,6180.0,0.0,0.0,8852.95,9.493392,2018
2018-04-24 23:00:00+00:00,12.486356,15.1252596,-0.3816892202666589,0.9242907221930932,811033.0,19.68,0.9659258262890684,-0.2588190451025207,1.0,42750.0,5066.1,46290.0,338.33909355808805,12.90291682879128,7052.9400000000005,41206.36,20613.4,14418.0,6397.0,0.0,0.0,2680.72,4.5225296,2018
2021-05-06 07:00:00+00:00,9.685745,46.29497964,-0.5631507242749186,0.8263541987239096,1047965.0,24.98,-0.2588190451025208,0.9659258262890684,1.0,56550.0,7117.2,38710.0,253.30065927960925,11.180277877383764,9220.025,33786.740000000005,20518.9,21286.0,5578.0,717.64,568293.0,3475.83,4.617273,2021
2023-08-21 02:00:00+00:00,19.95487,89.55725625000001,-0.64534811322955,-0.7638886127905429,2829706.0,39.45,0.8660254037844387,0.4999999999999999,1.0,33550.0,6947.5,36698.0,175.05161205091204,24.26605531904432,6910.06,35387.262500000004,17901.675,12800.0,2514.0,0.0,0.0,2049.8900000000003,1.672108,2023
2020-07-08 23:00:00+00:00,17.631313,17.2389636,-0.99167731989929,-0.1287481774525806,3064947.0,5.5,0.9659258262890684,-0.2588190451025207,1.0,41550.0,7117.2,33610.0,213.90884824989823,19.88676656087241,7767.859999999999,39779.4,18858.4,16160.0,4095.0,0.0,0.0,1499.34,1.5389094,2020
2019-08-08 01:00:00+00:00,17.956844,22.79031588,-0.798779372886365,-0.6016240632249223,2749841.0,10.05,0.9659258262890684,0.2588190451025207,1.0,35500.0,7117.2,41603.0,202.0598412698413,21.99537499745687,5866.59,29901.32,19219.4,13041.0,3346.0,0.0,0.0,1259.4,2.405906,2019
2023-10-13 16:00:00+00:00,21.065428,89.55725625000001,0.209314645963048,-0.9778483415056568,2613447.0,54.75,-0.5000000000000004,-0.8660254037844385,1.0,45300.0,5385.8,41270.0,146.8774915547416,18.94900014665393,5470.062499999999,18191.4425,16932.525,21299.0,1781.0,1906.54,511762.72,16305.54,6.8831167,2023
2020-09-11 10:00:00+00:00,20.64942,17.2389636,-0.3171912885891059,-0.9483615800121716,2929369.0,10.43,-0.8660254037844387,0.4999999999999999,1.0,52250.0,7117.2,34820.0,157.46238225478226,18.05649998982746,8030.119999999999,33357.5925,22223.7,20379.0,2730.0,5390.72,1791360.9,601.67,1.0266535,2020
2022-10-03 07:00:00+00:00,12.917623,80.46928043999999,0.0387222808921739,-0.9992500112396836,2313405.0,132.42,-0.2588190451025208,0.9659258262890684,1.0,48300.0,6111.4,26800.0,293.30850201851285,15.176250060399358,9227.1575,32649.0325,22826.6,20752.0,4090.0,813.57,158160.22,1513.94,1.0036496,2022
2020-06-05 08:00:00+00:00,13.70926,17.2389636,-0.9051931898913974,0.4250003399695541,2698730.0,4.88,-0.4999999999999998,0.8660254037844387,1.0,48950.0,5102.5,37390.0,236.9879644078144,17.145624717076608,6063.965,37085.635,16478.8,19680.0,5940.0,2991.2,995916.5,7649.12,7.642208,2020
2019-01-12 14:00:00+00:00,7.6772256,22.79031588,0.9787400799669153,0.2051044998686192,2055622.0,21.38,-0.8660254037844386,-0.5000000000000001,0.0,67450.0,7117.2,53972.0,194.374116035816,5.916250069936115,8817.0075,22693.619999999995,20356.4,15767.0,2813.0,1493.55,615131.2,7042.69,6.0290313,2019
2023-05-31 17:00:00+00:00,19.902592,89.55725625000001,-0.8565509959010036,0.5160623910158528,2404082.0,26.0,-0.2588190451025206,-0.9659258262890684,1.0,45250.0,5118.0,34400.0,283.51314396344395,18.008166578080903,5213.675,39705.62,17251.275,20280.0,5943.0,3746.31,1319511.9,6536.03,5.2640853,2023
2018-12-17 15:00:00+00:00,8.923733,15.1252596,0.9711000518829505,-0.2386727660059499,2085932.0,24.55,-0.7071067811865477,-0.7071067811865475,1.0,71250.0,6121.4,55980.0,243.3956222832724,7.334833463033039,11560.6,62906.41750000001,28569.9,28173.0,5055.0,526.31,396418.94,2948.1,4.391026,2018
2018-05-08 07:00:00+00:00,14.660577,15.1252596,-0.5912614448635781,0.8064799463209448,1101932.0,20.7,-0.2588190451025208,0.9659258262890684,0.0,39900.0,5066.1,42000.0,347.0228135101524,12.75208318233489,9566.64,44100.32250000001,27258.7,22562.0,6550.0,1513.9,790325.6,962.53,1.3706987,2018
2018-11-05 00:00:00+00:00,10.8689995,15.1252596,0.5702422926917867,-0.8214765533024145,2457273.0,23.28,1.0,0.0,1.0,50900.0,6105.9,45055.0,146.0237865079365,10.385777791341138,7768.102500000001,37558.275,14971.8,10985.0,2119.0,0.0,0.0,5350.51,6.119454,2018
2021-04-19 19:00:00+00:00,10.772786,46.29497964,-0.3008198076356675,0.9536809966304456,874649.0,21.52,0.2588190451025203,-0.9659258262890684,1.0,54400.0,6111.4,38325.0,186.4205871591372,12.23077795240613,9724.355,50220.795,27529.0,20455.0,4220.0,351.76,78113.67,1074.07,1.2431897,2021
2023-09-17 00:00:00+00:00,18.814596,89.55725625000001,-0.2344913895704105,-0.9721181966290612,2818485.0,35.266666666666666,1.0,0.0,0.0,34200.0,7028.3,40665.0,171.4912976023976,21.830166710747623,6017.1475,32508.135,13497.55,12308.0,2753.0,0.0,0.0,3441.14,4.157268,2023
2022-03-09 09:00:00+00:00,7.634672,80.46928043999999,0.3896304495307879,0.9209712877166346,1420843.0,149.75,-0.7071067811865475,0.7071067811865476,1.0,69850.0,7117.2,43170.0,228.0852643060643,7.356166998545326,7632.7750000000015,35973.05,17156.8,23154.0,4033.0,4667.95,977229.8,3339.69,5.6071434,2022
2019-12-24 14:00:00+00:00,11.921995,22.79031588,0.9927487224577402,-0.1202080448993527,2804309.0,11.35,-0.8660254037844386,-0.5000000000000001,1.0,57300.0,7117.2,50615.0,844.2380986161985,9.217833360036211,6700.625,37303.45,19026.1,12417.0,6972.0,1572.9,618909.44,10763.48,8.72673,2019
2020-08-11 15:00:00+00:00,27.467215,17.2389636,-0.7554933140726804,-0.655156357209085,3013309.0,6.82,-0.7071067811865477,-0.7071067811865475,1.0,47450.0,7117.2,37099.0,186.1467452177452,23.466933695475262,8066.3725,35363.42249999999,20570.8,17085.0,3816.0,4394.95,1979992.8,1094.72,0.9262668,2020
2019-04-20 00:00:00+00:00,11.7349825,22.79031588,-0.3171912885891059,0.9483615800121716,921232.0,14.805,1.0,0.0,0.0,43100.0,7075.5,44656.0,204.61303795278795,14.096666574478142,7677.172500000001,27096.785,11112.5,12784.0,4046.0,0.0,0.0,2726.17,4.960733,2019
2023-10-25 03:00:00+00:00,12.358048,89.55725625000001,0.4054257283599965,-0.914127988185334,2730776.0,49.3,0.7071067811865476,0.7071067811865476,1.0,38150.0,4065.8,41335.0,255.1913876142376,14.614666832817932,6872.89,32114.5225,5567.975,14916.0,3935.0,0.0,0.0,11160.75,4.615166,2023
2018-02-16 15:00:00+00:00,10.030961,15.1252596,0.6901733882429719,0.7236440382959124,1194343.0,18.23,-0.7071067811865477,-0.7071067811865475,1.0,66350.0,7117.2,56895.0,538.9052955094289,6.506916602452595,11420.175,60091.075,26764.2,25479.0,6207.0,1156.21,862545.5,857.53,1.279871,2018
2019-10-23 21:00:00+00:00,13.306192,22.79031588,0.3737197147904684,-0.9275416835791968,2771196.0,10.45,0.7071067811865474,-0.7071067811865477,1.0,51550.0,6111.4,41600.0,353.9933886853887,13.64837515354156,8542.2325,37745.91,20936.4,16817.0,5293.0,0.0,0.0,3263.45,2.0649385,2019
2021-06-29 16:00:00+00:00,19.10365,46.29497964,-0.99907411510223,0.0430222330045305,2310252.0,33.67,-0.5000000000000004,-0.8660254037844385,1.0,48350.0,7117.2,42210.0,412.7407709401709,18.53066698710125,8330.29,50012.02,18052.5,25336.0,5938.0,4311.64,1581277.2,2006.24,3.8695087,2021
2021-03-29 12:00:00+00:00,16.273832,46.29497964,0.0559169901006032,0.9984354211555644,961615.0,18.42,-1.0,1.2246467991473532e-16,1.0,53500.0,6111.4,41294.0,244.8442707773708,11.317055490281849,4595.379999999999,16660.090000000004,11460.4,16778.0,3751.0,7460.4,2641226.2,2070.88,3.0230978,2021
2023-04-11 05:00:00+00:00,9.196273,89.55725625000001,-0.167051625502119,0.9859481499638304,1545065.0,44.4,0.2588190451025207,0.9659258262890684,1.0,48200.0,7117.2,34615.0,246.3093061034779,12.70788913302952,5771.674999999999,28799.275,21903.45,18668.0,4686.0,0.01,319.97812,5072.48,5.7391186,2023
2021-11-19 22:00:00+00:00,8.341086,46.29497964,0.7498264012045686,-0.6616346182422783,2216776.0,86.5,0.8660254037844384,-0.5000000000000004,1.0,61350.0,5057.5,44880.0,172.05342983312983,9.002444611655342,9075.1825,30679.935,19566.0,17335.0,2583.0,0.0,0.0,1985.61,1.959078,2021
2020-07-08 15:00:00+00:00,22.853937,17.2389636,-0.99167731989929,-0.1287481774525806,3064947.0,5.5,-0.7071067811865477,-0.7071067811865475,1.0,48750.0,7117.2,33725.0,218.1604123321124,20.598900286356603,9685.69,44762.02250000001,22626.0,21088.0,4857.0,5009.94,2041277.1,2621.51,2.16503,2020
2021-09-20 05:00:00+00:00,13.563558,46.29497964,-0.1839983516576798,-0.9829265519799822,2361161.0,73.2,0.2588190451025207,0.9659258262890684,1.0,44250.0,7117.2,40122.0,255.11155732600733,18.343055725097628,9612.8,54476.31999999999,20332.8,19940.0,3905.0,0.0,0.0,1557.62,4.159064,2021
2021-10-08 00:00:00+00:00,11.897922,46.29497964,0.1244792638867886,-0.9922222094179324,2373290.0,79.78,1.0,0.0,1.0,42900.0,7117.2,42452.0,233.1994443833944,14.386166466607005,7757.134999999999,40428.7025,17465.1,14227.0,3226.0,0.0,0.0,3354.1,3.2859042,2021
2020-09-20 14:00:00+00:00,21.697319,17.2389636,-0.1670516255021195,-0.9859481499638304,2855432.0,11.286666666666669,-0.8660254037844386,-0.5000000000000001,0.0,38850.0,7117.2,36165.0,144.98546978021977,18.996533711751304,5177.35,25233.2625,13497.5,12595.0,2350.0,3751.49,1672630.2,883.49,1.4944757,2020
2018-05-26 22:00:00+00:00,17.23958,15.1252596,-0.8090169943749473,0.5877852522924732,1497111.0,22.0,0.8660254037844384,-0.5000000000000004,0.0,43950.0,5068.5,37815.0,347.68381180301185,14.924500226974498,7154.365,37425.3725,22023.4,13833.0,7272.0,0.0,0.0,3031.36,3.2378716,2018
2018-05-05 15:00:00+00:00,18.409603,15.1252596,-0.548842958284719,0.8359254794186372,1002365.0,20.49,-0.7071067811865477,-0.7071067811865475,0.0,39100.0,5066.1,40500.0,339.8321107628997,12.668666879336037,7058.4475,36247.1375,16685.7,16238.0,6435.0,3174.56,2092784.6,2737.44,4.2124844,2018
2021-09-25 01:00:00+00:00,15.228853,46.29497964,-0.0988201387328721,-0.9951053111006974,2361161.0,70.89333333333333,0.9659258262890684,0.2588190451025207,0.0,36050.0,7117.2,39067.0,195.31286412291416,18.03744432661266,6572.3075,25297.0925,18035.0,14150.0,2567.0,0.0,0.0,1271.37,1.8781248,2021
2020-08-15 21:00:00+00:00,20.14521,17.2389636,-0.7086266782644598,-0.7055836101071777,3013309.0,7.15,0.7071067811865474,-0.7071067811865477,0.0,43850.0,7117.2,35479.0,164.056390984941,21.091099866231268,7529.005,37194.97,17429.8,12285.0,3029.0,0.0,0.0,1262.32,1.1219856,2020
2018-03-05 10:00:00+00:00,7.952317,15.1252596,0.4520722039323043,0.8919813464595485,665128.0,20.3,-0.8660254037844387,0.4999999999999999,1.0,74400.0,6071.9,51555.0,425.18633622303616,5.738583286603293,10811.0575,60704.27,24978.7,26854.0,5998.0,2496.33,1031901.94,3294.34,3.7623463,2018
2018-04-01 11:00:00+00:00,9.18831,15.1252596,0.0043035382962442,0.99999073973619,586044.0,19.68,-0.9659258262890682,0.258819045102521,0.0,56000.0,6071.9,44515.0,526.0717559060281,7.641833345095318,7814.434999999999,27181.005,15620.3,9097.0,6021.0,4116.98,1749742.0,2348.19,2.7625167,2018
2020-07-28 05:00:00+00:00,18.383568,17.2389636,-0.8900275764346768,-0.4559066935084586,3100546.0,4.68,0.2588190451025207,0.9659258262890684,1.0,42350.0,7117.2,34815.0,176.11558345543347,20.130466651916503,6718.780000000001,33923.369999999995,24388.4,19632.0,3521.0,169.98,35368.87,2883.91,3.5986915,2020
2023-07-15 14:00:00+00:00,23.326998,89.55725625000001,-0.973118337233262,-0.2303056702306119,3007664.0,25.433333333333334,-0.8660254037844386,-0.5000000000000001,0.0,41550.0,7117.2,32925.0,198.0631917526917,23.5126108593411,2172.2750000000005,8646.0775,4644.575000000001,17308.0,2737.0,8529.43,2179959.8,11719.01,6.8026724,2023
2022-07-15 15:00:00+00:00,26.19415,80.46928043999999,-0.973118337233262,-0.2303056702306119,2462110.0,154.25,-0.7071067811865477,-0.7071067811865475,1.0,47300.0,7117.2,25950.0,147.32695785510785,24.82133372624717,7071.067499999999,31457.9725,21625.1,23814.0,2793.0,7586.1,2505673.5,2660.51,2.2393117,2022
2021-05-05 16:00:00+00:00,12.839616,46.29497964,-0.548842958284719,0.8359254794186372,1047965.0,24.68,-0.5000000000000004,-0.8660254037844385,1.0,50900.0,7117.2,38710.0,235.74478127798128,13.665388743082689,7790.205000000001,19823.965000000004,16982.3,18819.0,5052.0,4798.47,1458369.9,6035.2,6.3166466,2021
2019-06-29 22:00:00+00:00,21.212036,22.79031588,-0.99907411510223,0.0430222330045305,2394994.0,9.733333333333333,0.8660254037844384,-0.5000000000000004,0.0,45400.0,7117.2,45182.0,285.1055721001221,24.4469165802002,6606.4725,31881.365,21678.8,18042.0,5675.0,0.0,0.0,2472.07,1.3247337,2019
2019-04-13 10:00:00+00:00,9.297761,22.79031588,-0.2008905551306352,0.97961369164549,932025.0,15.626666666666669,-0.8660254037844387,0.4999999999999999,0.0,56700.0,6071.9,44430.0,215.8318215303215,11.503416697184257,7231.955,31090.9825,21149.8,14767.0,3579.0,5983.03,2163837.2,2387.01,2.6380634,2019
2022-02-13 17:00:00+00:00,9.842704,80.46928043999999,0.7266075247685656,0.687052767223667,1729375.0,78.19,-0.2588190451025206,-0.9659258262890684,0.0,57750.0,7117.2,43756.0,253.03201682946687,7.2231667836507185,7120.0025000000005,29073.03,12659.7,17729.0,3399.0,0.83,129785.695,13104.0,8.492127,2022
2023-01-03 18:00:00+00:00,9.025909,89.55725625000001,0.998666816288476,0.0516196672232537,2327857.0,71.81,-1.8369701987210292e-16,-1.0,1.0,63550.0,7117.2,42742.0,326.5747384091754,9.246166586875924,6105.5425,42324.1275,27073.3,17936.0,5968.0,0.0,0.2625641,7813.77,5.8508015,2023
2020-07-14 20:00:00+00:00,18.400202,17.2389636,-0.973118337233262,-0.2303056702306119,3087938.0,4.22,0.5000000000000001,-0.8660254037844386,0.0,42050.0,7117.2,34220.0,203.5649503459504,20.16840025583904,9077.6475,46737.0275,20376.3,19848.0,4572.0,0.0,39234.035,2030.98,4.4898796,2020
2023-01-29 05:00:00+00:00,1.4782104,89.55725625000001,0.8779600847008882,0.4787338401157884,1860943.0,55.43333333333333,0.2588190451025207,0.9659258262890684,0.0,61800.0,7117.2,44325.0,251.8009174601565,4.736555559767616,7722.13,32629.525,11750.825,12879.0,2950.0,0.0,0.0,1918.2,3.0925756,2023
2021-01-20 23:00:00+00:00,8.620607,46.29497964,0.9413173175128472,0.3375228995941133,1924342.0,19.83,0.9659258262890684,-0.2588190451025207,1.0,63500.0,7117.2,47605.0,481.3634416157916,5.458333293596901,6280.137500000001,18542.75,13755.6,16869.0,4976.0,0.0,0.0,14455.02,8.993384,2021
2019-02-11 22:00:00+00:00,4.997576,22.79031588,0.7498264012045687,0.6616346182422783,1446619.0,18.27,0.8660254037844384,-0.5000000000000004,1.0,70650.0,7117.2,55920.0,370.2755085063084,7.618666569391888,10727.015,27884.4825,25294.7,17839.0,5494.0,0.0,0.0,1799.79,3.4254222,2019
2022-01-02 13:00:00+00:00,12.124036,80.46928043999999,0.9994074007397048,0.0344216116227457,2029801.0,76.25,-0.9659258262890684,-0.2588190451025203,0.0,51650.0,6105.9,43288.0,616.7956655270656,7.421166751119827,5470.56,14831.732499999998,15377.9,11253.0,5609.0,2812.05,849402.4,10575.83,7.829672,2022
2020-11-07 06:00:00+00:00,10.676498,17.2389636,0.6118864012687242,-0.7909456567567774,3088786.0,13.603333333333332,6.123233995736766e-17,1.0,0.0,47200.0,6125.5,48333.0,216.7865344118844,10.69125004609426,8202.2775,39901.8575,12487.2,15132.0,3500.0,0.0,0.0,6901.9,6.783531,2020
2023-04-16 00:00:00+00:00,8.319501,89.55725625000001,-0.2511900638848191,0.9679377830240644,1545065.0,42.18333333333334,1.0,0.0,0.0,45100.0,7117.2,35535.0,304.5241952495974,11.930999941296056,5915.5,25594.005000000005,8519.425,11204.0,4262.0,0.0,0.0,4626.74,4.6010485,2023
2021-12-19 11:00:00+00:00,6.0033603,46.29497964,0.9787400799669153,-0.2051044998686192,2010670.0,144.96666666666667,-0.9659258262890682,0.258819045102521,0.0,67700.0,5110.1,43885.0,246.7148607651608,5.388277848561604,9517.98,24251.3175,17918.1,14512.0,3956.0,4141.57,748930.0,3023.67,2.1357079,2021
2021-06-05 18:00:00+00:00,17.368942,46.29497964,-0.8977433935342337,0.440518784350495,1628356.0,26.11,-1.8369701987210292e-16,-1.0,0.0,40200.0,5068.5,39910.0,343.07020093610095,16.975277900695804,7501.332499999999,40189.630000000005,19056.8,16395.0,6730.0,2216.29,652324.06,2512.91,2.294075,2021
2021-08-29 12:00:00+00:00,19.432,46.29497964,-0.5343725582809793,-0.8452490573530629,2612909.0,48.675,-1.0,1.2246467991473532e-16,0.0,40150.0,7117.2,42597.0,205.88411866096865,19.866111225552004,5387.935000000001,29118.85,14368.3,9377.0,2563.0,7669.64,2107961.2,3104.02,3.597042,2021
2022-03-10 17:00:00+00:00,11.380147,80.46928043999999,0.373719714790469,0.9275416835791966,1420843.0,134.03,-0.2588190451025206,-0.9659258262890684,1.0,59700.0,7117.2,39950.0,225.6840972120472,8.915555450651373,9863.38,40465.525,18534.2,24303.0,4650.0,257.52,449509.78,4386.91,5.158867,2022
2023-05-31 21:00:00+00:00,16.326466,89.55725625000001,-0.8565509959010036,0.5160623910158528,2404082.0,26.0,0.7071067811865474,-0.7071067811865477,1.0,43950.0,5118.0,33510.0,283.51314396344395,17.533722347683394,5273.8125,30271.6775,21358.275,16744.0,5755.0,0.0,340.28308,6724.58,5.409041,2023
2018-08-14 16:00:00+00:00,22.415518,15.1252596,-0.7324940716135788,-0.6807734094770164,2869444.0,23.55,-0.5000000000000004,-0.8660254037844385,1.0,42900.0,7117.2,40275.0,175.4080203093203,18.644500136375424,9253.9975,44827.265,22260.0,15550.0,3999.0,2418.16,1400986.2,2701.12,4.9555917,2018
2023-05-21 12:00:00+00:00,17.61427,89.55725625000001,-0.7554933140726803,0.6551563572090853,2051871.0,28.45,-1.0,1.2246467991473532e-16,0.0,37000.0,6121.4,34658.0,307.4315555074555,14.363610850440145,1639.6175000000003,-1815.9049999999988,4693.700000000001,7459.0,3629.0,8109.49,2387108.2,3439.92,4.250541,2023
2020-01-27 06:00:00+00:00,6.6570587,17.2389636,0.893918596519257,0.4482293417404106,2194236.0,10.48,6.123233995736766e-17,1.0,1.0,70550.0,7117.2,51975.0,253.13572344322336,6.852875014146168,9418.580000000002,38605.1125,23788.6,23049.0,4519.0,0.0,0.0,7066.88,6.7600274,2020
2023-01-23 02:00:00+00:00,1.4398823,89.55725625000001,0.9226395488404876,0.3856634062436071,1860943.0,65.0,0.8660254037844387,0.4999999999999999,1.0,65600.0,7117.2,42930.0,353.4193995705583,3.745833312471709,7501.610000000001,43558.425,9145.925,11973.0,4437.0,0.0,0.0,3705.82,4.534704,2023
2019-01-12 22:00:00+00:00,6.6719766,22.79031588,0.9787400799669153,0.2051044998686192,2055622.0,21.38,0.8660254037844384,-0.5000000000000004,0.0,70850.0,7117.2,53972.0,194.374116035816,6.107666611671446,8580.8875,17461.5225,22492.6,15498.0,2636.0,0.0,0.0,6802.79,7.122302,2019
2022-05-07 18:00:00+00:00,16.33316,80.46928043999999,-0.5772916165517272,0.8165380514459161,1418563.0,89.88333333333334,-1.8369701987210292e-16,-1.0,0.0,40950.0,6125.5,28720.0,229.8117253154253,15.77116706636217,7234.3225,41311.1125,16005.6,16408.0,5601.0,918.17,614218.1,3245.83,4.496582,2022
2022-03-11 11:00:00+00:00,10.553932,80.46928043999999,0.3576982388331257,0.9338372288229252,1420843.0,132.0,-0.9659258262890682,0.258819045102521,1.0,62100.0,7117.2,40855.0,211.6551496947497,8.708833297093705,4651.9575,2868.750000000008,16621.2,19218.0,3127.0,4544.35,1445810.1,12084.0,6.2971077,2022
2023-04-09 08:00:00+00:00,10.099738,89.55725625000001,-0.1330147065341959,0.9911140639934548,1512237.0,44.212,-0.4999999999999998,0.8660254037844387,0.0,45450.0,7117.2,36243.0,262.61780743459434,11.673500087526117,6178.655000000002,22368.34,7132.25,8582.0,3684.0,6300.58,1055823.6,1472.68,2.5719848,2023
2018-11-20 00:00:00+00:00,4.635303,15.1252596,0.7611042586607742,-0.6486295610349818,2331922.0,24.63,1.0,0.0,1.0,64900.0,5110.1,45500.0,139.76403331298332,8.85449986987644,6994.77,20352.35,21289.1,15672.0,2200.0,0.0,0.0,4690.19,6.5207963,2018
2021-06-29 19:00:00+00:00,17.583784,46.29497964,-0.99907411510223,0.0430222330045305,2310252.0,33.67,0.2588190451025203,-0.9659258262890684,1.0,44600.0,7117.2,42210.0,412.7407709401709,18.29133351643879,7679.0725,51217.9375,23134.4,24784.0,6040.0,917.87,320042.75,1772.77,3.6033638,2021
2022-12-26 12:00:00+00:00,11.287157,80.46928043999999,0.9962981749346076,-0.0859647987374467,2284112.0,80.6,-1.0,1.2246467991473532e-16,1.0,52400.0,7117.2,36990.0,399.5768105391388,8.273916681607552,4542.285,11441.684999999998,14691.15,11514.0,5178.0,3685.3,778998.1,8790.45,5.238198,2022
2021-06-26 23:00:00+00:00,16.892271,46.29497964,-0.9955213724144752,0.0945367498171995,2183321.0,32.13333333333333,0.9659258262890684,-0.2588190451025207,0.0,38250.0,7117.2,40865.0,380.4603059422059,18.720916827519744,6970.224999999999,36393.7725,16663.1,13882.0,5943.0,0.0,0.0,3057.43,1.9461138,2021
2023-01-17 11:00:00+00:00,4.727394,89.55725625000001,0.9574851883550392,0.288482432880609,2331058.0,59.6,-0.9659258262890682,0.258819045102521,1.0,71450.0,7117.2,43670.0,467.569088997476,6.415749887625376,9113.62,38091.20249999999,8399.675,24741.0,6338.0,3752.63,653230.2,3398.13,5.026557,2023
2023-06-16 12:00:00+00:00,23.427265,89.55725625000001,-0.9646141756912434,0.2636654927280075,2708825.0,33.3,-1.0,1.2246467991473532e-16,1.0,48650.0,6113.8,33445.0,258.53141969696964,19.44333293702866,4151.632500000001,25918.47,11656.7,15972.0,4643.0,11785.84,2903428.8,655.05,0.7269276,2023
2020-03-04 12:00:00+00:00,9.305434,17.2389636,0.4520722039323043,0.8919813464595485,1864482.0,9.27,-1.0,1.2246467991473532e-16,1.0,72800.0,7117.2,48779.0,680.8910766585266,7.874208331108093,9354.345,43890.03749999999,18859.3,20482.0,6837.0,3442.25,1222633.2,4741.92,4.4946637,2020
2022-03-07 22:00:00+00:00,3.9756942,80.46928043999999,0.4211008707960896,0.907013812802636,1420843.0,227.0,0.8660254037844384,-0.5000000000000004,1.0,66650.0,7117.2,42760.0,236.381658038258,7.765444503890141,8442.285,51128.240000000005,18326.9,17626.0,4382.0,0.0,0.0,6306.44,6.1125245,2022
2023-09-18 23:00:00+00:00,16.751173,89.55725625000001,-0.2177232303965322,-0.9760105506323682,2809675.0,34.3,0.9659258262890684,-0.2588190451025207,1.0,37700.0,7028.3,40220.0,203.1401278702779,21.535333315531403,4298.5525,8839.575,20417.175,15283.0,3130.0,0.0,0.0,5333.72,6.01889,2023
2020-11-05 05:00:00+00:00,6.9132414,17.2389636,0.5842981736283683,-0.8115390590073611,3088786.0,14.4,0.2588190451025207,0.9659258262890684,1.0,57100.0,6125.5,47742.0,240.5404167684168,10.02100010712941,9952.8175,46164.31,12058.0,18176.0,3881.0,0.0,0.0,3469.86,4.979127,2020
2022-09-05 16:00:00+00:00,25.14942,80.46928043999999,-0.4288919379124841,-0.9033558023246842,2240533.0,217.6,-0.5000000000000004,-0.8660254037844385,1.0,48650.0,7117.2,26166.0,124.07328592981094,22.62508296966553,9355.26,40414.07,13401.8,20955.0,2370.0,3916.39,1236311.9,2542.79,2.8894403,2022
2020-10-21 17:00:00+00:00,16.229467,17.2389636,0.3576982388331254,-0.9338372288229252,2956736.0,14.93,-0.2588190451025206,-0.9659258262890684,1.0,56900.0,6125.5,43307.0,210.1746156084656,13.346166578928626,8126.2825,28496.370000000003,24488.3,24419.0,4632.0,11.75,109954.016,9089.65,6.059392,2020
2022-03-10 23:00:00+00:00,8.101729,80.46928043999999,0.373719714790469,0.9275416835791966,1420843.0,134.03,0.9659258262890684,-0.2588190451025207,1.0,57150.0,7117.2,39950.0,211.6551496947497,8.78072224722969,6497.705,21378.835,12405.0,15742.0,2805.0,0.0,0.0,7594.49,7.664083,2022
2020-02-14 04:00:00+00:00,7.4996185,17.2389636,0.7146733860429609,0.699458327051647,2174132.0,9.15,0.5000000000000001,0.8660254037844386,1.0,56250.0,7117.2,51544.0,465.9177342083842,8.556833386421207,8035.8825,42949.2975,20148.0,16371.0,5495.0,0.0,0.0,4821.99,6.2137613,2020
2022-11-30 10:00:00+00:00,7.401857,80.46928043999999,0.8609610158889941,-0.5086709438521049,2462887.0,139.0,-0.8660254037844387,0.4999999999999999,1.0,66750.0,7117.2,36208.0,213.0855690957191,7.980583389600119,10216.2125,62369.32000000001,22914.7,24512.0,4629.0,3252.5,537421.3,1880.63,2.911925,2022
2019-12-24 09:00:00+00:00,9.563822,22.79031588,0.9927487224577402,-0.1202080448993527,2804309.0,11.35,-0.7071067811865475,0.7071067811865476,1.0,62900.0,7117.2,50615.0,844.2380986161985,9.01050015290578,6878.5650000000005,34882.165,20606.1,14291.0,7147.0,808.9,185112.22,10363.95,8.271869,2019
2018-12-03 03:00:00+00:00,11.491461,15.1252596,0.8860706215341378,-0.4635502709028512,2232914.0,24.6,0.7071067811865476,0.7071067811865476,1.0,45450.0,6121.4,51325.0,250.5123778388279,10.217277579837372,5870.8775000000005,21406.795,13726.6,13126.0,3452.0,0.0,0.0,8843.11,8.699276,2018
2018-05-10 15:00:00+00:00,15.017369,15.1252596,-0.6186714032625031,0.7856498550787147,1101932.0,20.9,-0.7071067811865477,-0.7071067811865475,0.0,38150.0,5066.1,42675.0,379.6789316623705,13.37474981943766,7094.432500000001,31910.5625,21312.3,21995.0,6854.0,3142.02,1792323.2,3536.62,4.314373,2018
2019-02-11 14:00:00+00:00,8.264166,22.79031588,0.7498264012045687,0.6616346182422783,1446619.0,18.27,-0.8660254037844386,-0.5000000000000001,1.0,68350.0,7117.2,55920.0,370.2755085063084,7.524916609128317,9950.545,28473.432499999995,25893.3,24006.0,5266.0,2337.91,1174952.0,3069.29,6.781616,2019
2022-09-08 22:00:00+00:00,17.304516,80.46928043999999,-0.3816892202666594,-0.924290722193093,2240533.0,210.6,0.8660254037844384,-0.5000000000000004,1.0,41750.0,7117.2,26406.0,158.14792015022016,19.47641722361245,5824.547499999999,35251.3125,21524.275,16184.0,2637.0,0.0,0.0,6198.01,5.746023,2022
2018-08-22 10:00:00+00:00,24.235703,15.1252596,-0.6321034111873488,-0.7748840413670406,2837907.0,24.63,-0.8660254037844387,0.4999999999999999,1.0,52150.0,7117.2,37870.0,158.51065995115994,19.86599988937378,9246.67,46857.5325,28785.6,17099.0,3364.0,4396.44,2086457.4,305.45,0.2722476,2018
2023-03-12 11:00:00+00:00,11.915654,89.55725625000001,0.3415707691678556,0.9398560579418954,1351720.0,49.66666666666667,-0.9659258262890682,0.258819045102521,0.0,50500.0,7117.2,33312.0,411.2577188404189,10.620889001422462,4695.822499999998,28047.4,5233.0250000000015,9995.0,5444.0,6890.27,1236098.0,7461.89,5.4711986,2023
2022-09-25 09:00:00+00:00,13.951293,80.46928043999999,-0.0988201387328721,-0.9951053111006974,2254828.0,168.66666666666666,-0.7071067811865475,0.7071067811865476,0.0,41050.0,7117.2,28570.0,142.5735019166019,15.06600006421406,5610.2075,36865.02250000001,6100.5,12467.0,1911.0,5463.97,974115.4,2091.07,3.6929502,2022
2019-09-24 03:00:00+00:00,14.712649,22.79031588,-0.1159345995955006,-0.9932568492674144,2650572.0,11.15,0.7071067811865476,0.7071067811865476,1.0,36650.0,7117.2,40240.0,148.58380539275538,17.895125150680535,6816.8775,44614.162500000006,16254.7,15189.0,1889.0,0.0,0.0,3870.45,5.168769,2019
2018-10-13 18:00:00+00:00,18.986462,15.1252596,0.209314645963048,-0.9778483415056568,2476781.0,25.540000000000003,-1.8369701987210292e-16,-1.0,0.0,46450.0,7117.2,41785.0,124.08890134310134,17.187249898910533,8034.4175,32267.935,22562.3,17479.0,1999.0,0.0,8384.744,3649.42,5.645967,2018
2019-12-26 22:00:00+00:00,8.025499,22.79031588,0.9962981749346076,-0.0859647987374467,2804309.0,11.85,0.8660254037844384,-0.5000000000000004,1.0,59200.0,7117.2,49890.0,765.6001929792429,8.88800009091695,8528.1725,39382.240000000005,21011.5,10962.0,7233.0,0.0,0.0,6813.72,5.446815,2019
2022-10-21 03:00:00+00:00,15.885662,80.46928043999999,0.3415707691678551,-0.9398560579418956,2315468.0,50.75,0.7071067811865476,0.7071067811865476,1.0,35650.0,5066.1,28380.0,184.9896178687657,16.594249645868917,6419.3325,39659.9175,10093.8,14810.0,2304.0,0.0,0.0,7441.63,7.5253687,2022
2019-02-11 23:00:00+00:00,4.681808,22.79031588,0.7498264012045687,0.6616346182422783,1446619.0,18.27,0.9659258262890684,-0.2588190451025207,1.0,69250.0,7117.2,55920.0,371.13760754985753,7.581166625022885,10173.9825,28851.1875,22769.2,16193.0,4995.0,0.0,0.0,1619.98,3.1133432,2019
2021-10-26 01:00:00+00:00,10.799404,46.29497964,0.4211008707960891,-0.9070138128026362,2291919.0,87.83,0.9659258262890684,0.2588190451025207,1.0,45050.0,6121.4,42795.0,146.69180759055757,12.19333322842916,6947.830000000001,33084.5375,16998.9,14082.0,1768.0,0.0,0.0,3139.36,3.5311182,2021
2018-03-28 22:00:00+00:00,7.781333,15.1252596,0.0730951298980775,0.9973249731081556,586044.0,18.5,0.8660254037844384,-0.5000000000000004,1.0,61100.0,6071.9,45785.0,459.3085697463031,8.322333176930746,9268.1575,31211.215,19640.6,16256.0,5640.0,0.0,0.0,3244.16,5.3537636,2018
2020-03-23 00:00:00+00:00,6.8295946,17.2389636,0.1415402952170432,0.989932495087353,1763973.0,8.2,1.0,0.0,1.0,47800.0,7117.2,42219.0,332.72004509564505,10.93704183896382,5815.5625,22716.570000000003,17028.2,9488.0,5204.0,0.0,0.0,7063.35,5.8088627,2020
2021-10-22 00:00:00+00:00,9.979004,46.29497964,0.3576982388331254,-0.9338372288229252,2356588.0,87.05,1.0,0.0,1.0,45000.0,6121.4,42160.0,152.3385578551079,13.618444495730929,5683.175,17822.097499999996,16566.3,14608.0,1953.0,0.0,0.0,2310.77,3.7443957,2021
2018-01-02 12:00:00+00:00,9.383986,15.1252596,0.9994074007397048,0.0344216116227457,1577489.0,19.15,-1.0,1.2246467991473532e-16,1.0,68250.0,7117.2,56880.0,597.1518004273504,6.703083276748656,10326.1275,52778.365000000005,18734.7,16126.0,6475.0,1618.11,567136.3,4711.13,7.6492634,2018
2020-03-27 05:00:00+00:00,3.4411488,17.2389636,0.0730951298980775,0.9973249731081556,1763973.0,7.43,0.2588190451025207,0.9659258262890684,1.0,51350.0,7117.2,41304.0,287.4862964997965,9.795708378156029,7500.217499999999,39696.75749999999,17585.6,10952.0,5873.0,0.0,0.0,3886.52,5.130184,2020
2018-07-09 22:00:00+00:00,19.735783,15.1252596,-0.99167731989929,-0.1287481774525806,2807415.0,22.63,0.8660254037844384,-0.5000000000000004,1.0,47100.0,6071.9,44140.0,223.1202924094424,18.853291988372817,8111.4025,42653.9225,22697.4,18817.0,4617.0,0.0,0.0,2428.93,4.3554535,2018
2022-06-27 19:00:00+00:00,18.445835,80.46928043999999,-0.9970011699250152,0.077386479233463,2482855.0,129.5,0.2588190451025203,-0.9659258262890684,1.0,43550.0,7117.2,29750.0,205.6743557794058,19.518167018890388,7127.992500000001,47196.8975,20041.15,23808.0,4477.0,299.94,354119.53,2602.37,3.2613308,2022
2021-08-09 15:00:00+00:00,22.155504,46.29497964,-0.7883050558305256,-0.6152845999633274,2658935.0,42.75,-0.7071067811865477,-0.7071067811865475,1.0,40650.0,7117.2,40008.0,419.738475986976,18.25949978828429,5399.817500000001,35231.125,17459.4,15351.0,4687.0,5928.05,2046265.4,3365.41,3.5951207,2021
2023-01-23 20:00:00+00:00,2.79318,89.55725625000001,0.9226395488404876,0.3856634062436071,1860943.0,65.0,0.5000000000000001,-0.8660254037844386,1.0,74650.0,7117.2,42930.0,353.4193995705583,3.63683340450128,9507.89,54326.0275,24112.6,21432.0,5498.0,0.0,0.0,7519.73,5.850627,2023
2023-01-23 00:00:00+00:00,1.644306,89.55725625000001,0.9226395488404876,0.3856634062436071,1860943.0,65.0,1.0,0.0,1.0,67400.0,7117.2,42930.0,353.4193995705583,3.8149166603883113,8112.3675,43187.872500000005,10362.075,12099.0,4607.0,0.0,0.0,3456.22,4.384304,2023
2021-06-09 19:00:00+00:00,19.881311,46.29497964,-0.9259247771938498,0.3777079652039649,1803076.0,27.9,0.2588190451025203,-0.9659258262890684,1.0,44950.0,5068.5,40695.0,411.7468413105413,19.77611064910889,8913.5625,54392.9425,22718.3,20205.0,6586.0,1077.22,341000.6,1481.17,2.8584957,2021
2023-09-27 18:00:00+00:00,19.813454,89.55725625000001,-0.0645084494493171,-0.9979171608653922,2776356.0,40.0,-1.8369701987210292e-16,-1.0,1.0,48000.0,5983.0,39656.0,184.11790325415325,19.246444861094165,7382.939999999999,46271.2725,26721.975,21445.0,3092.0,0.0,64832.438,6551.17,3.9643753,2023
2022-07-16 05:00:00+00:00,17.39407,80.46928043999999,-0.9690098257244062,-0.2470221804809357,2462110.0,155.66666666666666,0.2588190451025207,0.9659258262890684,0.0,36050.0,7117.2,24300.0,139.1708654253154,22.54016685485841,6541.339999999999,21191.5275,21018.35,17516.0,2486.0,520.2,75508.36,2133.23,3.414106,2022
2020-02-08 21:00:00+00:00,7.5552382,17.2389636,0.7829801036770629,0.6220467484408675,2214084.0,9.093333333333334,0.7071067811865474,-0.7071067811865477,0.0,60450.0,7117.2,52565.0,521.8966340252341,8.349249998728434,7650.865,33205.31,25744.7,16726.0,5377.0,0.0,0.0,4849.9,6.211329,2020
2018-04-25 17:00:00+00:00,15.199742,15.1252596,-0.3975428142825558,0.9175836260593938,811033.0,19.88,-0.2588190451025206,-0.9659258262890684,1.0,48150.0,5066.1,45380.0,338.33909355808805,12.92608316739397,8424.092499999999,53181.5625,19620.3,14094.0,6978.0,1128.98,958348.5,5700.04,5.8058205,2018
2022-06-07 11:00:00+00:00,19.28595,80.46928043999999,-0.9123747579707272,0.4093559588156217,2345706.0,79.0,-0.9659258262890682,0.258819045102521,1.0,52250.0,6113.8,29125.0,209.5169253154253,19.244666735331226,7914.305,27286.202500000007,16361.65,19779.0,3859.0,8402.62,2267054.5,4876.81,4.371725,2022
2018-10-26 05:00:00+00:00,10.525368,15.1252596,0.4211008707960891,-0.9070138128026362,2474033.0,23.88,0.2588190451025207,0.9659258262890684,1.0,55250.0,7117.2,44910.0,118.92259165649168,13.642277558644617,10174.767500000002,52243.9375,27305.2,22375.0,2099.0,0.0,0.0,1272.62,2.3674955,2018
2022-01-25 13:00:00+00:00,6.190641,80.46928043999999,0.9088176373395028,0.4171936026123168,1817029.0,92.9,-0.9659258262890684,-0.2588190451025203,1.0,77000.0,7117.2,49251.0,266.21106546601555,4.452388826343749,11306.3575,62351.6575,23202.1,22820.0,5153.0,5080.44,1177814.0,233.79,0.22965808,2022
2022-01-25 05:00:00+00:00,1.9531009,80.46928043999999,0.9088176373395028,0.4171936026123168,1817029.0,92.9,0.2588190451025207,0.9659258262890684,1.0,74250.0,7117.2,48581.0,266.21106546601555,4.249222171182434,10990.1775,55079.23,24149.8,20091.0,4912.0,0.0,0.0,571.95,1.177716,2022
2019-07-11 12:00:00+00:00,23.041857,22.79031588,-0.9866579328916572,-0.1628070129385164,2673159.0,12.75,-1.0,1.2246467991473532e-16,1.0,54000.0,7117.2,43808.0,209.47688111518107,22.66050004959109,8069.2925,52543.215,29113.7,23350.0,3397.0,5662.18,2533684.2,1129.48,2.451758,2019
2019-02-14 06:00:00+00:00,3.1771584,22.79031588,0.7146733860429609,0.699458327051647,1446619.0,17.75,6.123233995736766e-17,1.0,1.0,76650.0,7117.2,54610.0,343.6004017908018,6.829111152225071,11232.7625,61648.035,25912.3,24264.0,6121.0,0.0,0.0,3094.81,3.5389059,2019
2021-06-09 08:00:00+00:00,18.597162,46.29497964,-0.9259247771938498,0.3777079652039649,1803076.0,27.9,-0.4999999999999998,0.8660254037844387,1.0,50150.0,5068.5,40825.0,411.7468413105413,16.86622238159181,7494.707499999999,42415.65000000001,20272.0,20535.0,5947.0,2907.94,1543895.1,908.37,1.2997421,2021
2022-10-16 04:00:00+00:00,14.548426,80.46928043999999,0.2595117970697994,-0.965739937654855,2320864.0,62.66666666666666,0.5000000000000001,0.8660254037844386,0.0,32100.0,5066.1,27830.0,161.55459915036653,15.742916584014884,4677.1275,24649.6675,11477.375,11985.0,1714.0,0.0,0.0,3164.64,3.890482,2022
2019-09-28 13:00:00+00:00,19.098248,22.79031588,-0.0473213883224323,-0.9988797155850336,2650572.0,9.01,-0.9659258262890684,-0.2588190451025203,0.0,41400.0,7117.2,38665.0,149.07255805860805,17.775416692097988,5308.125,12267.367500000008,19707.1,13568.0,1917.0,4426.56,1734312.9,5833.87,6.3317122,2019
2021-05-10 08:00:00+00:00,13.654439,46.29497964,-0.6186714032625031,0.7856498550787147,1231647.0,25.05,-0.4999999999999998,0.8660254037844387,1.0,50150.0,7117.2,37815.0,318.32096487586483,13.998111512925895,6130.062500000001,23672.7,19049.7,19303.0,6221.0,2108.66,1053222.1,6046.93,5.8321257,2021
2018-05-08 21:00:00+00:00,14.449976,15.1252596,-0.5912614448635781,0.8064799463209448,1101932.0,20.7,0.7071067811865474,-0.7071067811865477,0.0,46900.0,5066.1,42000.0,347.0228135101524,14.040583531061818,9327.7475,36506.57,21524.0,18015.0,6635.0,0.0,0.0,3183.18,3.9011078,2018
2021-09-25 23:00:00+00:00,16.986115,46.29497964,-0.0988201387328721,-0.9951053111006974,2361161.0,70.89333333333333,0.9659258262890684,-0.2588190451025207,0.0,38400.0,7117.2,38152.0,198.81733386243388,18.378722296820754,7118.5775,36335.06,16305.8,12549.0,2572.0,0.0,0.0,2186.24,3.0281062,2021
2020-01-27 01:00:00+00:00,7.0125327,17.2389636,0.893918596519257,0.4482293417404106,2194236.0,10.48,0.9659258262890684,0.2588190451025207,1.0,59650.0,7117.2,51975.0,253.13572344322336,6.964458326498668,5915.1875,23680.0875,14645.5,11888.0,3235.0,0.0,0.0,7968.33,6.9836287,2020
2019-12-22 12:00:00+00:00,10.098057,22.79031588,0.9880226656636976,-0.154308820664281,2652638.0,11.92,-1.0,1.2246467991473532e-16,0.0,58000.0,6071.9,46345.0,742.097928001628,9.021416465441389,7023.8325,38871.35,9055.7,12421.0,7029.0,2199.42,697354.9,12052.54,10.693142,2019
2023-05-14 16:00:00+00:00,15.766873,89.55725625000001,-0.6712599575675313,0.7412220108485958,1952971.0,32.233333333333334,-0.5000000000000004,-0.8660254037844385,0.0,37350.0,5110.1,36015.0,385.9499112313612,15.213500022888176,5975.455000000002,34115.435,-1398.2999999999993,12813.0,5336.0,5681.31,1577891.0,4665.62,4.705534,2023
2021-05-02 14:00:00+00:00,11.780057,46.29497964,-0.5049610547215204,0.8631421280499114,940614.0,23.966666666666665,-0.8660254037844386,-0.5000000000000001,0.0,41000.0,6761.4,37170.0,273.2048911884412,12.633777724372,5312.115,15990.049999999996,11561.0,9902.0,5046.0,6929.62,2516540.5,1205.0,3.122145,2021
2020-11-05 00:00:00+00:00,7.631038,17.2389636,0.5842981736283683,-0.8115390590073611,3088786.0,14.4,1.0,0.0,1.0,54050.0,6125.5,47742.0,240.5404167684168,10.41541651884715,8422.0625,34995.94,9998.4,14171.0,3746.0,0.0,0.0,3610.9,5.0212827,2020
2018-08-31 00:00:00+00:00,15.957966,15.1252596,-0.5049610547215202,-0.8631421280499115,2778684.0,25.9,1.0,0.0,1.0,39500.0,7117.2,39875.0,165.27513349613346,17.579900169372582,8062.6575,38971.125,19462.6,15898.0,2406.0,0.0,0.0,1280.9,2.1984532,2018
2023-02-04 16:00:00+00:00,9.641508,89.55725625000001,0.8239230057575543,0.5667017562911175,1741224.0,59.55,-0.5000000000000004,-0.8660254037844385,0.0,52550.0,7117.2,45790.0,203.1060879685532,6.7957221269607535,10015.51,54500.6375,12039.9,17235.0,3239.0,648.62,416028.78,2682.49,3.4949176,2023
2023-02-14 09:00:00+00:00,6.044738,89.55725625000001,0.7146733860429609,0.699458327051647,1489626.0,53.06,-0.7071067811865475,0.7071067811865476,1.0,72100.0,7117.2,44795.0,197.0057284466741,6.140722225109734,8857.515,52048.79,20774.275,21684.0,3600.0,5159.42,634857.75,2847.45,4.037192,2023
2018-09-15 16:00:00+00:00,21.196087,15.1252596,-0.2678143051621748,-0.9634705485641486,2678886.0,27.35,-0.5000000000000004,-0.8660254037844385,0.0,41850.0,7117.2,44825.0,146.4264953805454,17.257958451906855,8694.482500000002,48478.32000000001,23354.8,17688.0,2600.0,1813.69,1130825.8,709.15,0.5109904,2018
2019-08-08 13:00:00+00:00,25.14817,22.79031588,-0.798779372886365,-0.6016240632249223,2749841.0,10.05,-0.9659258262890684,-0.2588190451025203,1.0,46200.0,7117.2,41603.0,202.0598412698413,23.071291287740056,7954.875,21766.57499999999,23460.0,21149.0,3542.0,5494.4,2446626.5,945.68,3.0417156,2019
2022-08-01 04:00:00+00:00,18.213161,80.46928043999999,-0.8653072543632061,-0.5012418134457756,2274044.0,198.75,0.5000000000000001,0.8660254037844386,1.0,36550.0,7117.2,24776.0,136.26412903300402,21.288583755493164,7678.342500000001,42168.805,20222.425,16688.0,2174.0,0.0,9.080342,1202.43,2.5999506,2022
2022-11-30 01:00:00+00:00,6.74667,80.46928043999999,0.8609610158889941,-0.5086709438521049,2462887.0,139.0,0.9659258262890684,0.2588190451025207,1.0,55150.0,7117.2,35298.0,213.0855690957191,8.115416606267294,7693.16,45016.66499999999,17707.125,13805.0,2999.0,0.0,0.0,1768.83,2.1411567,2022
2023-05-31 07:00:00+00:00,15.682439,89.55725625000001,-0.8565509959010036,0.5160623910158528,2404082.0,26.0,-0.2588190451025208,0.9659258262890684,1.0,44700.0,5118.0,33765.0,283.51314396344395,16.87944449318779,4828.279999999999,28553.682500000003,16687.7,19906.0,5458.0,4725.27,965022.7,4908.16,4.9601197,2023
2020-07-24 06:00:00+00:00,17.90897,17.2389636,-0.9192859697186104,-0.3935902766564669,3088372.0,4.78,6.123233995736766e-17,1.0,1.0,47100.0,7117.2,36332.0,200.97030606430607,19.86499989827475,7855.487500000001,43309.61750000001,24670.3,22436.0,4283.0,1090.5,292036.88,1516.14,3.3232398,2020
2022-05-07 05:00:00+00:00,10.502294,80.46928043999999,-0.5772916165517272,0.8165380514459161,1418563.0,89.88333333333334,0.2588190451025207,0.9659258262890684,0.0,37700.0,6125.5,28720.0,229.8117253154253,14.116999838087288,7590.9175,38337.36750000001,14401.8,15294.0,4845.0,164.58,33395.46,2304.39,3.7620983,2022
2021-09-20 01:00:00+00:00,14.114205,46.29497964,-0.1839983516576798,-0.9829265519799822,2361161.0,73.2,0.9659258262890684,0.2588190451025207,1.0,34000.0,7117.2,40122.0,255.11155732600733,18.58949973848132,7260.35,36000.935000000005,15000.6,11945.0,3349.0,0.0,0.0,1840.09,4.2868457,2021
2019-02-11 08:00:00+00:00,5.355366,22.79031588,0.7498264012045687,0.6616346182422783,1446619.0,18.27,-0.4999999999999998,0.8660254037844387,1.0,74550.0,7117.2,55920.0,370.2755085063084,7.093999995125661,10836.2075,31198.32499999999,30552.6,25579.0,6087.0,674.61,122619.93,3935.99,7.5626965,2019
2018-02-07 04:00:00+00:00,1.1098497,15.1252596,0.7935716089521474,0.6084768701151261,1416974.0,18.35,0.5000000000000001,0.8660254037844386,1.0,69750.0,7117.2,56295.0,618.0039719265816,5.321416755517324,9465.56,60155.125,18954.9,16226.0,5662.0,0.0,0.0,3499.32,5.8517094,2018
2022-12-26 04:00:00+00:00,9.954868,80.46928043999999,0.9962981749346076,-0.0859647987374467,2284112.0,80.6,0.5000000000000001,0.8660254037844386,1.0,39650.0,7117.2,34775.0,399.5768105391388,8.365166584650671,3983.8875,12675.4425,14647.5,8806.0,4842.0,0.0,0.0,8907.52,5.554195,2022
2019-01-01 03:00:00+00:00,6.1822243,22.79031588,0.9998518392091162,0.0172133561558346,2186488.0,21.05,0.7071067811865476,0.7071067811865476,0.0,53550.0,6071.9,56010.0,227.5836082824583,7.012277788586086,6622.717500000001,10300.0075,16830.5,9483.0,3009.0,0.0,0.0,1663.74,2.2385867,2019
2018-10-30 11:00:00+00:00,8.787344,15.1252596,0.4825077417612184,-0.875891705144243,2418967.0,23.73,-0.9659258262890682,0.258819045102521,1.0,70400.0,6105.9,46880.0,166.054948026048,9.742722378836731,9853.2825,28328.2775,25930.5,22895.0,3017.0,3168.13,979278.5,7405.56,4.249162,2018
2020-12-11 10:00:00+00:00,7.936552,17.2389636,0.9469877530760752,-0.3212696616923651,2521048.0,15.93,-0.8660254037844387,0.4999999999999999,1.0,73950.0,7117.2,48935.0,290.0256063085064,6.186999983257717,9294.565,48542.63,17906.2,25716.0,5344.0,1306.74,293162.72,8230.93,5.3352327,2020
2020-07-24 05:00:00+00:00,17.287601,17.2389636,-0.9192859697186104,-0.3935902766564669,3088372.0,4.78,0.2588190451025207,0.9659258262890684,1.0,43400.0,7117.2,36332.0,200.97030606430607,19.96363334655761,7592.482499999999,43533.915,23817.9,20338.0,4114.0,220.24,39701.027,1602.46,3.4112766,2020
2023-01-26 20:00:00+00:00,3.6648433,89.55725625000001,0.901501684131884,0.4327755925504312,1860943.0,57.0,0.5000000000000001,-0.8660254037844386,1.0,72600.0,7117.2,44740.0,334.4440375906702,4.919444455040828,7507.615000000001,48927.465,23510.5,20946.0,5117.0,0.0,0.0,7028.29,6.8624816,2023
2020-11-03 11:00:00+00:00,12.127935,17.2389636,0.5560174366570438,-0.8311706263658084,3088786.0,13.7,-0.9659258262890682,0.258819045102521,1.0,58300.0,6125.5,48467.0,258.3361180504681,12.17425008614859,6734.735000000001,46251.025,19601.1,21211.0,4516.0,2684.87,894742.1,4345.94,4.863737,2020
2022-02-14 18:00:00+00:00,7.543926,80.46928043999999,0.7146733860429609,0.699458327051647,1697421.0,80.0,-1.8369701987210292e-16,-1.0,1.0,72250.0,7117.2,44666.0,253.3881357956858,7.6086665921741075,9562.1625,40465.967500000006,21416.7,24606.0,5971.0,0.0,17379.906,5887.65,6.212266,2022
2022-07-15 10:00:00+00:00,23.755732,80.46928043999999,-0.973118337233262,-0.2303056702306119,2462110.0,154.25,-0.8660254037844387,0.4999999999999999,1.0,50100.0,7117.2,25950.0,147.32695785510785,23.1623331705729,6438.735000000001,23850.455,21193.325,22411.0,2873.0,9491.98,2590868.0,1801.18,2.1328237,2022
2022-08-24 04:00:00+00:00,18.063066,80.46928043999999,-0.6050560696488494,-0.7961828637826154,2250959.0,293.0,0.5000000000000001,0.8660254037844386,1.0,39450.0,7117.2,25146.0,146.15470664335666,20.2068330446879,8488.632500000002,46221.52,20896.025,15413.0,2208.0,0.0,0.0,1193.96,1.5022885,2022
2020-03-04 13:00:00+00:00,9.624019,17.2389636,0.4520722039323043,0.8919813464595485,1864482.0,9.27,-0.9659258262890684,-0.2588190451025203,1.0,70700.0,7117.2,48779.0,680.8910766585266,7.925375064214071,9353.405,44461.875,17653.8,22240.0,6699.0,3249.25,1195685.6,5054.27,4.7263923,2020
2018-10-26 13:00:00+00:00,13.932637,15.1252596,0.4211008707960891,-0.9070138128026362,2474033.0,23.88,-0.9659258262890684,-0.2588190451025203,1.0,54200.0,7117.2,44920.0,118.92259165649168,13.3058332602183,9281.1675,40851.59,25832.1,22572.0,2078.0,3357.58,1214989.0,1880.3,3.791474,2018
2019-02-01 09:00:00+00:00,5.473259,22.79031588,0.8520775211013093,0.5234156073655503,1591274.0,19.23,-0.7071067811865475,0.7071067811865476,1.0,80650.0,7117.2,55545.0,393.5870325600325,5.7034443749321815,12603.410000000002,50447.755000000005,21125.8,28541.0,6547.0,1043.62,218302.27,2642.86,3.9241252,2019
2022-06-02 21:00:00+00:00,17.518005,80.46928043999999,-0.8738071036110806,0.4862727071086904,2156969.0,83.5,0.7071067811865474,-0.7071067811865477,1.0,46850.0,6113.8,29775.0,197.0432372608872,19.652222421434168,6802.354999999999,41604.4775,22787.325,13728.0,4619.0,0.0,439.5542,3943.63,3.9041393,2022
2018-03-01 17:00:00+00:00,4.8152523,15.1252596,0.5123714121284237,0.8587639582758029,812004.0,76.0,-0.2588190451025206,-0.9659258262890684,1.0,81850.0,7117.2,53075.0,409.0690141116085,5.262833297252656,10613.8325,53194.98499999999,19011.6,27809.0,6840.0,55.8,206486.02,8229.56,8.711312,2018
2018-03-01 10:00:00+00:00,2.5995717,15.1252596,0.5123714121284237,0.8587639582758029,812004.0,76.0,-0.8660254037844387,0.4999999999999999,1.0,90400.0,7117.2,53075.0,409.0690141116085,4.272250036398567,10121.9425,40395.85750000001,22898.0,28030.0,7015.0,2305.46,642413.3,7577.43,8.09967,2018
2019-04-24 07:00:00+00:00,11.848273,22.79031588,-0.3816892202666589,0.9242907221930932,1004280.0,14.18,-0.2588190451025208,0.9659258262890684,1.0,53550.0,7046.5,47675.0,211.1397997354497,13.842166662216192,8536.565,30555.86,20321.6,20451.0,5156.0,1296.64,507127.03,6661.52,6.097852,2019
2023-03-06 05:00:00+00:00,3.107063,89.55725625000001,0.436651231956064,0.8996308696522433,1351720.0,43.5,0.2588190451025207,0.9659258262890684,1.0,63300.0,7117.2,36325.0,182.3749220566873,7.451666474342361,9460.1975,51461.037500000006,18791.0,17831.0,2848.0,0.0,0.0,1842.83,3.0965908,2023
2019-07-01 16:00:00+00:00,23.313534,22.79031588,-0.9999629591162656,0.0086069968886886,2572658.0,10.2,-0.5000000000000004,-0.8660254037844385,1.0,53450.0,6125.5,43750.0,292.2262064713065,23.29649972915648,8646.2225,28313.235,25854.9,27558.0,5247.0,3490.98,1849643.0,2306.52,3.3400884,2019
2023-11-30 19:00:00+00:00,7.127683,89.55725625000001,0.8609610158889941,-0.5086709438521049,2883329.0,40.85,0.2588190451025203,-0.9659258262890684,1.0,68350.0,6125.5,44080.0,511.7346074795575,9.214555634392635,10461.0275,58517.695,23183.3,22675.0,6497.0,0.0,0.0,3126.22,0.637265,2023
2018-05-08 09:00:00+00:00,17.017172,15.1252596,-0.5912614448635781,0.8064799463209448,1101932.0,20.7,-0.7071067811865475,0.7071067811865476,0.0,43650.0,5066.1,42000.0,347.0228135101524,13.186666965484612,8868.43,35635.6875,25712.1,20811.0,6450.0,3212.73,1816150.6,731.98,1.897576,2018
2022-12-22 07:00:00+00:00,10.351712,80.46928043999999,0.9880226656636976,-0.154308820664281,2142607.0,89.5,-0.2588190451025208,0.9659258262890684,1.0,56300.0,7117.2,41300.0,240.6120356640944,8.051166613896685,9274.54,44451.555,20059.425,23643.0,4324.0,0.0,38.881367,14301.8,7.9194813,2022
2021-05-06 02:00:00+00:00,8.155654,46.29497964,-0.5631507242749186,0.8263541987239096,1047965.0,24.98,0.8660254037844387,0.4999999999999999,1.0,44450.0,7117.2,38710.0,253.30065927960925,11.364555623796264,7427.6825,23947.2375,17989.7,13880.0,4000.0,0.0,0.0,2956.37,4.6902504,2021
2020-11-09 04:00:00+00:00,10.91654,17.2389636,0.6387494220515268,-0.7694148268839381,3035130.0,14.05,0.5000000000000001,0.8660254037844386,1.0,42350.0,6125.5,49248.0,222.2078387871388,11.009583393732717,7916.4725,46122.7425,16488.6,12454.0,3590.0,0.0,0.0,2862.2,4.272768,2020
2018-10-12 13:00:00+00:00,21.670088,15.1252596,0.1924515819708299,-0.9813064702716092,2476781.0,25.35,-0.9659258262890684,-0.2588190451025203,1.0,49850.0,7117.2,42940.0,125.77950207570206,16.241416931152358,7623.5925,41566.74249999999,15775.7,24096.0,1702.0,3216.76,1647808.9,5481.83,7.1695004,2018
2023-11-27 11:00:00+00:00,8.232016,89.55725625000001,0.83355577183857,-0.5524353131676195,2883329.0,44.25,-0.9659258262890682,0.258819045102521,1.0,68850.0,6125.5,43285.0,450.4519276334776,8.967333422766789,7935.925,50075.45250000001,12357.8,21467.0,5905.0,3807.01,522187.06,12166.68,5.282331,2023
2023-01-12 09:00:00+00:00,8.549093,89.55725625000001,0.9787400799669153,0.2051044998686192,2347129.0,64.5,-0.7071067811865475,0.7071067811865476,1.0,62800.0,7117.2,43665.0,416.4396129985152,7.038583238919578,6545.83,25338.28750000001,21863.175,23694.0,5766.0,1747.08,191400.16,15884.61,8.69731,2023
2022-04-30 13:00:00+00:00,14.948162,80.46928043999999,-0.4749510720670499,0.8800122039735357,1380258.0,96.4625,-0.9659258262890684,-0.2588190451025203,0.0,41050.0,6125.5,28203.0,236.6735067358568,15.405277993943969,5617.465,31609.855,7020.200000000001,11313.0,4045.0,8825.71,2369061.0,2645.27,2.934188,2022
2022-09-16 06:00:00+00:00,14.877849,80.46928043999999,-0.2511900638848195,-0.9679377830240642,2252727.0,161.5,6.123233995736766e-17,1.0,1.0,46800.0,7117.2,27926.0,172.6440018000518,18.97883351643884,7666.33,33786.582500000004,22480.75,22079.0,2495.0,144.3,30776.648,2108.5,4.4194813,2022
2022-08-25 16:00:00+00:00,25.038769,80.46928043999999,-0.5912614448635782,-0.8064799463209447,2250959.0,308.7,-0.5000000000000004,-0.8660254037844385,1.0,50050.0,7117.2,24046.0,137.649736959337,23.67925008138021,8305.7025,45983.85249999999,15141.825,18927.0,2348.0,3615.38,1318836.9,3127.41,3.4963727,2022
2022-07-05 02:00:00+00:00,15.984968,80.46928043999999,-0.9981855344718586,-0.0602132773657927,2469618.0,178.05,0.8660254037844387,0.4999999999999999,1.0,36500.0,7117.2,28490.0,194.5713800976801,20.7849998474121,7404.975,37075.95,15204.05,18158.0,3134.0,0.0,0.0,2390.52,3.746836,2022
2020-08-30 20:00:00+00:00,15.404554,17.2389636,-0.5049610547215202,-0.8631421280499115,2955316.0,9.943333333333332,0.5000000000000001,-0.8660254037844386,0.0,39500.0,7117.2,33750.0,180.22855498575493,17.774099858601907,6597.115000000002,35305.267499999994,17714.3,15035.0,3694.0,0.0,21.77094,4540.08,3.8314505,2020
2020-02-22 23:00:00+00:00,8.34888,17.2389636,0.6118864012687244,0.7909456567567772,2116585.0,9.406666666666666,0.9659258262890684,-0.2588190451025207,0.0,58000.0,7117.2,48154.0,356.2262763736264,8.814666708310444,5947.565,7439.140000000007,21982.9,12945.0,4871.0,0.0,0.0,6332.34,5.8390765,2020
2021-07-16 07:00:00+00:00,16.834862,46.29497964,-0.9690098257244062,-0.2470221804809357,2463983.0,35.28,-0.2588190451025208,0.9659258262890684,1.0,48450.0,7117.2,40140.0,864.5962746438746,16.674208362897218,7347.4,46263.8,19411.3,23132.0,5609.0,1323.0,659807.4,3638.19,3.9225,2021
2020-03-03 06:00:00+00:00,4.5853024,17.2389636,0.4673592171580022,0.8840675099433636,1864482.0,9.55,6.123233995736766e-17,1.0,1.0,70350.0,7117.2,48229.0,617.4136992877493,8.006999949614208,9360.5775,51039.545,15925.7,22519.0,6837.0,0.0,3.4352136,4739.44,6.388913,2020
2023-08-24 21:00:00+00:00,22.043173,89.55725625000001,-0.6050560696488494,-0.7961828637826154,2829706.0,31.7,0.7071067811865474,-0.7071067811865477,1.0,48000.0,6887.5,35387.0,171.59683058793058,25.15761089324951,8114.23,33518.705,24455.65,19574.0,3002.0,0.0,0.0,3313.3,2.220002,2023
2020-05-06 02:00:00+00:00,10.731447,17.2389636,-0.5772916165517272,0.8165380514459161,1977501.0,5.53,0.8660254037844387,0.4999999999999999,1.0,35600.0,5110.1,37600.0,333.1041233618234,14.755916674931832,6183.1175,36670.28,16903.9,11883.0,6209.0,0.0,0.0,2634.9,3.0870423,2020
2020-09-03 19:00:00+00:00,19.74231,17.2389636,-0.4443781781046134,-0.8958392907349089,2975651.0,11.35,0.2588190451025203,-0.9659258262890684,1.0,46200.0,7117.2,33920.0,228.89315848595848,18.49603354136148,7723.065,34305.6975,26898.2,19898.0,3647.0,0.0,31674.662,2290.89,2.5782673,2020
2022-06-07 00:00:00+00:00,15.658738,80.46928043999999,-0.9123747579707272,0.4093559588156217,2345706.0,79.0,1.0,0.0,1.0,36500.0,6113.8,29162.0,209.5169253154253,19.46538872188989,6459.875,27343.2825,18599.375,14692.0,3641.0,0.0,0.0,2241.07,4.0876994,2022
2019-10-25 02:00:00+00:00,12.363939,22.79031588,0.4054257283599965,-0.914127988185334,2771196.0,11.35,0.8660254037844387,0.4999999999999999,1.0,40400.0,6111.4,41600.0,355.6197276149776,13.410416642824812,6225.8775000000005,24651.045,16975.2,14087.0,4686.0,0.0,0.0,3595.26,4.6163545,2019
2018-11-20 15:00:00+00:00,5.9330583,15.1252596,0.7611042586607742,-0.6486295610349818,2331922.0,24.63,-0.7071067811865477,-0.7071067811865475,1.0,73100.0,5110.1,45855.0,139.76403331298332,8.148666699727379,10153.45,42059.4475,24136.3,28140.0,3442.0,686.58,406184.75,1263.66,2.6433125,2018
2019-04-20 04:00:00+00:00,10.042908,22.79031588,-0.3171912885891059,0.9483615800121716,921232.0,14.805,0.5000000000000001,0.8660254037844386,0.0,38750.0,7075.5,44656.0,204.61303795278795,13.570000251134225,7560.2825,31852.245000000003,11427.8,12998.0,3792.0,0.0,0.0,2831.42,4.5958033,2019
2022-10-18 08:00:00+00:00,16.093586,80.46928043999999,0.2926003356333479,-0.9562348265919058,2315468.0,72.5,-0.4999999999999998,0.8660254037844387,1.0,48750.0,5066.1,29189.0,157.90778255689554,16.102416992187493,9411.675,51245.857500000006,11979.85,20407.0,2147.0,2143.72,406279.56,2016.62,3.8754845,2022
2019-04-20 17:00:00+00:00,17.781248,22.79031588,-0.3171912885891059,0.9483615800121716,921232.0,14.805,-0.2588190451025206,-0.9659258262890684,0.0,42400.0,7075.5,45225.0,204.61303795278795,14.834889094034835,8200.050000000001,41095.86749999999,14112.2,15357.0,4429.0,1355.27,1024260.6,3085.54,5.413074,2019
2020-09-23 22:00:00+00:00,16.07019,17.2389636,-0.1159345995955006,-0.9932568492674144,2821249.0,11.6,0.8660254037844384,-0.5000000000000004,1.0,42400.0,7117.2,36680.0,165.45013125763126,18.07543328603109,5756.9375,24837.2925,20667.5,16120.0,2531.0,0.0,0.0,7087.9,6.051478,2020
2018-06-22 05:00:00+00:00,14.092773,15.1252596,-0.986657932891657,0.1628070129385171,2562038.0,21.8,0.2588190451025207,0.9659258262890684,1.0,45100.0,5068.5,44565.0,318.8915045991046,15.581083456675188,8718.25,40160.2625,23403.1,22249.0,6587.0,321.99,119761.51,2394.67,3.9301293,2018
2020-11-21 06:00:00+00:00,4.90194,17.2389636,0.7829801036770624,-0.622046748440868,3012185.0,12.906666666666666,6.123233995736766e-17,1.0,0.0,55200.0,7117.2,50690.0,181.4430767195768,8.448583364486693,6195.8975,23678.08,18315.7,16441.0,2835.0,0.0,0.0,2942.33,0.5172267,2020
2018-05-19 22:00:00+00:00,12.757866,15.1252596,-0.7324940716135786,0.6807734094770165,1327826.0,22.13,0.8660254037844384,-0.5000000000000004,0.0,44650.0,5068.5,43180.0,389.7159517094018,13.024333556493133,7945.472500000001,36349.8775,19631.4,12738.0,7381.0,0.0,0.0,2296.38,3.604809,2018
2022-07-16 19:00:00+00:00,24.693897,80.46928043999999,-0.9690098257244062,-0.2470221804809357,2462110.0,155.66666666666666,0.2588190451025203,-0.9659258262890684,0.0,42200.0,7117.2,25035.0,139.1708654253154,24.55349985758466,7321.105,34657.427500000005,23983.9,19930.0,2649.0,203.95,388280.6,3438.62,3.8005023,2022
2020-11-21 05:00:00+00:00,4.979236,17.2389636,0.7829801036770624,-0.622046748440868,3012185.0,12.906666666666666,0.2588190451025207,0.9659258262890684,0.0,53150.0,7117.2,50690.0,181.4430767195768,8.540250062942505,5910.5525,22015.485,16717.7,15062.0,2702.0,0.0,0.0,2937.79,0.4895129,2020
2022-11-30 04:00:00+00:00,6.4517107,80.46928043999999,0.8609610158889941,-0.5086709438521049,2462887.0,139.0,0.5000000000000001,0.8660254037844386,1.0,53200.0,7117.2,36208.0,213.0855690957191,8.074000040690104,8232.175000000001,49839.5025,18871.275,15050.0,3255.0,0.0,0.0,1776.48,2.3521967,2022
2021-02-28 16:00:00+00:00,10.615973,46.29497964,0.5270777086423722,0.8498170915275278,1515570.0,16.166666666666668,-0.5000000000000004,-0.8660254037844385,0.0,47550.0,7117.2,40215.0,323.39998667073667,9.671750068664556,7954.245,46646.2925,12243.2,13864.0,4960.0,1310.9,930196.2,5794.77,5.6799207,2021
2021-09-16 00:00:00+00:00,16.998207,46.29497964,-0.2511900638848195,-0.9679377830240642,2394175.0,60.85,1.0,0.0,1.0,39150.0,7117.2,43131.0,230.63263506308508,20.226444668240045,7784.58,32201.03,20843.4,16131.0,2753.0,0.0,0.0,1086.05,1.9139329,2021
2023-01-26 18:00:00+00:00,4.0230327,89.55725625000001,0.901501684131884,0.4327755925504312,1860943.0,57.0,-1.8369701987210292e-16,-1.0,1.0,79900.0,7117.2,44740.0,334.4440375906702,4.930055568615598,8619.1125,56356.595,24671.75,24445.0,6247.0,0.0,878.627,7019.3,6.826823,2023
2023-05-05 09:00:00+00:00,15.964707,89.55725625000001,-0.548842958284719,0.8359254794186372,1737740.0,36.5,-0.7071067811865475,0.7071067811865476,1.0,47500.0,5110.1,36973.0,303.5769830928331,16.387333446078824,5918.640000000001,20369.930000000008,7688.5,16133.0,4898.0,8081.55,1674166.9,2475.35,3.4268277,2023
2022-12-26 05:00:00+00:00,9.802495,80.46928043999999,0.9962981749346076,-0.0859647987374467,2284112.0,80.6,0.2588190451025207,0.9659258262890684,1.0,42350.0,7117.2,34775.0,399.5768105391388,8.287416696548458,4350.84,10563.327500000005,16381.95,9358.0,4786.0,0.0,0.0,9094.29,5.4094963,2022
2019-09-18 14:00:00+00:00,20.39548,22.79031588,-0.2177232303965322,-0.9760105506323682,2689334.0,9.55,-0.8660254037844386,-0.5000000000000001,1.0,50650.0,7117.2,39545.0,145.3056086284086,19.80116669336955,8797.182499999999,28778.725,26688.1,24586.0,2260.0,4408.85,1952169.5,5025.1,4.099175,2019
2018-12-17 06:00:00+00:00,5.844608,15.1252596,0.9711000518829505,-0.2386727660059499,2085932.0,24.55,6.123233995736766e-17,1.0,1.0,72300.0,6121.4,55655.0,243.3956222832724,7.116722265879312,10334.15,62735.86000000001,25393.5,23802.0,4494.0,0.0,0.0,4581.09,5.7922683,2018
2022-03-08 19:00:00+00:00,7.3255043,80.46928043999999,0.4054257283599973,0.9141279881853336,1420843.0,210.0,0.2588190451025203,-0.9659258262890684,1.0,68050.0,7117.2,43170.0,234.6854668498168,8.025389141506617,8811.010000000002,49396.09,31518.5,23628.0,5552.0,0.0,729.775,4178.06,3.4661593,2022
2018-05-26 04:00:00+00:00,14.638327,15.1252596,-0.8090169943749473,0.5877852522924732,1497111.0,22.0,0.5000000000000001,0.8660254037844386,0.0,34850.0,5068.5,39320.0,353.14762000406995,13.510583519935608,7195.032499999999,42035.235,19846.1,13985.0,6845.0,0.52,2362.9895,3084.95,3.933903,2018
2020-06-20 08:00:00+00:00,17.369074,17.2389636,-0.9837092937736096,0.1797665857255624,2837466.0,5.373333333333333,-0.4999999999999998,0.8660254037844387,0.0,40850.0,5102.5,32775.0,340.5260545787545,15.650866699218762,6265.689999999999,25437.737500000003,17848.7,12434.0,5627.0,4376.97,1442310.9,931.25,1.9313232,2020
2018-02-14 03:00:00+00:00,2.131328,15.1252596,0.7146733860429609,0.699458327051647,1194343.0,18.23,0.7071067811865476,0.7071067811865476,1.0,68700.0,7117.2,56895.0,451.88809377515486,4.800666630268096,8709.1675,52410.4575,13987.3,15039.0,5107.0,0.0,0.0,1880.72,2.9849308,2018
2022-02-08 18:00:00+00:00,8.641312,80.46928043999999,0.7829801036770629,0.6220467484408675,1729375.0,75.7,-1.8369701987210292e-16,-1.0,1.0,72550.0,7117.2,46051.0,311.2079174399675,7.221388869815403,9203.995,40860.7825,29359.0,25267.0,5699.0,0.0,9475.938,1829.87,2.5207956,2022
2020-09-23 16:00:00+00:00,19.563766,17.2389636,-0.1159345995955006,-0.9932568492674144,2821249.0,11.6,-0.5000000000000004,-0.8660254037844385,1.0,47600.0,7117.2,36680.0,165.87788597883596,18.709666506449395,8329.3425,50484.385,21136.8,22992.0,3585.0,1522.18,742305.8,5390.66,5.771891,2020
2020-12-11 11:00:00+00:00,8.384595,17.2389636,0.9469877530760752,-0.3212696616923651,2521048.0,15.93,-0.9659258262890682,0.258819045102521,1.0,74000.0,7117.2,48935.0,290.0256063085064,6.291777822706435,9176.579999999998,48046.5275,17207.1,24611.0,5168.0,1654.0,415833.56,8373.67,5.4778433,2020
2023-05-31 13:00:00+00:00,20.437365,89.55725625000001,-0.8565509959010036,0.5160623910158528,2404082.0,26.0,-0.9659258262890684,-0.2588190451025203,1.0,45450.0,5118.0,33765.0,283.51314396344395,18.006611506144193,1386.0325000000005,12803.51999999999,10943.3,17279.0,4384.0,10307.19,2853791.0,6213.37,5.0410285,2023
2021-07-02 01:00:00+00:00,15.443475,46.29497964,-0.9999629591162656,-0.0086069968886884,2310252.0,36.2,0.9659258262890684,0.2588190451025207,1.0,37300.0,7117.2,39720.0,454.9989199226698,17.95491671562194,7615.827499999999,39261.5175,21646.2,16429.0,5745.0,0.0,0.0,930.83,1.5017402,2021
2020-01-26 22:00:00+00:00,7.162223,17.2389636,0.901501684131884,0.4327755925504312,2426891.0,10.486666666666666,0.8660254037844384,-0.5000000000000004,0.0,66100.0,7117.2,51975.0,250.66716943426945,6.952666680018107,7418.555,32623.645000000004,20243.0,13997.0,3719.0,0.0,0.0,6737.07,6.4350047,2020
2020-02-05 07:00:00+00:00,4.793774,17.2389636,0.8140460935082179,0.5808002734538008,2214084.0,9.55,-0.2588190451025208,0.9659258262890684,1.0,72100.0,7117.2,54790.0,666.8845368131869,8.570624868075047,11598.14,55337.2725,25183.4,25512.0,7127.0,21.93,1399.0509,1995.6,4.7219253,2020
2020-07-08 13:00:00+00:00,22.471336,17.2389636,-0.99167731989929,-0.1287481774525806,3064947.0,5.5,-0.9659258262890684,-0.2588190451025203,1.0,50950.0,7117.2,33725.0,218.1604123321124,20.01483332316084,9406.01,40436.065,21900.1,20142.0,4574.0,6512.37,2508164.2,2618.63,1.9581305,2020
2020-02-05 03:00:00+00:00,5.4021125,17.2389636,0.8140460935082179,0.5808002734538008,2214084.0,9.55,0.7071067811865476,0.7071067811865476,1.0,55900.0,7117.2,54790.0,666.8845368131869,8.764500141143799,8674.615,29258.66,14676.4,14758.0,5433.0,0.0,0.0,2803.61,5.84902,2020
2020-03-04 14:00:00+00:00,9.821528,17.2389636,0.4520722039323043,0.8919813464595485,1864482.0,9.27,-0.8660254037844386,-0.5000000000000001,1.0,67700.0,7117.2,48779.0,680.8910766585266,7.999249974886576,9799.4475,47321.635,16985.0,23681.0,6746.0,2668.04,1053660.1,5366.87,4.8512797,2020
2020-05-24 02:00:00+00:00,11.157572,17.2389636,-0.7987793728863647,0.6016240632249229,2355412.0,4.015000000000001,0.8660254037844387,0.4999999999999999,0.0,31300.0,4106.7,30317.0,236.902925091575,16.563958406448357,4901.0175,11075.105,8562.8,10495.0,4492.0,0.0,0.0,3142.71,3.9292316,2020
2021-01-23 14:00:00+00:00,6.5404124,46.29497964,0.9226395488404876,0.3856634062436071,1924342.0,21.183333333333334,-0.8660254037844386,-0.5000000000000001,0.0,63450.0,7117.2,51355.0,626.8660857549855,5.66908327738444,10313.855,49888.25,10222.4,16907.0,6277.0,1664.06,695283.3,5977.75,5.2469516,2021
2020-04-14 08:00:00+00:00,9.238656,17.2389636,-0.2344913895704096,0.9721181966290612,1551504.0,7.18,-0.4999999999999998,0.8660254037844387,1.0,47900.0,6993.4,41755.0,189.36414566544565,13.10712504386903,6499.6025,29741.9525,20366.1,13017.0,4583.0,3930.02,1191478.1,5434.04,5.5137634,2020
2021-03-03 14:00:00+00:00,12.411643,46.29497964,0.4825077417612184,0.8758917051442429,1386764.0,16.05,-0.8660254037844386,-0.5000000000000001,1.0,57300.0,7117.2,42175.0,315.3122639397639,9.02233330408732,9297.8375,44051.445,22004.6,19874.0,5543.0,4147.12,1742991.5,1037.93,1.5259817,2021
2023-05-05 00:00:00+00:00,13.177599,89.55725625000001,-0.548842958284719,0.8359254794186372,1737740.0,36.5,1.0,0.0,1.0,37500.0,5110.1,37305.0,303.5769830928331,16.506222301059317,5386.1875,23567.165,15609.325,13495.0,4778.0,0.0,0.0,3723.97,3.6956985,2023
2022-03-10 16:00:00+00:00,12.092281,80.46928043999999,0.373719714790469,0.9275416835791966,1420843.0,134.03,-0.5000000000000004,-0.8660254037844385,1.0,56650.0,7117.2,39950.0,225.6840972120472,8.879444652133527,9277.23,40536.6725,15080.3,23468.0,4026.0,1542.94,901646.4,4185.9,4.812451,2022
2022-10-30 20:00:00+00:00,14.636636,80.46928043999999,0.4825077417612184,-0.875891705144243,2419163.0,30.24,0.5000000000000001,-0.8660254037844386,0.0,38300.0,5066.1,29015.0,164.02195902052856,14.927750349044818,7394.904999999999,43170.595,21201.75,13848.0,2378.0,0.0,0.0,2073.27,3.2197025,2022
2018-04-08 21:00:00+00:00,11.1855545,15.1252596,-0.1159345995955004,0.9932568492674144,597380.0,18.94333333333333,0.7071067811865474,-0.7071067811865477,0.0,51400.0,6071.9,43130.0,467.85581146158376,9.747000137964893,8745.817500000001,43140.2825,21163.4,12827.0,7022.0,0.0,0.0,1635.75,1.980613,2018
2022-04-12 16:00:00+00:00,15.219761,80.46928043999999,-0.18399835165768,0.9829265519799822,1229508.0,104.65,-0.5000000000000004,-0.8660254037844385,1.0,49550.0,7055.5,33568.0,342.9322309320309,11.90672228071424,9090.4125,41912.27,19022.4,20138.0,5739.0,2154.73,1218702.2,3167.19,4.0608263,2022
2022-12-25 16:00:00+00:00,12.077639,80.46928043999999,0.9946708199115212,-0.1031016974474354,2142607.0,81.4,-0.5000000000000004,-0.8660254037844385,0.0,41550.0,7117.2,37935.0,485.1797122864253,8.736666401227307,8080.702499999999,35218.825,11413.1,12738.0,5196.0,46.26,146190.17,6934.79,6.079459,2022
2019-04-20 14:00:00+00:00,18.862438,22.79031588,-0.3171912885891059,0.9483615800121716,921232.0,14.805,-0.8660254037844386,-0.5000000000000001,0.0,42100.0,7075.5,45225.0,204.61303795278795,14.62555546230739,6490.930000000001,23203.557500000003,12533.5,10798.0,3723.0,5278.58,2519303.0,2855.98,5.5060782,2019
2022-05-11 03:00:00+00:00,12.982158,80.46928043999999,-0.6321034111873487,0.7748840413670407,1511294.0,84.0,0.7071067811865476,0.7071067811865476,1.0,37500.0,6125.5,29540.0,206.13527462352465,17.013666258917915,6241.7875,36645.975000000006,16776.4,14511.0,4440.0,0.0,0.0,2464.95,4.2119656,2022
2020-06-20 12:00:00+00:00,19.96327,17.2389636,-0.9837092937736096,0.1797665857255624,2837466.0,5.373333333333333,-1.0,1.2246467991473532e-16,0.0,42050.0,6105.9,32775.0,340.5260545787545,16.781366793314625,5710.384999999998,17690.434999999998,16236.2,9677.0,5482.0,6610.1,2604847.0,1126.26,2.29463,2020
2021-06-26 14:00:00+00:00,21.73403,46.29497964,-0.9955213724144752,0.0945367498171995,2183321.0,32.13333333333333,-0.8660254037844386,-0.5000000000000001,0.0,40350.0,7117.2,41155.0,400.0068490028491,19.508916616439816,7231.6775,29982.225,10044.1,14372.0,6090.0,6233.8,2264254.8,551.64,0.81233734,2021
2022-06-22 07:00:00+00:00,18.45095,80.46928043999999,-0.986657932891657,0.1628070129385171,2434351.0,128.55,-0.2588190451025208,0.9659258262890684,1.0,50450.0,7117.2,30890.0,184.03035138380136,21.28533347447713,7442.18,44775.5725,21670.8,26000.0,4292.0,2907.57,719981.3,2051.72,1.7700658,2022
2023-01-11 17:00:00+00:00,9.350128,89.55725625000001,0.9821256058680006,0.1882267098432442,2347129.0,62.7,-0.2588190451025206,-0.9659258262890684,1.0,64500.0,7117.2,44580.0,418.13047293173815,7.791333278020222,7225.395,41990.355,24862.8,23568.0,6199.0,0.0,30680.44,12638.05,8.066166,2023
2019-11-03 07:00:00+00:00,11.681823,22.79031588,0.5416278206559811,-0.8406184056344783,2851394.0,12.516666666666667,-0.2588190451025208,0.9659258262890684,0.0,40500.0,5047.5,37170.0,330.6776047619048,13.27291655540467,7363.4325,31044.97,4297.0,12571.0,5222.0,12.06,13832.468,8280.46,6.48332,2019
2018-09-04 14:00:00+00:00,22.450592,15.1252596,-0.4443781781046134,-0.8958392907349089,2718547.0,26.95,-0.8660254037844386,-0.5000000000000001,1.0,50250.0,7117.2,45177.0,160.88971768416766,17.939249992370637,9316.1875,56328.355,27263.9,21191.0,2246.0,4005.51,1859724.9,1092.74,2.630094,2018
2019-02-09 12:00:00+00:00,10.251327,22.79031588,0.7721565844991642,0.6354323008901774,1474810.0,18.27,-1.0,1.2246467991473532e-16,0.0,64050.0,7117.2,54890.0,303.9842227106228,7.193416674931843,7655.73,10178.082499999997,22207.4,14908.0,3955.0,2965.03,1250765.8,9860.12,8.057641,2019
2022-01-02 15:00:00+00:00,12.1924,80.46928043999999,0.9994074007397048,0.0344216116227457,2029801.0,76.25,-0.7071067811865477,-0.7071067811865475,0.0,49550.0,6105.9,43288.0,616.7956655270656,7.545944319831,5612.629999999999,14855.0325,16166.7,12920.0,5434.0,744.23,472332.16,10368.83,7.9927807,2022
2023-07-15 16:00:00+00:00,22.808146,89.55725625000001,-0.973118337233262,-0.2303056702306119,3007664.0,25.433333333333334,-0.5000000000000004,-0.8660254037844385,0.0,42150.0,7117.2,32925.0,198.0631917526917,23.494833416408984,3059.795,20946.3125,6206.6500000000015,18874.0,2972.0,5246.6,1593445.8,11385.24,6.6796637,2023
2022-07-16 18:00:00+00:00,25.89316,80.46928043999999,-0.9690098257244062,-0.2470221804809357,2462110.0,155.66666666666666,-1.8369701987210292e-16,-1.0,0.0,43950.0,7117.2,25035.0,139.1708654253154,24.737166722615548,7240.5375,32891.34,22484.625,19949.0,2792.0,1347.55,923489.3,3197.71,3.4801068,2022
2022-08-14 05:00:00+00:00,18.82443,80.46928043999999,-0.7324940716135788,-0.6807734094770164,2280964.0,216.0,0.2588190451025207,0.9659258262890684,0.0,31200.0,7117.2,26011.0,115.44113513986017,21.948416233062737,6055.919999999999,27738.0625,17085.325,10262.0,1491.0,57.3,11737.359,3140.0,1.417845,2022
2020-01-27 23:00:00+00:00,7.8865366,17.2389636,0.893918596519257,0.4482293417404106,2194236.0,10.48,0.9659258262890684,-0.2588190451025207,1.0,64450.0,7117.2,52135.0,276.11772173382167,7.088208238283791,7348.955,29765.16,15027.2,16332.0,4010.0,0.0,0.0,10691.54,9.445827,2020
2023-05-09 11:00:00+00:00,15.94416,89.55725625000001,-0.6050560696488488,0.7961828637826158,1952971.0,35.8,-0.9659258262890682,0.258819045102521,1.0,51550.0,5110.1,36180.0,351.3847703944204,16.793666839599613,7408.227499999999,15574.955000000002,5712.2750000000015,17131.0,5087.0,7131.91,1478445.1,5049.41,4.141445,2023
2018-08-03 13:00:00+00:00,28.951786,15.1252596,-0.847540922892831,-0.5307300481619335,2817640.0,22.18,-0.9659258262890684,-0.2588190451025203,1.0,53000.0,7117.2,41371.0,173.31504554334555,21.599875330925,7724.665000000001,46662.3525,30872.3,24369.0,3730.0,4614.54,2864952.5,914.92,2.4705172,2018
2021-05-10 15:00:00+00:00,15.064344,46.29497964,-0.6186714032625031,0.7856498550787147,1231647.0,25.05,-0.7071067811865477,-0.7071067811865475,1.0,46500.0,7117.2,37815.0,318.32096487586483,15.70711104075114,6216.795000000001,42172.615,14115.1,18043.0,6259.0,4780.24,1666627.2,3881.52,4.7853,2021
2018-11-10 17:00:00+00:00,12.526499,15.1252596,0.6387494220515268,-0.7694148268839381,2457273.0,24.386666666666667,-0.2588190451025206,-0.9659258262890684,0.0,55250.0,5110.1,45755.0,186.4796445258445,11.088666598002112,9081.2325,39355.56,17860.2,19743.0,3339.0,0.0,23821.785,6696.52,7.3510094,2018
2022-08-14 04:00:00+00:00,18.94536,80.46928043999999,-0.7324940716135788,-0.6807734094770164,2280964.0,216.0,0.5000000000000001,0.8660254037844386,0.0,31450.0,7117.2,26011.0,115.44113513986017,22.046500523885072,6028.4025,29602.869999999995,17548.7,10300.0,1504.0,0.0,0.0,3328.71,1.4139005,2022
2020-06-11 22:00:00+00:00,13.869777,17.2389636,-0.9441875088341992,0.3294084822245304,2775806.0,4.72,0.8660254037844384,-0.5000000000000004,1.0,43900.0,4887.2,33555.0,306.71613398453405,16.299541950225823,7634.3775,31687.1575,11622.6,13920.0,5876.0,0.0,0.0,3990.25,3.645623,2020
2020-11-29 06:00:00+00:00,5.837647,17.2389636,0.8609610158889941,-0.5086709438521049,2929262.0,15.0,6.123233995736766e-17,1.0,0.0,53750.0,7117.2,48682.0,155.1356362026862,7.358666658401487,7672.714999999999,38622.9275,19055.9,13182.0,2222.0,0.0,0.0,3473.86,5.2631116,2020
2018-06-02 19:00:00+00:00,18.705177,15.1252596,-0.8738071036110806,0.4862727071086904,1791003.0,21.95,0.2588190451025203,-0.9659258262890684,0.0,40200.0,5068.5,43970.0,444.4777311965812,15.312750180562356,8606.8375,50962.985,23782.8,16014.0,7521.0,119.86,284131.75,897.82,1.0498574,2018
2023-03-06 17:00:00+00:00,7.410197,89.55725625000001,0.436651231956064,0.8996308696522433,1351720.0,43.5,-0.2588190451025206,-0.9659258262890684,1.0,67250.0,7117.2,36824.0,182.3749220566873,7.92722207970088,9502.6875,57658.4325,24320.25,22931.0,3535.0,323.34,373528.5,4804.18,4.5177326,2023
2020-10-27 07:00:00+00:00,9.423602,17.2389636,0.4520722039323045,-0.8919813464595484,3041148.0,14.77,-0.2588190451025208,0.9659258262890684,1.0,58850.0,6125.5,46097.0,370.266746011396,11.355666859944666,8898.5875,42892.0,19362.2,23505.0,5706.0,63.98,43469.938,5410.88,6.9786544,2020
2019-10-11 07:00:00+00:00,12.7485695,22.79031588,0.1755314904214277,-0.9844738167520924,2625151.0,9.35,-0.2588190451025208,0.9659258262890684,1.0,54100.0,6111.4,42140.0,237.43335907610904,15.250875314076746,8092.78,27520.215,25575.4,22471.0,3500.0,347.24,123534.766,5254.08,5.6910334,2019
2020-05-05 16:00:00+00:00,16.781803,17.2389636,-0.5631507242749186,0.8263541987239096,1977501.0,5.3,-0.5000000000000004,-0.8660254037844385,1.0,41950.0,5110.1,38510.0,323.1717154660155,15.592791795730609,6142.500000000001,41025.66499999999,15345.7,16699.0,6330.0,2861.22,1482468.8,3165.39,1.6946027,2020
2022-11-30 15:00:00+00:00,8.432539,80.46928043999999,0.8609610158889941,-0.5086709438521049,2462887.0,139.0,-0.7071067811865477,-0.7071067811865475,1.0,62300.0,7117.2,35883.0,213.0855690957191,8.090916633605957,10324.4825,62274.8625,26448.825,25694.0,4836.0,1385.26,396228.3,2869.78,3.6416438,2022
2022-04-11 18:00:00+00:00,13.8901615,80.46928043999999,-0.167051625502119,0.9859481499638304,1229508.0,101.3,-1.8369701987210292e-16,-1.0,1.0,53600.0,7055.5,33463.0,359.2908202686203,11.55777788162233,7756.782499999999,57220.6175,15674.3,21187.0,6561.0,178.52,337797.16,6002.78,6.375389,2022
2020-10-01 20:00:00+00:00,13.554238,17.2389636,0.0215160974362222,-0.9997685019798908,2801270.0,12.13,0.5000000000000001,-0.8660254037844386,1.0,47700.0,6765.5,40000.0,193.1043582010581,14.509266948699956,8377.010000000002,40831.4175,14498.7,18144.0,3590.0,0.0,0.0,4724.52,5.358332,2020
2018-12-15 08:00:00+00:00,3.2832472,15.1252596,0.9623090774541484,-0.271958157534106,2230364.0,24.55,-0.4999999999999998,0.8660254037844387,0.0,75200.0,6121.4,53565.0,264.865995034595,6.822277757856583,9802.575,52062.65,19261.9,21595.0,5177.0,132.23,41421.543,4187.04,3.878397,2018
2023-03-28 07:00:00+00:00,5.4130816,89.55725625000001,0.0730951298980775,0.9973249731081556,1508365.0,41.72,-0.2588190451025208,0.9659258262890684,1.0,61350.0,7117.2,35888.0,332.5341836313445,10.816777706146231,8414.3825,40029.485,20346.85,20438.0,5494.0,2254.8,299422.78,4593.51,3.7986627,2023
2021-06-29 11:00:00+00:00,18.872374,46.29497964,-0.99907411510223,0.0430222330045305,2310252.0,33.67,-0.9659258262890682,0.258819045102521,1.0,52500.0,7117.2,42210.0,412.7407709401709,17.997749884923284,7857.435000000001,43261.6525,20342.7,22721.0,5632.0,5197.48,2175398.5,1542.71,2.9823186,2021
2018-04-05 08:00:00+00:00,8.836899,15.1252596,-0.0645084494493162,0.9979171608653922,597380.0,19.08,-0.4999999999999998,0.8660254037844387,1.0,64200.0,6071.9,46655.0,503.2806767828878,8.80283351739248,9125.755,36768.91500000001,27484.6,26406.0,6999.0,2251.8,815537.56,3697.47,4.070874,2018
2020-01-12 13:00:00+00:00,8.676919,17.2389636,0.9787400799669153,0.2051044998686192,2742325.0,11.933333333333334,-0.9659258262890684,-0.2588190451025203,0.0,60150.0,7117.2,54676.0,267.77046729751726,7.492083251476286,6937.949999999999,17437.589999999997,22081.9,12353.0,3279.0,2876.16,977401.9,6718.5,4.7649693,2020
2022-10-05 00:00:00+00:00,13.841646,80.46928043999999,0.0730951298980768,-0.9973249731081556,2313405.0,91.57,1.0,0.0,1.0,39000.0,6111.4,27060.0,252.2618812005225,15.726999839146933,4934.81,26409.9425,18513.45,13993.0,3184.0,0.0,0.0,4525.67,4.8948817,2022
2022-02-04 08:00:00+00:00,6.722707,80.46928043999999,0.8239230057575543,0.5667017562911175,1747271.0,80.2,-0.4999999999999998,0.8660254037844387,1.0,72100.0,7117.2,48656.0,258.06962435897435,6.361944470140668,8554.5125,39047.1725,27786.4,26428.0,5225.0,718.98,62995.934,6741.13,5.334873,2022
2018-12-15 07:00:00+00:00,3.0141804,15.1252596,0.9623090774541484,-0.271958157534106,2230364.0,24.55,-0.2588190451025208,0.9659258262890684,0.0,73750.0,6121.4,53565.0,264.865995034595,7.000944402482776,9659.07,51565.01,17284.3,21148.0,4641.0,0.0,103.275215,3925.39,3.5198462,2018
2022-08-24 09:00:00+00:00,23.776875,80.46928043999999,-0.6050560696488494,-0.7961828637826154,2250959.0,293.0,-0.7071067811865475,0.7071067811865476,1.0,50300.0,7117.2,25146.0,146.15470664335666,21.21583350499471,7457.46,32444.8,17403.75,16032.0,2153.0,7799.96,1630180.4,684.9,1.4941467,2022
2020-06-21 14:00:00+00:00,21.34731,17.2389636,-0.986657932891657,0.1628070129385171,2837466.0,5.296666666666667,-0.8660254037844386,-0.5000000000000001,0.0,37100.0,6875.5,32290.0,295.3008598697599,17.784633382161438,5940.82,21593.8125,12345.1,8610.0,4824.0,5243.11,2212032.2,4052.27,4.89701,2020
2021-05-09 20:00:00+00:00,15.260732,46.29497964,-0.6050560696488488,0.7961828637826158,1047965.0,24.66,0.5000000000000001,-0.8660254037844386,0.0,40200.0,7117.2,36485.0,308.1455464387464,15.479444609748017,6967.2425,25271.57,13929.6,14527.0,6062.0,17.3,8837.6455,6176.42,5.598646,2021
2019-04-13 22:00:00+00:00,6.55522,22.79031588,-0.2008905551306352,0.97961369164549,932025.0,15.626666666666669,0.8660254037844384,-0.5000000000000004,0.0,56500.0,6071.9,44430.0,198.9378882987383,11.94155555301242,8074.51,27797.66,19654.5,12865.0,3904.0,0.0,0.0,3020.54,3.2284546,2019
2020-11-26 19:00:00+00:00,8.83269,17.2389636,0.83355577183857,-0.5524353131676195,2929262.0,14.13,0.2588190451025203,-0.9659258262890684,1.0,64650.0,7117.2,50167.0,184.01968463573465,8.93849996725719,10993.695000000002,60860.52,25594.1,23129.0,4859.0,0.0,0.0,2257.99,4.173147,2020
2019-02-07 22:00:00+00:00,6.4107633,22.79031588,0.7935716089521474,0.6084768701151261,1474810.0,18.58,0.8660254037844384,-0.5000000000000004,1.0,70000.0,7117.2,55920.0,357.4757996540496,7.0616668065388986,9277.0275,25532.49,28486.4,18404.0,4964.0,0.0,0.0,5852.49,6.7439356,2019
2023-11-22 06:00:00+00:00,7.6555824,89.55725625000001,0.7829801036770624,-0.622046748440868,2932723.0,45.1,6.123233995736766e-17,1.0,1.0,57900.0,6125.5,42425.0,655.2600234728235,10.44238906436497,10426.9575,56803.3225,14895.625,22106.0,5451.0,0.0,0.0,6226.03,6.80135,2023
2022-03-11 23:00:00+00:00,8.101949,80.46928043999999,0.3576982388331257,0.9338372288229252,1420843.0,132.0,0.9659258262890684,-0.2588190451025207,0.0,55900.0,7117.2,37835.0,201.71665643060643,8.810277806388008,5816.1525,17786.535000000003,19688.8,15575.0,3284.0,0.0,0.0,8336.1,5.114598,2022
2022-07-09 00:00:00+00:00,17.47661,80.46928043999999,-0.99167731989929,-0.1287481774525806,2469618.0,168.92333333333335,1.0,0.0,0.0,39450.0,7117.2,29555.0,158.76736664631665,21.58016665776572,7481.5375,31186.4975,15395.0,15477.0,2614.0,0.0,0.0,2802.89,4.000246,2022
2021-12-14 11:00:00+00:00,7.809421,46.29497964,0.9574851883550392,-0.288482432880609,2010670.0,127.2,-0.9659258262890682,0.258819045102521,1.0,74800.0,5042.0,42945.0,403.4267983719984,6.04722219043308,10083.335,62369.32250000001,24086.3,24169.0,5989.0,3831.17,762599.5,747.03,0.9256258,2021
2018-07-17 05:00:00+00:00,16.90127,15.1252596,-0.9646141756912436,-0.2636654927280072,2788177.0,21.95,0.2588190451025207,0.9659258262890684,1.0,44350.0,6071.9,45565.0,257.481855942206,19.05829995473227,8516.262499999999,61273.465,25192.3,21389.0,4960.0,231.64,72471.11,1637.53,3.6314106,2018
2021-11-29 13:00:00+00:00,6.1017594,46.29497964,0.8520775211013093,-0.5234156073655503,2024972.0,93.88,-0.9659258262890684,-0.2588190451025203,1.0,75600.0,3825.9,43525.0,182.90783744403743,6.2551666100819885,8295.0725,58681.802500000005,16099.3,23827.0,3500.0,3457.83,779173.25,2942.34,5.5040517,2021
2021-02-22 06:00:00+00:00,8.423447,46.29497964,0.6118864012687244,0.7909456567567772,1515570.0,15.95,6.123233995736766e-17,1.0,1.0,59800.0,6113.8,43920.0,397.6079492470493,8.592416683832806,8394.582499999999,49525.872500000005,19833.5,21069.0,6275.0,0.0,0.0,5964.3,2.764144,2021
2019-03-05 04:00:00+00:00,6.6665525,22.79031588,0.4520722039323043,0.8919813464595485,1161979.0,17.08,0.5000000000000001,0.8660254037844386,1.0,54050.0,7117.2,52356.0,258.36005946275947,8.585458397865295,7550.2875,12954.857500000006,18538.9,15404.0,3655.0,0.0,0.0,7184.43,7.40752,2019
2020-09-03 23:00:00+00:00,17.12551,17.2389636,-0.4443781781046134,-0.8958392907349089,2975651.0,11.35,0.9659258262890684,-0.2588190451025207,1.0,40000.0,7117.2,33920.0,212.88713021978023,17.760233306884764,6426.575000000001,19525.73,19517.5,14945.0,3063.0,0.0,0.0,2305.65,2.2122166,2020
2021-05-20 23:00:00+00:00,12.230048,46.29497964,-0.7441039398713604,0.6680638642135338,1413451.0,24.7,0.9659258262890684,-0.2588190451025207,1.0,44000.0,5068.5,42205.0,511.4441907610908,13.357500288221573,4795.679999999999,26523.2475,18679.4,14042.0,6349.0,0.0,0.0,7309.63,7.5231204,2021
2021-10-22 05:00:00+00:00,8.902575,46.29497964,0.3576982388331254,-0.9338372288229252,2356588.0,87.05,0.2588190451025207,0.9659258262890684,1.0,56150.0,6121.4,42160.0,152.3385578551079,13.289777702755408,7638.942499999999,30336.145000000004,22283.2,22675.0,2621.0,0.0,0.0,2442.09,3.7858682,2021
2021-08-02 17:00:00+00:00,19.839596,46.29497964,-0.8565509959010037,-0.5160623910158526,2607829.0,42.1,-0.2588190451025206,-0.9659258262890684,1.0,45050.0,7117.2,42310.0,445.6694630443631,18.830416599909444,8715.574999999999,46787.685,19401.0,22038.0,4738.0,3529.19,1103308.9,1425.98,2.880379,2021
2019-10-11 00:00:00+00:00,12.69135,22.79031588,0.1755314904214277,-0.9844738167520924,2625151.0,9.35,1.0,0.0,1.0,42250.0,6111.4,42140.0,237.43335907610904,15.505625128746049,5211.3025,15756.037500000002,18569.7,14105.0,2745.0,0.0,0.0,4587.93,5.03674,2019
2022-06-02 04:00:00+00:00,13.144574,80.46928043999999,-0.8738071036110806,0.4862727071086904,2156969.0,83.5,0.5000000000000001,0.8660254037844386,1.0,39800.0,6113.8,30395.0,197.0432372608872,18.492111153072777,8490.585,40990.9575,23171.925,11989.0,3907.0,5.03,4036.573,2899.81,3.0256503,2022
2023-05-28 02:00:00+00:00,13.633889,89.55725625000001,-0.8287700871745035,0.5595892624101769,2200163.0,24.365,0.8660254037844387,0.4999999999999999,0.0,30400.0,5118.0,33415.0,288.48670401635394,16.545055283440472,5210.505,31180.665,15228.525,11099.0,5368.0,0.0,0.0,4161.16,3.8934894,2023
2021-09-10 05:00:00+00:00,17.258528,46.29497964,-0.3496474552512282,-0.9368813462954316,2471418.0,58.03,0.2588190451025207,0.9659258262890684,1.0,46900.0,6053.3,42964.0,201.2386805046805,20.551333321465364,9195.4625,54342.7925,25412.5,21535.0,3354.0,0.0,18.182564,1761.43,2.41808,2021
2023-07-20 15:00:00+00:00,23.585316,89.55725625000001,-0.9497178427914318,-0.3131070409358262,3013784.0,27.08,-0.7071067811865477,-0.7071067811865475,1.0,48750.0,7117.2,36780.0,189.15409763569764,24.04238870408798,6699.2925000000005,26913.0175,12926.8,25600.0,3021.0,8615.02,2133194.0,1239.11,2.7199316,2023
2022-08-14 23:00:00+00:00,19.595694,80.46928043999999,-0.7324940716135788,-0.6807734094770164,2280964.0,216.0,0.9659258262890684,-0.2588190451025207,0.0,35100.0,7117.2,25691.0,118.67028276353275,21.134916464487738,6592.435,26931.9225,15960.175,11009.0,1932.0,0.0,0.0,2662.43,2.9933538,2022
2018-08-22 06:00:00+00:00,18.451065,15.1252596,-0.6321034111873488,-0.7748840413670406,2837907.0,24.63,6.123233995736766e-17,1.0,1.0,44600.0,7117.2,37870.0,158.51065995115994,19.40900001525878,10063.000000000002,58256.052500000005,26938.0,17569.0,3052.0,460.69,155783.72,558.61,1.0149056,2018
2021-10-06 00:00:00+00:00,12.533903,46.29497964,0.0902516100310407,-0.9959189961471792,2373290.0,100.3,1.0,0.0,1.0,41450.0,7117.2,43782.0,262.91669670329674,14.931333223978688,4130.827499999999,23565.527500000004,18309.2,14195.0,3881.0,0.0,0.0,7340.79,6.5076265,2021
2020-04-14 15:00:00+00:00,13.789367,17.2389636,-0.2344913895704096,0.9721181966290612,1551504.0,7.18,-0.7071067811865477,-0.7071067811865475,1.0,41800.0,6993.4,41755.0,189.36414566544565,14.152916749318436,6646.2875,33354.380000000005,15690.0,12999.0,4278.0,4946.41,2133837.8,4863.56,5.091986,2020
2023-02-09 16:00:00+00:00,6.55134,89.55725625000001,0.7721565844991642,0.6354323008901774,1548596.0,53.97,-0.5000000000000004,-0.8660254037844385,1.0,64850.0,7117.2,45070.0,231.93706387268125,6.742500053511731,11267.795,50133.21,24371.95,25451.0,4467.0,872.83,582720.25,742.01,1.4554803,2023
2022-12-04 21:00:00+00:00,5.0748277,80.46928043999999,0.893918596519257,-0.4482293417404106,2462887.0,132.95,0.7071067811865474,-0.7071067811865477,0.0,59550.0,7117.2,37135.0,186.3790513499383,6.576583246390024,7784.629999999999,37914.845,24246.95,14801.0,3192.0,0.0,0.0,1942.56,2.1733272,2022
2023-06-22 07:00:00+00:00,19.238699,89.55725625000001,-0.986657932891657,0.1628070129385171,2827813.0,34.25,-0.2588190451025208,0.9659258262890684,1.0,47600.0,5118.0,35205.0,266.76241924001926,19.86577818128799,8252.570000000002,41498.155,14821.5,21471.0,5639.0,3046.81,747831.06,3318.6,1.462019,2023
2021-02-06 12:00:00+00:00,8.765762,46.29497964,0.8039279618328213,0.5947266869607633,1859154.0,19.23333333333333,-1.0,1.2246467991473532e-16,0.0,61950.0,7117.2,48190.0,1025.6722165445665,8.571916580200197,8392.732499999998,20210.2975,17624.5,16452.0,6862.0,2758.81,912731.2,2959.75,2.290549,2021
2023-03-16 06:00:00+00:00,5.8834677,89.55725625000001,0.276096973097469,0.9611297838723007,1437424.0,42.45,6.123233995736766e-17,1.0,1.0,58800.0,7117.2,37155.0,448.4728834979031,9.686722384558786,6898.52,43506.91,18195.575,19811.0,6155.0,26.32,2789.6123,6502.92,5.760832,2023
2021-03-14 09:00:00+00:00,7.211852,46.29497964,0.3090169943749474,0.9510565162951536,1176034.0,18.48333333333333,-0.7071067811865475,0.7071067811865476,0.0,55300.0,5760.5,45176.0,277.37318351648355,7.589333295822144,5035.7925,10836.422499999991,11699.6,11291.0,4352.0,3645.15,955353.3,8068.99,8.259571,2021
2022-05-10 21:00:00+00:00,15.776055,80.46928043999999,-0.6186714032625031,0.7856498550787147,1511294.0,81.75,0.7071067811865474,-0.7071067811865477,1.0,46850.0,6125.5,29430.0,204.31881017501016,17.586111121707493,7113.1275,36122.905,19267.0,16631.0,5093.0,0.0,0.0,2052.59,3.706275,2022
2020-09-25 20:00:00+00:00,11.448155,17.2389636,-0.0816763953304228,-0.99665890175417,2821249.0,11.43,0.5000000000000001,-0.8660254037844386,1.0,44250.0,7091.5,37100.0,179.42284086284087,15.035133107503238,6920.429999999999,42401.22,15181.3,19054.0,3554.0,0.0,0.0,11164.45,10.560558,2020
2023-10-10 15:00:00+00:00,22.931694,89.55725625000001,0.1585593851031347,-0.9873494423939864,2613447.0,45.0,-0.7071067811865477,-0.7071067811865475,1.0,45400.0,6053.3,41600.0,147.4119905372405,20.09627803166705,6203.9625,40458.8175,13731.225,20496.0,1970.0,5910.85,1305588.1,2283.17,2.8177888,2023
2019-11-06 13:00:00+00:00,11.280875,22.79031588,0.5842981736283683,-0.8115390590073611,2986771.0,13.0,-0.9659258262890684,-0.2588190451025203,1.0,61500.0,5047.5,41130.0,487.6493190272691,12.328500072161344,10745.0875,58617.465,16988.0,23225.0,6487.0,2673.49,939117.06,2140.42,4.9540396,2019
2020-11-29 17:00:00+00:00,7.2068295,17.2389636,0.8609610158889941,-0.5086709438521049,2929262.0,15.0,-0.2588190451025206,-0.9659258262890684,0.0,61850.0,7117.2,51242.0,155.1356362026862,7.73066658443875,10636.285,53960.3,25753.6,17671.0,3524.0,0.0,10690.735,2963.03,3.9831574,2020
2018-07-13 08:00:00+00:00,20.612482,15.1252596,-0.980469160361632,-0.1966728897935762,2807415.0,22.48,-0.4999999999999998,0.8660254037844387,1.0,53300.0,6071.9,42225.0,198.4855559422059,18.442599868774405,9153.09,48785.4575,28479.4,23938.0,4889.0,3276.97,1477133.2,643.21,2.0168774,2018
2023-07-20 11:00:00+00:00,22.326284,89.55725625000001,-0.9497178427914318,-0.3131070409358262,3013784.0,27.08,-0.9659258262890682,0.258819045102521,1.0,52200.0,7117.2,36780.0,189.15409763569764,23.036166508992483,5202.835000000001,16440.4825,15187.325,22992.0,3019.0,12215.1,2581610.8,620.78,1.7405006,2023
2019-05-17 21:00:00+00:00,11.300368,22.79031588,-0.7086266782644596,0.705583610107178,1254728.0,13.07,0.7071067811865474,-0.7071067811865477,1.0,51600.0,5122.1,46855.0,249.3157447496948,13.53133339352079,9019.53,36414.975000000006,18854.8,16799.0,5805.0,0.0,1.9254701,3044.28,2.0229776,2019
2023-12-24 04:00:00+00:00,8.447367,89.55725625000001,0.9927487224577402,-0.1202080448993527,2761956.0,33.82,0.5000000000000001,0.8660254037844386,0.0,42450.0,7117.2,44595.0,678.8999762700262,8.849111133151583,3080.0975,-459.6975000000021,16193.925,9157.0,5068.0,0.0,0.0,14678.96,7.9141374,2023
2022-09-16 22:00:00+00:00,14.336322,80.46928043999999,-0.2511900638848195,-0.9679377830240642,2252727.0,161.5,0.8660254037844384,-0.5000000000000004,0.0,40800.0,7117.2,27005.0,159.79252694250192,18.498166720072422,4970.7575,16830.292500000003,14329.9,15465.0,2355.0,0.0,0.0,4662.77,5.2129173,2022
2018-09-16 21:00:00+00:00,17.58193,15.1252596,-0.2511900638848195,-0.9679377830240642,2678886.0,27.45,0.7071067811865474,-0.7071067811865477,0.0,44750.0,7117.2,47660.0,138.93950136345137,16.92170810699463,7821.840000000001,40378.45,22779.5,14064.0,2557.0,0.0,0.0,710.09,1.0792094,2018
2018-06-22 02:00:00+00:00,14.450226,15.1252596,-0.986657932891657,0.1628070129385171,2562038.0,21.8,0.8660254037844387,0.4999999999999999,1.0,36700.0,5068.5,44535.0,318.8915045991046,16.253374973932914,7244.3375,26757.1625,18254.2,17070.0,5964.0,0.0,0.0,2707.44,3.9636006,2018
2018-07-21 09:00:00+00:00,19.656847,15.1252596,-0.9441875088341996,-0.3294084822245298,2788177.0,22.043333333333333,-0.7071067811865475,0.7071067811865476,0.0,45450.0,7117.2,40205.0,195.0570777370777,18.848833401997872,6687.630000000001,43957.2,24307.2,19209.0,4602.0,3166.37,1521949.9,950.34,2.067251,2018
2022-01-21 20:00:00+00:00,3.4075353,80.46928043999999,0.9353679493131484,0.3536761221763715,1998118.0,80.5,0.5000000000000001,-0.8660254037844386,1.0,73350.0,7117.2,49251.0,304.0066722018722,4.649277799659305,10096.47,36308.6,23021.0,21281.0,4652.0,0.0,0.0,2860.57,3.98316,2022
2022-12-29 07:00:00+00:00,9.435825,80.46928043999999,0.9994074007397048,-0.0344216116227458,2284112.0,79.4,-0.2588190451025208,0.9659258262890684,1.0,52550.0,7117.2,36520.0,374.2383574983792,7.904999872048692,4786.49,11273.300000000005,16312.45,16260.0,4786.0,0.0,20.392479,13840.78,8.4864645,2022
2019-01-12 01:00:00+00:00,4.485985,22.79031588,0.9787400799669153,0.2051044998686192,2055622.0,21.38,0.9659258262890684,0.2588190451025207,0.0,68750.0,7117.2,55977.0,194.374116035816,5.902888880835639,8729.9825,24747.42,18850.3,15104.0,2642.0,0.0,0.0,2738.8,4.5008965,2019
2022-07-06 03:00:00+00:00,15.800922,80.46928043999999,-0.9970011699250152,-0.0773864792334627,2469618.0,162.25,0.7071067811865476,0.7071067811865476,1.0,37550.0,7117.2,27465.0,190.71377818477816,20.87899971008301,7898.240000000001,38615.815,15028.8,17360.0,3112.0,0.0,0.0,2298.96,4.310224,2022
2023-04-16 06:00:00+00:00,7.429962,89.55725625000001,-0.2511900638848191,0.9679377830240644,1545065.0,42.18333333333334,6.123233995736766e-17,1.0,0.0,43800.0,7117.2,35535.0,304.5241952495974,11.44194462564258,5918.025000000001,30891.525,8618.675,11566.0,4508.0,863.98,98250.9,3173.02,3.6093893,2023
2021-04-19 22:00:00+00:00,8.342694,46.29497964,-0.3008198076356675,0.9536809966304456,874649.0,21.52,0.8660254037844384,-0.5000000000000004,1.0,53150.0,6111.4,38325.0,186.43072846967848,11.328777684105768,8935.140000000001,42146.43749999999,21866.9,14980.0,3227.0,0.0,0.0,1095.89,1.2457305,2021
2019-09-27 22:00:00+00:00,15.813485,22.79031588,-0.0645084494493171,-0.9979171608653922,2650572.0,9.4,0.8660254037844384,-0.5000000000000004,0.0,43100.0,7117.2,41840.0,149.07255805860805,17.58112510045369,5726.31,22743.800000000003,22989.5,15727.0,2307.0,0.0,0.0,6981.41,6.3622255,2019
2023-10-13 09:00:00+00:00,19.762745,89.55725625000001,0.209314645963048,-0.9778483415056568,2613447.0,54.75,-0.7071067811865475,0.7071067811865476,1.0,47450.0,5772.5,41110.0,146.8774915547416,18.45683325661555,4497.77,16779.192499999997,8248.2,19711.0,2249.0,6429.44,888992.3,11619.67,7.576303,2023
2023-07-27 16:00:00+00:00,22.401411,89.55725625000001,-0.9051931898913976,-0.4250003399695539,3000966.0,28.4,-0.5000000000000004,-0.8660254037844385,1.0,45471.5,7117.2,35720.0,218.2320718873719,22.84550041622585,5089.539999999999,34637.705,11810.55,20095.0,3512.0,5916.66,1275139.0,6586.92,5.909403,2023
2018-04-05 22:00:00+00:00,7.9078994,15.1252596,-0.0645084494493162,0.9979171608653922,597380.0,19.08,0.8660254037844384,-0.5000000000000004,1.0,57450.0,6071.9,46655.0,512.0410764798988,9.301249861717215,9340.1275,35491.005000000005,17005.3,16225.0,6547.0,0.0,0.0,2663.88,4.77465,2018
2018-02-21 01:00:00+00:00,4.0538297,15.1252596,0.6254105729852463,0.7802958510707755,1101070.0,22.05,0.9659258262890684,0.2588190451025207,1.0,64950.0,6053.3,50905.0,733.2933110845429,6.440833250681556,9436.4625,51867.9725,14710.7,15090.0,5999.0,0.0,0.0,3716.96,6.984288,2018
2018-07-09 19:00:00+00:00,22.724669,15.1252596,-0.99167731989929,-0.1287481774525806,2807415.0,22.63,0.2588190451025203,-0.9659258262890684,1.0,47750.0,6071.9,44140.0,237.6599464794465,19.7597918510437,8746.365000000002,49123.235,26302.8,23912.0,5331.0,131.13,388537.38,2716.16,4.2546306,2018
2019-04-13 12:00:00+00:00,10.432578,22.79031588,-0.2008905551306352,0.97961369164549,932025.0,15.626666666666669,-1.0,1.2246467991473532e-16,0.0,53000.0,6071.9,44430.0,215.8318215303215,11.477000130547417,6959.36,28004.4,19796.1,13019.0,2926.0,6555.92,2575845.8,2644.68,2.2569332,2019
2021-10-22 17:00:00+00:00,12.147116,46.29497964,0.3576982388331254,-0.9338372288229252,2356588.0,87.05,-0.2588190451025206,-0.9659258262890684,1.0,56300.0,6121.4,41250.0,152.3385578551079,13.455388757917598,8769.985,33556.6675,18649.5,24191.0,3261.0,1011.1,98676.31,3712.91,3.8234837,2021
2022-01-18 10:00:00+00:00,5.0686517,80.46928043999999,0.9523775757303976,0.304921224656289,1998118.0,79.08,-0.8660254037844387,0.4999999999999999,1.0,82000.0,7117.2,48625.0,351.2121664835165,4.267944388919404,11786.5975,61145.685000000005,25713.7,25073.0,6070.0,3323.28,558396.06,3148.17,1.8881866,2022
2018-04-24 06:00:00+00:00,10.964509,15.1252596,-0.3816892202666589,0.9242907221930932,811033.0,19.68,6.123233995736766e-17,1.0,1.0,49250.0,5066.1,46290.0,341.58691947044724,11.614083449045816,9364.0025,45715.70749999999,25744.3,21509.0,7346.0,515.32,183949.17,1360.28,2.1904578,2018
2022-05-10 04:00:00+00:00,12.196903,80.46928043999999,-0.6186714032625031,0.7856498550787147,1511294.0,81.75,0.5000000000000001,0.8660254037844386,1.0,39350.0,6125.5,29430.0,204.31881017501016,16.21783373090955,6487.5025,37613.22749999999,20731.9,16498.0,4571.0,0.0,150.66803,2323.44,2.7940145,2022
2019-08-28 15:00:00+00:00,24.490181,22.79031588,-0.5488429582847199,-0.8359254794186365,2760250.0,10.1,-0.7071067811865477,-0.7071067811865475,1.0,50550.0,6071.9,41900.0,203.5448637566137,22.22424960136412,9674.8175,46776.5525,26563.3,23771.0,3887.0,3386.15,1658303.0,1183.96,2.2322679,2019
2022-11-30 16:00:00+00:00,7.948268,80.46928043999999,0.8609610158889941,-0.5086709438521049,2462887.0,139.0,-0.5000000000000004,-0.8660254037844385,1.0,63550.0,7117.2,35883.0,213.0855690957191,8.078333258628847,10907.21,62852.895,29193.175,25152.0,5304.0,111.17,138056.08,3106.03,3.8663194,2022
2023-03-28 19:00:00+00:00,10.562217,89.55725625000001,0.0730951298980775,0.9973249731081556,1508365.0,41.72,0.2588190451025203,-0.9659258262890684,1.0,50600.0,7117.2,35888.0,332.5341836313445,12.102555645836713,7645.2425,47868.605,22849.55,19711.0,5365.0,0.0,12084.206,5306.33,5.1016355,2023
2018-03-04 19:00:00+00:00,7.338483,15.1252596,0.4673592171580022,0.8840675099433636,812004.0,23.03333333333333,0.2588190451025203,-0.9659258262890684,0.0,67950.0,6071.9,51125.0,418.5730196909058,6.244749983151754,9909.9175,43782.28999999999,21807.8,18729.0,6510.0,0.0,152.74667,3467.05,4.6899023,2018
2022-01-30 17:00:00+00:00,7.6268144,80.46928043999999,0.869589389346611,0.4937755501599771,1817029.0,87.21,-0.2588190451025206,-0.9659258262890684,0.0,64550.0,7117.2,49251.0,202.46929460724465,5.215889026721318,9846.075,28287.552500000005,23498.9,19213.0,3493.0,0.0,97512.5,1800.74,3.117108,2022
2018-07-09 15:00:00+00:00,24.835405,15.1252596,-0.99167731989929,-0.1287481774525806,2807415.0,22.63,-0.7071067811865477,-0.7071067811865475,1.0,52050.0,6071.9,44140.0,237.6599464794465,20.06937527656553,9098.990000000002,42105.8625,26933.6,24342.0,4945.0,3733.78,2254594.2,2683.17,3.90182,2018
2023-04-29 12:00:00+00:00,15.621623,89.55725625000001,-0.4597327394521039,0.8880573226294932,1591705.0,37.895,-1.0,1.2246467991473532e-16,0.0,41200.0,5110.1,38105.0,326.48788434343425,15.97761085298326,5991.725,17460.930000000004,4345.849999999999,11024.0,4493.0,9068.39,2052729.9,1391.69,1.6192338,2023
2021-08-23 06:00:00+00:00,16.349653,46.29497964,-0.6186714032625032,-0.7856498550787144,2612909.0,42.4,6.123233995736766e-17,1.0,1.0,41250.0,7117.2,43377.0,255.9606637362637,17.543125549952187,7987.84,44976.285,19788.0,18370.0,3759.0,4.24,109225.77,2774.44,3.74802,2021
2018-08-03 02:00:00+00:00,20.391544,15.1252596,-0.847540922892831,-0.5307300481619335,2817640.0,22.18,0.8660254037844387,0.4999999999999999,1.0,37700.0,7117.2,40975.0,173.31504554334555,21.035799980163567,7617.055,47352.81999999999,22630.9,17531.0,3093.0,0.0,0.0,2242.2,3.5455713,2018
2018-03-28 00:00:00+00:00,8.718283,15.1252596,0.0730951298980775,0.9973249731081556,586044.0,18.5,1.0,0.0,1.0,56750.0,6071.9,46385.0,388.7283735155791,7.807999968528748,8530.5625,40312.695,16915.0,14807.0,4383.0,0.0,0.0,5165.06,6.831721,2018
2018-05-11 17:00:00+00:00,17.390415,15.1252596,-0.6321034111873487,0.7748840413670407,1101932.0,21.25,-0.2588190451025206,-0.9659258262890684,1.0,43000.0,5066.1,42675.0,369.6361689910912,14.646916389465344,8866.83,57954.8575,23222.6,21720.0,7439.0,1338.29,953960.1,1102.59,2.1365812,2018
2020-08-30 01:00:00+00:00,14.145916,17.2389636,-0.5049610547215202,-0.8631421280499115,2955316.0,9.943333333333332,0.9659258262890684,0.2588190451025207,0.0,31650.0,7117.2,32675.0,180.22855498575493,17.614033317565923,5790.34,32616.1925,13342.6,11821.0,2530.0,0.0,0.0,2790.18,4.6269093,2020
2023-01-28 13:00:00+00:00,4.332631,89.55725625000001,0.886070621534138,0.4635502709028509,1860943.0,54.46666666666667,-0.9659258262890684,-0.2588190451025203,0.0,67400.0,7117.2,44740.0,283.2520271840076,5.014944553375244,9029.945,46723.205,6024.875,14495.0,3696.0,5885.13,929878.3,4944.28,5.6405616,2023
2023-07-21 18:00:00+00:00,20.861706,89.55725625000001,-0.9441875088341996,-0.3294084822245298,3013784.0,28.5,-1.8369701987210292e-16,-1.0,1.0,44800.0,7117.2,36256.0,189.1600678932179,23.37500000000001,7219.6175,45136.7725,19249.475,23517.0,3813.0,1511.65,750869.44,4473.09,4.4797487,2023
2019-09-28 16:00:00+00:00,19.050783,22.79031588,-0.0473213883224323,-0.9988797155850336,2650572.0,9.01,-0.5000000000000004,-0.8660254037844385,0.0,41200.0,7117.2,38665.0,149.07255805860805,17.8650418917338,6443.135,25309.225,20267.7,16910.0,2214.0,1618.3,802191.4,4602.13,5.720947,2019
2023-11-22 13:00:00+00:00,9.916887,89.55725625000001,0.7829801036770624,-0.622046748440868,2932723.0,45.1,-0.9659258262890684,-0.2588190451025203,1.0,58800.0,5691.6,42915.0,655.2600234728235,10.34816675715976,8738.7525,48080.395,2637.9500000000007,21671.0,5540.0,6250.4,877416.7,4230.76,5.6543407,2023
2020-07-14 17:00:00+00:00,20.926596,17.2389636,-0.973118337233262,-0.2303056702306119,3087938.0,4.22,-0.2588190451025206,-0.9659258262890684,0.0,41300.0,7117.2,34220.0,203.5649503459504,20.522299957275408,9072.124999999998,49864.3,19930.1,22482.0,4881.0,1819.69,1069281.8,2218.37,4.612999,2020
2020-10-11 07:00:00+00:00,9.434767,17.2389636,0.1924515819708299,-0.9813064702716092,2964842.0,13.753333333333334,-0.2588190451025208,0.9659258262890684,0.0,45100.0,6125.5,42475.0,257.29792781847783,12.793033345540357,6063.37,29825.932500000003,10619.2,12446.0,3790.0,287.28,110527.125,2837.66,5.9535365,2020
2022-07-05 22:00:00+00:00,18.163534,80.46928043999999,-0.9981855344718586,-0.0602132773657927,2469618.0,178.05,0.8660254037844384,-0.5000000000000004,1.0,43800.0,7117.2,27465.0,190.71377818477816,21.94491640726729,8168.995,38247.01999999999,15464.25,18891.0,3210.0,0.0,0.0,3411.74,5.4034605,2022
2021-11-19 00:00:00+00:00,7.567285,46.29497964,0.7498264012045686,-0.6616346182422783,2216776.0,86.5,1.0,0.0,1.0,56450.0,5057.5,44880.0,172.05342983312983,9.135110961066353,7515.225,19990.7775,18259.1,15302.0,2392.0,0.0,0.0,1511.75,0.4979889,2021
2022-12-22 21:00:00+00:00,11.5690155,80.46928043999999,0.9880226656636976,-0.154308820664281,2142607.0,89.5,0.7071067811865474,-0.7071067811865477,1.0,50450.0,7117.2,41310.0,240.6120356640944,8.697166522343942,8654.4575,35973.99,16200.15,16364.0,4536.0,0.0,0.0,12209.85,8.251177,2022
2021-08-04 07:00:00+00:00,16.561863,46.29497964,-0.8382797052177743,-0.5452404385406511,2607829.0,41.75,-0.2588190451025208,0.9659258262890684,1.0,43950.0,7117.2,41400.0,414.6251922669923,16.846583247184746,8106.155,49820.025,21055.7,21191.0,5079.0,652.18,448510.34,739.61,0.79209703,2021
2019-09-23 16:00:00+00:00,18.737717,22.79031588,-0.1330147065341963,-0.9911140639934546,2650572.0,10.05,-0.5000000000000004,-0.8660254037844385,1.0,47800.0,7117.2,40240.0,157.59661650386647,18.33425005276997,9751.5475,56031.3225,22094.1,21756.0,2801.0,1470.48,697962.3,2562.44,4.579343,2019
2019-02-04 22:00:00+00:00,4.433701,22.79031588,0.8239230057575543,0.5667017562911175,1474810.0,19.35,0.8660254037844384,-0.5000000000000004,1.0,76800.0,7117.2,55920.0,406.1965167887668,5.582333326339724,9970.329999999998,31220.725,27141.4,17358.0,5297.0,0.0,0.0,2680.3,2.7064683,2019
2018-08-14 13:00:00+00:00,22.062834,15.1252596,-0.7324940716135788,-0.6807734094770164,2869444.0,23.55,-0.9659258262890684,-0.2588190451025203,1.0,44950.0,7117.2,40275.0,175.4080203093203,18.23574995994566,8683.09,36428.08999999999,22788.2,13432.0,3608.0,4433.28,2151063.5,2448.12,4.661145,2018
2018-03-31 05:00:00+00:00,5.165183,15.1252596,0.0215160974362222,0.9997685019798908,586044.0,19.59,0.2588190451025207,0.9659258262890684,0.0,54200.0,6071.9,45555.0,519.771500897662,7.174833238124846,8290.415,32134.4575,9152.4,14585.0,6237.0,0.0,0.0,1469.53,3.9797487,2018
2018-12-24 12:00:00+00:00,10.032999,15.1252596,0.9927487224577402,-0.1202080448993527,2164121.0,24.05,-1.0,1.2246467991473532e-16,1.0,59050.0,5267.1,53875.0,467.08822352462346,9.71983329455056,9447.1975,38609.39,23259.9,12025.0,5580.0,1977.57,711786.3,2019.18,1.9251498,2018
2020-01-20 20:00:00+00:00,3.8171237,17.2389636,0.9413173175128472,0.3375228995941133,2426891.0,10.7,0.5000000000000001,-0.8660254037844386,1.0,73200.0,7117.2,51190.0,254.33437802197807,6.905916631221772,10568.1675,50818.935,24945.1,21867.0,5634.0,0.0,0.0,4782.73,6.8449874,2020
2021-03-08 16:00:00+00:00,8.454885,46.29497964,0.4054257283599973,0.9141279881853336,1176034.0,16.85,-0.5000000000000004,-0.8660254037844385,1.0,61250.0,7117.2,44770.0,289.9873139397639,9.193166573842364,10689.0625,58176.19,21090.0,22757.0,6270.0,1493.95,847649.4,1697.64,3.1576016,2021
2019-09-03 12:00:00+00:00,21.596842,22.79031588,-0.4597327394521046,-0.888057322629493,2718854.0,7.18,-1.0,1.2246467991473532e-16,1.0,52150.0,7117.2,40890.0,182.0802051282052,20.42012492815653,8579.37,29708.845,26241.1,22782.0,2458.0,6146.89,2477692.0,1324.15,1.7176178,2019
2019-01-01 07:00:00+00:00,5.7759132,22.79031588,0.9998518392091162,0.0172133561558346,2186488.0,21.05,-0.2588190451025208,0.9659258262890684,0.0,52050.0,6071.9,56010.0,227.5836082824583,6.954055574205188,6485.6275000000005,12012.304999999991,17375.7,10621.0,3247.0,0.0,16.6947,1839.79,2.3377786,2019
2022-06-07 15:00:00+00:00,20.429209,80.46928043999999,-0.9123747579707272,0.4093559588156217,2345706.0,79.0,-0.7071067811865477,-0.7071067811865475,1.0,46850.0,6113.8,29125.0,209.5169253154253,19.780389044019923,8617.195,33145.365000000005,15154.475,21897.0,4233.0,6560.5,1942566.0,5081.12,5.029929,2022
2019-06-25 00:00:00+00:00,18.859552,22.79031588,-0.993746580436178,0.1116590071216946,2394994.0,9.13,1.0,0.0,1.0,41600.0,7117.2,45843.0,326.0912268823769,20.30100019772846,7283.700000000001,23187.485,21387.7,17023.0,5173.0,0.0,0.0,4111.43,2.3284187,2019
2020-01-26 23:00:00+00:00,7.0712833,17.2389636,0.901501684131884,0.4327755925504312,2426891.0,10.486666666666666,0.9659258262890684,-0.2588190451025207,1.0,62650.0,7117.2,51975.0,253.13572344322336,6.916791617870329,6536.7925,28608.237500000003,17684.1,12873.0,3640.0,0.0,0.0,7978.15,6.7125163,2020
2023-01-12 18:00:00+00:00,9.548211,89.55725625000001,0.9787400799669153,0.2051044998686192,2347129.0,64.5,-1.8369701987210292e-16,-1.0,1.0,64350.0,7117.2,43665.0,416.4396129985152,7.590500156084698,6756.495000000001,29082.0025,27083.7,23292.0,6245.0,0.0,32.68923,15259.92,8.813759,2023
2021-06-26 07:00:00+00:00,16.811518,46.29497964,-0.9955213724144752,0.0945367498171995,2183321.0,32.13333333333333,-0.2588190451025208,0.9659258262890684,0.0,40300.0,6821.9,41960.0,400.0068490028491,16.912750244140632,8368.4025,34241.74500000001,16978.4,16509.0,6023.0,1310.99,856802.25,346.15,0.8818587,2021
2023-10-25 18:00:00+00:00,14.1191225,89.55725625000001,0.4054257283599965,-0.914127988185334,2730776.0,49.3,-1.8369701987210292e-16,-1.0,1.0,51700.0,4065.8,41335.0,255.1913876142376,14.876944594913043,8911.892500000002,40450.56,16644.775,21379.0,4958.0,0.0,518.9361,7266.93,5.8858256,2023
2019-04-20 16:00:00+00:00,18.411602,22.79031588,-0.3171912885891059,0.9483615800121716,921232.0,14.805,-0.5000000000000004,-0.8660254037844385,0.0,41350.0,7075.5,45225.0,204.61303795278795,14.861333211263036,7850.7625,38131.495,13123.4,13583.0,3949.0,2899.52,1602922.0,3033.71,5.4338007,2019
2020-06-23 04:00:00+00:00,14.589386,17.2389636,-0.99167731989929,0.1287481774525808,2854415.0,5.72,0.5000000000000001,0.8660254037844386,1.0,37650.0,5114.2,30380.0,267.05096168091166,17.142533175150547,7662.52,44462.425,19304.9,15548.0,5124.0,7.62,5112.714,2596.46,2.6283112,2020
2018-07-30 23:00:00+00:00,20.293058,15.1252596,-0.8820480249558538,-0.4711595076738635,2817640.0,22.3,0.9659258262890684,-0.2588190451025207,1.0,41400.0,7117.2,43505.0,175.92209395604397,21.08113320668539,7743.3875,42150.8025,22938.4,18728.0,3228.0,0.0,0.0,1232.76,1.7880445,2018
2020-01-26 08:00:00+00:00,5.568418,17.2389636,0.901501684131884,0.4327755925504312,2426891.0,10.486666666666666,-0.4999999999999998,0.8660254037844387,0.0,63250.0,7117.2,49750.0,250.66716943426945,6.559750060240428,8272.4475,40970.545,19755.2,14827.0,4003.0,269.72,44928.918,3565.98,4.412115,2020
2020-04-14 02:00:00+00:00,7.8193903,17.2389636,-0.2344913895704096,0.9721181966290612,1551504.0,7.18,0.8660254037844387,0.4999999999999999,1.0,35700.0,6993.4,40045.0,189.36414566544565,13.629125118255608,6064.585,24257.53,14307.4,7751.0,3898.0,0.0,0.0,6246.97,6.1357417,2020
2021-03-14 03:00:00+00:00,5.958783,46.29497964,0.3090169943749474,0.9510565162951536,1176034.0,18.48333333333333,0.7071067811865476,0.7071067811865476,0.0,49900.0,6111.4,45775.0,277.37318351648355,7.857500076293941,5602.1025,4877.4000000000015,13778.8,11400.0,3556.0,0.0,0.0,8866.05,8.978164,2021
2022-03-08 07:00:00+00:00,3.3096902,80.46928043999999,0.4054257283599973,0.9141279881853336,1420843.0,210.0,-0.2588190451025208,0.9659258262890684,1.0,75200.0,7117.2,42760.0,234.6854668498168,6.916277819209632,8513.435000000001,49632.1425,23390.8,24428.0,5460.0,715.4,83282.93,6247.62,5.9585447,2022
2023-07-20 00:00:00+00:00,17.85522,89.55725625000001,-0.9497178427914318,-0.3131070409358262,3013784.0,27.08,1.0,0.0,1.0,39900.0,7117.2,35815.0,189.15409763569764,23.22411081526015,6696.787499999999,34307.8025,21133.625,18256.0,3481.0,0.0,0.0,2461.53,3.6529875,2023
2020-01-20 10:00:00+00:00,4.178343,17.2389636,0.9413173175128472,0.3375228995941133,2426891.0,10.7,-0.8660254037844387,0.4999999999999999,1.0,79500.0,6771.9,51190.0,254.33437802197807,6.676458219687144,11276.8025,58160.84749999999,22674.2,24804.0,5800.0,2437.64,579886.75,5085.71,6.9006176,2020
2023-12-24 12:00:00+00:00,11.009891,89.55725625000001,0.9927487224577402,-0.1202080448993527,2761956.0,33.82,-1.0,1.2246467991473532e-16,0.0,49850.0,7117.2,42790.0,678.8999762700262,8.972666952345106,4872.515,2306.269999999997,11876.625,8271.0,5436.0,5386.92,730852.0,16119.31,8.006386,2023
2021-05-23 04:00:00+00:00,8.900893,46.29497964,-0.7775971469736267,0.6287628145958347,1413451.0,24.8,0.5000000000000001,0.8660254037844386,0.0,37150.0,5068.5,39475.0,514.6897201058202,12.114000002543117,5175.995000000001,11658.542499999996,15595.5,10339.0,6435.0,0.0,1031.4393,3762.21,4.656027,2021
2018-08-02 15:00:00+00:00,28.051884,15.1252596,-0.8565509959010037,-0.5160623910158526,2817640.0,22.15,-0.7071067811865477,-0.7071067811865475,1.0,50950.0,7117.2,41614.0,174.12910502645502,21.712625026702888,8211.827500000001,56082.60999999999,29827.6,28305.0,4236.0,3607.85,2325068.8,1137.57,1.9389411,2018
2021-06-05 14:00:00+00:00,18.232265,46.29497964,-0.8977433935342337,0.440518784350495,1628356.0,26.11,-0.8660254037844386,-0.5000000000000001,0.0,39300.0,5068.5,39795.0,343.07020093610095,16.8090558581882,5794.26,33235.5775,15614.4,12553.0,5923.0,6111.88,2078838.6,2674.05,2.1155107,2021
2020-09-11 09:00:00+00:00,19.241438,17.2389636,-0.3171912885891059,-0.9483615800121716,2929369.0,10.43,-0.7071067811865475,0.7071067811865476,1.0,51100.0,7117.2,33745.0,157.46238225478226,17.804466501871737,8646.627499999999,36772.0725,21799.8,22513.0,2739.0,4385.49,1356152.4,566.03,1.2612722,2020
2020-06-21 21:00:00+00:00,17.373785,17.2389636,-0.986657932891657,0.1628070129385171,2837466.0,5.296666666666667,0.7071067811865474,-0.7071067811865477,0.0,43950.0,6450.5,33505.0,295.3008598697599,17.56100018819174,7231.3325,37505.7875,18142.2,13246.0,5764.0,0.0,1955.2054,2889.06,4.5903106,2020
2023-12-23 04:00:00+00:00,8.493141,89.55725625000001,0.9905324521322229,-0.1372787721132651,2761956.0,33.809999999999995,0.5000000000000001,0.8660254037844386,0.0,45100.0,7117.2,45115.0,722.9839787434788,8.573333422342934,3547.7000000000007,1951.622500000005,11338.85,11401.0,5412.0,0.0,0.0,10932.0,8.225906,2023
2018-06-05 01:00:00+00:00,15.249351,15.1252596,-0.8977433935342337,0.440518784350495,2062657.0,21.85,0.9659258262890684,0.2588190451025207,1.0,37600.0,4161.8,42760.0,437.17054061864064,14.823416789372777,7429.202499999999,43230.06,19116.1,15578.0,7196.0,0.0,0.0,1686.67,1.45427,2018
2020-11-30 07:00:00+00:00,3.664723,17.2389636,0.8695893893466109,-0.4937755501599773,2674858.0,15.2,-0.2588190451025208,0.9659258262890684,1.0,73450.0,7117.2,50945.0,169.01593256003258,6.27311121092902,10954.3775,60935.16499999999,27739.3,25018.0,4685.0,0.0,1150.1401,1242.88,1.2417322,2020
2021-12-07 10:00:00+00:00,7.407689,46.29497964,0.9158642882672872,-0.4014879892059729,2059628.0,96.7,-0.8660254037844387,0.4999999999999999,1.0,75700.0,4861.2,42975.0,402.69278133903134,6.319888856675891,8932.895,55943.67250000001,15478.6,23445.0,5649.0,2398.15,492593.2,6327.28,6.275184,2021
2022-10-03 08:00:00+00:00,14.022014,80.46928043999999,0.0387222808921739,-0.9992500112396836,2313405.0,132.42,-0.4999999999999998,0.8660254037844387,1.0,49250.0,6111.4,26800.0,293.30850201851285,15.180249929428076,8441.0175,28048.965,19888.275,19029.0,3865.0,3035.69,522198.88,1532.72,0.96335804,2022
2020-11-03 08:00:00+00:00,10.746262,17.2389636,0.5560174366570438,-0.8311706263658084,3088786.0,13.7,-0.4999999999999998,0.8660254037844387,1.0,56100.0,6125.5,47577.0,258.3361180504681,12.17400018374125,7699.735000000001,43518.05,21723.9,22861.0,4575.0,499.3,173562.03,3430.73,4.3018885,2020
2021-02-06 09:00:00+00:00,7.8255634,46.29497964,0.8039279618328213,0.5947266869607633,1859154.0,19.23333333333333,-0.7071067811865475,0.7071067811865476,0.0,60300.0,7117.2,48190.0,1025.6722165445665,8.30891672770182,9275.36,26346.985,18864.7,19200.0,6830.0,1440.46,299782.38,2593.8,2.928532,2021
2021-05-20 02:00:00+00:00,8.776065,46.29497964,-0.7441039398713604,0.6680638642135338,1413451.0,24.7,0.8660254037844387,0.4999999999999999,1.0,42550.0,5068.5,42205.0,520.2700013227512,12.291833241780594,7885.2375,41544.915,18065.2,13840.0,6416.0,0.0,0.0,2411.48,2.5107117,2021
2021-05-13 23:00:00+00:00,9.895127,46.29497964,-0.6584015846980488,0.7526668275320085,1231647.0,26.4,0.9659258262890684,-0.2588190451025207,1.0,42800.0,7117.2,40705.0,449.27839430199424,12.737611187828913,7807.130000000001,35816.685,14177.9,14312.0,6665.0,0.0,0.0,2654.5,4.071404,2021
2018-03-09 01:00:00+00:00,7.172624,15.1252596,0.3896304495307879,0.9209712877166346,665128.0,19.95,0.9659258262890684,0.2588190451025207,1.0,60950.0,6071.9,51555.0,427.0970312011034,7.004916707674658,8354.269999999999,31597.855,15577.1,15223.0,5151.0,0.0,0.0,2592.99,4.8928723,2018
2018-05-05 11:00:00+00:00,16.7846,15.1252596,-0.548842958284719,0.8359254794186372,1002365.0,20.49,-0.9659258262890682,0.258819045102521,0.0,46550.0,5066.1,40500.0,339.8321107628997,11.918416857719423,6342.3425,25624.26,18429.9,15069.0,6303.0,4366.29,2682091.5,2298.13,3.8889425,2018
2020-02-22 06:00:00+00:00,5.2863226,17.2389636,0.6118864012687244,0.7909456567567772,2116585.0,9.406666666666666,6.123233995736766e-17,1.0,0.0,57950.0,7117.2,47014.0,391.5531775539276,8.299791534741718,5998.314999999999,13364.622499999998,22546.9,17744.0,4910.0,0.0,0.0,8214.89,5.9707303,2020
2019-08-19 03:00:00+00:00,16.25237,22.79031588,-0.6712599575675318,-0.7412220108485954,2777986.0,9.55,0.7071067811865476,0.7071067811865476,1.0,33400.0,7117.2,40098.0,196.8427709401709,20.38729182879132,6096.5075,31483.24,16854.8,11185.0,2693.0,0.0,0.0,2533.6,3.3803842,2019
2018-06-04 11:00:00+00:00,19.336933,15.1252596,-0.8900275764346767,0.4559066935084588,2062657.0,22.15,-0.9659258262890682,0.258819045102521,1.0,53000.0,4676.8,42760.0,410.0838156695157,15.211833477020267,8652.33,43574.07000000001,22482.9,20005.0,7349.0,3104.77,2063563.0,1417.97,1.2146995,2018
2019-03-05 01:00:00+00:00,7.057543,22.79031588,0.4520722039323043,0.8919813464595485,1161979.0,17.08,0.9659258262890684,0.2588190451025207,1.0,56550.0,7117.2,51966.0,258.36005946275947,8.752166628837584,6789.879999999999,6998.910000000004,18375.2,14333.0,3577.0,0.0,0.0,7638.33,7.9705334,2019
2018-02-14 16:00:00+00:00,6.7698727,15.1252596,0.7146733860429609,0.699458327051647,1194343.0,18.23,-0.5000000000000004,-0.8660254037844385,1.0,75850.0,7117.2,56895.0,451.88809377515486,5.424333333969116,10870.765,65871.725,22115.8,26659.0,5843.0,315.01,334819.47,5706.05,5.2613144,2018
2020-06-01 06:00:00+00:00,15.206804,17.2389636,-0.8738071036110806,0.4862727071086904,2698730.0,3.6,6.123233995736766e-17,1.0,0.0,32550.0,4106.7,36845.0,176.23673072853072,18.66366664568583,5980.5725,20976.765000000007,21498.3,11077.0,4016.0,1244.62,515007.06,2936.55,3.9363549,2020
2021-04-19 13:00:00+00:00,12.962532,46.29497964,-0.3008198076356675,0.9536809966304456,874649.0,21.52,-0.9659258262890684,-0.2588190451025203,1.0,53050.0,6111.4,37565.0,186.4205871591372,12.044611136118563,8242.345000000001,42854.58,19322.5,18403.0,2824.0,7918.8,2380313.8,613.05,0.580661,2021
2018-08-14 07:00:00+00:00,18.152699,15.1252596,-0.7324940716135788,-0.6807734094770164,2869444.0,23.55,-0.2588190451025208,0.9659258262890684,1.0,42650.0,7117.2,40275.0,175.4080203093203,18.493999862670886,9602.2475,50309.77,23315.4,14703.0,3849.0,1553.9,523415.06,1553.82,4.1478195,2018
2022-08-01 05:00:00+00:00,18.223919,80.46928043999999,-0.8653072543632061,-0.5012418134457756,2274044.0,198.75,0.2588190451025207,0.9659258262890684,1.0,39400.0,7117.2,24776.0,136.26412903300402,21.187166213989272,8148.157499999999,45514.9475,22014.275,19355.0,2248.0,263.54,26417.887,1067.37,2.3944614,2022
2021-12-11 14:00:00+00:00,8.2701025,46.29497964,0.941317317512847,-0.3375228995941134,2059628.0,107.68333333333332,-0.8660254037844386,-0.5000000000000001,0.0,65100.0,5042.0,43570.0,594.794458058608,6.124277691046399,9329.66,49213.605,13748.1,17486.0,4703.0,1658.44,510550.06,2887.26,4.51212,2021
2018-06-02 01:00:00+00:00,14.602083,15.1252596,-0.8738071036110806,0.4862727071086904,1791003.0,21.95,0.9659258262890684,0.2588190451025207,0.0,36050.0,4076.8,43060.0,444.4777311965812,14.203499952952091,7458.2325,40348.1675,18976.7,14125.0,7450.0,0.0,0.0,765.45,1.3598368,2018
2018-10-06 21:00:00+00:00,14.244439,15.1252596,0.0902516100310407,-0.9959189961471792,2533385.0,27.2,0.7071067811865474,-0.7071067811865477,0.0,46450.0,7117.2,39970.0,130.83137065527066,16.08358335494994,7320.1225,34215.655,17078.2,14545.0,2064.0,0.0,0.0,3738.54,3.646244,2018
2018-01-14 02:00:00+00:00,4.3260875,15.1252596,0.9711000518829505,0.2386727660059501,1719409.0,19.2,0.8660254037844387,0.4999999999999999,0.0,58450.0,7117.2,55035.0,646.2492081603582,6.464333216349283,8217.555,36487.6975,17400.8,11737.0,5593.0,0.0,0.0,2374.62,2.0192668,2018
2018-01-14 11:00:00+00:00,5.7840023,15.1252596,0.9711000518829505,0.2386727660059501,1719409.0,19.2,-0.9659258262890682,0.258819045102521,0.0,67900.0,7117.2,55170.0,646.2492081603582,6.512499928474428,9833.1975,44411.32749999999,25744.5,13928.0,6312.0,1659.95,762688.56,1248.48,1.4903841,2018
2021-03-30 19:00:00+00:00,14.574011,46.29497964,0.0387222808921744,0.9992500112396836,961615.0,18.75,0.2588190451025203,-0.9659258262890684,1.0,48700.0,6111.4,42624.0,247.2979945665446,12.6770553059048,9990.585,53332.415,21849.9,20407.0,5657.0,33.4,22345.562,1734.28,3.4014554,2021
2020-03-19 22:00:00+00:00,10.061154,17.2389636,0.2093146459630487,0.9778483415056568,1779274.0,8.7,0.8660254037844384,-0.5000000000000004,1.0,50050.0,7117.2,43059.0,433.5301914122914,11.27149991194406,8048.495,52308.15,19230.0,14076.0,7014.0,0.0,0.0,3169.96,4.5063243,2020
2021-10-26 06:00:00+00:00,10.566811,46.29497964,0.4211008707960891,-0.9070138128026362,2291919.0,87.83,6.123233995736766e-17,1.0,1.0,58200.0,6121.4,42795.0,146.69180759055757,11.949722210566197,9716.7,52155.0425,25088.4,24893.0,2539.0,0.0,45.48923,2951.81,3.2281454,2021
2023-05-06 20:00:00+00:00,15.114041,89.55725625000001,-0.5631507242749186,0.8263541987239096,1737740.0,36.325,0.5000000000000001,-0.8660254037844386,0.0,39800.0,5110.1,35580.0,289.9337463924964,18.20200030008949,7955.597500000002,31861.92,17181.85,14416.0,5680.0,0.0,6426.716,1434.34,0.494046,2023
2018-08-17 19:00:00+00:00,19.5366,15.1252596,-0.6963762255968724,-0.7176769136759618,2869444.0,24.1,0.2588190451025203,-0.9659258262890684,1.0,41850.0,7117.2,39890.0,170.48020303215307,18.17312502861021,9154.285000000002,53172.85,20799.3,16869.0,3961.0,0.57,125488.2,2145.24,4.1275826,2018
2022-07-15 03:00:00+00:00,17.537096,80.46928043999999,-0.973118337233262,-0.2303056702306119,2462110.0,154.25,0.7071067811865476,0.7071067811865476,1.0,36600.0,7117.2,25545.0,147.32695785510785,23.39100042978924,7808.64,33225.072499999995,19128.125,17343.0,2402.0,0.0,0.0,2926.92,3.5851936,2022
2023-06-09 08:00:00+00:00,19.579075,89.55725625000001,-0.9259247771938498,0.3777079652039649,2579634.0,31.75,-0.4999999999999998,0.8660254037844387,1.0,47750.0,5118.0,32630.0,247.5182298220298,18.55788861380685,4467.08,24764.975,10856.25,17104.0,5249.0,5527.21,1351491.5,3119.81,3.6205647,2023
2022-04-30 09:00:00+00:00,12.604299,80.46928043999999,-0.4749510720670499,0.8800122039735357,1380258.0,96.4625,-0.7071067811865475,0.7071067811865476,0.0,44550.0,6125.5,28203.0,236.6735067358568,14.453944259219682,6030.76,34189.494999999995,11114.3,13190.0,4577.0,6948.74,1629383.8,2144.73,2.8014333,2022
2020-03-27 10:00:00+00:00,8.78851,17.2389636,0.0730951298980775,0.9973249731081556,1763973.0,7.43,-0.8660254037844387,0.4999999999999999,1.0,54450.0,7117.2,41304.0,287.4862964997965,9.7056249777476,5761.2,26721.329999999994,20014.3,14883.0,5433.0,5459.9,1823811.0,1985.24,4.1555314,2020
2020-10-18 16:00:00+00:00,13.51792,17.2389636,0.3090169943749472,-0.9510565162951536,3019708.0,14.923333333333334,-0.5000000000000004,-0.8660254037844385,0.0,48050.0,6125.5,45210.0,221.56317564102565,11.88223317464193,9148.9175,42830.22,17494.4,15033.0,3656.0,980.02,544238.94,743.58,0.47125757,2020
2019-04-20 08:00:00+00:00,14.250624,22.79031588,-0.3171912885891059,0.9483615800121716,921232.0,14.805,-0.4999999999999998,0.8660254037844387,0.0,45700.0,7075.5,44770.0,204.61303795278795,13.38533314069111,7678.887500000001,24068.2025,15750.2,12327.0,4474.0,3544.8,1334261.8,2043.59,4.522187,2019
2019-12-26 14:00:00+00:00,9.923649,22.79031588,0.9962981749346076,-0.0859647987374467,2804309.0,11.85,-0.8660254037844386,-0.5000000000000001,1.0,58100.0,7117.2,49890.0,765.6001929792429,8.862791816393534,8923.7,41545.3975,20273.6,11122.0,7002.0,1663.13,680557.8,6957.06,4.825115,2019
2022-11-03 14:00:00+00:00,14.072718,80.46928043999999,0.5416278206559811,-0.8406184056344783,2455704.0,78.0,-0.8660254037844386,-0.5000000000000001,1.0,45700.0,5066.1,30065.0,174.81942049255093,13.129083395004267,7493.7325,42176.27999999999,11685.175,22076.0,3209.0,2870.56,625779.4,9321.12,6.2950606,2022
2018-07-21 13:00:00+00:00,21.766731,15.1252596,-0.9441875088341996,-0.3294084822245298,2788177.0,22.043333333333333,-0.9659258262890684,-0.2588190451025203,0.0,44200.0,7117.2,40205.0,195.0570777370777,18.43904201189676,6251.16,39736.005000000005,22372.5,17312.0,3706.0,3761.57,2197909.5,1153.64,2.3141778,2018
2022-05-03 12:00:00+00:00,15.515127,80.46928043999999,-0.5197438121555155,0.854322169749827,1418563.0,96.35,-1.0,1.2246467991473532e-16,1.0,51100.0,6125.5,30093.0,214.7512204924705,14.978944089677602,5763.967500000001,33616.765,12186.1,17655.0,4282.0,8512.07,2340704.8,2019.03,2.8299196,2022
2021-03-28 03:00:00+00:00,5.769378,46.29497964,0.0730951298980775,0.9973249731081556,994654.0,18.44,0.7071067811865476,0.7071067811865476,0.0,47150.0,6111.4,41474.0,256.23077887667887,8.56000004874336,5176.200000000001,20036.2525,15711.1,12006.0,3759.0,0.0,0.0,3403.81,3.5927548,2021
2022-10-05 08:00:00+00:00,15.380457,80.46928043999999,0.0730951298980768,-0.9973249731081556,2313405.0,91.57,-0.4999999999999998,0.8660254037844387,1.0,50300.0,6111.4,27260.0,252.2618812005225,14.8596670627594,5157.620000000001,28932.895000000004,17891.275,21182.0,3521.0,3221.73,597285.75,6833.92,5.487549,2022
2019-02-14 09:00:00+00:00,5.837685,22.79031588,0.7146733860429609,0.699458327051647,1446619.0,17.75,-0.7071067811865475,0.7071067811865476,1.0,77850.0,7117.2,54610.0,343.6004017908018,6.671111000908742,10132.27,54846.08249999999,27295.5,24819.0,5889.0,2406.57,669350.0,3219.86,3.6994557,2019
2022-09-09 21:00:00+00:00,17.143877,80.46928043999999,-0.3657225234972692,-0.9307239310379792,2240533.0,191.7,0.7071067811865474,-0.7071067811865477,1.0,44300.0,7117.2,26693.0,158.14792015022016,18.469916343688965,7417.7775,37670.2925,22570.9,16657.0,2488.0,0.0,0.0,5325.71,4.6136045,2022
2022-11-30 05:00:00+00:00,6.324886,80.46928043999999,0.8609610158889941,-0.5086709438521049,2462887.0,139.0,0.2588190451025207,0.9659258262890684,1.0,57450.0,7117.2,36208.0,213.0855690957191,8.038583238919575,9125.8275,55740.875,21896.2,18863.0,3435.0,0.0,0.0,1796.05,2.4273212,2022
2023-10-19 15:00:00+00:00,17.267305,89.55725625000001,0.3090169943749472,-0.9510565162951536,2620085.0,44.65,-0.7071067811865477,-0.7071067811865475,1.0,46950.0,5540.8,43010.0,158.34922140082142,17.998722182379808,8455.7075,37225.3825,7878.125,21850.0,2811.0,2728.07,483026.22,7214.59,6.7631993,2023
2022-08-09 16:00:00+00:00,27.45918,80.46928043999999,-0.7883050558305256,-0.6152845999633274,2280964.0,190.0,-0.5000000000000004,-0.8660254037844385,1.0,45800.0,7117.2,26888.0,120.84214573944575,24.481833299001032,6075.030000000001,44247.22750000001,17827.125,17660.0,2208.0,5390.76,1884377.2,4317.2,4.6601014,2022
2019-08-27 10:00:00+00:00,23.672438,22.79031588,-0.5631507242749187,-0.8263541987239094,2760250.0,10.45,-0.8660254037844387,0.4999999999999999,1.0,54950.0,7117.2,41900.0,209.30935952380952,22.051583131154366,8601.04,37606.29750000001,29268.2,20249.0,3557.0,4712.33,1924194.9,893.76,0.58304214,2019
2020-07-01 01:00:00+00:00,17.323994,17.2389636,-0.9999629591162656,-0.0086069968886884,2972388.0,5.57,0.9659258262890684,0.2588190451025207,1.0,36150.0,7117.2,30586.0,263.7054396825397,18.52793305714925,5724.2325,22778.3775,19766.5,15531.0,4728.0,0.0,0.0,3157.85,3.9966369,2020
2021-07-02 03:00:00+00:00,14.868408,46.29497964,-0.9999629591162656,-0.0086069968886884,2310252.0,36.2,0.7071067811865476,0.7071067811865476,1.0,37150.0,7117.2,39720.0,454.9989199226698,17.622249921162908,7912.7625,43124.5125,22358.1,16870.0,5825.0,0.0,0.0,990.86,1.077995,2021
2021-10-26 07:00:00+00:00,10.754079,46.29497964,0.4211008707960891,-0.9070138128026362,2291919.0,87.83,-0.2588190451025208,0.9659258262890684,1.0,58950.0,6121.4,43700.0,146.69180759055757,11.934888786739767,9730.8075,50853.7975,23951.1,24693.0,2836.0,0.0,47182.266,3028.29,3.179428,2021
2022-09-08 00:00:00+00:00,17.080893,80.46928043999999,-0.3816892202666594,-0.924290722193093,2240533.0,210.6,1.0,0.0,1.0,38500.0,7117.2,26396.0,154.6485168285418,19.89083353678386,6957.44,36978.8875,18618.075,15433.0,2361.0,0.0,0.0,3798.28,4.536094,2022
2023-10-25 17:00:00+00:00,14.355201,89.55725625000001,0.4054257283599965,-0.914127988185334,2730776.0,49.3,-0.2588190451025206,-0.9659258262890684,1.0,53250.0,4065.8,41335.0,255.1913876142376,14.899444156222884,9378.64,44829.46250000001,15263.725,22736.0,4789.0,4.67,47848.81,8410.720000000001,5.8126683,2023
2021-09-16 12:00:00+00:00,19.66031,46.29497964,-0.2511900638848195,-0.9679377830240642,2394175.0,60.85,-1.0,1.2246467991473532e-16,1.0,51900.0,7117.2,43916.0,230.63263506308508,20.276277754041875,8317.3725,34774.4625,19996.0,24089.0,3183.0,4347.32,1667079.0,751.07,1.8654798,2021
2019-05-08 07:00:00+00:00,11.490506,22.79031588,-0.5912614448635781,0.8064799463209448,1130279.0,14.48,-0.2588190451025208,0.9659258262890684,0.0,45300.0,6125.5,45425.0,240.71942702482696,13.467083295186349,9196.175,45025.355,18208.6,23010.0,5219.0,1220.41,382587.4,5735.17,6.4232144,2019
2019-02-18 06:00:00+00:00,4.988107,22.79031588,0.6648553979642865,0.7469720876965552,1319494.0,17.35,6.123233995736766e-17,1.0,1.0,68100.0,7117.2,53825.0,278.15358931623933,6.955000062783558,10750.94,56556.4075,26210.2,22537.0,5281.0,0.0,0.0,4239.45,4.0471144,2019
2022-11-07 06:00:00+00:00,10.782525,80.46928043999999,0.5981809144059166,-0.8013610881746764,2495545.0,53.0,6.123233995736766e-17,1.0,1.0,48650.0,6071.9,30805.0,179.01824777316085,10.660499970118202,6353.4475,32001.755000000005,19716.25,18757.0,3409.0,0.0,0.0,9876.55,6.7683854,2022
2020-08-29 09:00:00+00:00,16.281328,17.2389636,-0.5197438121555157,-0.8543221697498269,2955316.0,9.756666666666668,-0.7071067811865475,0.7071067811865476,0.0,41600.0,7117.2,33750.0,155.72468679283682,17.97326679229736,5839.620000000001,26859.85750000001,13011.6,16622.0,2809.0,3607.39,1117844.8,1484.0,3.3936627,2020
2018-07-09 14:00:00+00:00,24.898365,15.1252596,-0.99167731989929,-0.1287481774525806,2807415.0,22.63,-0.8660254037844386,-0.5000000000000001,1.0,53300.0,6071.9,44140.0,237.6599464794465,19.88208365440368,8907.555,38176.25,26890.8,24397.0,4840.0,4443.94,2598012.8,2472.02,3.698775,2018
2021-03-03 18:00:00+00:00,10.291378,46.29497964,0.4825077417612184,0.8758917051442429,1386764.0,16.05,-1.8369701987210292e-16,-1.0,1.0,65100.0,7117.2,43675.0,315.3122639397639,9.422166665395109,11149.68,56493.7525,29334.5,24134.0,7097.0,0.0,73142.28,1065.03,0.8509803,2021
2020-08-24 22:00:00+00:00,17.34246,17.2389636,-0.5912614448635782,-0.8064799463209447,2955316.0,8.02,0.8660254037844384,-0.5000000000000004,1.0,42600.0,7117.2,34900.0,154.89633742368744,19.70806674957276,7689.7875,37450.485,23428.3,14701.0,2833.0,0.0,0.0,1160.37,1.7672343,2020
2021-10-26 05:00:00+00:00,10.559475,46.29497964,0.4211008707960891,-0.9070138128026362,2291919.0,87.83,0.2588190451025207,0.9659258262890684,1.0,54950.0,6121.4,42795.0,146.69180759055757,12.000333229700711,9469.195,50857.89,23286.5,22888.0,2123.0,0.0,0.0,2875.75,3.24858,2021
2020-03-05 02:00:00+00:00,8.349542,17.2389636,0.436651231956064,0.8996308696522433,1864482.0,9.4,0.8660254037844387,0.4999999999999999,1.0,57500.0,7117.2,47704.0,693.3990552096052,8.150791664918264,8014.557500000001,42886.675,10541.7,14892.0,6503.0,0.0,0.0,4821.78,4.606994,2020
2021-06-05 16:00:00+00:00,18.105825,46.29497964,-0.8977433935342337,0.440518784350495,1628356.0,26.11,-0.5000000000000004,-0.8660254037844385,0.0,39400.0,5068.5,39910.0,343.07020093610095,17.040500005086248,6811.6875,40575.465,16193.9,15412.0,6375.0,4834.81,1475328.6,2578.2,2.2999556,2021
2022-03-07 20:00:00+00:00,4.6151576,80.46928043999999,0.4211008707960896,0.907013812802636,1420843.0,227.0,0.5000000000000001,-0.8660254037844386,1.0,65300.0,7117.2,42760.0,236.381658038258,7.924222350120544,8590.697499999998,56319.725000000006,24965.2,21453.0,5168.0,0.0,0.0,5803.26,5.8549747,2022
2021-06-16 17:00:00+00:00,24.574247,46.29497964,-0.9646141756912434,0.2636654927280075,2002076.0,28.15,-0.2588190451025206,-0.9659258262890684,1.0,51950.0,5068.5,39565.0,315.0554637769638,23.2727773454454,9284.55,51839.5025,22306.3,24256.0,6061.0,3981.91,1142317.1,1275.58,1.2147591,2021
2020-08-24 15:00:00+00:00,22.21683,17.2389636,-0.5912614448635782,-0.8064799463209447,2955316.0,8.02,-0.7071067811865477,-0.7071067811865475,1.0,45300.0,7117.2,36040.0,148.5478214082214,20.69029992421468,8311.91,42706.91249999999,21795.9,19136.0,3196.0,4287.49,1792658.4,2732.84,3.2410598,2020
2020-06-03 00:00:00+00:00,15.759566,17.2389636,-0.8900275764346767,0.4559066935084588,2698730.0,4.9,1.0,0.0,1.0,37700.0,4856.7,36990.0,203.5885103785104,19.978541930516545,7309.8625,35415.645,19517.1,9854.0,4531.0,0.0,0.0,1203.68,1.9575173,2020
2020-03-30 18:00:00+00:00,6.6010385,17.2389636,0.0215160974362222,0.9997685019798908,1614814.0,7.15,-1.8369701987210292e-16,-1.0,1.0,57450.0,7117.2,41859.0,250.4626472120472,9.2534167766571,8194.8925,51660.2875,20290.4,15842.0,6074.0,37.29,246040.42,8193.24,6.4888673,2020
2020-07-08 19:00:00+00:00,20.941893,17.2389636,-0.99167731989929,-0.1287481774525806,3064947.0,5.5,0.2588190451025203,-0.9659258262890684,1.0,45150.0,7117.2,33610.0,218.1604123321124,20.64063332875568,9563.2025,50375.45,24614.3,22045.0,4836.0,171.15,310399.5,1636.22,1.7919718,2020
2022-02-04 11:00:00+00:00,8.518449,80.46928043999999,0.8239230057575543,0.5667017562911175,1747271.0,80.2,-0.9659258262890682,0.258819045102521,1.0,71100.0,7117.2,48656.0,258.06962435897435,6.481666770246291,7700.484999999999,32366.025,23405.8,22820.0,4259.0,3479.07,765903.25,9398.91,5.240243,2022
2021-12-05 13:00:00+00:00,6.675565,46.29497964,0.9015016841318838,-0.4327755925504317,2024972.0,88.11333333333333,-0.9659258262890684,-0.2588190451025203,0.0,62350.0,4296.2,41290.0,403.89402905982905,6.572055498758952,8628.695,42430.5025,4974.799999999999,14709.0,4597.0,2974.6,825861.7,7962.82,7.693345,2021
2022-08-24 08:00:00+00:00,22.250202,80.46928043999999,-0.6050560696488494,-0.7961828637826154,2250959.0,293.0,-0.4999999999999998,0.8660254037844387,1.0,49500.0,7117.2,25146.0,146.15470664335666,20.60858360926307,7807.8825,35687.39749999999,18271.675,16220.0,2201.0,5667.88,1093303.8,878.62,1.4136289,2022
2021-11-22 05:00:00+00:00,6.351554,46.29497964,0.7829801036770624,-0.622046748440868,2119853.0,84.35,0.2588190451025207,0.9659258262890684,1.0,60400.0,4046.2,43665.0,151.91822814407817,8.49644456969367,7589.555,49552.8875,18954.6,17449.0,1953.0,0.0,0.0,6728.73,6.885833,2021
2018-05-07 07:00:00+00:00,14.955171,15.1252596,-0.5772916165517272,0.8165380514459161,1101932.0,20.63,-0.2588190451025208,0.9659258262890684,1.0,46300.0,5066.1,42000.0,315.49475125265684,12.435750246047991,9365.5425,48101.4175,27212.0,23264.0,6926.0,1752.7,874824.9,1185.95,1.530303,2018
2022-07-09 05:00:00+00:00,16.166569,80.46928043999999,-0.99167731989929,-0.1287481774525806,2469618.0,168.92333333333335,0.2588190451025207,0.9659258262890684,0.0,36450.0,7117.2,28645.0,158.76736664631665,20.53416697184243,6469.575,29806.9975,17186.3,15736.0,2630.0,605.13,91362.62,2319.83,3.5827005,2022
2018-12-15 23:00:00+00:00,5.7588897,15.1252596,0.9623090774541484,-0.271958157534106,2230364.0,24.55,0.9659258262890684,-0.2588190451025207,0.0,69350.0,6121.4,53565.0,235.7216104599105,7.010916630427044,7343.405,28137.97,17127.4,14538.0,4039.0,0.0,0.0,5821.41,5.023569,2018
2023-07-20 01:00:00+00:00,17.35111,89.55725625000001,-0.9497178427914318,-0.3131070409358262,3013784.0,27.08,0.9659258262890684,0.2588190451025207,1.0,37400.0,7117.2,36780.0,189.15409763569764,23.06177775065105,6676.5175,33445.505,20949.35,17963.0,3371.0,0.0,0.0,2142.99,3.4248466,2023
2021-12-11 20:00:00+00:00,6.7685223,46.29497964,0.941317317512847,-0.3375228995941134,2059628.0,107.68333333333332,0.5000000000000001,-0.8660254037844386,0.0,64050.0,5042.0,43570.0,594.794458058608,6.194722281561957,7853.997499999999,40812.990000000005,24051.7,18440.0,4981.0,0.0,0.0,4008.47,4.1873484,2021
2018-01-29 17:00:00+00:00,9.075255,15.1252596,0.8779600847008882,0.4787338401157884,1639471.0,17.45,-0.2588190451025206,-0.9659258262890684,1.0,71450.0,7117.2,56065.0,874.69652203455,7.430249889691671,10640.455,46052.232500000006,31148.6,26292.0,6623.0,0.0,100131.71,3833.64,4.099639,2018
2021-01-05 11:00:00+00:00,2.7441158,46.29497964,0.9962981749346078,0.0859647987374464,2407326.0,18.05,-0.9659258262890682,0.258819045102521,1.0,85450.0,7117.2,51835.0,352.1922181318681,4.602888928519354,9689.4525,44970.3625,28508.6,19009.0,6359.0,2185.23,695913.44,2048.78,4.1670523,2021
2022-11-07 18:00:00+00:00,13.394794,80.46928043999999,0.5981809144059166,-0.8013610881746764,2495545.0,53.0,-1.8369701987210292e-16,-1.0,1.0,54500.0,6071.9,30805.0,179.01824777316085,11.389916499455753,6790.695,39253.08000000001,19328.4,21343.0,4092.0,0.0,8.7958975,10014.68,7.677593,2022
2019-12-22 07:00:00+00:00,8.956864,22.79031588,0.9880226656636976,-0.154308820664281,2652638.0,11.92,-0.2588190451025208,0.9659258262890684,0.0,50900.0,6071.9,46345.0,742.097928001628,8.99750006198883,7572.335000000001,31054.460000000003,7103.299999999999,12424.0,6953.0,0.0,42.425983,10600.31,11.146741,2019
2023-01-28 02:00:00+00:00,2.76041,89.55725625000001,0.886070621534138,0.4635502709028509,1860943.0,54.46666666666667,0.8660254037844387,0.4999999999999999,0.0,62700.0,7117.2,44740.0,283.2520271840076,4.697499997085996,8402.375,45056.975,11701.725,14033.0,3404.0,0.0,0.0,5877.15,6.047958,2023
2019-08-08 03:00:00+00:00,17.435564,22.79031588,-0.798779372886365,-0.6016240632249223,2749841.0,10.05,0.7071067811865476,0.7071067811865476,1.0,35250.0,7117.2,41603.0,202.0598412698413,21.825791597366347,6496.2325,33199.225,19088.5,13819.0,3260.0,0.0,0.0,1166.6,2.1447208,2019
2019-11-19 04:00:00+00:00,4.7608094,22.79031588,0.7498264012045686,-0.6616346182422783,2792032.0,15.2,0.5000000000000001,0.8660254037844386,1.0,60600.0,5008.0,40950.0,321.2352842083842,9.03987507025401,8357.755,26751.4,19314.8,15426.0,4443.0,0.0,0.0,1667.05,1.9183741,2019
2019-05-17 19:00:00+00:00,12.149069,22.79031588,-0.7086266782644596,0.705583610107178,1254728.0,13.07,0.2588190451025203,-0.9659258262890684,1.0,48400.0,5122.1,46855.0,249.3157447496948,13.62311130099828,9279.93,44345.9175,19549.8,20462.0,5982.0,40.11,141566.02,2303.44,2.2471306,2019
2021-04-19 01:00:00+00:00,6.093039,46.29497964,-0.3008198076356675,0.9536809966304456,874649.0,21.52,0.9659258262890684,0.2588190451025207,1.0,48700.0,6111.4,38325.0,186.4205871591372,10.000444412231436,7598.862499999999,37132.055,17793.0,10970.0,2681.0,0.0,0.0,2093.91,1.958283,2021
2018-10-30 15:00:00+00:00,9.982368,15.1252596,0.4825077417612184,-0.875891705144243,2418967.0,23.73,-0.7071067811865477,-0.7071067811865475,1.0,63000.0,6105.9,46880.0,166.054948026048,8.995500087738037,8982.785,32862.869999999995,24922.1,25483.0,2952.0,1402.81,562658.44,7420.81,4.7694426,2018
2020-10-01 14:00:00+00:00,16.084919,17.2389636,0.0215160974362222,-0.9997685019798908,2801270.0,12.13,-0.8660254037844386,-0.5000000000000001,1.0,49600.0,6765.5,40000.0,193.1043582010581,14.743899726867658,8156.4475,39863.18,12214.6,21675.0,3287.0,2916.61,1087715.9,5897.57,6.0579653,2020
2021-07-02 12:00:00+00:00,21.97024,46.29497964,-0.9999629591162656,-0.0086069968886884,2310252.0,36.2,-1.0,1.2246467991473532e-16,1.0,50050.0,7117.2,39720.0,454.9989199226698,19.048416614532474,7299.2649999999985,36483.2275,19216.5,21316.0,5762.0,6882.94,2600805.5,510.71,1.5357116,2021
2022-05-07 02:00:00+00:00,10.887572,80.46928043999999,-0.5772916165517272,0.8165380514459161,1418563.0,89.88333333333334,0.8660254037844387,0.4999999999999999,0.0,36000.0,6125.5,28720.0,229.8117253154253,14.307999928792311,6847.72,39887.52,12693.9,13445.0,4690.0,0.0,0.0,2917.17,3.8901296,2022
2019-02-07 12:00:00+00:00,8.561892,22.79031588,0.7935716089521474,0.6084768701151261,1474810.0,18.58,-1.0,1.2246467991473532e-16,1.0,74450.0,7117.2,55920.0,357.4757996540496,6.750166694323222,8573.072500000002,37671.86749999999,28127.7,23524.0,4935.0,2554.41,1075648.5,8949.16,6.925303,2019
2019-07-09 05:00:00+00:00,16.148062,22.79031588,-0.99167731989929,-0.1287481774525806,2673159.0,11.55,0.2588190451025207,0.9659258262890684,1.0,45200.0,7117.2,43036.0,256.779258017908,22.097500085830667,9050.4925,46334.6525,24860.4,23167.0,4672.0,308.79,86628.37,2739.81,2.609715,2019
2023-08-24 16:00:00+00:00,26.782612,89.55725625000001,-0.6050560696488494,-0.7961828637826154,2829706.0,31.7,-0.5000000000000004,-0.8660254037844385,1.0,51300.0,6887.5,35387.0,171.59683058793058,25.646722369723847,8506.0075,45664.3125,18067.575,22958.0,3431.0,4760.6,1348873.5,2750.22,1.8610587,2023
2018-04-01 08:00:00+00:00,6.89108,15.1252596,0.0043035382962442,0.99999073973619,586044.0,19.68,-0.4999999999999998,0.8660254037844387,0.0,56850.0,6071.9,44515.0,526.0717559060281,6.922499934832254,8766.900000000001,33214.7725,17637.2,11550.0,6251.0,2154.99,731394.44,2837.36,3.2107546,2018
2021-05-13 22:00:00+00:00,10.276862,46.29497964,-0.6584015846980488,0.7526668275320085,1231647.0,26.4,0.8660254037844384,-0.5000000000000004,1.0,45500.0,7117.2,40705.0,449.27839430199424,12.867110994127067,8204.267499999998,37342.6375,15901.2,14960.0,6654.0,0.0,0.0,2548.44,4.100982,2021
2020-07-08 03:00:00+00:00,14.754315,17.2389636,-0.99167731989929,-0.1287481774525806,3064947.0,5.5,0.7071067811865476,0.7071067811865476,1.0,36700.0,7011.9,33725.0,218.1604123321124,18.23803367614745,6946.555,39171.7175,19287.0,16241.0,4188.0,0.0,0.0,2595.68,1.4286271,2020
2018-03-04 22:00:00+00:00,6.5091634,15.1252596,0.4673592171580022,0.8840675099433636,812004.0,23.03333333333333,0.8660254037844384,-0.5000000000000004,0.0,67700.0,6071.9,52460.0,418.5730196909058,6.096499919891355,9058.4375,37764.302500000005,16781.3,14173.0,5993.0,0.0,0.0,3261.59,5.209019,2018
2022-07-09 08:00:00+00:00,20.744492,80.46928043999999,-0.99167731989929,-0.1287481774525806,2469618.0,168.92333333333335,-0.4999999999999998,0.8660254037844387,0.0,43800.0,7117.2,28645.0,158.76736664631665,20.478333473205566,5349.915000000001,21976.9275,13627.575,14993.0,2675.0,6683.3,1612881.2,1758.46,2.8478754,2022
2021-06-16 15:00:00+00:00,25.274645,46.29497964,-0.9646141756912434,0.2636654927280075,2002076.0,28.15,-0.7071067811865477,-0.7071067811865475,1.0,51250.0,5068.5,39565.0,315.0554637769638,23.808444341023755,8093.780000000001,42246.08,20096.7,23576.0,5605.0,6480.45,2111928.5,1182.68,1.6342834,2021
2020-10-11 12:00:00+00:00,12.521472,17.2389636,0.1924515819708299,-0.9813064702716092,2964842.0,13.753333333333334,-1.0,1.2246467991473532e-16,0.0,46700.0,6125.5,42805.0,257.29792781847783,12.94676675796507,4899.885,26975.4675,6624.0,11578.0,3247.0,4178.82,1509324.4,3775.98,6.0366464,2020
2019-10-11 09:00:00+00:00,15.489558,22.79031588,0.1755314904214277,-0.9844738167520924,2625151.0,9.35,-0.7071067811865475,0.7071067811865476,1.0,54050.0,6111.4,42140.0,237.43335907610904,15.317541678746537,7603.719999999999,23831.1975,24306.3,21237.0,3281.0,3244.43,878240.94,6047.1,5.976892,2019
2023-07-01 15:00:00+00:00,20.973137,89.55725625000001,-0.9999629591162656,0.0086069968886886,2932525.0,36.71666666666667,-0.7071067811865477,-0.7071067811865475,0.0,38300.0,7117.2,35654.0,234.23975800865804,20.05216688579983,4496.835,18703.665,5232.875,14416.0,3909.0,7171.4,1645227.4,8869.35,7.161915,2023
2023-09-27 16:00:00+00:00,22.359026,89.55725625000001,-0.0645084494493171,-0.9979171608653922,2776356.0,40.0,-0.5000000000000004,-0.8660254037844385,1.0,46300.0,5983.0,39656.0,184.11790325415325,19.27783330281576,8264.289999999999,51525.13,15452.375,21099.0,2865.0,3186.85,830882.06,6588.93,3.8761182,2023
2019-04-05 09:00:00+00:00,8.246603,22.79031588,-0.0645084494493162,0.9979171608653922,984486.0,15.82,-0.7071067811865475,0.7071067811865476,1.0,64850.0,6071.9,46380.0,276.5253241758241,10.34258325894675,8755.1475,47346.8975,23455.3,22383.0,5575.0,3643.19,1225662.8,2379.1,3.4413228,2019
2019-01-12 07:00:00+00:00,4.631029,22.79031588,0.9787400799669153,0.2051044998686192,2055622.0,21.38,-0.2588190451025208,0.9659258262890684,0.0,69400.0,7117.2,54862.0,194.374116035816,5.880777756373088,8948.957499999999,30388.4725,22808.4,19546.0,3241.0,0.0,26.30017,3412.61,5.008892,2019
2022-09-08 06:00:00+00:00,16.214794,80.46928043999999,-0.3816892202666594,-0.924290722193093,2240533.0,210.6,6.123233995736766e-17,1.0,1.0,46700.0,7117.2,26396.0,154.6485168285418,18.96216678619384,8286.41,48763.4225,23255.425,23405.0,2915.0,312.21,41395.023,4843.5,4.7967777,2022
2018-03-31 07:00:00+00:00,5.7376294,15.1252596,0.0215160974362222,0.9997685019798908,586044.0,19.59,-0.2588190451025208,0.9659258262890684,0.0,59750.0,6071.9,45555.0,519.771500897662,7.130833427111311,8667.3075,38384.6725,11523.8,16671.0,6649.0,795.46,267732.03,1301.75,4.5239205,2018
2018-10-06 00:00:00+00:00,13.785398,15.1252596,0.0902516100310407,-0.9959189961471792,2533385.0,27.2,1.0,0.0,0.0,40700.0,7117.2,42215.0,130.83137065527066,16.224666489495185,7504.135,35648.134999999995,19146.2,14140.0,1694.0,0.0,0.0,2408.53,1.7522377,2018
2022-05-07 01:00:00+00:00,11.215814,80.46928043999999,-0.5772916165517272,0.8165380514459161,1418563.0,89.88333333333334,0.9659258262890684,0.2588190451025207,0.0,37100.0,6125.5,28720.0,229.8117253154253,14.359611034393303,6810.935,39556.28250000001,12454.5,13357.0,4787.0,0.0,0.0,3014.14,3.90545,2022
2021-03-14 00:00:00+00:00,6.6017776,46.29497964,0.3090169943749474,0.9510565162951536,1176034.0,18.48333333333333,1.0,0.0,0.0,54900.0,6111.4,45775.0,277.37318351648355,8.062583446502687,5228.907499999999,2255.0774999999994,14921.8,11825.0,4408.0,0.0,0.0,9502.52,9.146361,2021
2019-05-26 00:00:00+00:00,12.566806,22.79031588,-0.8090169943749473,0.5877852522924732,1324928.0,12.4,1.0,0.0,0.0,38800.0,5122.1,44682.0,362.5548768620269,15.821916977564497,6864.6875,30510.195,13462.5,11326.0,6001.0,0.0,0.0,2120.45,3.767229,2019
2022-02-21 14:00:00+00:00,9.8028,80.46928043999999,0.6254105729852463,0.7802958510707755,1739794.0,71.5,-0.8660254037844386,-0.5000000000000001,1.0,61100.0,7117.2,43286.0,370.0064994301994,8.350389030244616,6552.044999999999,25464.0525,10759.8,24577.0,5172.0,3761.81,1295553.4,16403.81,11.572114,2022
2022-08-03 08:00:00+00:00,23.848642,80.46928043999999,-0.847540922892831,-0.5307300481619335,2274044.0,199.25,-0.4999999999999998,0.8660254037844387,1.0,48250.0,7117.2,28386.0,131.36129892699893,21.697916984558123,5291.285000000001,28853.9975,19548.575,20700.0,2193.0,6462.46,1308570.2,653.15,0.7863625,2022
2022-04-24 01:00:00+00:00,9.816254,80.46928043999999,-0.3816892202666589,0.9242907221930932,1338623.0,94.95,0.9659258262890684,0.2588190451025207,0.0,37300.0,6125.5,29665.0,238.76403378103385,12.779444615046174,4358.8025,15252.265000000005,7160.5,10869.0,3973.0,0.0,0.0,3163.01,1.0973455,2022
2022-07-22 15:00:00+00:00,25.132881,80.46928043999999,-0.9383773917408642,-0.3456123126707333,2382772.0,162.51,-0.7071067811865477,-0.7071067811865475,1.0,49650.0,7117.2,27075.0,152.4938493080993,23.363832950592048,7131.1625,38231.2625,18828.825,25075.0,3101.0,5465.28,2035229.0,1323.73,2.3127599,2022
2018-01-22 22:00:00+00:00,8.698999,15.1252596,0.9291414114031744,0.3697245428906731,1704964.0,18.5,0.8660254037844384,-0.5000000000000004,1.0,65000.0,7117.2,57815.0,1104.66863509361,7.876083374023436,10103.98,53554.8475,24005.5,17754.0,6100.0,0.0,0.0,3065.19,5.518218,2018
2021-07-16 01:00:00+00:00,16.12963,46.29497964,-0.9690098257244062,-0.2470221804809357,2463983.0,35.28,0.9659258262890684,0.2588190451025207,1.0,36200.0,7117.2,40140.0,864.5962746438746,16.981208562850934,5910.102500000001,37137.747500000005,15531.0,15274.0,5146.0,0.0,0.0,4137.84,4.1024375,2021
2019-11-06 20:00:00+00:00,9.521931,22.79031588,0.5842981736283683,-0.8115390590073611,2986771.0,13.0,0.5000000000000001,-0.8660254037844386,1.0,58300.0,5047.5,40220.0,487.6493190272691,12.383000016212474,10175.055,55348.01,21661.1,20305.0,6790.0,0.0,0.0,2521.93,4.514386,2019
2019-01-25 01:00:00+00:00,2.77543,22.79031588,0.9088176373395028,0.4171936026123168,1750281.0,20.8,0.9659258262890684,0.2588190451025207,1.0,73400.0,7117.2,55516.0,245.88747039072035,5.127666685316298,10063.5575,52789.5575,15481.9,15716.0,3578.0,0.0,0.0,2501.26,4.951221,2019
2019-07-22 16:00:00+00:00,27.591303,22.79031588,-0.9383773917408642,-0.3456123126707333,2697155.0,10.3,-0.5000000000000004,-0.8660254037844385,1.0,52900.0,7117.2,42329.0,182.78106345136348,24.01258341471353,7708.572499999999,45730.575,27365.3,26722.0,4229.0,3245.05,1971033.0,554.02,0.17150028,2019
2021-02-28 06:00:00+00:00,4.162422,46.29497964,0.5270777086423722,0.8498170915275278,1515570.0,16.166666666666668,6.123233995736766e-17,1.0,0.0,53150.0,7117.2,41125.0,323.39998667073667,7.960999886194872,8309.415,38141.9525,14974.0,11589.0,5042.0,0.0,0.0,5708.69,5.936157,2021
2023-08-30 19:00:00+00:00,17.11622,89.55725625000001,-0.5197438121555157,-0.8543221697498269,2898999.0,36.5,0.2588190451025203,-0.9659258262890684,1.0,43850.0,7043.3,37901.0,332.3255782347282,18.982277817196334,8392.5975,44445.0375,23750.35,18589.0,4080.0,0.0,46364.555,4395.5,4.6198406,2023
2022-06-27 22:00:00+00:00,15.903901,80.46928043999999,-0.9970011699250152,0.077386479233463,2482855.0,129.5,0.8660254037844384,-0.5000000000000004,1.0,42600.0,7117.2,29510.0,199.72646088726088,19.194416364034,7043.7325,36384.29,17227.925,20020.0,3763.0,0.0,0.0,1948.87,2.2757347,2022
2022-05-14 17:00:00+00:00,20.228012,80.46928043999999,-0.6712599575675313,0.7412220108485958,1511294.0,92.63333333333334,-0.2588190451025206,-0.9659258262890684,0.0,42200.0,5122.1,28595.0,216.48975903540904,18.75188944074841,8235.575,41084.72,15488.8,16464.0,5610.0,2584.46,1131655.5,824.9,1.2943094,2022
2020-03-01 07:00:00+00:00,7.141647,17.2389636,0.4975132889071806,0.8674563547295969,2008603.0,9.4,-0.2588190451025208,0.9659258262890684,0.0,54200.0,7117.2,49529.0,470.6405089540089,8.583458304405209,5381.3125,8337.985,7872.6,13187.0,5527.0,244.48,24091.875,10038.33,7.8216596,2020
2022-08-03 22:00:00+00:00,22.209097,80.46928043999999,-0.847540922892831,-0.5307300481619335,2274044.0,199.25,0.8660254037844384,-0.5000000000000004,1.0,44050.0,7117.2,28386.0,134.02641566119067,23.32199986775716,7058.9575,42401.915,21079.05,17213.0,2682.0,0.0,0.0,1967.74,1.448961,2022
2020-05-05 03:00:00+00:00,12.078402,17.2389636,-0.5631507242749186,0.8263541987239096,1977501.0,5.3,0.7071067811865476,0.7071067811865476,1.0,36200.0,5110.1,38510.0,323.1717154660155,15.16608333587645,4915.460000000001,34251.832500000004,14081.6,11929.0,5642.0,0.0,0.0,4984.0,2.9636345,2020
2020-01-08 17:00:00+00:00,9.541732,17.2389636,0.9905324521322229,0.1372787721132647,2742325.0,11.8,-0.2588190451025206,-0.9659258262890684,1.0,71100.0,7117.2,54351.0,328.8892456654456,7.729958434899649,11934.0825,52692.8275,33422.9,25377.0,6808.0,0.0,21968.957,3147.74,3.0139964,2020
2020-06-21 12:00:00+00:00,20.779657,17.2389636,-0.986657932891657,0.1628070129385171,2837466.0,5.296666666666667,-1.0,1.2246467991473532e-16,0.0,40000.0,7117.2,32290.0,295.3008598697599,17.306866963704422,5254.3125,17197.550000000003,15091.6,8037.0,4744.0,5940.36,2444377.8,4159.36,4.5867815,2020
2023-03-16 22:00:00+00:00,10.126221,89.55725625000001,0.276096973097469,0.9611297838723007,1437424.0,42.45,0.8660254037844384,-0.5000000000000004,1.0,51200.0,7117.2,37000.0,448.4728834979031,10.443277703391177,5901.360000000001,20365.965000000004,13396.925,16456.0,5637.0,0.0,0.0,8580.44,5.742129,2023
2023-05-05 23:00:00+00:00,12.968599,89.55725625000001,-0.548842958284719,0.8359254794186372,1737740.0,36.5,0.9659258262890684,-0.2588190451025207,0.0,38950.0,5110.1,35790.0,289.9337463924964,16.944278134240065,6748.43,27285.18,16344.025,14004.0,5200.0,0.0,0.0,1849.26,2.6014538,2023
2021-07-24 08:00:00+00:00,19.839268,46.29497964,-0.92592477719385,-0.3777079652039646,2538196.0,36.09,-0.4999999999999998,0.8660254037844387,0.0,43900.0,7117.2,40285.0,537.8417869352869,20.028416554133106,7308.5425,27975.85,16867.5,17688.0,4951.0,2250.27,971092.0,2169.63,1.7021827,2021
2022-04-11 19:00:00+00:00,12.876811,80.46928043999999,-0.167051625502119,0.9859481499638304,1229508.0,101.3,0.2588190451025203,-0.9659258262890684,1.0,52150.0,7055.5,33463.0,359.2908202686203,11.42211119333904,7289.1075,52793.025,17855.4,20021.0,6294.0,0.0,40705.227,6803.2,6.5913205,2022
2022-02-08 11:00:00+00:00,9.151666,80.46928043999999,0.7829801036770629,0.6220467484408675,1729375.0,75.7,-0.9659258262890682,0.258819045102521,1.0,72100.0,7117.2,45896.0,311.2079174399675,6.627555562390218,7993.837500000001,28292.009999999995,19289.9,20487.0,4098.0,5264.26,1068138.1,3210.61,2.715136,2022
2022-08-14 18:00:00+00:00,23.311367,80.46928043999999,-0.7324940716135788,-0.6807734094770164,2280964.0,216.0,-1.8369701987210292e-16,-1.0,0.0,39500.0,7117.2,26011.0,115.44113513986017,22.53433322906494,6955.46,34497.7575,16572.45,13538.0,2129.0,581.32,497901.28,4263.93,2.5465624,2022
2022-07-21 06:00:00+00:00,18.912996,80.46928043999999,-0.9441875088341996,-0.3294084822245298,2382772.0,150.5,6.123233995736766e-17,1.0,1.0,48350.0,7117.2,28170.0,151.18897646520145,21.993250211079925,5992.23,46162.45,22771.2,24333.0,3179.0,1776.54,332201.62,1314.09,1.7067498,2022
2022-07-16 07:00:00+00:00,20.545185,80.46928043999999,-0.9690098257244062,-0.2470221804809357,2462110.0,155.66666666666666,-0.2588190451025208,0.9659258262890684,0.0,41350.0,7117.2,24300.0,139.1708654253154,22.352833429972307,5912.835,13122.517500000002,18403.9,18134.0,2463.0,4220.25,975095.25,2048.0,3.2357528,2022
2020-05-24 23:00:00+00:00,13.388042,17.2389636,-0.7987793728863647,0.6016240632249229,2355412.0,4.015000000000001,0.9659258262890684,-0.2588190451025207,1.0,36650.0,4106.7,34817.0,243.2958235449736,17.445333321889233,7586.5975,16435.629999999997,13310.2,10845.0,5090.0,0.0,0.0,2230.35,3.3957953,2020
2020-11-30 16:00:00+00:00,7.33883,17.2389636,0.8695893893466109,-0.4937755501599773,2674858.0,15.2,-0.5000000000000004,-0.8660254037844385,1.0,69600.0,7049.9,50945.0,169.01593256003258,6.71144448386298,9948.7075,52492.3475,27076.0,25576.0,4024.0,83.75,168870.95,2647.01,2.0931172,2020
2022-10-18 07:00:00+00:00,14.984729,80.46928043999999,0.2926003356333479,-0.9562348265919058,2315468.0,72.5,-0.2588190451025208,0.9659258262890684,1.0,48150.0,5066.1,29189.0,157.90778255689554,16.042499860127776,10037.825,54147.2975,15125.725,21787.0,2492.0,277.17,78154.28,2176.99,3.7996504,2022
2021-02-21 14:00:00+00:00,13.396677,46.29497964,0.6254105729852463,0.7802958510707755,1533892.0,16.16,-0.8660254037844386,-0.5000000000000001,0.0,46300.0,6113.8,43005.0,408.267239010989,9.145416816075642,5947.0025000000005,31641.0175,13550.1,12268.0,4958.0,3923.82,1303053.4,6205.62,5.3673725,2021
2023-03-12 05:00:00+00:00,8.7383585,89.55725625000001,0.3415707691678556,0.9398560579418954,1351720.0,49.66666666666667,0.2588190451025207,0.9659258262890684,0.0,44200.0,7117.2,35275.0,411.2577188404189,10.258833434846666,5362.8725,31623.832500000004,11688.35,11730.0,5134.0,0.0,0.0,6831.08,5.4650054,2023
2018-01-22 11:00:00+00:00,10.34485,15.1252596,0.9291414114031744,0.3697245428906731,1704964.0,18.5,-0.9659258262890682,0.258819045102521,1.0,70100.0,7117.2,57265.0,1104.66863509361,7.77999997138977,11354.8275,69112.87,25274.5,22332.0,6419.0,1828.45,579112.9,6722.98,7.20061,2018
2019-09-18 07:00:00+00:00,14.633026,22.79031588,-0.2177232303965322,-0.9760105506323682,2689334.0,9.55,-0.2588190451025208,0.9659258262890684,1.0,51950.0,7117.2,39545.0,145.3056086284086,18.969708283742285,9815.5625,33845.4425,28873.6,24560.0,2358.0,998.33,334304.44,4416.95,4.150153,2019
2018-11-20 18:00:00+00:00,4.9459925,15.1252596,0.7611042586607742,-0.6486295610349818,2331922.0,24.63,-1.8369701987210292e-16,-1.0,1.0,81650.0,5110.1,45855.0,139.76403331298332,8.12741676966349,10508.095,43840.03999999999,27851.4,26113.0,4180.0,0.0,0.0,1170.55,2.4906967,2018
2023-02-09 05:00:00+00:00,0.3786412,89.55725625000001,0.7721565844991642,0.6354323008901774,1548596.0,53.97,0.2588190451025207,0.9659258262890684,1.0,69400.0,7117.2,45555.0,231.93706387268125,6.060499876737597,9204.6375,41082.240000000005,21833.55,20608.0,3967.0,0.0,0.0,1729.65,0.5832659,2023
2019-07-09 08:00:00+00:00,18.648726,22.79031588,-0.99167731989929,-0.1287481774525806,2673159.0,11.55,-0.4999999999999998,0.8660254037844387,1.0,53350.0,7117.2,43036.0,256.779258017908,21.94350012143453,8684.3075,38941.05,26868.5,26688.0,4746.0,3277.05,1347529.2,2490.03,2.6696966,2019
2021-03-03 17:00:00+00:00,11.291098,46.29497964,0.4825077417612184,0.8758917051442429,1386764.0,16.05,-0.2588190451025206,-0.9659258262890684,1.0,59250.0,7117.2,43675.0,315.3122639397639,9.43049995104472,11215.8475,57988.0275,26101.8,23139.0,6728.0,136.12,432012.47,1043.96,1.0010641,2021
2021-04-07 06:00:00+00:00,1.7716994,46.29497964,-0.0988201387328714,0.9951053111006976,998746.0,20.05,6.123233995736766e-17,1.0,1.0,68600.0,6111.4,40035.0,219.0572992063492,8.099611043930048,7119.782499999999,33255.9875,17895.9,22128.0,5274.0,0.0,66468.125,4392.22,4.598082,2021
2022-09-09 02:00:00+00:00,16.52,80.46928043999999,-0.3657225234972692,-0.9307239310379792,2240533.0,191.7,0.8660254037844387,0.4999999999999999,1.0,35000.0,7117.2,26406.0,158.14792015022016,18.93866697947185,4879.782499999999,34361.455,19591.425,14465.0,1998.0,0.0,0.0,7508.86,5.736723,2022
2020-03-23 11:00:00+00:00,9.342711,17.2389636,0.1415402952170432,0.989932495087353,1763973.0,8.2,-0.9659258262890682,0.258819045102521,1.0,57450.0,7117.2,43129.0,332.72004509564505,10.594624797503151,5968.7175,19892.9675,22206.8,12582.0,5256.0,5409.36,2090149.8,5939.46,4.6743517,2020
2020-03-05 00:00:00+00:00,8.336195,17.2389636,0.436651231956064,0.8996308696522433,1864482.0,9.4,1.0,0.0,1.0,61600.0,7117.2,47704.0,693.3990552096052,8.156000157197317,8105.97,42749.03999999999,12280.1,15300.0,6623.0,0.0,0.0,5343.15,4.6953435,2020
2020-07-28 06:00:00+00:00,18.918495,17.2389636,-0.8900275764346768,-0.4559066935084586,3100546.0,4.68,6.123233995736766e-17,1.0,1.0,46000.0,7117.2,34815.0,176.11558345543347,20.02096640268964,6633.215,33326.28,24988.6,21195.0,3773.0,885.49,278165.78,2462.25,3.4277532,2020
2022-01-18 00:00:00+00:00,3.7684557,80.46928043999999,0.9523775757303976,0.304921224656289,1998118.0,79.08,1.0,0.0,1.0,69550.0,7117.2,48625.0,351.2121664835165,4.406500054730308,9713.1275,41781.3925,22950.9,15984.0,4498.0,0.0,0.0,2185.39,1.4554762,2022
2021-02-28 19:00:00+00:00,8.0446415,46.29497964,0.5270777086423722,0.8498170915275278,1515570.0,16.166666666666668,0.2588190451025203,-0.9659258262890684,0.0,58400.0,7117.2,40215.0,323.39998667073667,9.387000004450485,8200.689999999999,47655.247500000005,19961.1,17036.0,6268.0,0.0,42.710426,5735.67,6.4750643,2021
2022-07-05 01:00:00+00:00,16.366829,80.46928043999999,-0.9981855344718586,-0.0602132773657927,2469618.0,178.05,0.9659258262890684,0.2588190451025207,1.0,37000.0,7117.2,28490.0,194.5713800976801,20.936249732971174,7418.48,35790.4525,15304.075,17977.0,3089.0,0.0,0.0,2574.14,3.8160324,2022
2020-07-24 11:00:00+00:00,22.23427,17.2389636,-0.9192859697186104,-0.3935902766564669,3088372.0,4.78,-0.9659258262890682,0.258819045102521,1.0,53350.0,7117.2,36332.0,200.97030606430607,21.00876661936444,7695.624999999999,29232.185,25938.5,22111.0,4386.0,6704.83,2432555.0,1935.12,3.573748,2020
2019-09-28 11:00:00+00:00,18.340813,22.79031588,-0.0473213883224323,-0.9988797155850336,2650572.0,9.01,-0.9659258262890682,0.258819045102521,0.0,45450.0,7117.2,38665.0,149.07255805860805,17.616874853769936,5461.547500000001,9658.6625,21723.9,13337.0,2129.0,4649.67,1668536.2,5964.04,6.087723,2019
2021-12-18 18:00:00+00:00,5.966626,46.29497964,0.9750645322571948,-0.2219215130041658,2010670.0,140.93333333333334,-1.8369701987210292e-16,-1.0,0.0,69200.0,6105.9,44225.0,277.35934126984125,5.6555000411139575,10234.64,38830.1275,27106.7,20799.0,4767.0,0.0,0.0,5083.68,4.442838,2021
2018-01-15 12:00:00+00:00,7.747475,15.1252596,0.9668478136052776,0.255353295116187,1660658.0,19.0,-1.0,1.2246467991473532e-16,1.0,76650.0,7117.2,56880.0,600.620746011396,6.460833311080932,10055.42,47785.05499999999,30153.3,23829.0,6368.0,1940.54,701176.6,9173.81,8.086417,2018
2022-08-09 19:00:00+00:00,24.881207,80.46928043999999,-0.7883050558305256,-0.6152845999633274,2280964.0,190.0,0.2588190451025203,-0.9659258262890684,1.0,43350.0,7117.2,26888.0,120.84214573944575,23.88383340835571,6768.974999999999,44184.1825,23315.1,18108.0,2377.0,11.16,230991.03,5277.76,5.173189,2022
2022-01-25 08:00:00+00:00,1.9761792,80.46928043999999,0.9088176373395028,0.4171936026123168,1817029.0,92.9,-0.4999999999999998,0.8660254037844387,1.0,85600.0,7117.2,48581.0,266.21106546601555,4.1848332337621175,12399.485,67556.3475,29845.3,27447.0,6038.0,630.17,57367.082,469.14,1.0698849,2022
2018-01-14 01:00:00+00:00,4.4478555,15.1252596,0.9711000518829505,0.2386727660059501,1719409.0,19.2,0.9659258262890684,0.2588190451025207,0.0,62200.0,7117.2,55035.0,646.2492081603582,6.470666567484536,8434.77,36953.33,18190.1,12085.0,5795.0,0.0,0.0,2661.07,2.1620114,2018
2020-03-05 12:00:00+00:00,9.376184,17.2389636,0.436651231956064,0.8996308696522433,1864482.0,9.4,-1.0,1.2246467991473532e-16,1.0,69100.0,7117.2,47704.0,693.3990552096052,8.297374884287516,9940.545,52972.185,11757.4,20943.0,7143.0,2900.01,872383.25,6885.81,4.0670877,2020
2018-10-13 07:00:00+00:00,16.059576,15.1252596,0.209314645963048,-0.9778483415056568,2476781.0,25.540000000000003,-0.2588190451025208,0.9659258262890684,0.0,42850.0,7117.2,41065.0,124.08890134310134,16.389666822221532,7083.535000000001,33641.270000000004,18271.1,17076.0,1806.0,216.83,122910.79,4571.05,6.924026,2018
2022-12-22 23:00:00+00:00,11.574347,80.46928043999999,0.9880226656636976,-0.154308820664281,2142607.0,89.5,0.9659258262890684,-0.2588190451025207,1.0,50550.0,7117.2,39100.0,310.6031277192212,8.732166806856796,7240.0425,32231.102500000005,11755.5,13677.0,4202.0,0.0,0.0,10051.18,7.3761334,2022
2022-10-14 11:00:00+00:00,17.162954,80.46928043999999,0.226115685508288,-0.9741004551724206,2320864.0,67.0,-0.9659258262890682,0.258819045102521,1.0,50850.0,5966.1,29574.0,158.31787407632623,15.89041670163473,8415.095,47950.22499999999,13644.95,18298.0,2282.0,4923.25,884634.8,6816.53,4.898431,2022
2018-08-31 20:00:00+00:00,17.30521,15.1252596,-0.5049610547215202,-0.8631421280499115,2778684.0,25.9,0.5000000000000001,-0.8660254037844386,1.0,43950.0,7117.2,41705.0,165.27513349613346,17.33149981498716,9231.4775,52361.850000000006,24104.2,19032.0,3145.0,0.0,7.0235896,1765.44,1.9369606,2018
2018-08-03 11:00:00+00:00,27.936085,15.1252596,-0.847540922892831,-0.5307300481619335,2817640.0,22.18,-0.9659258262890682,0.258819045102521,1.0,54800.0,7117.2,41175.0,173.31504554334555,20.69200003147125,7702.137500000001,45639.82000000001,32814.0,22502.0,3744.0,4825.35,2765649.5,732.11,2.3919058,2018
2018-02-16 03:00:00+00:00,6.299557,15.1252596,0.6901733882429719,0.7236440382959124,1194343.0,18.23,0.7071067811865476,0.7071067811865476,1.0,59400.0,7117.2,56895.0,538.9052955094289,5.925833384195964,8744.562500000002,42403.22749999999,22727.6,15309.0,5292.0,0.0,0.0,1064.36,2.1891758,2018
2018-12-17 07:00:00+00:00,5.76877,15.1252596,0.9711000518829505,-0.2386727660059499,2085932.0,24.55,-0.2588190451025208,0.9659258262890684,1.0,75700.0,6121.4,55655.0,243.3956222832724,7.083333492279053,10723.5775,64697.115,29141.5,27354.0,5305.0,0.0,54.022564,4423.59,5.5833473,2018
2018-04-05 07:00:00+00:00,7.975835,15.1252596,-0.0645084494493162,0.9979171608653922,597380.0,19.08,-0.2588190451025208,0.9659258262890684,1.0,64750.0,6071.9,46655.0,503.2806767828878,8.742916782697057,9113.055,40591.5725,28605.8,26274.0,6871.0,1064.32,318152.5,4159.14,4.380267,2018
2020-03-23 18:00:00+00:00,9.417427,17.2389636,0.1415402952170432,0.989932495087353,1763973.0,8.2,-1.8369701987210292e-16,-1.0,1.0,56600.0,7117.2,43129.0,332.72004509564505,11.275749882062271,9074.055,48601.622500000005,22447.6,19341.0,6770.0,2.5,229295.64,5473.3,5.585081,2020
2021-05-12 04:00:00+00:00,9.105612,46.29497964,-0.6453481132295501,0.7638886127905428,1231647.0,26.1,0.5000000000000001,0.8660254037844386,1.0,45350.0,7117.2,39565.0,545.294526902727,11.975333054860428,7547.575000000001,47920.0475,14560.8,16819.0,5969.0,0.0,82.860855,2501.69,4.287957,2021
2023-12-07 02:00:00+00:00,4.3129992,89.55725625000001,0.9158642882672872,-0.4014879892059729,2789836.0,40.25,0.8660254037844387,0.4999999999999999,1.0,58500.0,6125.5,46535.0,606.1116042087542,7.62888887193468,8008.11,43270.1025,13902.5,15361.0,5753.0,0.0,0.0,5234.48,4.6642303,2023
