timestamp,air_temp_era5_ES,carbon_price_ES,day_of_year_cos,day_of_year_sin,filling_rate_ES,gas_price_ES,hour_cos,hour_sin,isworkingday_ES,load_da_ES,nuclear_avail_esios_ES,nuclear_avail_rte_FR,river_flow_mean_ES,river_temp_ES,rl_FR,rl_PT,run_off_gen_ES,solar_da_ES,ssrd_ES,wind_da_ES,wind_speed_100m_ES,year
2021-03-31 13:00:00+00:00,19.917595,46.29497964,0.0215160974362222,0.9997685019798908,12137668.0,18.2,-0.9659258262890684,-0.2588190451025203,1.0,28592.0,6111.4,42624.0,69.09727272727274,14.9,40330.33,2870.0,943.0,8660.9,3044133.0,9000.0,5.701622,2021
2019-09-03 06:00:00+00:00,18.445107,22.79031588,-0.4597327394521046,-0.888057322629493,7109331.0,11.25,6.123233995736766e-17,1.0,1.0,29971.0,7117.2,40890.0,50.41166666666667,23.666666666666668,45698.59,3469.7,562.0,610.9,26306.893,4274.0,3.0668573,2019
2023-08-04 19:00:00+00:00,23.172567,89.55725625000001,-0.8382797052177743,-0.5452404385406511,8090382.0,28.6,0.2588190451025203,-0.9659258262890684,1.0,29126.0,7117.2,32416.0,35.799090909090914,24.5,33908.4,5137.9,492.0,1637.3,341324.5,10437.0,4.9304433,2023
2023-04-11 23:00:00+00:00,14.248376,89.55725625000001,-0.167051625502119,0.9859481499638304,10111804.0,42.42,0.9659258262890684,-0.2588190451025207,1.0,21501.0,7117.2,34615.0,36.05090909090909,16.9,32708.86,2967.2,780.0,461.6,0.0,10944.0,4.283275,2023
2020-03-30 15:00:00+00:00,10.314853,17.2389636,0.0215160974362222,0.9997685019798908,11022385.0,6.99,-0.7071067811865477,-0.7071067811865475,1.0,27791.0,7117.2,41859.0,177.56545454545454,12.466666666666669,35145.92,2688.5,1294.0,3100.5,1544325.5,9129.0,2.8544393,2020
2018-06-22 16:00:00+00:00,26.019419,15.1252596,-0.986657932891657,0.1628070129385171,12240822.1,23.0,-0.5000000000000004,-0.8660254037844385,1.0,33705.0,5068.5,44565.0,129.97333333333333,20.6,41721.42,6889.0,1493.0,3673.7,2203522.2,6081.0,2.1303468,2018
2018-07-21 04:00:00+00:00,18.669395,15.1252596,-0.9441875088341996,-0.3294084822245298,10732748.9,24.98,0.5000000000000001,0.8660254037844386,0.0,23525.0,7117.2,40205.0,61.58916666666666,23.9,34055.02,4490.0,1068.0,377.7,0.0,2915.0,3.9314394,2018
2020-08-11 16:00:00+00:00,25.578339,17.2389636,-0.7554933140726804,-0.655156357209085,10366823.0,9.7,-0.5000000000000004,-0.8660254037844385,1.0,31893.0,7117.2,37099.0,63.540909090909096,25.366666666666664,43444.95,5094.1,795.0,4088.5,1610186.6,6003.0,1.8900543,2020
2023-08-21 08:00:00+00:00,25.623142,89.55725625000001,-0.64534811322955,-0.7638886127905429,7451239.0,38.12,-0.4999999999999998,0.8660254037844387,1.0,30507.0,6947.5,36383.0,38.58636363636364,28.066666666666663,36847.4,4558.5,516.0,12847.2,1100137.9,2179.0,2.244069,2023
2021-08-23 15:00:00+00:00,27.855068,46.29497964,-0.6186714032625032,-0.7856498550787144,7373652.0,42.89,-0.7071067811865477,-0.7071067811865475,1.0,33126.0,7117.2,43377.0,52.95727272727272,24.933333333333334,32782.5,4841.4,656.0,8027.2,2457584.8,8123.0,3.211067,2021
2021-08-04 17:00:00+00:00,25.564577,46.29497964,-0.8382797052177743,-0.5452404385406511,8477701.0,41.9,-0.2588190451025206,-0.9659258262890684,1.0,30369.0,7117.2,41400.0,57.14454545454544,24.100000000000005,39709.28,3782.9,737.0,6012.7,1519797.6,5711.0,4.0755424,2021
2019-07-01 19:00:00+00:00,24.00388,22.79031588,-0.9999629591162656,0.0086069968886886,9194821.0,13.0,0.2588190451025203,-0.9659258262890684,1.0,34268.0,6125.5,43750.0,39.735,25.33333333333333,46339.24,4733.7,756.0,936.8,430808.34,7152.0,1.8414321,2019
2021-05-13 16:00:00+00:00,17.530111,46.29497964,-0.6584015846980488,0.7526668275320085,11206561.0,26.0,-0.5000000000000004,-0.8660254037844385,1.0,28046.0,7117.2,40705.0,66.64090909090909,18.23333333333333,32339.05,2368.5,1205.0,5524.8,1559538.8,10478.0,5.8383026,2021
2020-08-11 22:00:00+00:00,21.87184,17.2389636,-0.7554933140726804,-0.655156357209085,10366823.0,9.7,0.8660254037844384,-0.5000000000000004,1.0,26297.0,7117.2,37219.0,66.86454545454545,24.866666666666664,42068.89,4134.1,719.0,157.2,0.0,3717.0,1.211869,2020
2020-07-17 21:00:00+00:00,23.006136,17.2389636,-0.9599326896597444,-0.2802306751992161,11748175.0,5.5,0.7071067811865474,-0.7071067811865477,1.0,28594.0,7117.2,36240.0,54.41090909090909,23.1,44604.28,5691.7,835.0,563.9,69.75459,8959.0,2.785004,2020
2021-11-09 14:00:00+00:00,15.780072,46.29497964,0.6254105729852464,-0.7802958510707755,6093301.0,78.0,-0.8660254037844386,-0.5000000000000001,1.0,30084.0,6121.4,43165.0,59.0909090909091,13.1,57369.56,5182.9,547.0,8200.5,1425887.9,5695.0,4.4501834,2021
2020-03-03 04:00:00+00:00,9.0340805,17.2389636,0.4673592171580022,0.8840675099433636,10393202.0,8.3,0.5000000000000001,0.8660254037844386,1.0,23908.0,7117.2,49529.0,118.5418181818182,11.766666666666666,54536.59,1551.4,1453.0,13.1,0.0,13917.0,7.0732727,2020
2019-04-05 19:00:00+00:00,10.120384,22.79031588,-0.0645084494493162,0.9979171608653922,8929867.0,17.7,0.2588190451025203,-0.9659258262890684,1.0,33042.0,6071.9,47710.0,49.22749999999999,13.8,53102.96,4111.1,883.0,165.7,58497.906,8571.0,5.7937484,2019
2020-08-30 19:00:00+00:00,20.2573,17.2389636,-0.5049610547215202,-0.8631421280499115,9705841.0,9.95,0.2588190451025203,-0.9659258262890684,0.0,26439.0,7117.2,33750.0,48.08909090909091,22.433333333333334,35854.15,4205.7,752.0,642.1,109982.91,7467.0,4.3443046,2020
2019-04-13 23:00:00+00:00,12.445261,22.79031588,-0.2008905551306352,0.97961369164549,8866221.0,17.99,0.9659258262890684,-0.2588190451025207,0.0,22737.0,6071.9,44430.0,60.13166666666667,15.166666666666666,50790.94,4224.3,931.0,323.6,0.0,4691.0,3.2258923,2019
2019-03-22 14:00:00+00:00,16.05042,22.79031588,0.1755314904214282,0.9844738167520922,9072753.0,18.0,-0.8660254037844386,-0.5000000000000001,1.0,30581.0,7117.2,49320.0,84.52,13.133333333333333,48064.35,6230.8,1170.0,4678.0,2641238.5,3730.0,4.0618615,2019
2018-01-14 03:00:00+00:00,7.6037703,15.1252596,0.9711000518829505,0.2386727660059501,5284527.7,21.5,0.7071067811865476,0.7071067811865476,0.0,22499.0,7117.2,55035.0,240.41666666666663,8.95,54101.16,4093.0,991.0,9.8,0.0,5512.0,4.893116,2018
2022-03-08 23:00:00+00:00,8.854375,80.46928043999999,0.4054257283599973,0.9141279881853336,6793423.0,299.0,0.9659258262890684,-0.2588190451025207,1.0,25603.0,7117.2,43170.0,96.51090909090908,11.033333333333331,57652.62,4432.9,813.0,8.1,0.0,4384.0,2.638581,2022
2022-05-03 16:00:00+00:00,16.004175,80.46928043999999,-0.5197438121555155,0.854322169749827,7954466.0,83.88,-0.5000000000000004,-0.8660254037844385,1.0,27819.0,6125.5,30093.0,152.45363636363635,15.7,40012.04,3460.0,1219.0,5477.2,1606729.5,8427.0,3.4187057,2022
2019-10-23 05:00:00+00:00,12.950893,22.79031588,0.3737197147904684,-0.9275416835791968,6284356.0,13.8,0.2588190451025207,0.9659258262890684,1.0,28794.0,6111.4,41600.0,78.98416666666667,17.099999999999998,47324.5,2708.9,912.0,25.8,0.0,7025.0,2.6452057,2019
2022-09-08 08:00:00+00:00,21.114834,80.46928043999999,-0.3816892202666594,-0.924290722193093,5498074.0,40.0,-0.4999999999999998,0.8660254037844387,1.0,29212.0,7117.2,26396.0,39.57636363636363,23.55,39582.12,4814.7,524.0,7218.9,690940.7,2069.0,2.029523,2022
2021-11-12 20:00:00+00:00,12.84056,46.29497964,0.6648553979642859,-0.7469720876965558,6093301.0,73.95,0.5000000000000001,-0.8660254037844386,1.0,31361.0,5057.5,44495.0,42.32727272727272,13.233333333333333,53489.43,5937.3,553.0,82.0,0.0,5851.0,3.494672,2021
2022-03-26 16:00:00+00:00,14.078205,80.46928043999999,0.107381346664163,0.994217906893952,7046049.0,103.0,-0.5000000000000004,-0.8660254037844385,0.0,25157.0,6053.3,29875.0,95.07181818181816,12.4,32673.11,4483.6,958.0,3454.5,1246792.5,4529.0,3.9854546,2022
2021-04-16 03:00:00+00:00,9.3168955,46.29497964,-0.2511900638848191,0.9679377830240644,11756650.0,21.0,0.7071067811865476,0.7071067811865476,1.0,23134.0,6111.4,39655.0,54.05272727272728,15.166666666666666,51077.21,3207.9,812.0,5.1,0.0,8377.0,4.7140794,2021
2020-02-22 14:00:00+00:00,16.787146,17.2389636,0.6118864012687244,0.7909456567567772,10406929.0,10.2,-0.8660254037844386,-0.5000000000000001,0.0,27215.0,7117.2,46809.0,98.78181818181817,10.733333333333334,41311.08,4919.6,1000.0,6942.2,2265909.0,1719.0,1.6748046,2020
2022-10-14 00:00:00+00:00,17.454327,80.46928043999999,0.226115685508288,-0.9741004551724206,4757275.0,40.0,1.0,0.0,1.0,21242.0,6111.4,30604.0,36.01545454545454,21.8,35936.25,3833.9,368.0,65.3,0.0,3801.0,2.2404368,2022
2018-08-14 07:00:00+00:00,20.590664,15.1252596,-0.7324940716135788,-0.6807734094770164,9871316.7,25.5,-0.2588190451025208,0.9659258262890684,1.0,30212.0,7117.2,40275.0,43.92416666666667,25.100000000000005,39542.28,3963.2,899.0,2078.6,426793.62,4818.0,3.1833096,2018
2021-09-20 07:00:00+00:00,17.008642,46.29497964,-0.1839983516576798,-0.9829265519799822,6433671.0,70.0,-0.2588190451025208,0.9659258262890684,1.0,29102.0,7117.2,42162.0,43.454545454545446,21.433333333333334,47531.69,3403.7000000000003,553.0,3593.3,193024.12,6721.0,3.9534576,2021
2022-11-30 22:00:00+00:00,9.800057,80.46928043999999,0.8609610158889941,-0.5086709438521049,5768825.0,40.0,0.8660254037844384,-0.5000000000000004,1.0,27540.0,7117.2,35883.0,61.49545454545455,12.933333333333332,58114.74,5297.9,1056.0,3.0,0.0,1880.0,1.8057774,2022
2018-01-15 20:00:00+00:00,9.180541,15.1252596,0.9668478136052776,0.255353295116187,5330221.2,22.99,0.5000000000000001,-0.8660254037844386,1.0,38145.0,7117.2,56880.0,259.1166666666667,9.0,59442.31,6949.3,1223.0,28.2,0.0,9412.0,3.7133515,2018
2019-05-08 15:00:00+00:00,18.391354,22.79031588,-0.5912614448635781,0.8064799463209448,9839298.0,15.6,-0.7071067811865477,-0.7071067811865475,1.0,29634.0,6125.5,45425.0,59.04545454545455,17.266666666666666,31943.03,2854.0,1072.0,2516.8,2020024.6,14270.0,8.856706,2019
2018-12-24 14:00:00+00:00,14.287904,15.1252596,0.9927487224577402,-0.1202080448993527,8192252.0,25.5,-0.8660254037844386,-0.5000000000000001,1.0,25755.0,5417.1,54005.0,104.54583333333336,10.2,51820.79,4571.7,1235.0,2264.7,1308667.9,1761.0,0.7987633,2018
2018-01-22 21:00:00+00:00,11.343505,15.1252596,0.9291414114031744,0.3697245428906731,5403403.3,19.65,0.7071067811865474,-0.7071067811865477,1.0,32534.0,7117.2,57815.0,247.92,10.85,59450.06,6655.7,1214.0,23.2,0.0,5871.0,3.9931517,2018
2023-10-22 21:00:00+00:00,16.475805,89.55725625000001,0.3576982388331254,-0.9338372288229252,6686078.0,45.83,0.7071067811865474,-0.7071067811865477,0.0,22759.0,4390.8,41335.0,36.71272727272727,18.666666666666668,37976.3,3436.3,664.0,197.2,0.0,14490.0,3.729295,2023
2020-10-27 02:00:00+00:00,11.162538,17.2389636,0.4520722039323045,-0.8919813464595484,8440297.0,14.97,0.8660254037844387,0.4999999999999999,1.0,21569.0,6125.5,45882.0,109.9881818181818,15.8,41819.93,3064.0,1048.0,24.5,0.0,9661.0,4.746017,2020
2019-10-07 11:00:00+00:00,21.8934,22.79031588,0.1073813466641621,-0.994217906893952,6275794.0,14.25,-0.9659258262890682,0.258819045102521,1.0,32572.0,6111.4,42000.0,43.09916666666667,20.3,48146.11,5642.5,422.0,5643.6,2106224.2,4731.0,3.9660614,2019
2022-09-04 18:00:00+00:00,24.942844,80.46928043999999,-0.4443781781046134,-0.8958392907349089,5643916.0,40.0,-1.8369701987210292e-16,-1.0,0.0,25147.0,7117.2,23311.0,39.78,24.65,39138.01,3426.6000000000004,444.0,2681.9,503559.66,9084.0,2.406576,2022
2022-08-14 11:00:00+00:00,26.591347,80.46928043999999,-0.7324940716135788,-0.6807734094770164,6132407.0,40.0,-0.9659258262890682,0.258819045102521,0.0,25722.0,7117.2,26011.0,46.17818181818182,27.03333333333333,33287.68,3239.7,528.0,12320.5,2771873.2,4270.0,3.5778575,2022
2023-10-09 09:00:00+00:00,21.204924,89.55725625000001,0.141540295217043,-0.989932495087353,6736945.0,38.0,-0.7071067811865475,0.7071067811865476,1.0,27076.0,6053.3,41560.0,32.63999999999999,23.133333333333336,40141.1,4379.0,368.0,13417.0,1218100.4,1688.0,2.0088806,2023
2023-06-16 11:00:00+00:00,25.723412,89.55725625000001,-0.9646141756912434,0.2636654927280075,9287024.0,38.02,-0.9659258262890682,0.258819045102521,1.0,30001.0,6113.8,33445.0,50.86909090909091,23.766666666666666,37835.87,4553.0,824.0,16487.1,3071594.0,1777.0,0.7413929,2023
2020-11-29 09:00:00+00:00,11.567245,17.2389636,0.8609610158889941,-0.5086709438521049,8494958.0,15.5,-0.7071067811865475,0.7071067811865476,0.0,25845.0,7117.2,47547.0,52.8490909090909,13.5,55029.94,2991.2,697.0,2746.9,425693.97,1801.0,1.2732496,2020
2019-10-20 10:00:00+00:00,16.252905,22.79031588,0.3253420847119803,-0.9455963874271424,6219253.0,13.48,-0.8660254037844387,0.4999999999999999,0.0,24962.0,6111.4,39810.0,47.21416666666666,19.833333333333336,40734.87,3915.5,973.0,3001.1,1101892.1,5572.0,3.3033266,2019
2022-11-07 04:00:00+00:00,12.41467,80.46928043999999,0.5981809144059166,-0.8013610881746764,5135888.0,40.0,0.5000000000000001,0.8660254037844386,1.0,18809.0,6071.9,30805.0,34.61454545454546,20.1,29596.22,3173.4,660.0,22.2,0.0,5211.0,1.1708803,2022
2019-04-13 14:00:00+00:00,17.405739,22.79031588,-0.2008905551306352,0.97961369164549,8866221.0,17.99,-0.8660254037844386,-0.5000000000000001,0.0,25781.0,6071.9,44430.0,59.399166666666666,14.833333333333334,39173.93,4547.4,992.0,5254.8,2732104.8,2563.0,2.332544,2019
2023-01-23 01:00:00+00:00,4.3609643,89.55725625000001,0.9226395488404876,0.3856634062436071,10151548.0,45.0,0.9659258262890684,0.2588190451025207,1.0,22300.0,7117.2,42930.0,156.1390909090909,10.6,64117.72,3699.1,1276.0,8.9,0.0,12603.0,5.1823263,2023
2020-01-20 09:00:00+00:00,5.948694,17.2389636,0.9413173175128472,0.3375228995941133,9950225.0,11.7,-0.7071067811865475,0.7071067811865476,1.0,38320.0,6931.9,51190.0,147.1890909090909,8.200000000000001,73724.68,3679.1,1321.0,1282.8,277204.72,13964.0,9.371011,2020
2023-10-13 01:00:00+00:00,19.084942,89.55725625000001,0.209314645963048,-0.9778483415056568,6736945.0,45.5,0.9659258262890684,0.2588190451025207,1.0,19219.0,5772.5,39660.0,33.8609090909091,21.1,28137.87,2909.7,432.0,139.4,0.0,7100.0,2.6791136,2023
2022-06-27 07:00:00+00:00,17.552078,80.46928043999999,-0.9970011699250152,0.077386479233463,7335369.0,40.0,-0.2588190451025208,0.9659258262890684,1.0,28726.0,7117.2,29750.0,43.423,23.666666666666668,44307.84,3554.8,636.0,7100.3,722738.5,6185.0,3.7380822,2022
2022-03-07 03:00:00+00:00,7.1432557,80.46928043999999,0.4211008707960896,0.907013812802636,6793423.0,205.0,0.7071067811865476,0.7071067811865476,1.0,21162.0,7117.2,42760.0,107.69454545454543,11.166666666666666,52069.08,3556.6,727.0,12.2,0.0,2633.0,2.562305,2022
2022-05-14 02:00:00+00:00,16.483414,80.46928043999999,-0.6712599575675313,0.7412220108485958,7941866.0,80.05,0.8660254037844387,0.4999999999999999,0.0,21039.0,6125.5,29510.0,69.68545454545455,19.433333333333334,33257.55,3804.8,1024.0,243.2,0.0,3121.0,1.7107922,2022
2020-10-11 10:00:00+00:00,16.397903,17.2389636,0.1924515819708299,-0.9813064702716092,8345466.0,12.27,-0.8660254037844387,0.4999999999999999,0.0,24351.0,6125.5,42475.0,72.89545454545454,17.833333333333332,43294.06,2601.3,613.0,7483.1,1544170.6,9533.0,5.6290865,2020
2020-01-28 06:00:00+00:00,10.705109,17.2389636,0.886070621534138,0.4635502709028509,10148824.0,11.49,6.123233995736766e-17,1.0,1.0,32176.0,7117.2,52290.0,137.99272727272728,8.866666666666665,58492.79,3326.1,1419.0,13.5,0.0,9825.0,6.809211,2020
2018-11-20 09:00:00+00:00,11.215229,15.1252596,0.7611042586607742,-0.6486295610349818,7927348.0,26.78,-0.7071067811865475,0.7071067811865476,1.0,34361.0,5110.1,45855.0,108.02666666666666,14.233333333333334,74436.63,4610.5,1106.0,1037.6,419740.66,5725.0,4.2037096,2018
2022-02-22 02:00:00+00:00,9.17386,80.46928043999999,0.6118864012687244,0.7909456567567772,6905883.0,71.0,0.8660254037844387,0.4999999999999999,1.0,23549.0,7117.2,43286.0,69.64454545454545,10.666666666666666,49972.14,3004.8,564.0,33.0,0.0,8288.0,3.901152,2022
2019-09-28 03:00:00+00:00,17.15613,22.79031588,-0.0473213883224323,-0.9988797155850336,6541441.0,13.2,0.7071067811865476,0.7071067811865476,0.0,21845.0,7117.2,39580.0,40.11666666666667,22.266666666666666,28102.1,3864.1,462.0,38.6,0.0,954.0,1.6065828,2019
2018-04-08 06:00:00+00:00,9.884537,15.1252596,-0.1159345995955004,0.9932568492674144,10090502.6,20.4,6.123233995736766e-17,1.0,0.0,22387.0,6071.9,42525.0,377.753076923077,13.05,39466.39,2936.5,1897.0,275.2,13651.044,6718.0,4.317128,2018
2019-10-07 04:00:00+00:00,15.942024,22.79031588,0.1073813466641621,-0.994217906893952,6275794.0,14.25,0.5000000000000001,0.8660254037844386,1.0,23868.0,6111.4,41085.0,43.09916666666667,20.3,40090.07,3636.0,374.0,26.8,0.0,5032.0,4.2337813,2019
2019-02-14 20:00:00+00:00,10.877369,22.79031588,0.7146733860429609,0.699458327051647,8771392.0,20.5,0.5000000000000001,-0.8660254037844386,1.0,35469.0,7117.2,54610.0,284.0133333333333,9.233333333333333,64791.88,5201.9,1512.0,162.6,0.0,5544.0,4.8600507,2019
2018-01-15 13:00:00+00:00,10.145699,15.1252596,0.9668478136052776,0.255353295116187,5330221.2,22.99,-0.9659258262890684,-0.2588190451025203,1.0,36978.0,7117.2,56880.0,259.1166666666667,9.0,63432.56,6804.0,1206.0,3323.2,1447402.0,5147.0,1.3922694,2018
2022-03-07 18:00:00+00:00,10.457877,80.46928043999999,0.4211008707960896,0.907013812802636,6793423.0,205.0,-1.8369701987210292e-16,-1.0,1.0,32443.0,7117.2,42760.0,107.69454545454543,11.166666666666666,66387.4,5584.5,890.0,194.4,202167.39,6716.0,1.9876736,2022
2023-11-12 03:00:00+00:00,15.55776,89.55725625000001,0.6648553979642859,-0.7469720876965558,8887001.0,37.9,0.7071067811865476,0.7071067811865476,0.0,18788.0,5061.6,38310.0,90.05,15.0,32916.94,1859.7,1144.0,4.9,0.0,15205.0,7.1417747,2023
2021-10-19 06:00:00+00:00,16.086237,46.29497964,0.3090169943749472,-0.9510565162951536,6017107.0,89.0,6.123233995736766e-17,1.0,1.0,29285.0,6121.4,44130.0,46.23363636363637,18.366666666666664,49940.61,4031.3,398.0,161.7,7.2170887,6679.0,3.4989944,2021
2023-07-15 08:00:00+00:00,23.240253,89.55725625000001,-0.973118337233262,-0.2303056702306119,8804153.0,29.89,-0.4999999999999998,0.8660254037844387,0.0,27036.0,7117.2,32925.0,36.17272727272727,26.7,27449.63,2945.6,624.0,12957.8,1203703.8,4384.0,2.1137867,2023
2022-02-08 21:00:00+00:00,10.062823,80.46928043999999,0.7829801036770629,0.6220467484408675,6964737.0,78.0,0.7071067811865474,-0.7071067811865477,1.0,30968.0,7117.2,46051.0,92.72727272727272,10.05,61617.35,6300.2,613.0,32.4,0.0,4940.0,3.570628,2022
2018-08-10 23:00:00+00:00,21.82826,15.1252596,-0.7775971469736268,-0.6287628145958345,10042982.5,25.91,0.9659258262890684,-0.2588190451025207,0.0,25970.0,7117.2,42090.0,42.70416666666667,24.8,34790.62,4352.1,854.0,546.5,0.0,5401.0,2.8735569,2018
2020-07-30 10:00:00+00:00,28.059713,17.2389636,-0.8738071036110809,-0.4862727071086898,11141120.0,7.0,-0.8660254037844387,0.4999999999999999,1.0,37507.0,7117.2,35436.0,62.49181818181819,26.133333333333336,46303.96,6033.3,829.0,8358.6,2498522.0,4853.0,2.307248,2020
2022-08-01 04:00:00+00:00,22.135708,80.46928043999999,-0.8653072543632061,-0.5012418134457756,6357621.0,40.0,0.5000000000000001,0.8660254037844386,1.0,24673.0,7117.2,24776.0,43.32272727272728,27.4,35347.57,3636.9,512.0,338.7,0.0,5027.0,1.926612,2022
2023-02-11 20:00:00+00:00,8.339532,89.55725625000001,0.7498264012045687,0.6616346182422783,9996284.0,50.0,0.5000000000000001,-0.8660254037844386,0.0,32690.0,7117.2,44175.0,81.16454545454546,11.0,60634.76,3840.6,876.0,176.5,0.0,6758.0,5.5770407,2023
2020-11-21 12:00:00+00:00,14.780517,17.2389636,0.7829801036770624,-0.622046748440868,8582863.0,13.7,-1.0,1.2246467991473532e-16,0.0,28787.0,7117.2,50690.0,55.75909090909091,13.466666666666669,53881.75,4110.6,774.0,6386.7,1691050.0,2928.0,3.6601336,2020
2020-11-07 12:00:00+00:00,17.011587,17.2389636,0.6118864012687242,-0.7909456567567774,8534366.0,14.0,-1.0,1.2246467991473532e-16,0.0,28189.0,6125.5,47927.0,93.91909090909093,15.9,45078.86,2627.3,1047.0,4705.7,1212628.1,10289.0,5.9046736,2020
2021-03-14 15:00:00+00:00,14.497974,46.29497964,0.3090169943749474,0.9510565162951536,12602854.0,18.27,-0.7071067811865477,-0.7071067811865475,0.0,24390.0,5760.5,45176.0,124.68,12.333333333333334,37104.24,3508.5,1049.0,7394.9,1938736.0,7508.0,4.7628455,2021
2018-09-20 12:00:00+00:00,25.663906,15.1252596,-0.1839983516576798,-0.9829265519799822,8602508.2,29.5,-1.0,1.2246467991473532e-16,1.0,35096.0,7117.2,44355.0,73.75000000000001,23.83333333333333,46590.21,6084.2,693.0,4781.9,2561779.0,2306.0,0.33761203,2018
2022-05-10 17:00:00+00:00,22.2808,80.46928043999999,-0.6186714032625031,0.7856498550787147,7941866.0,83.0,-0.2588190451025206,-0.9659258262890684,1.0,28523.0,6125.5,29430.0,78.91272727272727,18.1,42067.12,4897.0,1069.0,6710.8,1556792.6,3867.0,0.43097115,2022
2019-02-14 06:00:00+00:00,7.293171,22.79031588,0.7146733860429609,0.699458327051647,8771392.0,20.5,6.123233995736766e-17,1.0,1.0,32167.0,7117.2,54610.0,284.0133333333333,9.233333333333333,73555.19,2059.6,1385.0,47.7,0.0,6207.0,4.761307,2019
2022-04-11 15:00:00+00:00,16.913065,80.46928043999999,-0.167051625502119,0.9859481499638304,7441893.0,104.0,-0.7071067811865477,-0.7071067811865475,1.0,27466.0,7055.5,33463.0,114.09272727272727,14.5,36127.12,2579.4,972.0,6187.5,2059233.6,15059.0,4.599662,2022
2022-11-03 12:00:00+00:00,18.024626,80.46928043999999,0.5416278206559811,-0.8406184056344783,5045030.0,40.0,-1.0,1.2246467991473532e-16,1.0,28111.0,5066.1,30065.0,33.60454545454546,22.2,33623.520000000004,4459.5,712.0,4102.1,1187779.2,11817.0,5.8097486,2022
2018-02-21 23:00:00+00:00,6.5234537,15.1252596,0.6254105729852463,0.7802958510707755,5669946.4,20.75,0.9659258262890684,-0.2588190451025207,1.0,28459.0,6053.3,52400.0,611.483076923077,9.15,67246.81,3609.4,1222.0,101.8,0.0,8710.0,6.0081797,2018
2021-09-25 23:00:00+00:00,18.702501,46.29497964,-0.0988201387328721,-0.9951053111006974,6433671.0,69.0,0.9659258262890684,-0.2588190451025207,0.0,21368.0,7117.2,38152.0,47.83181818181818,21.46666666666667,36213.76,3699.6,521.0,44.2,0.0,5018.0,2.4785938,2021
2021-04-12 04:00:00+00:00,8.991094,46.29497964,-0.18399835165768,0.9829265519799822,11756650.0,20.45,0.5000000000000001,0.8660254037844386,1.0,23898.0,6111.4,38735.0,58.50818181818182,14.333333333333334,53281.08,1555.6,1104.0,14.3,0.0,10526.0,3.7860203,2021
2018-08-22 04:00:00+00:00,20.431574,15.1252596,-0.6321034111873488,-0.7748840413670406,9628642.2,25.78,0.5000000000000001,0.8660254037844386,1.0,25284.0,7117.2,37870.0,55.30916666666667,24.7,38828.93,3771.8,727.0,164.4,0.0,1942.0,1.3332245,2018
2023-11-27 06:00:00+00:00,9.866033,89.55725625000001,0.83355577183857,-0.5524353131676195,9150611.0,43.85,6.123233995736766e-17,1.0,1.0,27118.0,6125.5,43285.0,79.18454545454544,11.566666666666668,55587.23,4519.5,924.0,0.0,0.0,6279.0,3.6629736,2023
2019-10-25 23:00:00+00:00,14.40115,22.79031588,0.4054257283599965,-0.914127988185334,6284356.0,13.5,0.9659258262890684,-0.2588190451025207,0.0,23466.0,6111.4,37475.0,86.45666666666666,17.099999999999998,38858.77,2823.6,924.0,35.3,0.0,4347.0,1.1156327,2019
2023-02-04 11:00:00+00:00,11.69318,89.55725625000001,0.8239230057575543,0.5667017562911175,10162057.0,50.0,-0.9659258262890682,0.258819045102521,0.0,28021.0,7117.2,45790.0,101.95545454545454,10.6,52219.57,5983.8,980.0,11902.0,1644729.2,5695.0,2.4158502,2023
2023-05-15 03:00:00+00:00,13.162311,89.55725625000001,-0.6839194216246103,0.7295575540864878,9540599.0,29.96,0.7071067811865476,0.7071067811865476,1.0,18534.0,5110.1,37075.0,64.69454545454545,18.53333333333333,32854.25,2695.4,704.0,285.1,0.0,8179.0,5.0244894,2023
2023-01-03 09:00:00+00:00,9.412826,89.55725625000001,0.998666816288476,0.0516196672232537,8688669.0,45.0,-0.7071067811865475,0.7071067811865476,1.0,29579.0,7117.2,42742.0,45.584545454545456,11.7,56546.0,5096.4,1132.0,3785.8,301303.88,3005.0,1.1920549,2023
2018-06-02 04:00:00+00:00,14.98393,15.1252596,-0.8738071036110806,0.4862727071086904,12098391.3,23.0,0.5000000000000001,0.8660254037844386,0.0,21626.0,4076.8,42943.0,436.6530769230769,16.4,33188.0,3095.9,1623.0,138.5,0.0,2157.0,1.9689898,2018
2022-03-08 01:00:00+00:00,8.718967,80.46928043999999,0.4054257283599973,0.9141279881853336,6793423.0,299.0,0.9659258262890684,0.2588190451025207,1.0,23170.0,7117.2,42760.0,97.07272727272728,10.966666666666669,56223.54,2429.8,652.0,10.6,0.0,9609.0,3.309494,2022
2019-01-01 08:00:00+00:00,6.6305118,22.79031588,0.9998518392091162,0.0172133561558346,8127468.0,24.6,-0.4999999999999998,0.8660254037844387,0.0,20663.0,6071.9,56010.0,73.82583333333334,9.5,50105.53,3642.0,919.0,753.8,42588.074,2292.0,1.235049,2019
2023-02-04 15:00:00+00:00,14.774427,89.55725625000001,0.8239230057575543,0.5667017562911175,10162057.0,50.0,-0.7071067811865477,-0.7071067811865475,0.0,26287.0,7117.2,45790.0,101.95545454545454,10.6,46384.54,5849.8,932.0,11503.8,1599531.2,7402.0,3.3799791,2023
2022-10-06 10:00:00+00:00,20.71716,80.46928043999999,0.0902516100310407,-0.9959189961471792,4808909.0,40.0,-0.8660254037844387,0.4999999999999999,1.0,28989.0,6111.4,27260.0,36.00545454545455,21.96666666666667,41909.86,4469.1,308.0,10647.5,1513032.1,6337.0,3.8830283,2022
2022-04-30 12:00:00+00:00,18.98111,80.46928043999999,-0.4749510720670499,0.8800122039735357,7856475.0,80.0,-1.0,1.2246467991473532e-16,0.0,25206.0,6125.5,28203.0,195.2709090909091,16.0,32143.43,3532.0,1166.0,12897.5,3017544.0,3773.0,1.3110613,2022
2020-08-24 01:00:00+00:00,20.85966,17.2389636,-0.5912614448635782,-0.8064799463209447,9705841.0,8.5,0.9659258262890684,0.2588190451025207,1.0,21446.0,7117.2,35930.0,51.83090909090909,24.566666666666663,30218.35,2624.2,602.0,421.9,0.0,6275.0,3.344885,2020
2022-09-16 14:00:00+00:00,24.54996,80.46928043999999,-0.2511900638848195,-0.9679377830240642,5329748.0,40.0,-0.8660254037844386,-0.5000000000000001,1.0,29308.0,7117.2,27926.0,39.623636363636365,24.566666666666663,33031.09,5615.4,404.0,11320.4,2223447.5,5164.0,2.2063048,2022
2020-05-06 10:00:00+00:00,19.745377,17.2389636,-0.5772916165517272,0.8165380514459161,12825077.0,6.0,-0.8660254037844387,0.4999999999999999,1.0,27791.0,5110.1,36660.0,164.71090909090907,17.533333333333335,40574.11,5077.8,1724.0,7748.9,2453699.5,1057.0,0.8198131,2020
2023-06-27 03:00:00+00:00,20.703012,89.55725625000001,-0.9970011699250152,0.077386479233463,9156777.0,36.0,0.7071067811865476,0.7071067811865476,1.0,23851.0,7117.2,36745.0,41.54636363636363,25.100000000000005,33389.73,2961.2,780.0,333.1,0.0,8818.0,2.443118,2023
2019-12-24 09:00:00+00:00,11.224717,22.79031588,0.9927487224577402,-0.1202080448993527,9450499.0,9.3,-0.7071067811865475,0.7071067811865476,1.0,28325.0,7117.2,50615.0,533.7241666666666,10.166666666666666,51727.15,4062.8,1853.0,2923.9,372180.47,4795.0,1.347764,2019
2023-10-22 11:00:00+00:00,17.115477,89.55725625000001,0.3576982388331254,-0.9338372288229252,6686078.0,45.83,-0.9659258262890682,0.258819045102521,0.0,21138.0,4765.8,41335.0,36.71272727272727,18.666666666666668,30967.29,2348.2000000000003,616.0,7224.5,1411449.4,7938.0,5.2111406,2023
2021-08-21 10:00:00+00:00,25.305374,46.29497964,-0.64534811322955,-0.7638886127905429,7728542.0,42.95,-0.8660254037844387,0.4999999999999999,0.0,28593.0,7117.2,41720.0,54.64363636363637,24.26666666666667,38231.5,3829.4,613.0,10320.1,2279903.8,1369.0,0.51572305,2021
2021-07-18 00:00:00+00:00,21.567776,46.29497964,-0.9599326896597444,-0.2802306751992161,9598298.0,35.96,1.0,0.0,0.0,23842.0,7117.2,40090.0,63.187272727272735,24.23333333333333,32540.42,3006.0,652.0,584.5,0.0,6043.0,2.1759446,2021
2020-11-26 19:00:00+00:00,13.249962,17.2389636,0.83355577183857,-0.5524353131676195,8494958.0,16.0,0.2588190451025203,-0.9659258262890684,1.0,34651.0,7117.2,50167.0,57.78727272727272,12.833333333333334,62392.01,6129.8,1082.0,23.9,0.0,9033.0,5.6785636,2020
2018-11-20 05:00:00+00:00,10.8223715,15.1252596,0.7611042586607742,-0.6486295610349818,7927348.0,26.78,0.2588190451025207,0.9659258262890684,1.0,26267.0,5110.1,45500.0,108.02666666666666,14.233333333333334,63979.86,2330.7,964.0,4.4,0.0,4565.0,3.4006844,2018
2020-09-03 03:00:00+00:00,17.71022,17.2389636,-0.4443781781046134,-0.8958392907349089,9363826.0,11.95,0.7071067811865476,0.7071067811865476,1.0,22873.0,7117.2,33920.0,56.22272727272728,22.133333333333336,34542.82,3525.9,724.0,168.0,0.0,3062.0,2.3204072,2020
2020-03-03 21:00:00+00:00,13.064133,17.2389636,0.4673592171580022,0.8840675099433636,10393202.0,8.3,0.7071067811865474,-0.7071067811865477,1.0,31181.0,7117.2,49119.0,118.5418181818182,11.766666666666666,62547.53,5294.7,1696.0,63.1,0.0,13402.0,8.794368,2020
2023-09-19 02:00:00+00:00,18.056843,89.55725625000001,-0.2008905551306352,-0.97961369164549,7135990.0,35.0,0.8660254037844387,0.4999999999999999,1.0,21195.0,7028.3,40220.0,49.71000000000001,23.4,29402.89,4302.6,448.0,105.3,0.0,1974.0,2.1025362,2023
2023-07-19 03:00:00+00:00,22.729641,89.55725625000001,-0.9549667548552552,-0.2967128192734901,8561884.0,27.54,0.7071067811865476,0.7071067811865476,1.0,25812.0,7117.2,35815.0,33.89454545454546,27.366666666666664,34799.8,4164.9,576.0,220.3,0.0,5061.0,2.1697853,2023
2020-09-11 09:00:00+00:00,22.374924,17.2389636,-0.3171912885891059,-0.9483615800121716,9079685.0,11.7,-0.7071067811865475,0.7071067811865476,1.0,30748.0,7117.2,33745.0,55.45818181818181,22.566666666666663,46148.48,5715.0,756.0,7258.2,1490306.0,1690.0,1.5078319,2020
2020-07-08 10:00:00+00:00,25.43711,17.2389636,-0.99167731989929,-0.1287481774525806,11962484.0,6.5,-0.8660254037844387,0.4999999999999999,1.0,35355.0,7011.9,33725.0,57.43181818181818,23.46666666666667,45254.03,6073.6,1182.0,7593.3,2581592.2,4561.0,2.0756402,2020
2023-10-25 09:00:00+00:00,17.419083,89.55725625000001,0.4054257283599965,-0.914127988185334,7110879.0,46.26,-0.7071067811865475,0.7071067811865476,1.0,27837.0,4065.8,41335.0,49.693636363636365,18.3,35603.44,3737.3,840.0,6173.8,723772.44,15901.0,7.970006,2023
2019-05-29 13:00:00+00:00,20.863516,22.79031588,-0.8382797052177741,0.5452404385406513,9891188.0,14.4,-0.9659258262890684,-0.2588190451025203,1.0,30741.0,5122.1,45222.0,52.45,18.166666666666668,42336.75,5350.1,1091.0,5420.8,3290256.8,7230.0,4.368918,2019
2022-07-06 08:00:00+00:00,21.836267,80.46928043999999,-0.9970011699250152,-0.0773864792334627,7194500.0,40.0,-0.4999999999999998,0.8660254037844387,1.0,31636.0,7117.2,27465.0,47.118,24.7,43702.76,4820.3,692.0,8666.9,1112062.6,6723.0,3.0024006,2022
2022-01-30 23:00:00+00:00,8.165127,80.46928043999999,0.869589389346611,0.4937755501599771,7116328.0,92.75,0.9659258262890684,-0.2588190451025207,1.0,25200.0,7117.2,49251.0,103.40545454545456,7.333333333333333,57852.05,5515.4,635.0,19.4,0.0,5978.0,1.5533868,2022
2022-06-07 20:00:00+00:00,22.009846,80.46928043999999,-0.9123747579707272,0.4093559588156217,7753901.0,40.0,0.5000000000000001,-0.8660254037844386,1.0,29956.0,6113.8,29125.0,41.961,24.03333333333333,41834.85,4104.6,888.0,690.2,44379.977,5522.0,2.3436155,2022
2023-12-23 17:00:00+00:00,11.764671,89.55725625000001,0.9905324521322229,-0.1372787721132651,9597457.0,31.43,-0.2588190451025206,-0.9659258262890684,0.0,26694.0,7117.2,43660.0,169.24727272727273,10.666666666666666,42169.9,6813.0,1132.0,311.9,121578.06,5387.0,1.9078796,2023
2021-01-11 06:00:00+00:00,3.252009,46.29497964,0.9821256058680006,0.1882267098432442,9026169.0,38.0,6.123233995736766e-17,1.0,1.0,31564.0,7117.2,52290.0,147.97272727272727,6.533333333333334,80142.61,2894.0,1192.0,14.1,0.0,9663.0,5.883625,2021
2023-04-30 11:00:00+00:00,19.55029,89.55725625000001,-0.4749510720670499,0.8800122039735357,9929022.0,35.73,-0.9659258262890682,0.258819045102521,0.0,21357.0,5110.1,38105.0,33.53545454545455,20.03333333333333,31843.6,3039.5,740.0,11730.1,2519567.0,5910.0,2.9707937,2023
2021-05-12 07:00:00+00:00,13.330859,46.29497964,-0.6453481132295501,0.7638886127905428,11206561.0,24.8,-0.2588190451025208,0.9659258262890684,1.0,30116.0,7117.2,39565.0,47.15090909090909,18.33333333333333,52924.32,2514.0,1267.0,3840.6,572571.94,10255.0,4.8171763,2021
2018-12-17 16:00:00+00:00,11.930879,15.1252596,0.9711000518829505,-0.2386727660059499,8153074.0,25.5,-0.5000000000000004,-0.8660254037844385,1.0,35019.0,6121.4,55980.0,157.71833333333333,11.3,71145.97,5849.2,1498.0,761.7,496238.44,4430.0,0.7206387,2018
2022-02-08 18:00:00+00:00,12.617265,80.46928043999999,0.7829801036770629,0.6220467484408675,6964737.0,78.0,-1.8369701987210292e-16,-1.0,1.0,33992.0,7117.2,46051.0,92.72727272727272,10.05,70720.13,6477.1,739.0,167.0,84417.24,4466.0,3.5107048,2022
2020-04-14 19:00:00+00:00,14.948826,17.2389636,-0.2344913895704096,0.9721181966290612,11658137.0,8.51,0.2588190451025203,-0.9659258262890684,1.0,28389.0,5982.1,43255.0,200.6209090909091,14.833333333333334,40933.49,4609.5,1710.0,128.9,91704.21,5847.0,3.3866124,2020
2020-03-04 03:00:00+00:00,11.839137,17.2389636,0.4520722039323043,0.8919813464595485,10393202.0,8.66,0.7071067811865476,0.7071067811865476,1.0,23383.0,7117.2,48779.0,152.06545454545454,11.866666666666667,55594.93,2878.1,1534.0,23.9,0.0,11810.0,6.033008,2020
2019-04-20 13:00:00+00:00,16.869389,22.79031588,-0.3171912885891059,0.9483615800121716,8991028.0,14.0,-0.9659258262890684,-0.2588190451025203,0.0,25271.0,7075.5,45225.0,100.89916666666666,15.5,34947.59,2459.5,1185.0,2139.4,2500020.2,10249.0,6.6565595,2019
2019-10-14 00:00:00+00:00,18.498796,22.79031588,0.226115685508288,-0.9741004551724206,6219253.0,12.95,1.0,0.0,1.0,20981.0,6111.4,41600.0,45.79750000000001,21.166666666666668,36223.45,2264.9,352.0,42.1,0.0,7967.0,3.5637286,2019
2021-12-14 21:00:00+00:00,9.242456,46.29497964,0.9574851883550392,-0.288482432880609,6469940.0,117.5,0.7071067811865474,-0.7071067811865477,1.0,31930.0,5042.0,43885.0,829.5966666666667,8.733333333333333,63913.94,5619.1,1139.0,20.5,0.0,3614.0,3.6235416,2021
2019-07-15 00:00:00+00:00,21.234028,22.79031588,-0.973118337233262,-0.2303056702306119,8724234.0,15.5,1.0,0.0,1.0,23904.0,7117.2,42468.0,45.88,23.73333333333333,34430.97,3755.0,648.0,314.6,0.0,5511.0,3.1848192,2019
2022-03-24 02:00:00+00:00,10.254833,80.46928043999999,0.1415402952170432,0.989932495087353,7046049.0,95.0,0.8660254037844387,0.4999999999999999,1.0,21586.0,6053.3,33435.0,119.11545454545454,11.866666666666667,46561.55,913.1,916.0,4.7,0.0,10512.0,6.7961807,2022
2022-09-05 19:00:00+00:00,23.87419,80.46928043999999,-0.4288919379124841,-0.9033558023246842,5498074.0,40.0,0.2588190451025203,-0.9659258262890684,1.0,32042.0,7117.2,26166.0,40.748,24.85,43661.99,5034.5,492.0,586.0,62993.39,7039.0,2.8661702,2022
2021-12-07 15:00:00+00:00,13.486057,46.29497964,0.9158642882672872,-0.4014879892059729,6157103.0,88.53,-0.7071067811865477,-0.7071067811865475,1.0,30228.0,4746.2,42975.0,613.8675000000001,10.0,58558.21,3035.2,1044.0,1801.7,630856.5,14513.0,7.233606,2021
2018-12-03 11:00:00+00:00,14.297637,15.1252596,0.8860706215341378,-0.4635502709028512,8084888.0,26.99,-0.9659258262890682,0.258819045102521,1.0,34421.0,6121.4,52655.0,101.25416666666666,11.833333333333334,52904.14,7358.9,1075.0,2701.1,1114300.1,4990.0,2.7867079,2018
2020-06-20 05:00:00+00:00,16.089329,17.2389636,-0.9837092937736096,0.1797665857255624,12647900.0,7.1,0.2588190451025207,0.9659258262890684,0.0,20589.0,5102.5,32775.0,82.49727272727273,21.266666666666666,32310.11,2831.5,1138.0,735.7,18313.602,1009.0,1.4106349,2020
2020-03-30 19:00:00+00:00,9.012129,17.2389636,0.0215160974362222,0.9997685019798908,11022385.0,6.99,0.2588190451025203,-0.9659258262890684,1.0,30818.0,7117.2,41859.0,177.56545454545454,12.466666666666669,48488.2,2799.0,1457.0,28.4,34165.92,9367.0,4.30872,2020
2022-10-15 15:00:00+00:00,23.379251,80.46928043999999,0.2428497220959349,-0.9700639218515072,4757275.0,40.0,-0.7071067811865477,-0.7071067811865475,0.0,23562.0,5066.1,27830.0,35.74,22.8,30300.120000000003,3427.3,288.0,9915.4,1489931.4,6526.0,2.9506276,2022
2021-11-22 00:00:00+00:00,10.932526,46.29497964,0.7829801036770624,-0.622046748440868,5960429.0,93.47,1.0,0.0,1.0,22423.0,4046.2,43665.0,41.11272727272726,11.566666666666668,51204.68,3955.8,391.0,4.8,0.0,6351.0,3.441285,2021
2023-06-22 06:00:00+00:00,18.745663,89.55725625000001,-0.986657932891657,0.1628070129385171,9239022.0,38.96,6.123233995736766e-17,1.0,1.0,27647.0,5118.0,35205.0,103.36272727272728,23.066666666666663,41286.8,4779.2,984.0,3461.4,221955.72,3102.0,2.3303185,2023
2020-03-27 03:00:00+00:00,7.1330576,17.2389636,0.0730951298980775,0.9973249731081556,10970564.0,7.49,0.7071067811865476,0.7071067811865476,1.0,21059.0,7117.2,41304.0,219.81909090909087,12.266666666666667,43822.3,2180.1,1318.0,103.0,0.0,4900.0,3.1845186,2020
2019-09-27 02:00:00+00:00,17.2362,22.79031588,-0.0645084494493171,-0.9979171608653922,6541441.0,13.79,0.8660254037844387,0.4999999999999999,1.0,23057.0,7117.2,41740.0,40.425,22.066666666666663,31053.59,3492.7,453.0,58.2,0.0,2561.0,1.3972896,2019
2022-10-30 15:00:00+00:00,20.355793,80.46928043999999,0.4825077417612184,-0.875891705144243,4884752.0,40.0,-0.7071067811865477,-0.7071067811865475,0.0,20661.0,5066.1,26375.0,32.61818181818182,22.25,31162.2,4512.0,772.0,5562.5,1139299.8,3100.0,1.7756824,2022
2021-08-23 10:00:00+00:00,25.281912,46.29497964,-0.6186714032625032,-0.7856498550787144,7373652.0,42.89,-0.8660254037844387,0.4999999999999999,1.0,33340.0,7117.2,43377.0,52.95727272727272,24.933333333333334,39624.45,4184.0,643.0,9390.7,2223792.2,6746.0,3.2345335,2021
2023-06-09 00:00:00+00:00,18.653498,89.55725625000001,-0.9259247771938498,0.3777079652039649,9303179.0,25.89,1.0,0.0,1.0,21981.0,5118.0,31300.0,33.665454545454544,22.7,32354.35,1502.1999999999998,736.0,21.0,0.0,6544.0,3.6819077,2023
2023-08-04 07:00:00+00:00,19.118093,89.55725625000001,-0.8382797052177743,-0.5452404385406511,8090382.0,28.6,-0.2588190451025208,0.9659258262890684,1.0,27833.0,7117.2,32416.0,35.799090909090914,24.5,34936.96,2796.6000000000004,512.0,8497.7,485159.97,9071.0,6.2784405,2023
2018-03-09 00:00:00+00:00,11.927439,15.1252596,0.3896304495307879,0.9209712877166346,6658815.9,22.5,1.0,0.0,1.0,25851.0,6071.9,51555.0,345.32153846153847,10.05,59106.23,2526.5,1486.0,13.4,0.0,9006.0,5.9854155,2018
2021-10-30 12:00:00+00:00,18.919891,46.29497964,0.4825077417612184,-0.875891705144243,5955169.0,75.97,-1.0,1.2246467991473532e-16,0.0,26923.0,6121.4,45010.0,38.14727272727273,16.933333333333334,39077.13,2593.7,518.0,2729.5,1052120.4,10577.0,7.6894207,2021
2022-08-25 00:00:00+00:00,22.413177,80.46928043999999,-0.5912614448635782,-0.8064799463209447,5812377.0,40.0,1.0,0.0,1.0,24563.0,7117.2,24046.0,46.841,26.066666666666663,36523.6,3698.1,528.0,294.6,0.0,4109.0,1.1908427,2022
2019-07-11 08:00:00+00:00,23.752829,22.79031588,-0.9866579328916572,-0.1628070129385164,8965089.0,14.6,-0.4999999999999998,0.8660254037844387,1.0,34191.0,7117.2,43808.0,58.22727272727273,24.633333333333336,47603.3,6035.1,881.0,3966.6,1449283.5,1331.0,1.6851373,2019
2018-05-07 16:00:00+00:00,19.48361,15.1252596,-0.5772916165517272,0.8165380514459161,11941137.0,20.9,-0.5000000000000004,-0.8660254037844385,1.0,29272.0,5066.1,42000.0,204.46416666666667,15.15,40384.31,5304.6,1749.0,2810.4,1846752.1,2045.0,1.4526879,2018
2018-12-17 09:00:00+00:00,9.048013,15.1252596,0.9711000518829505,-0.2386727660059499,8153074.0,25.5,-0.7071067811865475,0.7071067811865476,1.0,36415.0,6121.4,55980.0,157.71833333333333,11.3,71211.71,6233.0,1378.0,1438.6,371593.75,4060.0,1.9706986,2018
2022-10-30 13:00:00+00:00,20.226944,80.46928043999999,0.4825077417612184,-0.875891705144243,4884752.0,40.0,-0.9659258262890684,-0.2588190451025203,0.0,22554.0,5066.1,26375.0,32.61818181818182,22.25,29343.76,4783.0,772.0,6650.4,1634142.0,3541.0,1.912332,2022
2023-07-27 17:00:00+00:00,26.386026,89.55725625000001,-0.9051931898913976,-0.4250003399695539,8309958.0,34.48,-0.2588190451025206,-0.9659258262890684,1.0,32045.0,7117.2,35582.0,36.770909090909086,25.6,37234.15,3511.5,532.0,11886.4,1532597.4,7364.0,1.8924227,2023
2023-08-21 15:00:00+00:00,31.717516,89.55725625000001,-0.64534811322955,-0.7638886127905429,7451239.0,38.12,-0.7071067811865477,-0.7071067811865475,1.0,33758.0,6947.5,34919.0,38.58636363636364,28.066666666666663,37221.39,4121.9,504.0,15010.3,2564700.2,4269.0,1.8424553,2023
2021-05-02 06:00:00+00:00,9.497579,46.29497964,-0.5049610547215204,0.8631421280499114,11313372.0,22.8,6.123233995736766e-17,1.0,0.0,20681.0,6761.4,37170.0,60.46818181818183,16.400000000000002,43054.46,2820.0,1023.0,1933.1,118958.766,3515.0,1.5778346,2021
2020-11-29 06:00:00+00:00,10.48386,17.2389636,0.8609610158889941,-0.5086709438521049,8494958.0,15.5,6.123233995736766e-17,1.0,0.0,21271.0,7117.2,48682.0,52.8490909090909,13.5,50276.14,2466.6000000000004,671.0,17.1,0.0,2198.0,0.9238827,2020
2020-03-23 07:00:00+00:00,10.123779,17.2389636,0.1415402952170432,0.989932495087353,10970564.0,8.49,-0.2588190451025208,0.9659258262890684,1.0,27661.0,7117.2,43129.0,249.3754545454545,12.266666666666666,48232.03,3686.7,1619.0,978.4,114558.6,4421.0,4.1093955,2020
2018-01-18 19:00:00+00:00,10.846382,15.1252596,0.9523775757303976,0.304921224656289,5330221.2,21.08,0.2588190451025203,-0.9659258262890684,1.0,37488.0,7117.2,57780.0,280.7275,8.65,64180.11,6446.3,1358.0,27.3,0.0,2398.0,1.3740156,2018
2022-03-11 20:00:00+00:00,10.970911,80.46928043999999,0.3576982388331257,0.9338372288229252,6793423.0,150.0,0.5000000000000001,-0.8660254037844386,1.0,31442.0,7117.2,40855.0,88.62454545454545,11.699999999999998,48947.36,6292.9,1176.0,9.7,0.0,5069.0,2.5662832,2022
2020-10-18 06:00:00+00:00,10.763291,17.2389636,0.3090169943749472,-0.9510565162951536,8253016.0,14.99,6.123233995736766e-17,1.0,0.0,21163.0,6125.5,44650.0,131.1772727272727,15.8,46652.12,3055.6,828.0,270.0,11.12767,2095.0,1.6252123,2020
2023-05-28 22:00:00+00:00,16.31282,89.55725625000001,-0.8287700871745035,0.5595892624101769,9432440.0,26.4,0.8660254037844384,-0.5000000000000004,1.0,20424.0,5118.0,33415.0,34.70090909090909,21.133333333333333,29345.72,3804.6,704.0,59.9,0.0,3203.0,1.760044,2023
2022-12-29 10:00:00+00:00,12.694588,80.46928043999999,0.9994074007397048,-0.0344216116227458,8010646.0,40.0,-0.8660254037844387,0.4999999999999999,1.0,27498.0,7117.2,36520.0,37.38727272727272,10.933333333333332,40920.71,4454.4,1096.0,4325.7,635814.6,9645.0,4.913554,2022
2021-09-16 12:00:00+00:00,22.839922,46.29497964,-0.2511900638848195,-0.9679377830240642,6577502.0,74.5,-1.0,1.2246467991473532e-16,1.0,31952.0,7117.2,43916.0,48.61272727272728,23.73333333333333,46801.61,5743.9,552.0,9550.0,2298066.8,2406.0,1.799592,2021
2021-05-05 23:00:00+00:00,14.252959,46.29497964,-0.548842958284719,0.8359254794186372,11235497.0,26.97,0.9659258262890684,-0.2588190451025207,1.0,23045.0,7117.2,38710.0,55.57727272727273,18.13333333333333,45632.53,3146.6,1015.0,482.4,0.0,3269.0,1.3317038,2021
2023-01-11 12:00:00+00:00,13.115701,89.55725625000001,0.9821256058680006,0.1882267098432442,9141747.0,45.0,-1.0,1.2246467991473532e-16,1.0,31219.0,7117.2,44580.0,74.91181818181818,13.4,47263.36,5007.2,1160.0,5136.4,1203004.0,8352.0,4.399072,2023
2022-02-16 14:00:00+00:00,14.333567,80.46928043999999,0.6901733882429719,0.7236440382959124,6930013.0,76.99,-0.8660254037844386,-0.5000000000000001,1.0,30715.0,7117.2,45966.0,69.81636363636363,10.266666666666667,46558.78,3990.3,619.0,8375.2,1659639.9,12526.0,5.80654,2022
2022-08-01 19:00:00+00:00,28.018927,80.46928043999999,-0.8653072543632061,-0.5012418134457756,6357621.0,40.0,0.2588190451025203,-0.9659258262890684,1.0,33452.0,7117.2,26416.0,43.32272727272728,27.4,42679.84,5684.1,572.0,1445.8,349536.94,6296.0,1.2654985,2022
2020-10-18 05:00:00+00:00,10.931537,17.2389636,0.3090169943749472,-0.9510565162951536,8253016.0,14.99,0.2588190451025207,0.9659258262890684,0.0,20674.0,6125.5,44650.0,131.1772727272727,15.8,45456.76,3205.0,822.0,12.2,0.0,2000.0,1.4290878,2020
2023-05-13 07:00:00+00:00,12.853329,89.55725625000001,-0.6584015846980488,0.7526668275320085,9666595.0,28.15,-0.2588190451025208,0.9659258262890684,0.0,21759.0,5110.1,35015.0,32.14909090909091,18.133333333333336,34215.67,2741.3,724.0,8958.8,538306.94,8348.0,5.4888597,2023
2022-10-15 20:00:00+00:00,19.569117,80.46928043999999,0.2428497220959349,-0.9700639218515072,4757275.0,40.0,0.5000000000000001,-0.8660254037844386,0.0,24533.0,5066.1,27830.0,35.74,22.8,35012.21,4794.4,460.0,266.4,0.0,5985.0,2.8359385,2022
2021-06-05 20:00:00+00:00,18.510899,46.29497964,-0.8977433935342337,0.440518784350495,11052279.0,24.75,0.5000000000000001,-0.8660254037844386,0.0,25723.0,5068.5,39910.0,69.39545454545454,21.433333333333334,37556.2,3705.7,1119.0,207.3,52454.055,5067.0,2.7617283,2021
2022-07-05 02:00:00+00:00,20.161499,80.46928043999999,-0.9981855344718586,-0.0602132773657927,7194500.0,40.0,0.8660254037844387,0.4999999999999999,1.0,23712.0,7117.2,28490.0,46.607,24.933333333333334,34109.48,4261.5,556.0,344.0,0.0,8219.0,2.1501832,2022
2022-04-19 00:00:00+00:00,12.895621,80.46928043999999,-0.3008198076356675,0.9536809966304456,7656944.0,75.0,1.0,0.0,1.0,19705.0,6994.5,32019.0,71.52363636363636,16.833333333333332,38469.19,1048.2000000000005,977.0,309.3,0.0,8544.0,2.9470148,2022
2019-08-19 12:00:00+00:00,25.072353,22.79031588,-0.6712599575675318,-0.7412220108485954,7515195.0,11.7,-1.0,1.2246467991473532e-16,1.0,33852.0,7117.2,40098.0,46.73333333333333,25.33333333333333,41312.79,4661.2,882.0,6187.7,2744446.8,4399.0,1.3924695,2019
2022-03-09 06:00:00+00:00,7.7168503,80.46928043999999,0.3896304495307879,0.9209712877166346,6793423.0,240.0,6.123233995736766e-17,1.0,1.0,29312.0,7117.2,43170.0,96.51090909090908,11.033333333333331,66051.49,3237.4,910.0,38.0,0.0,6130.0,2.4174705,2022
2018-02-21 03:00:00+00:00,8.277699,15.1252596,0.6254105729852463,0.7802958510707755,5669946.4,20.75,0.7071067811865476,0.7071067811865476,1.0,24783.0,6053.3,50905.0,544.1846153846153,10.0,57492.86,3085.5,1265.0,26.6,0.0,10760.0,6.027004,2018
2020-04-20 08:00:00+00:00,13.392377,17.2389636,-0.3334687789181868,0.9427611433904208,12134569.0,7.3,-0.4999999999999998,0.8660254037844387,1.0,25863.0,5939.1,39795.0,247.72272727272727,15.333333333333334,36721.47,4372.9,1717.0,3558.3,659010.25,5391.0,3.5227585,2020
2020-06-23 02:00:00+00:00,19.451857,17.2389636,-0.99167731989929,0.1287481774525808,12457241.0,6.9,0.8660254037844387,0.4999999999999999,1.0,22430.0,5114.2,30380.0,67.38818181818182,22.2,31942.8,3641.4,979.0,461.1,0.0,4829.0,2.7702413,2020
2023-07-20 13:00:00+00:00,27.838194,89.55725625000001,-0.9497178427914318,-0.3131070409358262,8561884.0,28.5,-0.9659258262890684,-0.2588190451025203,1.0,35656.0,7117.2,36780.0,34.559090909090905,27.2,38376.46,2545.3,556.0,15988.8,3186132.2,6132.0,2.82252,2023
2020-09-29 09:00:00+00:00,18.303513,17.2389636,-0.0129102960750088,-0.999916658654738,8407927.0,11.55,-0.7071067811865475,0.7071067811865476,1.0,30368.0,7065.5,40000.0,79.19363636363637,18.866666666666667,52268.5,6322.0,632.0,7507.3,1319047.8,1673.0,2.2603948,2020
2023-09-08 01:00:00+00:00,20.64782,89.55725625000001,-0.3816892202666594,-0.924290722193093,7199927.0,31.0,0.9659258262890684,0.2588190451025207,1.0,22656.0,7043.3,41850.0,44.583636363636366,24.26666666666667,35029.81,4280.1,396.0,95.7,0.0,2828.0,1.385858,2023
2021-12-08 08:00:00+00:00,9.563492,46.29497964,0.9226395488404876,-0.3856634062436074,6157103.0,95.25,-0.4999999999999998,0.8660254037844387,0.0,25135.0,5042.0,42975.0,618.6491666666666,10.1,67451.58,1211.3000000000002,1112.0,2349.7,67092.48,17851.0,9.687685,2021
2021-04-16 00:00:00+00:00,10.42945,46.29497964,-0.2511900638848191,0.9679377830240644,11756650.0,21.0,1.0,0.0,1.0,23016.0,5115.6,39655.0,54.05272727272728,15.166666666666666,51752.66,3800.5,814.0,5.0,0.0,8863.0,4.875892,2021
2018-12-17 22:00:00+00:00,8.43946,15.1252596,0.9711000518829505,-0.2386727660059499,8153074.0,25.5,0.8660254037844384,-0.5000000000000004,1.0,30442.0,6121.4,55980.0,157.71833333333333,11.3,67469.56,4849.0,1340.0,19.5,0.0,7615.0,3.4908369,2018
2019-02-18 04:00:00+00:00,8.407769,22.79031588,0.6648553979642865,0.7469720876965552,8866543.0,21.08,0.5000000000000001,0.8660254037844386,1.0,23074.0,7117.2,53825.0,211.4075,9.233333333333333,52144.09,3112.3,1115.0,17.6,0.0,5144.0,2.7031245,2019
2022-11-30 14:00:00+00:00,12.860722,80.46928043999999,0.8609610158889941,-0.5086709438521049,5768825.0,40.0,-0.8660254037844386,-0.5000000000000001,1.0,30723.0,7117.2,35883.0,61.49545454545455,12.933333333333332,58086.82,5339.2,992.0,5486.9,1051920.6,1408.0,0.44027388,2022
2019-07-22 16:00:00+00:00,29.825487,22.79031588,-0.9383773917408642,-0.3456123126707333,8415226.0,15.4,-0.5000000000000004,-0.8660254037844385,1.0,36872.0,7117.2,42329.0,45.2725,24.866666666666664,49100.93,5968.1,716.0,3453.7,2263306.0,6053.0,2.7113101,2019
2021-09-16 09:00:00+00:00,20.58392,46.29497964,-0.2511900638848195,-0.9679377830240642,6577502.0,74.5,-0.7071067811865475,0.7071067811865476,1.0,31629.0,7117.2,43916.0,48.61272727272728,23.73333333333333,49358.17,5834.7,568.0,7631.9,1181121.8,2704.0,1.6785231,2021
2018-07-17 23:00:00+00:00,21.755714,15.1252596,-0.9646141756912436,-0.2636654927280072,10732748.9,25.0,0.9659258262890684,-0.2588190451025207,1.0,26844.0,6071.9,45565.0,79.91083333333334,23.950000000000003,41110.86,5208.0,1017.0,603.3,0.0,6256.0,1.8991357,2018
2022-05-03 19:00:00+00:00,14.728522,80.46928043999999,-0.5197438121555155,0.854322169749827,7954466.0,83.88,0.2588190451025203,-0.9659258262890684,1.0,29597.0,6125.5,30093.0,152.45363636363635,15.7,43480.69,4558.9,1231.0,172.2,180081.92,8165.0,3.6212533,2022
2020-07-18 03:00:00+00:00,19.573217,17.2389636,-0.9549667548552552,-0.2967128192734901,11748175.0,5.3,0.7071067811865476,0.7071067811865476,0.0,22746.0,7117.2,36240.0,54.23181818181818,23.399999999999995,33057.91,3206.1,751.0,291.1,0.0,6032.0,2.6199877,2020
2019-11-06 08:00:00+00:00,11.779602,22.79031588,0.5842981736283683,-0.8115390590073611,6430248.0,10.5,-0.4999999999999998,0.8660254037844387,1.0,31499.0,5047.5,41130.0,65.02583333333334,15.833333333333334,59382.43,5014.4,1318.0,2171.6,264135.38,8769.0,6.1171484,2019
2023-12-23 20:00:00+00:00,9.5457115,89.55725625000001,0.9905324521322229,-0.1372787721132651,9597457.0,31.43,0.5000000000000001,-0.8660254037844386,0.0,28693.0,7117.2,44700.0,169.24727272727273,10.666666666666666,38670.41,7443.0,1280.0,69.1,0.0,4279.0,1.6161664,2023
2021-03-29 09:00:00+00:00,14.614937,46.29497964,0.0559169901006032,0.9984354211555644,12137668.0,18.9,-0.7071067811865475,0.7071067811865476,1.0,31569.0,6111.4,41454.0,79.46090909090908,14.4,51866.91,3760.7,1042.0,5919.9,1393913.2,8967.0,5.5771966,2021
2021-03-08 07:00:00+00:00,8.699213,46.29497964,0.4054257283599973,0.9141279881853336,12602854.0,17.8,-0.2588190451025208,0.9659258262890684,1.0,31544.0,7117.2,44770.0,183.53181818181807,11.766666666666666,67985.14,3992.2,1473.0,873.5,23837.441,6012.0,3.4505422,2021
2021-09-25 11:00:00+00:00,21.74556,46.29497964,-0.0988201387328721,-0.9951053111006974,6433671.0,69.0,-0.9659258262890682,0.258819045102521,0.0,27566.0,7117.2,39067.0,46.70181818181818,21.23333333333333,39219.38,3701.5,545.0,7412.5,1873482.4,6228.0,2.974315,2021
2020-06-03 20:00:00+00:00,19.57904,17.2389636,-0.8900275764346767,0.4559066935084588,12884805.0,6.2,0.5000000000000001,-0.8660254037844386,1.0,26909.0,4856.7,36990.0,63.28181818181818,21.6,41122.38,4505.1,1266.0,540.6,41532.473,5614.0,4.269518,2020
2023-05-21 14:00:00+00:00,18.421806,89.55725625000001,-0.7554933140726803,0.6551563572090853,9540599.0,26.66,-0.8660254037844386,-0.5000000000000001,0.0,19578.0,6121.4,34658.0,43.82545454545455,19.2,24565.25,2827.1000000000004,564.0,8995.7,2437063.8,6139.0,3.0027425,2023
2018-01-02 09:00:00+00:00,10.815098,15.1252596,0.9994074007397048,0.0344216116227457,5104801.6,24.5,-0.7071067811865475,0.7071067811865476,1.0,34005.0,7117.2,56880.0,160.3075,9.75,61451.72,3115.2000000000003,1140.0,1084.9,310081.9,12544.0,5.7633314,2018
2019-09-27 06:00:00+00:00,16.58192,22.79031588,-0.0645084494493171,-0.9979171608653922,6541441.0,13.79,6.123233995736766e-17,1.0,1.0,29715.0,7117.2,41740.0,40.425,22.066666666666663,44811.89,4332.2,626.0,333.9,3074.925,2001.0,1.2082775,2019
2021-01-20 00:00:00+00:00,8.428676,46.29497964,0.9413173175128472,0.3375228995941133,9366925.0,29.0,1.0,0.0,1.0,26988.0,7117.2,51680.0,214.4909090909091,7.766666666666666,56124.98,899.8000000000002,1197.0,12.2,0.0,10422.0,7.0348206,2021
2022-10-03 22:00:00+00:00,18.759375,80.46928043999999,0.0387222808921739,-0.9992500112396836,4808909.0,40.0,0.8660254037844384,-0.5000000000000004,1.0,23455.0,6111.4,28010.0,37.68272727272727,21.4,41902.42,4897.1,508.0,89.7,0.0,2526.0,1.1915177,2022
2018-02-16 02:00:00+00:00,10.115613,15.1252596,0.6901733882429719,0.7236440382959124,5458728.1,21.1,0.8660254037844387,0.4999999999999999,1.0,24807.0,7117.2,56895.0,458.0730769230769,9.1,59471.12,4489.2,1376.0,15.2,0.0,1990.0,0.8883314,2018
2018-08-22 21:00:00+00:00,23.550638,15.1252596,-0.6321034111873488,-0.7748840413670406,9628642.2,25.78,0.7071067811865474,-0.7071067811865477,1.0,29495.0,7117.2,38335.0,55.30916666666667,24.7,47394.94,5220.5,901.0,418.7,0.0,3341.0,1.3518097,2018
2022-02-22 19:00:00+00:00,12.929998,80.46928043999999,0.6118864012687244,0.7909456567567772,6905883.0,71.0,0.2588190451025203,-0.9659258262890684,1.0,33994.0,7117.2,44196.0,69.64454545454545,10.666666666666666,57553.46,6765.1,882.0,234.8,2130.5037,7608.0,2.3648686,2022
2023-10-19 14:00:00+00:00,19.693367,89.55725625000001,0.3090169943749472,-0.9510565162951536,6686078.0,42.0,-0.8660254037844386,-0.5000000000000001,1.0,26211.0,5540.8,43010.0,36.57181818181818,21.399999999999995,35338.25,2363.8,684.0,2839.9,946167.0,16739.0,9.998042,2023
2023-09-27 02:00:00+00:00,18.036983,89.55725625000001,-0.0645084494493171,-0.9979171608653922,7052792.0,43.38,0.8660254037844387,0.4999999999999999,1.0,21237.0,5983.0,39656.0,33.96727272727272,22.5,33132.01,4036.8,380.0,137.6,0.0,4471.0,1.440426,2023
2021-08-21 00:00:00+00:00,21.098894,46.29497964,-0.64534811322955,-0.7638886127905429,7728542.0,42.95,1.0,0.0,0.0,24494.0,7117.2,40829.0,54.64363636363637,24.26666666666667,35947.02,3353.9,569.0,519.8,0.0,3599.0,0.23309915,2021
2019-10-31 06:00:00+00:00,16.802868,22.79031588,0.4975132889071803,-0.8674563547295971,6356816.0,12.0,6.123233995736766e-17,1.0,1.0,27995.0,5760.1,41035.0,44.96333333333333,17.7,51770.29,4451.2,749.0,30.6,0.0,5336.0,4.3415303,2019
2022-02-13 02:00:00+00:00,8.670414,80.46928043999999,0.7266075247685656,0.687052767223667,6964737.0,79.5,0.8660254037844387,0.4999999999999999,0.0,21091.0,7117.2,43356.0,68.68090909090908,9.9,52417.57,3833.8,517.0,4.2,0.0,6758.0,2.6079547,2022
2018-02-07 00:00:00+00:00,4.5559487,15.1252596,0.7935716089521474,0.6084768701151261,5358573.3,23.2,1.0,0.0,1.0,27612.0,7117.2,56295.0,282.4075,7.9,70136.96,4151.6,925.0,7.6,0.0,7754.0,5.9439993,2018
2018-02-05 09:00:00+00:00,6.2682257,15.1252596,0.8140460935082179,0.5808002734538008,5358573.3,23.55,-0.7071067811865475,0.7071067811865476,1.0,39291.0,7117.2,56450.0,268.385,9.05,77111.88,5017.799999999999,1096.0,1181.0,360717.3,6178.0,1.867216,2018
2023-01-29 00:00:00+00:00,4.7068877,89.55725625000001,0.8779600847008882,0.4787338401157884,10151548.0,45.0,1.0,0.0,0.0,24315.0,7117.2,44223.0,115.03999999999998,10.7,63197.62,2966.3,1192.0,45.4,0.0,10942.0,4.9197464,2023
2022-01-04 01:00:00+00:00,11.029012,80.46928043999999,0.9976303053065856,0.0688024268023198,6946823.0,70.0,0.9659258262890684,0.2588190451025207,1.0,21843.0,6105.9,45875.0,129.86272727272728,9.266666666666667,46072.31,1341.0,977.0,19.5,0.0,11870.0,5.6884446,2022
2022-02-21 01:00:00+00:00,9.009576,80.46928043999999,0.6254105729852463,0.7802958510707755,6905883.0,80.75,0.9659258262890684,0.2588190451025207,1.0,22115.0,7117.2,41048.0,67.41181818181818,10.633333333333333,37339.89,3168.3,561.0,30.6,0.0,6678.0,2.3192313,2022
2018-11-27 04:00:00+00:00,8.870909,15.1252596,0.83355577183857,-0.5524353131676195,7992028.0,27.0,0.5000000000000001,0.8660254037844386,1.0,24493.0,5110.1,49540.0,110.75166666666668,12.066666666666668,56623.29,4433.0,1176.0,4.7,0.0,7278.0,4.4111147,2018
2018-04-01 09:00:00+00:00,11.599039,15.1252596,0.0043035382962442,0.99999073973619,9560482.4,24.0,-0.7071067811865475,0.7071067811865476,0.0,26273.0,6071.9,44515.0,317.7816666666667,11.85,51119.47,2985.9,1745.0,3658.8,1454955.1,5304.0,2.11613,2018
2019-07-22 21:00:00+00:00,25.261812,22.79031588,-0.9383773917408642,-0.3456123126707333,8415226.0,15.4,0.7071067811865474,-0.7071067811865477,1.0,31601.0,7117.2,42329.0,45.2725,24.866666666666664,49524.09,5711.2,661.0,402.2,21.20616,6030.0,2.5329678,2019
2023-08-04 16:00:00+00:00,24.806988,89.55725625000001,-0.8382797052177743,-0.5452404385406511,8090382.0,28.6,-0.5000000000000004,-0.8660254037844385,1.0,28394.0,7117.2,32416.0,35.799090909090914,24.5,29715.27,3925.1,452.0,14395.1,2162506.8,9820.0,5.2257247,2023
2018-09-21 17:00:00+00:00,25.014965,15.1252596,-0.1670516255021195,-0.9859481499638304,8602508.2,29.8,-0.2588190451025206,-0.9659258262890684,1.0,32753.0,7117.2,44130.0,72.94916666666667,23.9,44450.83,5909.0,736.0,1545.3,753690.94,3011.0,2.3426614,2018
2021-03-30 01:00:00+00:00,13.219089,46.29497964,0.0387222808921744,0.9992500112396836,12137668.0,18.47,0.9659258262890684,0.2588190451025207,1.0,22311.0,6111.4,42624.0,76.7181818181818,14.699999999999998,40644.69,2734.8,940.0,19.1,0.0,8895.0,5.1869283,2021
2022-09-16 21:00:00+00:00,20.798088,80.46928043999999,-0.2511900638848195,-0.9679377830240642,5329748.0,40.0,0.7071067811865474,-0.7071067811865477,1.0,25762.0,7117.2,28706.0,39.623636363636365,24.566666666666663,39573.84,5283.6,456.0,309.9,0.0,9407.0,2.5049553,2022
2022-10-21 12:00:00+00:00,20.291882,80.46928043999999,0.3415707691678551,-0.9398560579418956,4759479.0,36.0,-1.0,1.2246467991473532e-16,1.0,29071.0,5066.1,28380.0,36.053636363636365,23.05,34002.97,3194.9,616.0,4401.7,1596970.8,11733.0,6.3636937,2022
2019-12-26 19:00:00+00:00,11.4083395,22.79031588,0.9962981749346076,-0.0859647987374467,9450499.0,9.0,0.2588190451025203,-0.9659258262890684,1.0,29508.0,7117.2,49890.0,379.62416666666667,9.9,55324.31,5339.3,1858.0,19.0,0.0,3964.0,3.5783076,2019
2018-07-13 23:00:00+00:00,21.510656,15.1252596,-0.980469160361632,-0.1966728897935762,11467992.1,25.4,0.9659258262890684,-0.2588190451025207,0.0,26985.0,6071.9,39275.0,63.7175,23.85,41316.85,5319.0,1088.0,518.3,0.0,3331.0,0.37724143,2018
2020-06-23 16:00:00+00:00,27.500507,17.2389636,-0.99167731989929,0.1287481774525808,12457241.0,6.9,-0.5000000000000004,-0.8660254037844385,1.0,30701.0,5114.2,30380.0,67.38818181818182,22.2,40742.61,5038.9,1093.0,6003.9,2321236.0,3932.0,1.7741013,2020
2018-02-21 21:00:00+00:00,7.4465437,15.1252596,0.6254105729852463,0.7802958510707755,5669946.4,20.75,0.7071067811865474,-0.7071067811865477,1.0,34003.0,6053.3,52400.0,544.1846153846153,10.0,66187.64,5010.0,1423.0,143.9,0.0,8892.0,6.7465925,2018
2023-07-20 12:00:00+00:00,27.449417,89.55725625000001,-0.9497178427914318,-0.3131070409358262,8561884.0,28.5,-1.0,1.2246467991473532e-16,1.0,35884.0,7117.2,36780.0,34.559090909090905,27.2,38698.94,2705.1000000000004,584.0,16013.0,3150761.2,5101.0,2.5628853,2023
2022-03-07 15:00:00+00:00,11.390179,80.46928043999999,0.4211008707960896,0.907013812802636,6793423.0,205.0,-0.7071067811865477,-0.7071067811865475,1.0,30753.0,7117.2,42760.0,107.69454545454543,11.166666666666666,51358.97,4983.1,819.0,5319.4,1546247.6,5794.0,1.5629568,2022
2020-04-18 19:00:00+00:00,15.712294,17.2389636,-0.3008198076356675,0.9536809966304456,11658137.0,7.41,0.2588190451025203,-0.9659258262890684,0.0,25126.0,5953.1,41445.0,236.1709090909091,15.0,39044.6,4650.4,1823.0,211.2,108024.75,1099.0,1.731787,2020
2018-05-11 15:00:00+00:00,19.584103,15.1252596,-0.6321034111873487,0.7748840413670407,11941137.0,21.5,-0.7071067811865477,-0.7071067811865475,1.0,29512.0,5066.1,42675.0,152.7775,15.95,36560.6,4848.5,1650.0,4131.2,2346869.2,3497.0,2.682006,2018
2023-10-19 01:00:00+00:00,19.146814,89.55725625000001,0.3090169943749472,-0.9510565162951536,6686078.0,42.0,0.9659258262890684,0.2588190451025207,1.0,21008.0,5761.6,43005.0,36.57181818181818,21.399999999999995,27512.78,116.89999999999964,476.0,8.2,0.0,16462.0,8.674329,2023
2022-03-09 02:00:00+00:00,8.155349,80.46928043999999,0.3896304495307879,0.9209712877166346,6793423.0,240.0,0.8660254037844387,0.4999999999999999,1.0,22652.0,7117.2,43170.0,96.51090909090908,11.033333333333331,53331.08,3118.9,680.0,8.4,0.0,5429.0,2.289622,2022
2019-02-09 17:00:00+00:00,12.880127,22.79031588,0.7721565844991642,0.6354323008901774,8546223.0,21.1,-0.2588190451025206,-0.9659258262890684,0.0,28827.0,7117.2,55005.0,378.5815384615385,8.733333333333333,54395.09,4018.1,1480.0,895.9,478544.88,6899.0,3.9610682,2019
2022-12-22 20:00:00+00:00,14.208592,80.46928043999999,0.9880226656636976,-0.154308820664281,7263299.0,40.0,0.5000000000000001,-0.8660254037844386,1.0,31907.0,7117.2,41310.0,46.10909090909092,11.933333333333332,40630.14,5486.7,1264.0,23.0,0.0,12318.0,4.930474,2022
2021-03-14 21:00:00+00:00,10.797188,46.29497964,0.3090169943749474,0.9510565162951536,12602854.0,18.27,0.7071067811865474,-0.7071067811865477,0.0,28072.0,6111.4,46155.0,124.68,12.333333333333334,48681.2,4231.1,1262.0,392.0,0.0,7400.0,4.172956,2021
2023-07-27 16:00:00+00:00,26.999216,89.55725625000001,-0.9051931898913976,-0.4250003399695539,8309958.0,34.48,-0.5000000000000004,-0.8660254037844385,1.0,31937.0,7117.2,35720.0,36.770909090909086,25.6,32967.92,3034.4,524.0,13681.7,2108859.5,7168.0,1.9502817,2023
2021-09-20 16:00:00+00:00,21.873787,46.29497964,-0.1839983516576798,-0.9829265519799822,6433671.0,70.0,-0.5000000000000004,-0.8660254037844385,1.0,28516.0,7117.2,42162.0,43.454545454545446,21.433333333333334,42263.69,3912.1,484.0,5706.2,1333371.0,9719.0,4.2464786,2021
2021-10-22 11:00:00+00:00,17.425243,46.29497964,0.3576982388331254,-0.9338372288229252,6017107.0,90.05,-0.9659258262890682,0.258819045102521,1.0,29906.0,6121.4,41250.0,37.60363636363637,18.26666666666667,48596.49,3885.9,373.0,8328.5,1636119.9,6806.0,4.237319,2021
2020-01-26 17:00:00+00:00,11.225237,17.2389636,0.901501684131884,0.4327755925504312,9950225.0,10.9,-0.2588190451025206,-0.9659258262890684,0.0,29307.0,7117.2,51975.0,141.62636363636364,9.033333333333331,60939.08,4733.8,1401.0,295.6,278773.8,7022.0,3.76481,2020
2020-10-01 07:00:00+00:00,15.949053,17.2389636,0.0215160974362222,-0.9997685019798908,8407927.0,12.6,-0.2588190451025208,0.9659258262890684,1.0,29702.0,6765.5,40000.0,60.02454545454545,19.666666666666668,48267.63,4402.4,671.0,2219.5,131799.56,5386.0,3.9562771,2020
2022-08-25 20:00:00+00:00,23.858519,80.46928043999999,-0.5912614448635782,-0.8064799463209447,5812377.0,40.0,0.5000000000000001,-0.8660254037844386,1.0,30528.0,7117.2,24046.0,46.841,26.066666666666663,41563.81,4882.7,612.0,581.3,1387.2708,9803.0,3.2966251,2022
2019-08-27 12:00:00+00:00,24.168617,22.79031588,-0.5631507242749187,-0.8263541987239094,7325462.0,11.4,-1.0,1.2246467991473532e-16,1.0,34414.0,7117.2,41900.0,52.5525,24.4,48335.73,5563.6,678.0,5112.8,2311233.2,1069.0,0.8556568,2019
2018-05-14 04:00:00+00:00,10.73089,15.1252596,-0.6712599575675313,0.7412220108485958,12009342.4,22.5,0.5000000000000001,0.8660254037844386,1.0,23887.0,6071.9,46045.0,164.1475,15.15,40110.26,2098.4,1543.0,113.0,0.0,4977.0,4.4811068,2018
2022-02-15 05:00:00+00:00,7.004969,80.46928043999999,0.702527474169157,0.7116566222817747,6930013.0,83.8,0.2588190451025207,0.9659258262890684,1.0,26902.0,7117.2,44666.0,65.53363636363636,10.233333333333333,57392.09,4337.1,624.0,13.0,0.0,9961.0,4.7150087,2022
2020-01-12 06:00:00+00:00,5.1650414,17.2389636,0.9787400799669153,0.2051044998686192,9753093.0,11.66,6.123233995736766e-17,1.0,0.0,23732.0,7117.2,53346.0,139.07636363636362,8.166666666666666,51899.55,4549.9,1086.0,14.2,0.0,3002.0,1.4144514,2020
2018-10-27 10:00:00+00:00,14.0541315,15.1252596,0.436651231956063,-0.8996308696522438,7728196.0,25.5,-0.8660254037844387,0.4999999999999999,0.0,28458.0,7117.2,41695.0,50.05916666666667,17.366666666666667,53520.36,1634.8000000000002,716.0,1607.7,800021.9,8332.0,4.2468305,2018
2020-02-22 17:00:00+00:00,16.010662,17.2389636,0.6118864012687244,0.7909456567567772,10406929.0,10.2,-0.2588190451025206,-0.9659258262890684,0.0,26621.0,7117.2,46809.0,98.78181818181817,10.733333333333334,48358.21,5079.1,1136.0,1544.0,750200.3,2181.0,1.9786952,2020
2022-04-11 20:00:00+00:00,14.008038,80.46928043999999,-0.167051625502119,0.9859481499638304,7441893.0,104.0,0.5000000000000001,-0.8660254037844386,1.0,27476.0,7055.5,33463.0,114.09272727272727,14.5,42496.26,4822.6,1162.0,84.0,240.10333,11186.0,4.287213,2022
2022-07-22 09:00:00+00:00,25.609238,80.46928043999999,-0.9383773917408642,-0.3456123126707333,6828082.0,40.0,-0.7071067811865475,0.7071067811865476,1.0,34489.0,7117.2,27075.0,52.33181818181818,27.566666666666663,44802.69,5734.3,628.0,10718.9,1838786.4,3364.0,0.9602911,2022
2023-09-27 04:00:00+00:00,17.544857,89.55725625000001,-0.0645084494493171,-0.9979171608653922,7052792.0,43.38,0.5000000000000001,0.8660254037844386,1.0,22856.0,5983.0,39656.0,33.96727272727272,22.5,36537.86,4077.4,384.0,41.6,0.0,5072.0,1.4656185,2023
2018-04-08 08:00:00+00:00,10.982109,15.1252596,-0.1159345995955004,0.9932568492674144,10090502.6,20.4,-0.4999999999999998,0.8660254037844387,0.0,26392.0,6071.9,42525.0,377.753076923077,13.05,43150.5,3446.8,1890.0,1608.5,642676.3,7894.0,4.5387454,2018
2020-11-26 13:00:00+00:00,14.303191,17.2389636,0.83355577183857,-0.5524353131676195,8494958.0,16.0,-0.9659258262890684,-0.2588190451025203,1.0,33024.0,7117.2,50167.0,57.78727272727272,12.833333333333334,58989.42,4928.7,913.0,1436.4,1005989.94,9662.0,5.6552153,2020
2020-11-30 02:00:00+00:00,10.609322,17.2389636,0.8695893893466109,-0.4937755501599773,8372287.0,16.5,0.8660254037844387,0.4999999999999999,1.0,20851.0,7117.2,50945.0,63.25181818181818,13.4,54710.02,1896.9,660.0,8.8,0.0,2778.0,2.5393395,2020
2020-07-17 11:00:00+00:00,25.805462,17.2389636,-0.9599326896597444,-0.2802306751992161,11748175.0,5.5,-0.9659258262890682,0.258819045102521,1.0,34985.0,7117.2,36240.0,54.41090909090909,23.1,43939.83,6040.9,917.0,8779.8,2896727.5,6691.0,2.4682488,2020
2018-09-28 12:00:00+00:00,23.868172,15.1252596,-0.0473213883224323,-0.9988797155850336,8374465.0,28.9,-1.0,1.2246467991473532e-16,1.0,33359.0,7117.2,45700.0,51.42916666666667,21.9,43676.44,6277.0,712.0,5120.6,2513546.8,2434.0,1.7984091,2018
2022-02-16 12:00:00+00:00,13.359335,80.46928043999999,0.6901733882429719,0.7236440382959124,6930013.0,76.99,-1.0,1.2246467991473532e-16,1.0,32020.0,7117.2,45966.0,69.81636363636363,10.266666666666667,50907.17,4121.9,655.0,8905.7,1655603.5,12282.0,5.4153323,2022
2023-09-19 15:00:00+00:00,23.28909,89.55725625000001,-0.2008905551306352,-0.97961369164549,7135990.0,35.0,-0.7071067811865477,-0.7071067811865475,1.0,27878.0,7028.3,40900.0,49.71000000000001,23.4,31032.1,4798.9,404.0,12402.4,1594538.6,2780.0,0.22470963,2023
2021-03-08 23:00:00+00:00,8.954513,46.29497964,0.4054257283599973,0.9141279881853336,12602854.0,17.8,0.9659258262890684,-0.2588190451025207,1.0,25753.0,7117.2,44375.0,177.01000000000002,11.9,60434.32,3518.7,1408.0,14.7,0.0,7455.0,4.2956295,2021
2020-03-04 18:00:00+00:00,14.5722685,17.2389636,0.4520722039323043,0.8919813464595485,10393202.0,8.66,-1.8369701987210292e-16,-1.0,1.0,32970.0,7117.2,48779.0,152.06545454545454,11.866666666666667,68437.82,5416.6,1779.0,339.9,190021.78,9476.0,5.6623073,2020
2018-10-13 13:00:00+00:00,23.70468,15.1252596,0.209314645963048,-0.9778483415056568,7843930.0,25.6,-0.9659258262890684,-0.2588190451025203,0.0,26415.0,7117.2,41785.0,47.86666666666667,20.566666666666663,34295.520000000004,2833.4,511.0,4048.2,2137277.0,7045.0,4.161032,2018
2018-02-05 21:00:00+00:00,6.3847575,15.1252596,0.8140460935082179,0.5808002734538008,5358573.3,23.55,0.7071067811865474,-0.7071067811865477,1.0,36213.0,7117.2,56295.0,268.385,9.05,70805.72,4740.4,1117.0,7.8,0.0,6235.0,3.1341674,2018
2019-01-01 16:00:00+00:00,13.026162,22.79031588,0.9998518392091162,0.0172133561558346,8127468.0,24.6,-0.5000000000000004,-0.8660254037844385,0.0,23446.0,6071.9,56375.0,73.82583333333334,9.5,53658.52,4650.0,948.0,1219.4,621880.4,2356.0,1.5725789,2019
2020-06-03 23:00:00+00:00,18.047523,17.2389636,-0.8900275764346767,0.4559066935084588,12884805.0,6.2,0.9659258262890684,-0.2588190451025207,1.0,22821.0,4856.7,36990.0,82.64727272727272,21.33333333333333,37762.07,3440.0,1196.0,262.4,0.0,6180.0,4.205904,2020
2020-10-27 13:00:00+00:00,15.912397,17.2389636,0.4520722039323045,-0.8919813464595484,8440297.0,14.97,-0.9659258262890684,-0.2588190451025203,1.0,30814.0,6125.5,46097.0,109.9881818181818,15.8,46518.9,4150.5,1191.0,6068.1,1642255.1,9419.0,4.715589,2020
2022-01-18 09:00:00+00:00,6.172674,80.46928043999999,0.9523775757303976,0.304921224656289,7209468.0,82.0,-0.7071067811865475,0.7071067811865476,1.0,35788.0,7117.2,48625.0,162.80181818181816,6.9,77584.34,6061.2,985.0,6045.6,433502.28,2101.0,1.5963855,2022
2018-05-19 09:00:00+00:00,17.53086,15.1252596,-0.7324940716135786,0.6807734094770165,12009342.4,22.4,-0.7071067811865475,0.7071067811865476,0.0,28235.0,5068.5,43024.0,105.13083333333331,16.95,40909.53,4664.8,1525.0,4242.2,1952887.1,2160.0,2.3996947,2018
2021-02-28 07:00:00+00:00,8.1199,46.29497964,0.5270777086423722,0.8498170915275278,12682828.0,15.4,-0.2588190451025208,0.9659258262890684,0.0,22177.0,7117.2,41125.0,199.6572727272728,11.133333333333333,48468.75,2310.5,1467.0,867.0,16918.89,6547.0,4.97706,2021
2020-03-30 21:00:00+00:00,8.457857,17.2389636,0.0215160974362222,0.9997685019798908,11022385.0,6.99,0.7071067811865474,-0.7071067811865477,1.0,25834.0,7117.2,41489.0,177.56545454545454,12.466666666666669,50702.25,1904.9,1297.0,18.4,0.0,8969.0,4.810839,2020
2022-09-05 03:00:00+00:00,19.568586,80.46928043999999,-0.4288919379124841,-0.9033558023246842,5498074.0,40.0,0.7071067811865476,0.7071067811865476,1.0,21030.0,7117.2,24371.0,40.748,24.85,30542.67,3293.6,444.0,89.1,0.0,4989.0,1.6984487,2022
2018-11-22 08:00:00+00:00,10.72042,15.1252596,0.7829801036770624,-0.622046748440868,7927348.0,26.8,-0.4999999999999998,0.8660254037844387,1.0,34413.0,5110.1,47285.0,107.99416666666666,13.5,75230.49,4475.2,1168.0,451.1,120116.43,5780.0,3.6169927,2018
2022-04-30 15:00:00+00:00,19.574965,80.46928043999999,-0.4749510720670499,0.8800122039735357,7856475.0,80.0,-0.7071067811865477,-0.7071067811865475,0.0,22902.0,6125.5,28203.0,195.2709090909091,16.0,28262.63,2978.8,1177.0,10046.0,2445434.0,5563.0,2.2421637,2022
2023-11-22 01:00:00+00:00,10.808216,89.55725625000001,0.7829801036770624,-0.622046748440868,9216870.0,41.45,0.9659258262890684,0.2588190451025207,1.0,22033.0,6125.5,42160.0,98.29454545454546,13.166666666666666,42376.5,2699.7000000000003,940.0,45.7,0.0,13155.0,7.374443,2023
2020-06-23 21:00:00+00:00,22.671764,17.2389636,-0.99167731989929,0.1287481774525808,12457241.0,6.9,0.7071067811865474,-0.7071067811865477,1.0,26752.0,5114.2,30380.0,67.38818181818182,22.2,42910.83,5133.9,1093.0,540.8,348.5504,4812.0,2.244167,2020
2023-09-17 15:00:00+00:00,22.948471,89.55725625000001,-0.2344913895704105,-0.9721181966290612,7181439.0,38.49,-0.7071067811865477,-0.7071067811865475,0.0,22053.0,7028.3,40185.0,43.97636363636364,23.933333333333337,28885.03,39.89999999999964,388.0,9375.9,1603518.1,12144.0,4.7994404,2023
2022-06-27 05:00:00+00:00,16.112206,80.46928043999999,-0.9970011699250152,0.077386479233463,7335369.0,40.0,0.2588190451025207,0.9659258262890684,1.0,25202.0,7117.2,29750.0,43.423,23.666666666666668,41037.1,2338.6,624.0,599.3,13166.736,6956.0,3.8474958,2022
2020-08-29 00:00:00+00:00,19.301107,17.2389636,-0.5197438121555157,-0.8543221697498269,9705841.0,8.9,1.0,0.0,0.0,23959.0,7117.2,33750.0,49.74909090909091,24.23333333333333,34476.57,1501.3000000000002,630.0,351.6,0.0,8219.0,4.6622157,2020
2021-04-14 03:00:00+00:00,11.351658,46.29497964,-0.2177232303965317,0.9760105506323684,11756650.0,21.26,0.7071067811865476,0.7071067811865476,1.0,22926.0,6111.4,38740.0,63.59909090909091,15.166666666666666,51473.79,3855.8,931.0,21.2,0.0,3212.0,3.442498,2021
2021-07-02 04:00:00+00:00,18.22507,46.29497964,-0.9999629591162656,-0.0086069968886884,10358992.0,36.5,0.5000000000000001,0.8660254037844386,1.0,25918.0,7117.2,39720.0,47.55090909090909,24.366666666666664,38278.86,3800.1,834.0,398.0,0.0,1405.0,0.5310145,2021
2018-04-05 01:00:00+00:00,10.522064,15.1252596,-0.0645084494493162,0.9979171608653922,10090502.6,20.9,0.9659258262890684,0.2588190451025207,1.0,23560.0,6071.9,46655.0,249.6075,12.85,44356.89,4772.2,1772.0,50.9,0.0,4612.0,3.1273394,2018
2021-05-02 22:00:00+00:00,12.086728,46.29497964,-0.5049610547215204,0.8631421280499114,11313372.0,22.8,0.8660254037844384,-0.5000000000000004,1.0,21955.0,6761.4,37170.0,59.48727272727273,16.866666666666667,48246.63,3224.9,1006.0,488.8,0.0,7603.0,3.3328001,2021
2019-08-28 17:00:00+00:00,26.229189,22.79031588,-0.5488429582847199,-0.8359254794186365,7325462.0,13.2,-0.2588190451025206,-0.9659258262890684,1.0,31789.0,6071.9,41900.0,51.571666666666665,24.266666666666666,49322.24,5330.1,704.0,2700.2,1221631.8,1699.0,1.7633284,2019
2022-02-04 20:00:00+00:00,11.334953,80.46928043999999,0.8239230057575543,0.5667017562911175,7003277.0,78.0,0.5000000000000001,-0.8660254037844386,1.0,32957.0,7117.2,48036.0,111.54454545454549,8.533333333333333,59214.53,6760.6,720.0,19.6,0.0,6385.0,2.9022284,2022
2019-10-07 23:00:00+00:00,18.199476,22.79031588,0.1073813466641621,-0.994217906893952,6275794.0,14.25,0.9659258262890684,-0.2588190451025207,1.0,23733.0,6111.4,40670.0,42.39416666666667,20.366666666666667,38514.56,4139.9,392.0,119.0,0.0,2289.0,2.760177,2019
2022-10-06 01:00:00+00:00,17.85377,80.46928043999999,0.0902516100310407,-0.9959189961471792,4808909.0,40.0,0.9659258262890684,0.2588190451025207,1.0,20981.0,6111.4,27260.0,36.00545454545455,21.96666666666667,33017.7,2778.4,316.0,134.3,0.0,8599.0,3.532354,2022
2023-02-12 02:00:00+00:00,6.5098257,89.55725625000001,0.7383263540031065,0.6744436188329455,9996284.0,50.0,0.8660254037844387,0.4999999999999999,0.0,21150.0,7117.2,44175.0,77.28454545454547,10.9,55176.09,1427.2999999999995,796.0,48.4,0.0,6593.0,4.824037,2023
2022-12-29 04:00:00+00:00,10.900713,80.46928043999999,0.9994074007397048,-0.0344216116227458,8010646.0,40.0,0.5000000000000001,0.8660254037844386,1.0,18794.0,7117.2,36780.0,37.38727272727272,10.933333333333332,29602.73,1893.9,1000.0,17.6,0.0,9381.0,4.554556,2022
2023-11-01 09:00:00+00:00,15.46576,89.55725625000001,0.5123714121284235,-0.858763958275803,7948710.0,44.0,-0.7071067811865475,0.7071067811865476,0.0,22585.0,5061.6,40669.0,81.55090909090909,16.5,28016.42,2240.5,996.0,5920.9,670634.9,13061.0,6.7478676,2023
2021-04-19 09:00:00+00:00,13.969067,46.29497964,-0.3008198076356675,0.9536809966304456,11503922.0,22.5,-0.7071067811865475,0.7071067811865476,1.0,31681.0,6111.4,37565.0,50.69636363636364,14.9,54483.1,5209.8,985.0,6449.1,1746154.0,1488.0,1.3733929,2021
2018-03-05 10:00:00+00:00,10.54325,15.1252596,0.4520722039323043,0.8919813464595485,6658815.9,27.99,-0.8660254037844387,0.4999999999999999,1.0,36049.0,6071.9,51555.0,451.07384615384615,9.4,68609.33,4476.5,1683.0,1642.3,944669.9,9428.0,6.9132886,2018
2018-02-14 19:00:00+00:00,11.393567,15.1252596,0.7146733860429609,0.699458327051647,5458728.1,21.03,0.2588190451025203,-0.9659258262890684,1.0,38441.0,7117.2,56895.0,379.8992307692307,8.0,74434.03,5688.6,1434.0,74.8,250.7541,10820.0,5.4880023,2018
2022-03-11 22:00:00+00:00,10.303794,80.46928043999999,0.3576982388331257,0.9338372288229252,6793423.0,150.0,0.8660254037844384,-0.5000000000000004,1.0,26536.0,7117.2,40970.0,88.62454545454545,11.699999999999998,50491.04,5804.6,1009.0,8.0,0.0,5575.0,2.4320805,2022
2018-10-03 03:00:00+00:00,15.22018,15.1252596,0.0387222808921739,-0.9992500112396836,8040905.0,28.0,0.7071067811865476,0.7071067811865476,1.0,23684.0,7117.2,43525.0,45.3225,18.96666666666667,37397.37,2276.9,500.0,52.8,0.0,6178.0,3.618388,2018
2020-03-03 17:00:00+00:00,13.978203,17.2389636,0.4673592171580022,0.8840675099433636,10393202.0,8.3,-0.2588190451025206,-0.9659258262890684,1.0,30904.0,7117.2,48229.0,118.5418181818182,11.766666666666666,67142.16,3817.5,1619.0,734.6,518666.2,15024.0,9.693167,2020
2018-04-25 12:00:00+00:00,19.12201,15.1252596,-0.3975428142825558,0.9175836260593938,11748211.2,20.25,-1.0,1.2246467991473532e-16,1.0,31063.0,5066.1,46290.0,403.4191666666666,13.4,42652.65,3850.0,1945.0,3798.8,2552512.5,4811.0,3.8724067,2018
2023-05-15 02:00:00+00:00,13.438432,89.55725625000001,-0.6839194216246103,0.7295575540864878,9540599.0,29.96,0.8660254037844387,0.4999999999999999,1.0,18499.0,5110.1,36415.0,64.69454545454545,18.53333333333333,31649.73,2620.5,712.0,339.5,0.0,8177.0,4.94596,2023
2022-04-24 10:00:00+00:00,13.94745,80.46928043999999,-0.3816892202666589,0.9242907221930932,7656944.0,75.0,-0.8660254037844387,0.4999999999999999,0.0,23989.0,6125.5,29515.0,161.89545454545456,14.666666666666666,37607.74,4652.9,1252.0,12226.6,2070454.0,5716.0,4.233688,2022
2020-07-18 17:00:00+00:00,27.848255,17.2389636,-0.9549667548552552,-0.2967128192734901,11748175.0,5.3,-0.2588190451025206,-0.9659258262890684,0.0,28986.0,7117.2,35980.0,54.23181818181818,23.399999999999995,39647.65,5152.5,864.0,5047.7,1767789.2,3782.0,0.8012838,2020
2021-05-10 19:00:00+00:00,14.090284,46.29497964,-0.6186714032625031,0.7856498550787147,11206561.0,25.0,0.2588190451025203,-0.9659258262890684,1.0,30189.0,7117.2,38720.0,48.717272727272736,19.166666666666668,43559.66,3876.2,1272.0,201.1,212450.53,9846.0,5.569916,2021
2022-12-04 22:00:00+00:00,9.809488,80.46928043999999,0.893918596519257,-0.4482293417404106,5768825.0,40.0,0.8660254037844384,-0.5000000000000004,0.0,25843.0,7117.2,37135.0,41.166363636363634,6.7,59374.44,4876.4,908.0,6.4,0.0,3364.0,3.0162702,2022
2022-03-09 21:00:00+00:00,10.835067,80.46928043999999,0.3896304495307879,0.9209712877166346,6793423.0,240.0,0.7071067811865474,-0.7071067811865477,1.0,29973.0,7117.2,43170.0,96.51090909090908,11.033333333333331,52688.44,5355.6,1011.0,81.4,0.0,6877.0,2.2201567,2022
2019-11-19 00:00:00+00:00,7.421612,22.79031588,0.7498264012045686,-0.6616346182422783,7183697.0,15.5,1.0,0.0,1.0,25596.0,5008.0,40950.0,297.75076923076927,11.8,60236.02,5100.5,1326.0,16.1,0.0,5710.0,3.4908206,2019
2018-08-31 08:00:00+00:00,22.018883,15.1252596,-0.5049610547215202,-0.8631421280499115,9346210.2,28.88,-0.4999999999999998,0.8660254037844387,1.0,33976.0,7117.2,39875.0,53.96833333333333,24.4,46881.15,5846.2,834.0,3078.4,900044.4,3290.0,2.9620738,2018
2020-08-15 10:00:00+00:00,24.15355,17.2389636,-0.7086266782644598,-0.7055836101071777,10366823.0,8.5,-0.8660254037844387,0.4999999999999999,0.0,26549.0,7117.2,34899.0,61.14181818181819,25.5,35904.81,3756.5,717.0,8865.4,2294093.8,3653.0,2.1266916,2020
2020-07-28 07:00:00+00:00,22.582186,17.2389636,-0.8900275764346768,-0.4559066935084586,11141120.0,7.3,-0.2588190451025208,0.9659258262890684,1.0,32831.0,7117.2,34815.0,62.02181818181818,26.2,44148.63,4710.8,838.0,4591.7,565521.44,3556.0,1.9787385,2020
2018-08-03 22:00:00+00:00,25.959068,15.1252596,-0.847540922892831,-0.5307300481619335,10315467.2,25.5,0.8660254037844384,-0.5000000000000004,0.0,30496.0,7117.2,39516.0,46.69454545454546,25.7,43175.89,5582.0,844.0,270.6,0.0,5120.0,2.4491096,2018
2018-03-04 23:00:00+00:00,10.005405,15.1252596,0.4673592171580022,0.8840675099433636,5770462.4,28.5,0.9659258262890684,-0.2588190451025207,1.0,25723.0,6071.9,52460.0,451.07384615384615,9.4,60179.16,2617.1,1418.0,6.2,0.0,11797.0,6.8628097,2018
2019-06-01 20:00:00+00:00,21.634905,22.79031588,-0.865307254363206,0.5012418134457758,9891188.0,13.98,0.5000000000000001,-0.8660254037844386,0.0,27153.0,5122.1,41215.0,45.623333333333335,20.53333333333333,41840.99,4499.1,1102.0,672.4,50295.67,5205.0,1.2385012,2019
2018-02-05 07:00:00+00:00,5.7169394,15.1252596,0.8140460935082179,0.5808002734538008,5358573.3,23.55,-0.2588190451025208,0.9659258262890684,1.0,36543.0,7117.2,56450.0,268.385,9.05,77405.77,3836.9,1088.0,102.1,416.461,5732.0,1.7506711,2018
2020-03-03 15:00:00+00:00,14.178035,17.2389636,0.4673592171580022,0.8840675099433636,10393202.0,8.3,-0.7071067811865477,-0.7071067811865475,1.0,30965.0,7117.2,48229.0,118.5418181818182,11.766666666666666,61921.04,3124.9,1584.0,3083.0,1288957.8,15718.0,10.254864,2020
2022-08-25 13:00:00+00:00,27.093443,80.46928043999999,-0.5912614448635782,-0.8064799463209447,5812377.0,40.0,-0.9659258262890684,-0.2588190451025203,1.0,32004.0,7117.2,24046.0,46.841,26.066666666666663,41327.84,4670.8,524.0,12375.9,2764205.8,5165.0,1.6688595,2022
2022-04-24 22:00:00+00:00,11.952185,80.46928043999999,-0.3816892202666589,0.9242907221930932,7656944.0,75.0,0.8660254037844384,-0.5000000000000004,1.0,22236.0,5061.6,29515.0,209.04090909090908,15.033333333333331,41058.36,4997.2,1320.0,132.3,0.0,1839.0,1.9288121,2022
2020-07-28 17:00:00+00:00,28.004639,17.2389636,-0.8900275764346768,-0.4559066935084586,11141120.0,7.3,-0.2588190451025206,-0.9659258262890684,1.0,34804.0,7117.2,34815.0,62.02181818181818,26.2,43346.35,5002.5,805.0,4716.4,1539247.1,8759.0,1.9495969,2020
2018-12-03 20:00:00+00:00,12.962523,15.1252596,0.8860706215341378,-0.4635502709028512,8084888.0,26.99,0.5000000000000001,-0.8660254037844386,1.0,34957.0,6121.4,52655.0,101.25416666666666,11.833333333333334,50455.3,7562.5,1368.0,16.0,0.0,3564.0,1.7294593,2018
2019-12-26 01:00:00+00:00,11.036413,22.79031588,0.9962981749346076,-0.0859647987374467,9450499.0,9.0,0.9659258262890684,0.2588190451025207,1.0,18162.0,7117.2,48580.0,379.62416666666667,9.9,48074.29,3184.0,1668.0,6.6,0.0,6194.0,3.0112517,2019
2023-05-05 14:00:00+00:00,21.902771,89.55725625000001,-0.548842958284719,0.8359254794186372,9810963.0,33.4,-0.8660254037844386,-0.5000000000000001,1.0,25263.0,5110.1,37305.0,31.85090909090909,20.7,31984.69,3792.9,668.0,15173.1,3021817.2,3953.0,1.2201692,2023
2021-04-19 11:00:00+00:00,16.17244,46.29497964,-0.3008198076356675,0.9536809966304456,11503922.0,22.5,-0.9659258262890682,0.258819045102521,1.0,31359.0,6111.4,37565.0,50.69636363636364,14.9,51167.29,4687.6,998.0,7587.4,2696667.2,1936.0,1.6695957,2021
2019-04-13 04:00:00+00:00,9.029628,22.79031588,-0.2008905551306352,0.97961369164549,8866221.0,17.99,0.5000000000000001,0.8660254037844386,0.0,22906.0,6071.9,44430.0,59.399166666666666,14.833333333333334,47848.86,4032.4,944.0,73.3,0.0,2777.0,1.9229991,2019
2023-06-09 04:00:00+00:00,18.04667,89.55725625000001,-0.9259247771938498,0.3777079652039649,9303179.0,25.89,0.5000000000000001,0.8660254037844386,1.0,22682.0,5118.0,31300.0,33.665454545454544,22.7,32527.46,1844.7000000000005,708.0,9.3,0.0,7258.0,4.1280823,2023
2022-06-27 23:00:00+00:00,18.01401,80.46928043999999,-0.9970011699250152,0.077386479233463,7335369.0,40.0,0.9659258262890684,-0.2588190451025207,1.0,24061.0,7117.2,29510.0,43.7,22.53333333333333,37665.71,3293.8,720.0,660.0,0.0,6721.0,4.0602894,2022
2020-03-23 17:00:00+00:00,13.5093565,17.2389636,0.1415402952170432,0.989932495087353,10970564.0,8.49,-0.2588190451025206,-0.9659258262890684,1.0,28439.0,7117.2,43129.0,249.3754545454545,12.266666666666666,44478.08,5208.9,1541.0,1197.2,827058.0,6869.0,6.144675,2020
2023-10-10 14:00:00+00:00,25.52561,89.55725625000001,0.1585593851031347,-0.9873494423939864,6736945.0,39.6,-0.8660254037844386,-0.5000000000000001,1.0,27319.0,6053.3,41600.0,34.050909090909094,22.566666666666663,35338.22,5082.3,320.0,14642.2,2185573.0,1689.0,1.0768337,2023
2018-06-04 11:00:00+00:00,18.403135,15.1252596,-0.8900275764346767,0.4559066935084588,12247100.7,21.8,-0.9659258262890682,0.258819045102521,1.0,31415.0,4676.8,42760.0,423.0338461538462,16.55,48477.26,4007.2,1678.0,3894.1,2436856.5,5038.0,3.893642,2018
2021-08-09 01:00:00+00:00,19.345566,46.29497964,-0.7883050558305256,-0.6152845999633274,8107387.0,44.89,0.9659258262890684,0.2588190451025207,1.0,21838.0,7117.2,39298.0,51.82363636363636,24.200000000000003,28487.66,2981.9,584.0,548.5,0.0,4647.0,2.6648924,2021
2019-07-11 14:00:00+00:00,28.86846,22.79031588,-0.9866579328916572,-0.1628070129385164,8965089.0,14.6,-0.8660254037844386,-0.5000000000000001,1.0,35895.0,7117.2,43808.0,58.22727272727273,24.633333333333336,45154.37,6520.3,900.0,4917.3,3248299.8,2531.0,0.77062476,2019
2018-11-10 04:00:00+00:00,12.897478,15.1252596,0.6387494220515268,-0.7694148268839381,7685544.0,24.2,0.5000000000000001,0.8660254037844386,0.0,22664.0,4676.2,47004.0,123.615,13.633333333333333,37077.2,4235.0,1259.0,9.1,0.0,12250.0,6.1220627,2018
2018-12-14 13:00:00+00:00,11.774527,15.1252596,0.9574851883550392,-0.288482432880609,8104824.0,25.84,-0.9659258262890684,-0.2588190451025203,1.0,34443.0,6121.4,54725.0,95.41833333333332,11.3,74047.08,5534.0,1201.0,2896.2,1078830.9,10374.0,6.3837132,2018
2021-10-08 21:00:00+00:00,17.292192,46.29497964,0.1244792638867886,-0.9922222094179324,6211446.0,99.0,0.7071067811865474,-0.7071067811865477,1.0,24673.0,7117.2,42452.0,43.0090909090909,19.03333333333333,44865.74,4838.5,556.0,359.1,0.0,3840.0,2.4749706,2021
2019-06-25 02:00:00+00:00,18.387629,22.79031588,-0.993746580436178,0.1116590071216946,9422077.0,13.3,0.8660254037844387,0.4999999999999999,1.0,23105.0,7117.2,45843.0,42.2075,23.366666666666664,34545.13,4474.6,835.0,454.2,0.0,1315.0,0.5653166,2019
2021-03-14 14:00:00+00:00,14.373497,46.29497964,0.3090169943749474,0.9510565162951536,12602854.0,18.27,-0.8660254037844386,-0.5000000000000001,0.0,25256.0,5760.5,45176.0,124.68,12.333333333333334,37857.04,3582.6,1054.0,8192.2,2234340.0,7510.0,4.7523184,2021
2021-06-29 08:00:00+00:00,19.359442,46.29497964,-0.99907411510223,0.0430222330045305,10358992.0,31.99,-0.4999999999999998,0.8660254037844387,1.0,31019.0,7117.2,42210.0,48.75727272727273,23.0,47116.34,4709.5,1018.0,9108.4,1363466.8,1368.0,2.6814299,2021
2018-02-07 12:00:00+00:00,7.068898,15.1252596,0.7935716089521474,0.6084768701151261,5358573.3,23.2,-1.0,1.2246467991473532e-16,1.0,38686.0,7117.2,57205.0,282.4075,7.9,79261.18,5738.8,1004.0,3723.3,1718331.0,7402.0,5.0357533,2018
2023-01-23 19:00:00+00:00,5.9475226,89.55725625000001,0.9226395488404876,0.3856634062436071,10151548.0,45.0,0.2588190451025203,-0.9659258262890684,1.0,37919.0,7117.2,42930.0,156.1390909090909,10.6,71240.72,6304.1,1480.0,42.6,0.0,12399.0,5.6594086,2023
2021-02-28 03:00:00+00:00,8.648824,46.29497964,0.5270777086423722,0.8498170915275278,12682828.0,15.4,0.7071067811865476,0.7071067811865476,0.0,20508.0,7117.2,41125.0,199.6572727272728,11.133333333333333,44520.11,2133.9,1518.0,2.4,0.0,6883.0,4.5166426,2021
2018-05-05 00:00:00+00:00,12.444974,15.1252596,-0.548842958284719,0.8359254794186372,11937484.9,20.4,1.0,0.0,0.0,22936.0,5066.1,41675.0,244.4008333333333,14.3,39381.67,2508.9,1585.0,197.5,0.0,7680.0,3.0214124,2018
2018-10-12 09:00:00+00:00,19.917685,15.1252596,0.1924515819708299,-0.9813064702716092,7843930.0,26.8,-0.7071067811865475,0.7071067811865476,0.0,25800.0,7117.2,42830.0,47.14833333333333,20.066666666666663,46684.18,4723.0,559.0,2298.5,1014575.9,5771.0,3.806512,2018
2020-07-18 06:00:00+00:00,19.575687,17.2389636,-0.9549667548552552,-0.2967128192734901,11748175.0,5.3,6.123233995736766e-17,1.0,0.0,24392.0,7117.2,36240.0,54.23181818181818,23.399999999999995,36017.21,3237.9,793.0,2081.5,178278.25,4338.0,2.3810303,2020
2020-07-28 06:00:00+00:00,21.620516,17.2389636,-0.8900275764346768,-0.4559066935084586,11141120.0,7.3,6.123233995736766e-17,1.0,1.0,30439.0,7117.2,34815.0,62.02181818181818,26.2,42652.26,3878.6,808.0,1862.4,131435.66,3588.0,1.8465863,2020
2020-06-01 14:00:00+00:00,22.972498,17.2389636,-0.8738071036110806,0.4862727071086904,12884805.0,5.51,-0.8660254037844386,-0.5000000000000001,1.0,26690.0,4106.7,36845.0,64.34727272727272,21.23333333333333,28598.29,4956.9,1295.0,6419.2,2654939.5,2269.0,1.3063774,2020
2020-03-03 09:00:00+00:00,10.360505,17.2389636,0.4673592171580022,0.8840675099433636,10393202.0,8.3,-0.7071067811865475,0.7071067811865476,1.0,33727.0,7117.2,48229.0,118.5418181818182,11.766666666666666,67738.91,3137.5,1575.0,2985.1,630766.75,14699.0,7.8201413,2020
2019-02-11 10:00:00+00:00,10.615135,22.79031588,0.7498264012045687,0.6616346182422783,8771392.0,21.99,-0.8660254037844387,0.4999999999999999,1.0,36413.0,7117.2,55920.0,342.05750000000006,9.166666666666666,67834.4,6954.9,1581.0,2879.1,992516.44,4511.0,3.3968794,2019
2018-11-22 09:00:00+00:00,11.355228,15.1252596,0.7829801036770624,-0.622046748440868,7927348.0,26.8,-0.7071067811865475,0.7071067811865476,1.0,35048.0,5110.1,47285.0,107.99416666666666,13.5,73288.68,4922.1,1180.0,859.4,432842.38,5898.0,3.5350423,2018
2021-02-06 08:00:00+00:00,10.522012,46.29497964,0.8039279618328213,0.5947266869607633,10269799.0,18.3,-0.4999999999999998,0.8660254037844387,0.0,27701.0,7117.2,48190.0,308.82272727272726,9.9,55792.9,2006.9,1835.0,1125.1,98978.72,7827.0,1.7366954,2021
2022-08-20 05:00:00+00:00,19.288794,80.46928043999999,-0.6584015846980489,-0.7526668275320083,5982421.0,40.0,0.2588190451025207,0.9659258262890684,0.0,21199.0,7117.2,25156.0,45.440000000000005,24.2,30728.26,3826.2,560.0,120.3,5.3094883,4190.0,2.2082143,2022
2019-10-11 04:00:00+00:00,16.03383,22.79031588,0.1755314904214277,-0.9844738167520924,6275794.0,11.8,0.5000000000000001,0.8660254037844386,1.0,24959.0,6111.4,42140.0,41.43833333333333,20.6,39621.4,4333.6,377.0,26.1,0.0,4345.0,2.419452,2019
2023-04-30 01:00:00+00:00,16.055052,89.55725625000001,-0.4749510720670499,0.8800122039735357,9929022.0,35.73,0.9659258262890684,0.2588190451025207,0.0,18290.0,5110.1,38105.0,33.53545454545455,20.03333333333333,31174.23,2194.2,776.0,112.1,0.0,8736.0,4.6601114,2023
2023-04-09 09:00:00+00:00,15.669876,89.55725625000001,-0.1330147065341959,0.9911140639934548,10193567.0,42.0,-0.7071067811865475,0.7071067811865476,0.0,20046.0,7117.2,36243.0,39.28545454545454,15.800000000000002,35244.020000000004,2903.3,648.0,13925.5,1750001.0,852.0,0.05136843,2023
2018-05-14 01:00:00+00:00,11.216938,15.1252596,-0.6712599575675313,0.7412220108485958,12009342.4,22.5,0.9659258262890684,0.2588190451025207,1.0,20861.0,6071.9,46045.0,164.1475,15.15,36424.09,2197.3,1504.0,299.5,0.0,4794.0,4.1830473,2018
2020-09-29 08:00:00+00:00,16.662258,17.2389636,-0.0129102960750088,-0.999916658654738,8407927.0,11.55,-0.4999999999999998,0.8660254037844387,1.0,29870.0,7065.5,40000.0,79.19363636363637,18.866666666666667,52940.71,6185.0,610.0,5571.7,680385.4,1819.0,2.470923,2020
2019-07-11 19:00:00+00:00,27.200867,22.79031588,-0.9866579328916572,-0.1628070129385164,8965089.0,14.6,0.2588190451025203,-0.9659258262890684,1.0,33671.0,7117.2,42733.0,58.22727272727273,24.633333333333336,44598.1,5922.4,800.0,793.1,486122.38,3678.0,0.7827286,2019
2018-11-18 17:00:00+00:00,13.04336,15.1252596,0.7383263540031063,-0.6744436188329457,7848784.0,26.05,-0.2588190451025206,-0.9659258262890684,0.0,27385.0,5110.1,46185.0,107.21166666666666,14.766666666666666,55978.88,3875.5,1200.0,79.5,74562.32,8293.0,5.3394103,2018
2021-03-28 11:00:00+00:00,16.259619,46.29497964,0.0730951298980775,0.9973249731081556,12373271.0,17.8,-0.9659258262890682,0.258819045102521,0.0,25809.0,6111.4,41454.0,82.72272727272728,14.0,39385.84,2959.3,920.0,8322.7,2648893.5,4655.0,4.4712434,2021
2022-08-24 03:00:00+00:00,21.701242,80.46928043999999,-0.6050560696488494,-0.7961828637826154,5812377.0,40.0,0.7071067811865476,0.7071067811865476,1.0,23158.0,7117.2,24710.0,45.233,26.100000000000005,35743.25,4215.1,508.0,172.9,0.0,4191.0,1.1497253,2022
2023-01-12 21:00:00+00:00,9.923512,89.55725625000001,0.9787400799669153,0.2051044998686192,9141747.0,45.0,0.7071067811865474,-0.7071067811865477,1.0,31272.0,7117.2,43665.0,65.8390909090909,13.3,40544.27,6727.2,1248.0,9.7,0.0,7160.0,2.561696,2023
2023-05-28 09:00:00+00:00,18.186,89.55725625000001,-0.8287700871745035,0.5595892624101769,9432440.0,26.4,-0.7071067811865475,0.7071067811865476,0.0,20668.0,5118.0,32500.0,32.70545454545454,20.500000000000004,25512.66,3458.4,628.0,8104.7,1612454.4,1197.0,0.6188521,2023
2023-01-12 02:00:00+00:00,8.882298,89.55725625000001,0.9787400799669153,0.2051044998686192,9141747.0,45.0,0.8660254037844387,0.4999999999999999,1.0,22021.0,7117.2,43665.0,65.8390909090909,13.3,36080.02,4437.4,1092.0,0.0,0.0,5687.0,2.8586664,2023
2023-05-15 17:00:00+00:00,18.782257,89.55725625000001,-0.6839194216246103,0.7295575540864878,9540599.0,29.96,-0.2588190451025206,-0.9659258262890684,1.0,25084.0,5110.1,37090.0,64.69454545454545,18.53333333333333,37758.56,3573.3,636.0,8982.6,1355029.8,12393.0,5.6862593,2023
2018-08-17 13:00:00+00:00,24.730373,15.1252596,-0.6963762255968724,-0.7176769136759618,9871316.7,25.8,-0.9659258262890684,-0.2588190451025203,1.0,31298.0,7117.2,39890.0,49.03583333333333,24.633333333333336,39515.06,4911.6,921.0,4449.6,2603876.2,6584.0,2.7964025,2018
2022-10-29 17:00:00+00:00,19.916828,80.46928043999999,0.467359217158002,-0.8840675099433637,4884752.0,40.0,-0.2588190451025206,-0.9659258262890684,0.0,23678.0,5066.1,27255.0,32.48545454545455,22.4,38146.0,4283.9,680.0,682.7,226994.67,9328.0,2.0845456,2022
2023-05-05 15:00:00+00:00,21.976212,89.55725625000001,-0.548842958284719,0.8359254794186372,9810963.0,33.4,-0.7071067811865477,-0.7071067811865475,1.0,25478.0,5110.1,37305.0,31.85090909090909,20.7,33030.6,3779.5,676.0,14137.2,2645486.2,4304.0,1.137873,2023
2022-12-25 22:00:00+00:00,12.698118,80.46928043999999,0.9946708199115212,-0.1031016974474354,7263299.0,40.0,0.8660254037844384,-0.5000000000000004,0.0,21799.0,7117.2,36605.0,43.11636363636364,11.866666666666667,39952.56,3717.6,1216.0,18.2,0.0,6373.0,2.8938453,2022
2020-11-29 00:00:00+00:00,11.308475,17.2389636,0.8609610158889941,-0.5086709438521049,8494958.0,15.5,1.0,0.0,0.0,22082.0,7117.2,49452.0,52.8490909090909,13.5,50865.72,2888.7,661.0,11.5,0.0,3496.0,0.45454863,2020
2019-11-19 03:00:00+00:00,6.7106934,22.79031588,0.7498264012045686,-0.6616346182422783,7183697.0,15.5,0.7071067811865476,0.7071067811865476,1.0,23948.0,5008.0,40950.0,297.75076923076927,11.8,56689.39,4557.9,1292.0,4.6,0.0,5377.0,2.7388687,2019
2019-07-22 00:00:00+00:00,23.008057,22.79031588,-0.9383773917408642,-0.3456123126707333,8415226.0,15.4,1.0,0.0,1.0,24699.0,7117.2,42329.0,45.2725,24.866666666666664,37731.98,4065.8,632.0,315.3,0.0,5338.0,2.945236,2019
2018-04-05 22:00:00+00:00,12.743882,15.1252596,-0.0645084494493162,0.9979171608653922,10090502.6,20.9,0.8660254037844384,-0.5000000000000004,1.0,26703.0,6071.9,46655.0,258.84250000000003,12.95,54786.12,4545.2,1768.0,167.7,0.0,9530.0,3.9534132,2018
2020-11-30 09:00:00+00:00,11.280039,17.2389636,0.8695893893466109,-0.4937755501599773,8372287.0,16.5,-0.7071067811865475,0.7071067811865476,1.0,33789.0,7076.9,50945.0,63.25181818181818,13.4,70715.88,3708.3,954.0,2988.9,472167.12,3700.0,3.608384,2020
2020-06-20 04:00:00+00:00,16.122791,17.2389636,-0.9837092937736096,0.1797665857255624,12647900.0,7.1,0.5000000000000001,0.8660254037844386,0.0,20404.0,5102.5,32775.0,82.49727272727273,21.266666666666666,31394.52,2869.5,1121.0,379.2,0.0,1258.0,1.549061,2020
2021-08-23 18:00:00+00:00,26.141724,46.29497964,-0.6186714032625032,-0.7856498550787144,7373652.0,42.89,-1.8369701987210292e-16,-1.0,1.0,31424.0,7117.2,43377.0,52.95727272727272,24.933333333333334,37826.99,5193.5,646.0,1344.9,653721.1,10103.0,3.570969,2021
2022-09-04 09:00:00+00:00,22.465527,80.46928043999999,-0.4443781781046134,-0.8958392907349089,5643916.0,40.0,-0.7071067811865475,0.7071067811865476,0.0,23223.0,7117.2,23311.0,39.78,24.65,31604.63,3088.7,504.0,11669.4,1564330.2,4267.0,1.4992639,2022
2021-01-23 10:00:00+00:00,10.435781,46.29497964,0.9226395488404876,0.3856634062436071,9366925.0,23.0,-0.8660254037844387,0.4999999999999999,0.0,32016.0,7117.2,51355.0,279.4008333333333,8.533333333333333,59833.33,1847.8,1490.0,2794.6,657147.1,17688.0,9.642073,2021
2019-11-19 04:00:00+00:00,6.5959406,22.79031588,0.7498264012045686,-0.6616346182422783,7183697.0,15.5,0.5000000000000001,0.8660254037844386,1.0,24676.0,5008.0,40950.0,297.75076923076927,11.8,58932.95,4530.0,1302.0,5.2,0.0,5356.0,2.5370378,2019
2023-03-16 01:00:00+00:00,10.998262,89.55725625000001,0.276096973097469,0.9611297838723007,9946780.0,45.0,0.9659258262890684,0.2588190451025207,1.0,22092.0,7117.2,37155.0,72.72000000000001,13.566666666666668,46061.46,3146.2,1020.0,146.3,0.0,7173.0,2.7180696,2023
2021-03-29 17:00:00+00:00,17.608057,46.29497964,0.0559169901006032,0.9984354211555644,12137668.0,18.9,-0.2588190451025206,-0.9659258262890684,1.0,28549.0,6111.4,42624.0,79.46090909090908,14.4,45795.91,4660.4,1194.0,2135.4,1055625.6,10210.0,5.0498796,2021
2018-05-19 22:00:00+00:00,15.499528,15.1252596,-0.7324940716135786,0.6807734094770165,12009342.4,22.4,0.8660254037844384,-0.5000000000000004,0.0,23615.0,5068.5,43180.0,104.26916666666666,17.1,42353.62,4247.0,1517.0,137.6,0.0,3846.0,2.1374097,2018
2020-09-05 00:00:00+00:00,20.303034,17.2389636,-0.4132786077829044,-0.9106046300942162,9363826.0,10.5,1.0,0.0,0.0,23132.0,6366.1,32805.0,50.74272727272727,23.133333333333336,35665.28,4042.9,643.0,481.8,0.0,5547.0,2.3340225,2020
2021-04-14 00:00:00+00:00,12.179853,46.29497964,-0.2177232303965317,0.9760105506323684,11756650.0,21.26,1.0,0.0,1.0,22781.0,6111.4,38635.0,63.59909090909091,15.166666666666666,52658.75,4086.9,912.0,27.6,0.0,3117.0,3.123763,2021
2019-05-17 03:00:00+00:00,13.042162,22.79031588,-0.7086266782644596,0.705583610107178,9909196.0,14.6,0.7071067811865476,0.7071067811865476,1.0,23300.0,5122.1,46855.0,55.806666666666665,18.166666666666668,38308.35,1073.3000000000002,1029.0,298.5,0.0,12553.0,4.300046,2019
2019-10-13 06:00:00+00:00,18.021536,22.79031588,0.209314645963048,-0.9778483415056568,6275794.0,12.6,6.123233995736766e-17,1.0,0.0,20742.0,6111.4,41600.0,44.60666666666666,21.2,29942.16,1324.9,335.0,124.8,113.53403,7554.0,3.854809,2019
2021-11-12 18:00:00+00:00,13.847031,46.29497964,0.6648553979642859,-0.7469720876965558,6093301.0,73.95,-1.8369701987210292e-16,-1.0,1.0,32391.0,5057.5,44495.0,42.32727272727272,13.233333333333333,60290.1,6409.0,570.0,105.7,2962.9487,5621.0,3.5652478,2021
2020-07-30 19:00:00+00:00,27.026876,17.2389636,-0.8738071036110809,-0.4862727071086898,11141120.0,7.0,0.2588190451025203,-0.9659258262890684,1.0,34794.0,7117.2,35436.0,62.49181818181819,26.133333333333336,44860.55,5803.1,848.0,727.0,337205.2,4739.0,0.863882,2020
2022-10-16 01:00:00+00:00,17.603048,80.46928043999999,0.2595117970697994,-0.965739937654855,4757275.0,40.0,0.9659258262890684,0.2588190451025207,0.0,18458.0,5066.1,27830.0,35.67727272727272,23.1,29160.77,2687.4,420.0,109.2,0.0,6451.0,2.82941,2022
2020-06-20 11:00:00+00:00,23.330967,17.2389636,-0.9837092937736096,0.1797665857255624,12647900.0,7.1,-0.9659258262890682,0.258819045102521,0.0,27248.0,6105.9,32775.0,82.49727272727273,21.266666666666666,36619.19,4149.0,1111.0,8715.5,3016024.2,1385.0,0.92652434,2020
2021-09-25 13:00:00+00:00,22.484388,46.29497964,-0.0988201387328721,-0.9951053111006974,6433671.0,69.0,-0.9659258262890684,-0.2588190451025203,0.0,25867.0,7117.2,39067.0,46.70181818181818,21.23333333333333,34494.35,3422.6,515.0,7265.2,2132027.5,6946.0,3.601206,2021
2018-08-02 18:00:00+00:00,30.217932,15.1252596,-0.8565509959010037,-0.5160623910158526,10315467.2,26.1,-1.8369701987210292e-16,-1.0,1.0,35157.0,7117.2,41445.0,47.67090909090909,25.25,47031.97,5954.0,1053.0,1855.5,951682.1,4259.0,2.3158262,2018
2021-05-09 03:00:00+00:00,15.902769,46.29497964,-0.6050560696488488,0.7961828637826158,11235497.0,24.98,0.7071067811865476,0.7071067811865476,0.0,19309.0,7117.2,35736.0,48.26818181818182,19.566666666666663,26679.11,3845.0,1021.0,56.9,0.0,10075.0,4.8230624,2021
2022-07-21 23:00:00+00:00,23.828302,80.46928043999999,-0.9441875088341996,-0.3294084822245298,6828082.0,40.0,0.9659258262890684,-0.2588190451025207,1.0,28584.0,7117.2,27255.0,52.33181818181818,27.566666666666663,40332.29,4694.4,588.0,526.2,0.0,7720.0,1.2149436,2022
2019-07-11 17:00:00+00:00,28.721794,22.79031588,-0.9866579328916572,-0.1628070129385164,8965089.0,14.6,-0.2588190451025206,-0.9659258262890684,1.0,34846.0,7117.2,42733.0,58.22727272727273,24.633333333333336,46938.22,5943.3,823.0,3023.6,1792814.1,3399.0,0.5796755,2019
2023-03-16 12:00:00+00:00,17.559963,89.55725625000001,0.276096973097469,0.9611297838723007,9946780.0,45.0,-1.0,1.2246467991473532e-16,1.0,28342.0,7117.2,36750.0,72.72000000000001,13.566666666666668,34480.66,3122.4,992.0,13738.2,2512907.5,10800.0,3.718641,2023
2022-10-30 22:00:00+00:00,16.411451,80.46928043999999,0.4825077417612184,-0.875891705144243,4884752.0,40.0,0.8660254037844384,-0.5000000000000004,0.0,21514.0,5066.1,29015.0,32.61818181818182,22.25,39800.0,5113.0,784.0,35.1,0.0,3598.0,3.4643126,2022
2018-12-14 09:00:00+00:00,9.309153,15.1252596,0.9574851883550392,-0.288482432880609,8104824.0,25.84,-0.7071067811865475,0.7071067811865476,1.0,36166.0,6121.4,54725.0,95.41833333333332,11.3,78725.87,5974.4,1222.0,1758.6,270228.88,10003.0,6.1774616,2018
2020-01-20 17:00:00+00:00,7.9581733,17.2389636,0.9413173175128472,0.3375228995941133,9950225.0,11.7,-0.2588190451025206,-0.9659258262890684,1.0,38095.0,6791.9,51190.0,147.1890909090909,8.200000000000001,73582.03,4045.6,1418.0,205.3,201937.61,13969.0,9.854089,2020
2022-03-08 17:00:00+00:00,11.965062,80.46928043999999,0.4054257283599973,0.9141279881853336,6793423.0,299.0,-0.2588190451025206,-0.9659258262890684,1.0,30811.0,7117.2,43170.0,97.07272727272728,10.966666666666669,59959.93,5907.7,929.0,1654.2,708501.8,3292.0,2.8377423,2022
2021-12-07 17:00:00+00:00,12.667872,46.29497964,0.9158642882672872,-0.4014879892059729,6157103.0,88.53,-0.2588190451025206,-0.9659258262890684,1.0,31834.0,4746.2,42975.0,613.8675000000001,10.0,64898.9,3498.2,1157.0,43.1,58954.016,15645.0,7.6504526,2021
2018-12-17 02:00:00+00:00,9.397447,15.1252596,0.9711000518829505,-0.2386727660059499,8153074.0,25.5,0.8660254037844387,0.4999999999999999,1.0,22403.0,6121.4,55655.0,157.71833333333333,11.3,53014.12,4002.5,1347.0,10.0,0.0,8447.0,5.6531835,2018
2021-03-08 01:00:00+00:00,9.36759,46.29497964,0.4054257283599973,0.9141279881853336,12602854.0,17.8,0.9659258262890684,0.2588190451025207,1.0,21234.0,7117.2,44770.0,183.53181818181807,11.766666666666666,54919.98,3395.3,1289.0,5.1,0.0,4381.0,2.412422,2021
2021-05-20 03:00:00+00:00,13.220552,46.29497964,-0.7441039398713604,0.6680638642135338,11268445.0,24.4,0.7071067811865476,0.7071067811865476,1.0,22991.0,5068.5,40870.0,44.191818181818185,19.46666666666667,41670.14,3314.9,1199.0,309.8,0.0,3720.0,2.441799,2021
2021-12-18 23:00:00+00:00,8.811911,46.29497964,0.9750645322571948,-0.2219215130041658,6469940.0,127.0,0.9659258262890684,-0.2588190451025207,0.0,25488.0,6105.9,44225.0,254.1890909090909,6.833333333333333,60911.31,5594.0,1069.0,25.4,0.0,5477.0,4.857021,2021
2022-03-10 10:00:00+00:00,12.128403,80.46928043999999,0.373719714790469,0.9275416835791966,6793423.0,187.0,-0.8660254037844387,0.4999999999999999,1.0,31316.0,7117.2,40065.0,93.95272727272727,11.433333333333332,56386.27,4169.7,777.0,8983.8,1380031.2,7606.0,3.8475933,2022
2020-08-11 20:00:00+00:00,22.765854,17.2389636,-0.7554933140726804,-0.655156357209085,10366823.0,9.7,0.5000000000000001,-0.8660254037844386,1.0,30254.0,7117.2,37219.0,63.540909090909096,25.366666666666664,43721.48,5439.2,768.0,340.3,8631.766,4789.0,1.8852888,2020
2018-07-09 23:00:00+00:00,22.09973,15.1252596,-0.99167731989929,-0.1287481774525806,11467992.1,27.0,0.9659258262890684,-0.2588190451025207,1.0,27155.0,6071.9,44140.0,74.77666666666666,24.0,40863.84,5188.0,1165.0,596.0,0.0,4967.0,1.7804294,2018
2021-01-11 19:00:00+00:00,4.695905,46.29497964,0.9821256058680006,0.1882267098432442,9026169.0,38.0,0.2588190451025203,-0.9659258262890684,1.0,40845.0,7117.2,52290.0,147.97272727272727,6.533333333333334,76317.96,8570.7,1396.0,81.0,0.0,8898.0,4.2861743,2021
2022-12-25 13:00:00+00:00,16.003,80.46928043999999,0.9946708199115212,-0.1031016974474354,7263299.0,40.0,-0.9659258262890684,-0.2588190451025203,0.0,21035.0,7117.2,37935.0,43.11636363636364,11.866666666666667,30333.98,1042.1999999999998,1036.0,7851.9,1298403.1,9066.0,5.488295,2022
2022-10-18 05:00:00+00:00,17.912073,80.46928043999999,0.2926003356333479,-0.9562348265919058,4759479.0,40.0,0.2588190451025207,0.9659258262890684,1.0,25672.0,5066.1,29189.0,34.74727272727273,23.5,43301.6,1052.6999999999998,436.0,37.2,0.0,9639.0,4.6635294,2022
2023-12-23 10:00:00+00:00,10.52977,89.55725625000001,0.9905324521322229,-0.1372787721132651,9597457.0,31.43,-0.8660254037844387,0.4999999999999999,0.0,25989.0,7117.2,43785.0,169.24727272727273,10.666666666666666,38077.01,5971.0,1036.0,10405.4,817729.94,7266.0,1.8432269,2023
2023-07-20 11:00:00+00:00,26.854261,89.55725625000001,-0.9497178427914318,-0.3131070409358262,8561884.0,28.5,-0.9659258262890682,0.258819045102521,1.0,35416.0,7117.2,36780.0,34.559090909090905,27.2,39364.12,2998.2,584.0,15888.2,2895684.0,4139.0,2.2469018,2023
2020-04-06 04:00:00+00:00,11.862828,17.2389636,-0.0988201387328714,0.9951053111006976,11312209.0,7.99,0.5000000000000001,0.8660254037844386,1.0,19409.0,7117.2,43745.0,137.03454545454545,13.233333333333334,34004.5,3115.9,1160.0,38.0,0.0,3835.0,1.897529,2020
2022-08-14 06:00:00+00:00,20.791367,80.46928043999999,-0.7324940716135788,-0.6807734094770164,6132407.0,40.0,6.123233995736766e-17,1.0,0.0,20801.0,7117.2,26011.0,46.17818181818182,27.03333333333333,29164.95,3016.6,564.0,1216.2,64936.918,3318.0,1.901448,2022
2018-11-05 07:00:00+00:00,11.880918,15.1252596,0.5702422926917867,-0.8214765533024145,7685544.0,25.99,-0.2588190451025208,0.9659258262890684,1.0,31625.0,6105.9,45965.0,106.69333333333331,13.9,56705.5,2004.8,1031.0,209.2,17031.121,7627.0,3.6448748,2018
2022-11-30 07:00:00+00:00,8.114383,80.46928043999999,0.8609610158889941,-0.5086709438521049,5768825.0,40.0,-0.2588190451025208,0.9659258262890684,1.0,31034.0,7117.2,36208.0,61.49545454545455,12.933333333333332,64082.38,4655.7,1020.0,125.6,754.774,3002.0,0.825798,2022
2022-10-16 12:00:00+00:00,22.679497,80.46928043999999,0.2595117970697994,-0.965739937654855,4757275.0,40.0,-1.0,1.2246467991473532e-16,0.0,22942.0,5066.1,27830.0,35.67727272727272,23.1,28721.62,1958.8,332.0,8335.6,2020797.6,9028.0,3.6469781,2022
2018-09-28 05:00:00+00:00,17.075014,15.1252596,-0.0473213883224323,-0.9988797155850336,8374465.0,28.9,0.2588190451025207,0.9659258262890684,1.0,29555.0,7117.2,44200.0,51.42916666666667,21.9,48550.6,4353.6,657.0,63.5,0.0,1950.0,2.13792,2018
2020-08-24 18:00:00+00:00,26.6779,17.2389636,-0.5912614448635782,-0.8064799463209447,9705841.0,8.5,-1.8369701987210292e-16,-1.0,1.0,30970.0,7117.2,36040.0,51.83090909090909,24.566666666666663,43185.56,5188.7,817.0,1612.7,706282.06,3328.0,1.2476436,2020
2019-07-11 04:00:00+00:00,19.674356,22.79031588,-0.9866579328916572,-0.1628070129385164,8965089.0,14.6,0.5000000000000001,0.8660254037844386,1.0,26661.0,7117.2,43808.0,58.22727272727273,24.633333333333336,39631.3,4051.1,719.0,272.5,0.0,2066.0,1.8388467,2019
2020-03-19 04:00:00+00:00,10.6844425,17.2389636,0.2093146459630487,0.9778483415056568,10818085.0,9.24,0.5000000000000001,0.8660254037844386,1.0,21904.0,7117.2,43059.0,427.39,11.5,42509.31,3340.1,1601.0,72.9,0.0,4284.0,4.4405856,2020
2020-11-07 21:00:00+00:00,14.903158,17.2389636,0.6118864012687242,-0.7909456567567774,8534366.0,14.0,0.7071067811865474,-0.7071067811865477,0.0,26090.0,6125.5,47927.0,93.91909090909093,15.9,41479.65,2986.9,1182.0,13.7,0.0,7542.0,4.7101145,2020
2020-11-07 10:00:00+00:00,16.26515,17.2389636,0.6118864012687242,-0.7909456567567774,8534366.0,14.0,-0.8660254037844387,0.4999999999999999,0.0,27862.0,6125.5,47927.0,93.91909090909093,15.9,43033.86,2837.0,1001.0,3872.3,771749.3,9883.0,5.2872486,2020
2020-08-11 17:00:00+00:00,24.934698,17.2389636,-0.7554933140726804,-0.655156357209085,10366823.0,9.7,-0.2588190451025206,-0.9659258262890684,1.0,31503.0,7117.2,37099.0,63.540909090909096,25.366666666666664,45535.95,5160.1,799.0,2593.0,1108485.1,5594.0,1.9032851,2020
2018-12-17 05:00:00+00:00,8.581087,15.1252596,0.9711000518829505,-0.2386727660059499,8153074.0,25.5,0.2588190451025207,0.9659258262890684,1.0,26363.0,6121.4,55655.0,157.71833333333333,11.3,60212.65,3851.5,1366.0,16.6,0.0,6733.0,4.2616835,2018
2023-03-06 06:00:00+00:00,8.595446,89.55725625000001,0.436651231956064,0.8996308696522433,9735057.0,49.95,6.123233995736766e-17,1.0,1.0,28721.0,7117.2,36325.0,72.73299999999999,12.3,67514.72,4305.6,828.0,0.0,0.0,6639.0,3.8546624,2023
2022-12-25 08:00:00+00:00,12.100498,80.46928043999999,0.9946708199115212,-0.1031016974474354,7263299.0,40.0,-0.4999999999999998,0.8660254037844387,0.0,17716.0,7117.2,37935.0,43.11636363636364,11.866666666666667,36002.56,-303.5,976.0,1324.5,48339.965,10906.0,5.857366,2022
2020-10-18 11:00:00+00:00,17.93697,17.2389636,0.3090169943749472,-0.9510565162951536,8253016.0,14.99,-0.9659258262890682,0.258819045102521,0.0,25622.0,6125.5,44990.0,131.1772727272727,15.8,46781.05,3572.4,709.0,7763.2,2042162.1,2592.0,2.068864,2020
2020-03-23 13:00:00+00:00,13.998062,17.2389636,0.1415402952170432,0.989932495087353,10970564.0,8.49,-0.9659258262890684,-0.2588190451025203,1.0,31693.0,7117.2,43129.0,249.3754545454545,12.266666666666666,43150.65,5005.3,1657.0,4573.8,2187506.8,5360.0,5.3743067,2020
2022-08-14 13:00:00+00:00,27.680628,80.46928043999999,-0.7324940716135788,-0.6807734094770164,6132407.0,40.0,-0.9659258262890684,-0.2588190451025203,0.0,26763.0,7117.2,26011.0,46.17818181818182,27.03333333333333,29394.73,2528.5,536.0,12625.9,3078551.8,5911.0,3.6495917,2022
2019-09-24 01:00:00+00:00,17.837915,22.79031588,-0.1159345995955006,-0.9932568492674144,6541441.0,13.11,0.9659258262890684,0.2588190451025207,1.0,22461.0,7117.2,40240.0,46.020833333333336,22.433333333333334,32220.02,3025.3,479.0,98.0,0.0,6531.0,2.9360504,2019
2021-11-12 06:00:00+00:00,10.198353,46.29497964,0.6648553979642859,-0.7469720876965558,6093301.0,73.95,6.123233995736766e-17,1.0,1.0,29869.0,5057.5,42285.0,42.32727272727272,13.233333333333333,59369.86,4494.7,452.0,24.6,0.0,3213.0,2.896996,2021
2020-06-29 16:00:00+00:00,26.768757,17.2389636,-0.9996666485105112,0.025818440227133,12209124.0,7.48,-0.5000000000000004,-0.8660254037844385,1.0,31175.0,7117.2,27790.0,70.17545454545456,24.433333333333334,36586.89,5014.9,1097.0,6466.8,2256086.2,5069.0,1.7928184,2020
2019-10-25 04:00:00+00:00,12.88019,22.79031588,0.4054257283599965,-0.914127988185334,6284356.0,13.5,0.5000000000000001,0.8660254037844386,1.0,25009.0,6111.4,41600.0,104.475,16.7,42490.29,3763.6,926.0,8.7,0.0,5251.0,1.206976,2019
2021-05-06 06:00:00+00:00,12.811608,46.29497964,-0.5631507242749186,0.8263541987239096,11235497.0,24.3,6.123233995736766e-17,1.0,1.0,29314.0,7117.2,38710.0,55.57727272727273,18.13333333333333,52930.96,4050.9,1163.0,2447.0,140166.55,4218.0,1.4588063,2021
2018-09-16 09:00:00+00:00,21.962454,15.1252596,-0.2511900638848195,-0.9679377830240642,8868060.9,28.0,-0.7071067811865475,0.7071067811865476,0.0,25744.0,7117.2,44255.0,53.13333333333333,23.03333333333333,37209.16,4352.4,718.0,3536.0,1270635.2,1195.0,1.1855717,2018
2020-06-03 05:00:00+00:00,16.75541,17.2389636,-0.8900275764346767,0.4559066935084588,12884805.0,6.2,0.2588190451025207,0.9659258262890684,1.0,24621.0,4856.7,36990.0,63.28181818181818,21.6,40218.19,3947.2,1202.0,524.2,16898.703,1110.0,1.4005635,2020
2023-01-28 17:00:00+00:00,7.824551,89.55725625000001,0.886070621534138,0.4635502709028509,10151548.0,45.0,-0.2588190451025206,-0.9659258262890684,0.0,30599.0,7117.2,44740.0,115.67636363636365,10.7,66295.85,4740.3,1264.0,1496.9,332307.28,12675.0,5.5499635,2023
2018-11-27 18:00:00+00:00,11.57592,15.1252596,0.83355577183857,-0.5524353131676195,7992028.0,27.0,-1.8369701987210292e-16,-1.0,1.0,36511.0,5110.1,50115.0,110.75166666666668,12.066666666666668,70640.48,7923.0,1425.0,46.7,745.6175,6394.0,2.8913553,2018
2019-01-25 02:00:00+00:00,8.329415,22.79031588,0.9088176373395028,0.4171936026123168,7802152.0,25.0,0.8660254037844387,0.4999999999999999,1.0,25273.0,7117.2,55516.0,713.0769230769231,8.533333333333333,67713.97,3032.3,1085.0,12.2,0.0,10182.0,6.659112,2019
2023-03-12 02:00:00+00:00,13.401481,89.55725625000001,0.3415707691678556,0.9398560579418954,9735057.0,55.0,0.8660254037844387,0.4999999999999999,0.0,19379.0,7117.2,36595.0,89.09909090909092,13.8,38795.25,3837.0,1256.0,47.1,0.0,9129.0,4.6262927,2023
2018-11-10 16:00:00+00:00,15.874754,15.1252596,0.6387494220515268,-0.7694148268839381,7685544.0,24.2,-0.5000000000000004,-0.8660254037844385,0.0,27016.0,5110.1,45755.0,123.615,13.633333333333333,44127.16,5291.0,1422.0,216.8,455922.47,11201.0,7.256365,2018
2022-01-18 12:00:00+00:00,10.665486,80.46928043999999,0.9523775757303976,0.304921224656289,7209468.0,82.0,-1.0,1.2246467991473532e-16,1.0,35165.0,7117.2,48625.0,162.80181818181816,6.9,73232.0,6042.9,917.0,8921.3,1681845.0,1630.0,1.2498204,2022
2018-07-22 12:00:00+00:00,24.634981,15.1252596,-0.9383773917408642,-0.3456123126707333,10732748.9,25.2,-1.0,1.2246467991473532e-16,0.0,28025.0,7117.2,42450.0,57.873333333333335,23.450000000000003,36193.95,5098.0,1109.0,5185.9,2784984.0,1464.0,1.6418909,2018
2018-06-22 17:00:00+00:00,25.67863,15.1252596,-0.986657932891657,0.1628070129385171,12240822.1,23.0,-0.2588190451025206,-0.9659258262890684,1.0,33133.0,5068.5,44565.0,129.97333333333333,20.6,42722.51,6610.0,1493.0,2745.1,1612520.9,6521.0,2.1749902,2018
2019-09-09 12:00:00+00:00,23.441813,22.79031588,-0.3657225234972692,-0.9307239310379792,6907892.0,10.5,-1.0,1.2246467991473532e-16,1.0,32441.0,7117.2,42806.0,48.46416666666667,21.633333333333336,44939.37,5175.9,583.0,5984.6,2597298.2,2520.0,2.6021404,2019
2019-08-28 23:00:00+00:00,21.571405,22.79031588,-0.5488429582847199,-0.8359254794186365,7325462.0,13.2,0.9659258262890684,-0.2588190451025207,1.0,25259.0,6071.9,41900.0,49.428333333333335,24.566666666666663,40691.56,4348.0,569.0,465.1,0.0,2426.0,1.4842038,2019
2023-09-08 19:00:00+00:00,23.6839,89.55725625000001,-0.3816892202666594,-0.924290722193093,7199927.0,31.0,0.2588190451025203,-0.9659258262890684,1.0,30357.0,7043.3,40450.0,44.583636363636366,24.26666666666667,44596.22,6345.9,556.0,443.9,42844.773,4846.0,1.6474265,2023
2019-10-11 20:00:00+00:00,20.457758,22.79031588,0.1755314904214277,-0.9844738167520924,6275794.0,11.8,0.5000000000000001,-0.8660254037844386,1.0,28007.0,6111.4,42140.0,41.43833333333333,20.6,39608.42,5546.6,395.0,121.7,0.0,5190.0,3.2978575,2019
2022-08-20 15:00:00+00:00,29.023407,80.46928043999999,-0.6584015846980489,-0.7526668275320083,5982421.0,40.0,-0.7071067811865477,-0.7071067811865475,0.0,25678.0,7117.2,24721.0,45.440000000000005,24.2,29259.370000000003,2834.0,516.0,12096.8,2634751.2,3023.0,1.3129545,2022
2019-01-20 10:00:00+00:00,9.511811,22.79031588,0.9413173175128472,0.3375228995941133,7877846.0,26.0,-0.8660254037844387,0.4999999999999999,0.0,30599.0,6053.3,52808.0,42.8425,9.466666666666669,67690.24,1894.8,840.0,1736.4,553306.3,9641.0,4.5072827,2019
2019-06-29 17:00:00+00:00,28.841022,22.79031588,-0.99907411510223,0.0430222330045305,9422077.0,12.7,-0.2588190451025206,-0.9659258262890684,0.0,31285.0,7117.2,45182.0,38.6875,24.73333333333333,43842.4,4016.8,814.0,3010.5,1689476.1,3615.0,1.1120311,2019
2021-12-07 05:00:00+00:00,10.100874,46.29497964,0.9158642882672872,-0.4014879892059729,6157103.0,88.53,0.2588190451025207,0.9659258262890684,1.0,24406.0,4796.2,42975.0,613.8675000000001,10.0,61686.87,2584.6,1036.0,4.6,0.0,10376.0,4.317793,2021
2019-07-15 11:00:00+00:00,25.186434,22.79031588,-0.973118337233262,-0.2303056702306119,8724234.0,15.5,-0.9659258262890682,0.258819045102521,1.0,36695.0,7117.2,42468.0,45.88,23.73333333333333,45602.22,5621.4,950.0,5658.0,2911403.5,4289.0,3.0839777,2019
2022-03-25 16:00:00+00:00,14.000509,80.46928043999999,0.1244792638867893,0.9922222094179324,7046049.0,116.0,-0.5000000000000004,-0.8660254037844385,1.0,29238.0,6053.3,33435.0,100.84181818181818,12.1,38984.62,5214.5,976.0,1602.7,1196616.8,8849.0,6.6510115,2022
2018-03-04 00:00:00+00:00,10.729967,15.1252596,0.4673592171580022,0.8840675099433636,5770462.4,28.5,1.0,0.0,0.0,24267.0,6071.9,51125.0,447.7423076923077,9.15,59414.55,3646.2,1476.0,11.1,0.0,10096.0,4.9066486,2018
2023-01-29 13:00:00+00:00,8.169351,89.55725625000001,0.8779600847008882,0.4787338401157884,10151548.0,45.0,-0.9659258262890684,-0.2588190451025203,0.0,28172.0,7117.2,44320.0,115.03999999999998,10.7,57394.76,2633.0,1160.0,10417.5,1660148.9,7405.0,4.4831038,2023
2020-11-30 00:00:00+00:00,10.955618,17.2389636,0.8695893893466109,-0.4937755501599773,8372287.0,16.5,1.0,0.0,1.0,22125.0,7117.2,50035.0,63.25181818181818,13.4,57463.99,2248.2000000000003,664.0,8.7,0.0,2625.0,2.4356422,2020
2021-12-08 04:00:00+00:00,10.272973,46.29497964,0.9226395488404876,-0.3856634062436074,6157103.0,95.25,0.5000000000000001,0.8660254037844386,0.0,21800.0,5042.0,42975.0,618.6491666666666,10.1,51252.51,315.6000000000004,1079.0,8.6,0.0,18023.0,9.7195425,2021
2018-06-05 14:00:00+00:00,18.266865,15.1252596,-0.8977433935342337,0.440518784350495,12247100.7,22.3,-0.8660254037844386,-0.5000000000000001,1.0,30215.0,4076.8,42760.0,407.6953846153846,16.9,44381.5,4835.9,1775.0,2978.2,2018248.4,4229.0,4.2984233,2018
2019-09-09 22:00:00+00:00,19.530672,22.79031588,-0.3657225234972692,-0.9307239310379792,6907892.0,10.5,0.8660254037844384,-0.5000000000000004,1.0,25848.0,7117.2,42981.0,46.95416666666667,21.3,43189.8,2790.5,446.0,352.6,0.0,7830.0,3.7844183,2019
2022-12-25 18:00:00+00:00,13.921864,80.46928043999999,0.9946708199115212,-0.1031016974474354,7263299.0,40.0,-1.8369701987210292e-16,-1.0,0.0,22467.0,7117.2,37935.0,43.11636363636364,11.866666666666667,38193.77,3067.9,1160.0,76.4,877.17834,7019.0,3.9198127,2022
2023-08-04 21:00:00+00:00,21.345188,89.55725625000001,-0.8382797052177743,-0.5452404385406511,8090382.0,28.6,0.7071067811865474,-0.7071067811865477,1.0,27046.0,7117.2,32416.0,35.799090909090914,24.5,36846.84,4786.2,512.0,736.1,0.0,9932.0,4.760176,2023
2021-12-14 19:00:00+00:00,10.165113,46.29497964,0.9574851883550392,-0.288482432880609,6469940.0,117.5,0.2588190451025203,-0.9659258262890684,1.0,35922.0,5042.0,43885.0,829.5966666666667,8.733333333333333,70159.3,6651.2,1284.0,30.6,0.0,3311.0,3.4744494,2021
2023-10-13 00:00:00+00:00,19.416046,89.55725625000001,0.209314645963048,-0.9778483415056568,6736945.0,45.5,1.0,0.0,1.0,19668.0,5772.5,39660.0,33.8609090909091,21.1,31319.82,3058.0,408.0,181.8,0.0,7203.0,2.7353334,2023
2020-02-14 02:00:00+00:00,10.393553,17.2389636,0.7146733860429609,0.699458327051647,10452323.0,9.9,0.8660254037844387,0.4999999999999999,1.0,23512.0,7117.2,51544.0,138.87818181818182,10.933333333333332,49421.81,4671.4,1266.0,11.5,0.0,4327.0,2.6809292,2020
2023-01-28 04:00:00+00:00,4.417216,89.55725625000001,0.886070621534138,0.4635502709028509,10151548.0,45.0,0.5000000000000001,0.8660254037844386,0.0,22970.0,7117.2,44740.0,115.67636363636365,10.7,55038.84,2604.5,1224.0,30.4,0.0,11750.0,6.1015277,2023
2022-01-02 21:00:00+00:00,10.857296,80.46928043999999,0.9994074007397048,0.0344216116227457,6634460.0,58.42,0.7071067811865474,-0.7071067811865477,0.0,26209.0,6105.9,44820.0,105.1,9.966666666666669,42144.17,5846.6,1147.0,20.2,0.0,3132.0,1.0957947,2022
2022-07-05 05:00:00+00:00,19.577188,80.46928043999999,-0.9981855344718586,-0.0602132773657927,7194500.0,40.0,0.2588190451025207,0.9659258262890684,1.0,27211.0,7117.2,28490.0,46.607,24.933333333333334,41412.22,4320.2,596.0,566.2,11463.535,7556.0,2.806729,2022
2022-10-06 06:00:00+00:00,16.756887,80.46928043999999,0.0902516100310407,-0.9959189961471792,4808909.0,40.0,6.123233995736766e-17,1.0,1.0,27798.0,6111.4,27260.0,36.00545454545455,21.96666666666667,45512.61,3094.7,320.0,283.5,627.25085,8257.0,4.0136776,2022
2021-02-28 01:00:00+00:00,9.18004,46.29497964,0.5270777086423722,0.8498170915275278,12682828.0,15.4,0.9659258262890684,0.2588190451025207,0.0,21368.0,7117.2,41125.0,199.6572727272728,11.133333333333333,48502.06,2378.2,1467.0,3.9,0.0,7579.0,4.39484,2021
2018-09-28 13:00:00+00:00,24.352186,15.1252596,-0.0473213883224323,-0.9988797155850336,8374465.0,28.9,-0.9659258262890684,-0.2588190451025203,1.0,32785.0,7117.2,45700.0,51.42916666666667,21.9,41971.3,6591.5,687.0,4954.5,2502986.2,2751.0,1.973443,2018
2018-08-14 20:00:00+00:00,23.706297,15.1252596,-0.7324940716135788,-0.6807734094770164,9871316.7,25.5,0.5000000000000001,-0.8660254037844386,1.0,30826.0,7117.2,41780.0,43.92416666666667,25.100000000000005,40024.01,5616.8,919.0,581.6,10345.108,7309.0,3.0351481,2018
2022-10-21 02:00:00+00:00,17.916447,80.46928043999999,0.3415707691678551,-0.9398560579418956,4759479.0,36.0,0.8660254037844387,0.4999999999999999,1.0,20908.0,5066.1,28380.0,36.053636363636365,23.05,27451.08,1435.6000000000004,644.0,8.9,0.0,11843.0,5.851114,2022
2023-10-09 14:00:00+00:00,25.95324,89.55725625000001,0.141540295217043,-0.989932495087353,6736945.0,38.0,-0.8660254037844386,-0.5000000000000001,1.0,26952.0,6053.3,41600.0,32.63999999999999,23.133333333333336,36676.78,4937.1,340.0,14620.4,2193767.0,2217.0,1.4287812,2023
2023-05-06 20:00:00+00:00,18.353958,89.55725625000001,-0.5631507242749186,0.8263541987239096,9810963.0,32.8,0.5000000000000001,-0.8660254037844386,0.0,24754.0,5110.1,35580.0,31.145454545454548,21.1,38365.66,3671.4,768.0,563.7,9686.128,6492.0,2.4255009,2023
2019-07-15 04:00:00+00:00,19.57518,22.79031588,-0.973118337233262,-0.2303056702306119,8724234.0,15.5,0.5000000000000001,0.8660254037844386,1.0,26016.0,7117.2,42468.0,45.88,23.73333333333333,36808.12,3825.8,642.0,252.3,0.0,4795.0,3.044879,2019
2022-10-05 12:00:00+00:00,23.26653,80.46928043999999,0.0730951298980768,-0.9973249731081556,4808909.0,40.0,-1.0,1.2246467991473532e-16,1.0,28972.0,6111.4,27260.0,36.666363636363634,21.633333333333336,31022.84,3581.7,328.0,11635.1,2343670.2,2609.0,1.3602903,2022
2023-03-27 20:00:00+00:00,13.630341,89.55725625000001,0.0902516100310411,0.995918996147179,10208205.0,40.48,0.5000000000000001,-0.8660254037844386,1.0,28309.0,7117.2,35888.0,52.46636363636364,14.6,50629.62,6552.3,1112.0,467.6,0.0,3102.0,1.7382702,2023
2020-01-08 09:00:00+00:00,7.635582,17.2389636,0.9905324521322229,0.1372787721132647,9753093.0,12.87,-0.7071067811865475,0.7071067811865476,1.0,36745.0,7117.2,54515.0,136.48545454545453,8.5,65878.6,7087.6,1458.0,2645.1,342733.03,1469.0,1.8365502,2020
2021-02-22 04:00:00+00:00,9.111767,46.29497964,0.6118864012687244,0.7909456567567772,12682828.0,16.48,0.5000000000000001,0.8660254037844386,1.0,22489.0,6113.8,43920.0,246.99272727272728,10.733333333333334,43229.51,3782.1,1586.0,4.7,0.0,9360.0,3.3241732,2021
2019-11-03 08:00:00+00:00,15.435721,22.79031588,0.5416278206559811,-0.8406184056344783,6356816.0,8.99,-0.4999999999999998,0.8660254037844387,0.0,22360.0,5047.5,37170.0,46.645,18.0,34079.84,265.9000000000001,822.0,1144.7,214015.14,15630.0,11.523214,2019
2022-10-15 09:00:00+00:00,19.26504,80.46928043999999,0.2428497220959349,-0.9700639218515072,4757275.0,40.0,-0.7071067811865475,0.7071067811865476,0.0,25110.0,5066.1,27830.0,35.74,22.8,30220.89,4196.3,380.0,10402.7,1119273.6,3196.0,1.6285764,2022
2023-09-08 10:00:00+00:00,24.335014,89.55725625000001,-0.3816892202666594,-0.924290722193093,7199927.0,31.0,-0.8660254037844387,0.4999999999999999,1.0,29117.0,7043.3,41850.0,44.583636363636366,24.26666666666667,40146.37,4248.9,448.0,15213.2,2078911.0,2453.0,2.5831602,2023
2019-04-05 13:00:00+00:00,11.595806,22.79031588,-0.0645084494493162,0.9979171608653922,8929867.0,17.7,-0.9659258262890684,-0.2588190451025203,1.0,31778.0,6071.9,47710.0,49.22749999999999,13.8,48755.18,3525.9,874.0,2577.9,2208250.2,9005.0,5.449697,2019
2021-11-19 23:00:00+00:00,11.782573,46.29497964,0.7498264012045686,-0.6616346182422783,6041398.0,95.5,0.9659258262890684,-0.2588190451025207,0.0,26309.0,5057.5,43385.0,43.85181818181818,11.333333333333334,57431.5,2632.1,440.0,33.4,0.0,7883.0,5.6072607,2021
2021-07-02 06:00:00+00:00,18.792364,46.29497964,-0.9999629591162656,-0.0086069968886884,10358992.0,36.5,6.123233995736766e-17,1.0,1.0,29417.0,7117.2,39720.0,47.55090909090909,24.366666666666664,45803.8,4722.4,963.0,3171.9,230096.34,1233.0,0.68010926,2021
2019-06-29 23:00:00+00:00,22.673592,22.79031588,-0.99907411510223,0.0430222330045305,9422077.0,12.7,0.9659258262890684,-0.2588190451025207,0.0,25630.0,7117.2,41457.0,39.29833333333334,25.2,38642.32,3449.9,788.0,584.7,0.0,4690.0,1.3998615,2019
2020-01-20 04:00:00+00:00,5.886236,17.2389636,0.9413173175128472,0.3375228995941133,9950225.0,11.7,0.5000000000000001,0.8660254037844386,1.0,23548.0,7117.2,51120.0,147.1890909090909,8.200000000000001,57993.5,583.1999999999998,1190.0,9.3,0.0,14380.0,9.655399,2020
2022-07-21 05:00:00+00:00,21.13974,80.46928043999999,-0.9441875088341996,-0.3294084822245298,6828082.0,40.0,0.2588190451025207,0.9659258262890684,1.0,28702.0,7117.2,28170.0,48.78272727272727,27.433333333333334,42680.07,4246.1,528.0,398.8,4538.722,5307.0,3.5015142,2022
2019-10-20 19:00:00+00:00,14.860283,22.79031588,0.3253420847119803,-0.9455963874271424,6219253.0,13.48,0.2588190451025203,-0.9659258262890684,0.0,27318.0,6111.4,39810.0,47.21416666666666,19.833333333333336,41363.48,4833.6,1063.0,80.1,0.0,2966.0,3.8178058,2019
2021-08-09 08:00:00+00:00,21.449322,46.29497964,-0.7883050558305256,-0.6152845999633274,8107387.0,44.89,-0.4999999999999998,0.8660254037844387,1.0,29424.0,7117.2,40008.0,51.82363636363636,24.200000000000003,37493.22,4882.8,751.0,8148.0,1095478.2,2744.0,2.682104,2021
2021-05-06 11:00:00+00:00,18.924038,46.29497964,-0.5631507242749186,0.8263541987239096,11235497.0,24.3,-0.9659258262890682,0.258819045102521,1.0,30945.0,7117.2,38710.0,55.57727272727273,18.13333333333333,46893.09,4493.2,1102.0,10482.0,2780369.0,5046.0,2.7377315,2021
2018-05-15 15:00:00+00:00,18.686985,15.1252596,-0.6839194216246103,0.7295575540864878,12009342.4,22.5,-0.7071067811865477,-0.7071067811865475,1.0,29175.0,6071.9,46710.0,161.21499999999995,15.55,42082.46,5044.5,1479.0,4684.7,2483300.8,7586.0,3.1857908,2018
2021-03-29 20:00:00+00:00,15.305194,46.29497964,0.0559169901006032,0.9984354211555644,12137668.0,18.9,0.5000000000000001,-0.8660254037844386,1.0,28941.0,6111.4,42624.0,79.46090909090908,14.4,46132.16,5133.8,1199.0,131.4,0.0,11082.0,5.2861958,2021
2022-01-18 03:00:00+00:00,5.2063828,80.46928043999999,0.9523775757303976,0.304921224656289,7209468.0,82.0,0.7071067811865476,0.7071067811865476,1.0,24306.0,7117.2,48625.0,162.80181818181816,6.9,63359.14,4081.7,874.0,12.4,0.0,2550.0,1.2288436,2022
2020-03-03 23:00:00+00:00,12.554236,17.2389636,0.4673592171580022,0.8840675099433636,10393202.0,8.3,0.9659258262890684,-0.2588190451025207,1.0,26512.0,7117.2,49119.0,152.06545454545454,11.866666666666667,61143.4,4285.0,1620.0,34.8,0.0,11594.0,7.673448,2020
2019-07-01 15:00:00+00:00,26.31264,22.79031588,-0.9999629591162656,0.0086069968886886,9194821.0,13.0,-0.7071067811865477,-0.7071067811865475,1.0,36556.0,6125.5,43750.0,39.735,25.33333333333333,46651.59,4931.7,914.0,4420.2,2670763.0,5803.0,1.1649643,2019
2022-10-30 06:00:00+00:00,15.795677,80.46928043999999,0.4825077417612184,-0.875891705144243,4884752.0,40.0,6.123233995736766e-17,1.0,0.0,18335.0,5066.1,27255.0,32.61818181818182,22.25,29753.46,3772.0,736.0,1.9,0.0,5187.0,1.4527624,2022
2018-11-10 02:00:00+00:00,12.954549,15.1252596,0.6387494220515268,-0.7694148268839381,7685544.0,24.2,0.8660254037844387,0.4999999999999999,0.0,22968.0,5110.1,47004.0,123.615,13.633333333333333,37693.29,4489.0,1214.0,9.6,0.0,12350.0,6.1158767,2018
2021-03-03 13:00:00+00:00,14.648701,46.29497964,0.4825077417612184,0.8758917051442429,12602854.0,16.75,-0.9659258262890684,-0.2588190451025203,1.0,32398.0,7117.2,42175.0,215.0709090909091,10.966666666666669,53671.18,5106.9,1628.0,6443.7,2232693.2,3326.0,3.323146,2021
2021-06-26 18:00:00+00:00,23.453764,46.29497964,-0.9955213724144752,0.0945367498171995,10560103.0,30.99,-1.8369701987210292e-16,-1.0,0.0,26669.0,7117.2,41770.0,53.809090909090905,22.666666666666668,37269.66,3949.5,931.0,3127.3,944844.4,6894.0,1.7288183,2021
2021-05-06 23:00:00+00:00,15.223638,46.29497964,-0.5631507242749186,0.8263541987239096,11235497.0,24.3,0.9659258262890684,-0.2588190451025207,1.0,23158.0,7117.2,38710.0,52.59545454545455,19.03333333333333,46301.79,3638.6,1089.0,499.9,0.0,6320.0,3.3229,2021
2018-09-16 01:00:00+00:00,19.576157,15.1252596,-0.2511900638848195,-0.9679377830240642,8868060.9,28.0,0.9659258262890684,0.2588190451025207,0.0,21650.0,7117.2,44825.0,53.13333333333333,23.03333333333333,32950.22,4057.2,637.0,86.5,0.0,2124.0,1.3264856,2018
2018-11-05 13:00:00+00:00,13.8341,15.1252596,0.5702422926917867,-0.8214765533024145,7685544.0,25.99,-0.9659258262890684,-0.2588190451025203,1.0,32962.0,6105.9,47090.0,106.69333333333331,13.9,53320.32,3244.9,1058.0,1815.3,1190111.2,9164.0,4.4784527,2018
2022-09-05 05:00:00+00:00,19.116133,80.46928043999999,-0.4288919379124841,-0.9033558023246842,5498074.0,40.0,0.2588190451025207,0.9659258262890684,1.0,25898.0,7117.2,25371.0,40.748,24.85,39409.42,3489.8,448.0,15.5,0.0,4924.0,1.569175,2022
2021-01-20 17:00:00+00:00,11.380476,46.29497964,0.9413173175128472,0.3375228995941133,9366925.0,29.0,-0.2588190451025206,-0.9659258262890684,1.0,37459.0,7117.2,51575.0,214.4909090909091,7.766666666666666,59737.49,3641.0,1514.0,80.2,162802.64,15192.0,8.083485,2021
2021-01-05 10:00:00+00:00,4.944027,46.29497964,0.9962981749346078,0.0859647987374464,9385531.0,24.5,-0.8660254037844387,0.4999999999999999,1.0,35996.0,7117.2,51835.0,167.05363636363637,7.533333333333334,81325.89,7263.1,1420.0,4065.9,754224.7,2074.0,1.7335337,2021
2020-04-13 14:00:00+00:00,15.835973,17.2389636,-0.2177232303965317,0.9760105506323684,11658137.0,8.7,-0.8660254037844386,-0.5000000000000001,1.0,21586.0,6996.4,37410.0,205.9327272727273,14.666666666666666,20124.21,4150.6,1506.0,3775.6,2075768.9,3129.0,0.88056433,2020
2020-04-20 18:00:00+00:00,14.527704,17.2389636,-0.3334687789181868,0.9427611433904208,12134569.0,7.3,-1.8369701987210292e-16,-1.0,1.0,25459.0,5939.1,41430.0,247.72272727272727,15.333333333333334,37578.35,5112.5,1733.0,415.7,386021.6,4242.0,3.8617651,2020
2018-04-01 15:00:00+00:00,15.9697275,15.1252596,0.0043035382962442,0.99999073973619,9560482.4,24.0,-0.7071067811865477,-0.7071067811865475,0.0,23171.0,6071.9,44515.0,317.7816666666667,11.85,41498.84,1674.7000000000005,1702.0,3361.0,2246487.0,7231.0,4.081284,2018
2019-11-02 13:00:00+00:00,18.899902,22.79031588,0.5270777086423716,-0.8498170915275282,6356816.0,9.0,-0.9659258262890684,-0.2588190451025203,0.0,26819.0,5770.1,38670.0,44.43666666666667,18.23333333333333,34320.24,2325.7000000000003,984.0,2905.8,1397206.5,13268.0,8.265191,2019
2022-01-21 19:00:00+00:00,7.4393044,80.46928043999999,0.9353679493131484,0.3536761221763715,7209468.0,70.7,0.2588190451025203,-0.9659258262890684,1.0,37070.0,7117.2,49251.0,143.70454545454547,7.099999999999999,74244.4,5334.4,1043.0,39.2,0.0,12756.0,4.898256,2022
2020-09-25 12:00:00+00:00,18.741976,17.2389636,-0.0816763953304228,-0.99665890175417,8554046.0,10.85,-1.0,1.2246467991473532e-16,1.0,29920.0,7091.5,38015.0,56.5390909090909,20.7,36605.77,3369.6,595.0,8213.3,2315840.2,15416.0,8.763333,2020
2021-09-25 18:00:00+00:00,20.851274,46.29497964,-0.0988201387328721,-0.9951053111006974,6433671.0,69.0,-1.8369701987210292e-16,-1.0,0.0,27328.0,7117.2,39067.0,46.70181818181818,21.23333333333333,42243.55,4761.5,578.0,375.4,190371.27,5570.0,2.0894258,2021
2020-02-08 18:00:00+00:00,11.904948,17.2389636,0.7829801036770629,0.6220467484408675,10445314.0,10.0,-1.8369701987210292e-16,-1.0,0.0,30202.0,7117.2,52565.0,163.82090909090908,9.533333333333331,62688.86,5779.6,1523.0,55.9,49847.45,2315.0,2.4199681,2020
2019-09-14 03:00:00+00:00,18.934256,22.79031588,-0.2843591872810036,-0.9587178169872964,6907892.0,12.0,0.7071067811865476,0.7071067811865476,0.0,21617.0,7117.2,41495.0,49.34333333333333,21.53333333333333,31876.51,2520.1,405.0,57.2,0.0,6011.0,5.7993054,2019
2018-12-03 15:00:00+00:00,15.5583725,15.1252596,0.8860706215341378,-0.4635502709028512,8084888.0,26.99,-0.7071067811865477,-0.7071067811865475,1.0,32418.0,6121.4,52655.0,101.25416666666666,11.833333333333334,50999.03,7444.8,1127.0,1322.1,799470.94,4283.0,2.7632143,2018
2020-07-28 18:00:00+00:00,27.330557,17.2389636,-0.8900275764346768,-0.4559066935084586,11141120.0,7.3,-1.8369701987210292e-16,-1.0,1.0,33919.0,7117.2,36145.0,62.02181818181818,26.2,42575.31,5117.6,823.0,2119.2,915119.9,9061.0,2.212857,2020
2019-10-23 08:00:00+00:00,13.277108,22.79031588,0.3737197147904684,-0.9275416835791968,6284356.0,13.8,-0.4999999999999998,0.8660254037844387,1.0,32215.0,6111.4,41600.0,78.98416666666667,17.099999999999998,52306.26,3669.5,1101.0,1077.5,241888.08,6162.0,3.0085382,2019
2022-10-18 04:00:00+00:00,18.011711,80.46928043999999,0.2926003356333479,-0.9562348265919058,4759479.0,40.0,0.5000000000000001,0.8660254037844386,1.0,22132.0,5066.1,29189.0,34.74727272727273,23.5,37687.44,890.9000000000001,332.0,48.1,0.0,9303.0,4.50711,2022
2019-10-07 14:00:00+00:00,23.60475,22.79031588,0.1073813466641621,-0.994217906893952,6275794.0,14.25,-0.8660254037844386,-0.5000000000000001,1.0,31008.0,6111.4,42000.0,43.09916666666667,20.3,43825.86,5715.6,419.0,4758.5,2061310.2,4841.0,4.0891337,2019
2023-03-28 20:00:00+00:00,15.3424015,89.55725625000001,0.0730951298980775,0.9973249731081556,10208205.0,41.0,0.5000000000000001,-0.8660254037844386,1.0,28746.0,7117.2,35888.0,50.28454545454545,14.366666666666664,44387.73,5774.4,1016.0,662.3,0.0,7126.0,3.0248654,2023
2022-04-30 14:00:00+00:00,19.589188,80.46928043999999,-0.4749510720670499,0.8800122039735357,7856475.0,80.0,-0.8660254037844386,-0.5000000000000001,0.0,23254.0,6125.5,28203.0,195.2709090909091,16.0,28188.16,3047.6,1163.0,11738.7,2838238.5,5227.0,1.8777164,2022
2023-05-14 01:00:00+00:00,13.133081,89.55725625000001,-0.6712599575675313,0.7412220108485958,9666595.0,29.0,0.9659258262890684,0.2588190451025207,0.0,18112.0,5110.1,35015.0,37.71454545454546,18.3,29821.47,2118.6,696.0,386.7,0.0,8049.0,4.0779204,2023
2023-01-29 19:00:00+00:00,6.4359517,89.55725625000001,0.8779600847008882,0.4787338401157884,10151548.0,45.0,0.2588190451025203,-0.9659258262890684,0.0,33190.0,7117.2,44320.0,115.03999999999998,10.7,67617.87,5701.8,1240.0,64.7,0.0,7341.0,4.5799646,2023
2018-07-09 19:00:00+00:00,25.714144,15.1252596,-0.99167731989929,-0.1287481774525806,11467992.1,27.0,0.2588190451025203,-0.9659258262890684,1.0,33170.0,6071.9,44140.0,74.12833333333333,23.8,44902.71,6313.0,1202.0,1057.2,452209.66,5810.0,2.083489,2018
2023-09-27 08:00:00+00:00,19.729029,89.55725625000001,-0.0645084494493171,-0.9979171608653922,7052792.0,43.38,-0.4999999999999998,0.8660254037844387,1.0,27919.0,5983.0,39656.0,33.96727272727272,22.5,37909.01,4893.7,392.0,11043.9,731343.7,4611.0,1.2890953,2023
2019-06-25 12:00:00+00:00,24.872997,22.79031588,-0.993746580436178,0.1116590071216946,9422077.0,13.3,-1.0,1.2246467991473532e-16,1.0,33420.0,7117.2,46643.0,42.2075,23.366666666666664,49208.65,5700.7,905.0,5299.4,3076354.2,3146.0,2.0954297,2019
2020-10-11 01:00:00+00:00,14.654418,17.2389636,0.1924515819708299,-0.9813064702716092,8345466.0,12.27,0.9659258262890684,0.2588190451025207,0.0,19394.0,6125.5,42475.0,72.89545454545454,17.833333333333332,35996.07,1101.8000000000002,634.0,53.9,0.0,8902.0,5.1983957,2020
2023-04-25 08:00:00+00:00,16.872467,89.55725625000001,-0.3975428142825558,0.9175836260593938,9929022.0,35.47,-0.4999999999999998,0.8660254037844387,1.0,27090.0,6105.9,36717.0,37.63727272727272,18.9,46402.72,3138.5,836.0,12026.3,1039878.2,4025.0,2.1715279,2023
2021-06-16 16:00:00+00:00,24.511318,46.29497964,-0.9646141756912434,0.2636654927280075,10722206.0,29.2,-0.5000000000000004,-0.8660254037844385,1.0,32293.0,5068.5,39565.0,49.64818181818182,24.3,44649.83,5288.3,959.0,6524.9,1881209.6,5031.0,1.2778883,2021
2018-08-02 07:00:00+00:00,23.582573,15.1252596,-0.8565509959010037,-0.5160623910158526,10315467.2,26.1,-0.2588190451025208,0.9659258262890684,1.0,33711.0,7117.2,41056.0,47.67090909090909,25.25,46584.83,5494.0,885.0,2438.1,599977.2,3393.0,3.5442464,2018
2020-11-09 07:00:00+00:00,12.921939,17.2389636,0.6387494220515268,-0.7694148268839381,8602562.0,13.95,-0.2588190451025208,0.9659258262890684,1.0,28081.0,6125.5,49248.0,105.20363636363636,15.4,52982.53,5544.0,1194.0,491.5,12140.129,3332.0,1.7102143,2020
2021-02-27 22:00:00+00:00,10.110511,46.29497964,0.5416278206559814,0.8406184056344782,12682828.0,15.6,0.8660254037844384,-0.5000000000000004,0.0,26190.0,7117.2,42945.0,214.6472727272727,10.966666666666669,52618.24,3897.2,1595.0,69.8,0.0,8999.0,4.2250314,2021
2023-03-06 13:00:00+00:00,12.683114,89.55725625000001,0.436651231956064,0.8996308696522433,9735057.0,49.95,-0.9659258262890684,-0.2588190451025203,1.0,31994.0,7117.2,36129.0,72.73299999999999,12.3,53328.06,5095.1,828.0,7066.3,1694575.2,9042.0,4.2265344,2023
2019-03-22 08:00:00+00:00,9.847149,22.79031588,0.1755314904214282,0.9844738167520922,9072753.0,18.0,-0.4999999999999998,0.8660254037844387,1.0,33267.0,7117.2,48010.0,84.52,13.133333333333333,62692.18,5250.5,1195.0,2730.6,667666.2,2600.0,4.1815586,2019
2023-02-04 10:00:00+00:00,10.028272,89.55725625000001,0.8239230057575543,0.5667017562911175,10162057.0,50.0,-0.8660254037844387,0.4999999999999999,0.0,28846.0,7117.2,45790.0,101.95545454545454,10.6,53311.06,5988.1,1020.0,10974.7,1164215.4,5782.0,2.4658227,2023
2018-01-22 12:00:00+00:00,13.695192,15.1252596,0.9291414114031744,0.3697245428906731,5403403.3,19.65,-1.0,1.2246467991473532e-16,1.0,34576.0,7117.2,57265.0,247.92,10.85,61219.11,6330.4,1154.0,3594.1,1449049.2,6145.0,3.9888666,2018
2020-06-01 05:00:00+00:00,16.602634,17.2389636,-0.8738071036110806,0.4862727071086904,12884805.0,5.51,0.2588190451025207,0.9659258262890684,1.0,23129.0,4106.7,36845.0,64.34727272727272,21.23333333333333,27087.74,3576.3,1373.0,430.6,13503.618,1935.0,1.7180234,2020
2021-12-05 08:00:00+00:00,8.886507,46.29497964,0.9015016841318838,-0.4327755925504317,5975308.0,91.97,-0.4999999999999998,0.8660254037844387,0.0,25986.0,4296.2,41290.0,469.5391666666667,9.6,53333.62,1268.9,1019.0,2146.0,73906.45,16187.0,8.542283,2021
2021-12-13 10:00:00+00:00,11.067371,46.29497964,0.9523775757303972,-0.3049212246562894,6469940.0,111.1,-0.8660254037844387,0.4999999999999999,1.0,33548.0,5042.0,43570.0,1021.8058333333336,8.799999999999999,69213.09,5344.8,1022.0,6443.7,898065.5,3887.0,2.310454,2021
2019-08-28 10:00:00+00:00,24.015995,22.79031588,-0.5488429582847199,-0.8359254794186365,7325462.0,13.2,-0.8660254037844387,0.4999999999999999,1.0,34679.0,6071.9,41315.0,51.571666666666665,24.266666666666666,49869.93,5525.3,710.0,6139.5,2134672.0,469.0,1.3133149,2019
2018-08-31 03:00:00+00:00,20.016365,15.1252596,-0.5049610547215202,-0.8631421280499115,9346210.2,28.88,0.7071067811865476,0.7071067811865476,1.0,24827.0,7117.2,39875.0,53.96833333333333,24.4,35856.52,3515.3,697.0,170.9,0.0,4876.0,2.7771773,2018
2021-06-29 05:00:00+00:00,16.131657,46.29497964,-0.99907411510223,0.0430222330045305,10358992.0,31.99,0.2588190451025207,0.9659258262890684,1.0,27247.0,7117.2,42210.0,48.75727272727273,23.0,42231.76,3235.5,954.0,987.1,13848.194,2360.0,3.304707,2021
2023-03-06 21:00:00+00:00,10.854801,89.55725625000001,0.436651231956064,0.8996308696522433,9735057.0,49.95,0.7071067811865474,-0.7071067811865477,1.0,32397.0,7117.2,37389.0,72.73299999999999,12.3,56347.75,5916.6,1048.0,179.6,0.0,7321.0,4.5503206,2023
2020-03-01 09:00:00+00:00,12.328616,17.2389636,0.4975132889071806,0.8674563547295969,10318969.0,9.2,-0.7071067811865475,0.7071067811865476,0.0,25900.0,7117.2,49529.0,89.66818181818182,12.466666666666669,45392.18,1206.8000000000002,1012.0,2753.6,659122.0,14443.0,8.10794,2020
2018-01-02 16:00:00+00:00,13.836168,15.1252596,0.9994074007397048,0.0344216116227457,5104801.6,24.5,-0.5000000000000004,-0.8660254037844385,1.0,32141.0,7117.2,57670.0,160.3075,9.75,58187.79,4264.0,1285.0,963.6,438448.84,12545.0,5.9772596,2018
2020-07-08 19:00:00+00:00,24.478409,17.2389636,-0.99167731989929,-0.1287481774525806,11962484.0,6.5,0.2588190451025203,-0.9659258262890684,1.0,32626.0,7117.2,33610.0,57.43181818181818,23.46666666666667,43342.63,5587.4,1037.0,898.7,425221.66,7113.0,1.4531733,2020
2018-09-15 09:00:00+00:00,21.606625,15.1252596,-0.2678143051621748,-0.9634705485641486,8868060.9,28.4,-0.7071067811865475,0.7071067811865476,0.0,29557.0,7117.2,44825.0,56.71166666666667,23.166666666666668,40458.59,5052.9,715.0,2837.1,1183138.8,1679.0,2.8028448,2018
2020-06-01 07:00:00+00:00,18.204084,17.2389636,-0.8738071036110806,0.4862727071086904,12884805.0,5.51,-0.2588190451025208,0.9659258262890684,1.0,26683.0,4106.7,36845.0,64.34727272727272,21.23333333333333,29655.68,4554.0,1375.0,3707.8,714891.75,1586.0,1.7064707,2020
2022-02-15 23:00:00+00:00,9.149674,80.46928043999999,0.702527474169157,0.7116566222817747,6930013.0,83.8,0.9659258262890684,-0.2588190451025207,1.0,26669.0,7117.2,44666.0,69.81636363636363,10.266666666666667,49962.92,4338.9,578.0,28.2,0.0,10748.0,4.759875,2022
2021-10-22 10:00:00+00:00,16.601505,46.29497964,0.3576982388331254,-0.9338372288229252,6017107.0,90.05,-0.8660254037844387,0.4999999999999999,1.0,30030.0,6121.4,41250.0,37.60363636363637,18.26666666666667,50704.47,3945.1,386.0,7970.3,1293845.4,6253.0,4.193951,2021
2021-07-02 18:00:00+00:00,25.687744,46.29497964,-0.9999629591162656,-0.0086069968886884,10358992.0,36.5,-1.8369701987210292e-16,-1.0,1.0,30536.0,7117.2,39720.0,47.55090909090909,24.366666666666664,42964.55,4719.7,941.0,3579.0,1010332.44,6336.0,2.6027012,2021
2018-04-05 03:00:00+00:00,9.657961,15.1252596,-0.0645084494493162,0.9979171608653922,10090502.6,20.9,0.7071067811865476,0.7071067811865476,1.0,23893.0,6071.9,46655.0,249.6075,12.85,44667.83,4336.9,1793.0,34.4,0.0,3911.0,2.0322206,2018
2020-09-11 04:00:00+00:00,18.318453,17.2389636,-0.3171912885891059,-0.9483615800121716,9079685.0,11.7,0.5000000000000001,0.8660254037844386,1.0,24556.0,7117.2,33745.0,55.45818181818181,22.566666666666663,38997.59,4134.7,592.0,89.0,0.0,3527.0,1.8375232,2020
2021-03-14 18:00:00+00:00,13.099076,46.29497964,0.3090169943749474,0.9510565162951536,12602854.0,18.27,-1.8369701987210292e-16,-1.0,0.0,27289.0,5760.5,46155.0,124.68,12.333333333333334,51805.86,4469.6,1257.0,805.3,338171.28,7540.0,4.2763615,2021
2021-10-08 14:00:00+00:00,22.31725,46.29497964,0.1244792638867886,-0.9922222094179324,6211446.0,99.0,-0.8660254037844386,-0.5000000000000001,1.0,27950.0,7117.2,42452.0,43.0090909090909,19.03333333333333,37872.15,5507.7,455.0,9381.6,2159488.8,2246.0,2.1642497,2021
2020-09-05 07:00:00+00:00,19.50925,17.2389636,-0.4132786077829044,-0.9106046300942162,9363826.0,10.5,-0.2588190451025208,0.9659258262890684,0.0,25405.0,5966.1,33880.0,50.74272727272727,23.133333333333336,37134.8,4230.8,715.0,3706.7,316204.53,5293.0,2.8459132,2020
2022-03-25 03:00:00+00:00,11.27125,80.46928043999999,0.1244792638867893,0.9922222094179324,7046049.0,116.0,0.7071067811865476,0.7071067811865476,1.0,21779.0,6053.3,33435.0,100.84181818181818,12.1,42739.06,2160.5,905.0,7.4,0.0,9809.0,6.61046,2022
2021-05-13 12:00:00+00:00,17.186022,46.29497964,-0.6584015846980488,0.7526668275320085,11206561.0,26.0,-1.0,1.2246467991473532e-16,1.0,29798.0,7117.2,40705.0,66.64090909090909,18.23333333333333,33234.869999999995,2156.8,1145.0,9251.6,2598755.5,10401.0,4.591523,2021
2019-10-07 20:00:00+00:00,19.761316,22.79031588,0.1073813466641621,-0.994217906893952,6275794.0,14.25,0.5000000000000001,-0.8660254037844386,1.0,28404.0,6111.4,40670.0,43.09916666666667,20.3,43646.33,5358.7,514.0,225.2,0.0,3292.0,3.1884568,2019
2020-09-03 11:00:00+00:00,25.09099,17.2389636,-0.4443781781046134,-0.8958392907349089,9363826.0,11.95,-0.9659258262890682,0.258819045102521,1.0,33304.0,6411.9,33920.0,56.22272727272728,22.133333333333336,42131.61,5563.4,719.0,9035.5,2744100.5,2303.0,2.3273692,2020
2021-12-11 01:00:00+00:00,10.8321905,46.29497964,0.941317317512847,-0.3375228995941134,6157103.0,104.0,0.9659258262890684,0.2588190451025207,0.0,23804.0,5042.0,43435.0,1145.2941666666668,9.9,54410.63,3161.7,1089.0,8.2,0.0,13986.0,7.6266603,2021
2019-04-06 14:00:00+00:00,11.538842,22.79031588,-0.0816763953304224,0.9966589017541702,8929867.0,16.7,-0.8660254037844386,-0.5000000000000001,0.0,27173.0,6071.9,45905.0,51.66333333333333,13.866666666666667,41633.48,905.8999999999996,874.0,2338.1,2282249.5,10254.0,7.577745,2019
2023-02-11 04:00:00+00:00,5.1980753,89.55725625000001,0.7498264012045687,0.6616346182422783,9996284.0,50.0,0.5000000000000001,0.8660254037844386,0.0,22786.0,7117.2,44870.0,81.16454545454546,11.0,57467.95,1180.9,788.0,33.4,0.0,6292.0,5.4971657,2023
2022-03-24 09:00:00+00:00,11.589863,80.46928043999999,0.1415402952170432,0.989932495087353,7046049.0,95.0,-0.7071067811865475,0.7071067811865476,1.0,31362.0,6053.3,33435.0,119.11545454545454,11.866666666666667,51035.55,3045.0,1102.0,2781.5,949936.0,10410.0,6.738973,2022
2020-06-29 04:00:00+00:00,19.21861,17.2389636,-0.9996666485105112,0.025818440227133,12209124.0,7.48,0.5000000000000001,0.8660254037844386,1.0,23862.0,7117.2,31220.0,70.17545454545456,24.433333333333334,33654.79,2833.5,1042.0,356.7,0.0,2666.0,2.561567,2020
2018-10-12 15:00:00+00:00,23.016346,15.1252596,0.1924515819708299,-0.9813064702716092,7843930.0,26.8,-0.7071067811865477,-0.7071067811865475,0.0,24033.0,7117.2,42940.0,47.14833333333333,20.066666666666663,39961.55,4521.7,549.0,1837.7,1396580.2,6269.0,3.4835582,2018
2023-06-16 03:00:00+00:00,19.00234,89.55725625000001,-0.9646141756912434,0.2636654927280075,9287024.0,38.02,0.7071067811865476,0.7071067811865476,1.0,21646.0,6113.8,32635.0,50.86909090909091,23.766666666666666,32908.99,4012.1,872.0,351.2,0.0,2738.0,1.6523288,2023
2020-09-03 10:00:00+00:00,24.086494,17.2389636,-0.4443781781046134,-0.8958392907349089,9363826.0,11.95,-0.8660254037844387,0.4999999999999999,1.0,32811.0,6286.9,33920.0,56.22272727272728,22.133333333333336,42624.17,5589.3,725.0,8774.5,2290432.2,2240.0,2.3420007,2020
2018-04-08 07:00:00+00:00,10.113432,15.1252596,-0.1159345995955004,0.9932568492674144,10090502.6,20.4,-0.2588190451025208,0.9659258262890684,0.0,24627.0,6071.9,42525.0,377.753076923077,13.05,41928.82,3165.3,1901.0,857.3,220327.36,7289.0,4.3910885,2018
2020-09-20 18:00:00+00:00,21.263678,17.2389636,-0.1670516255021195,-0.9859481499638304,8792826.0,11.15,-1.8369701987210292e-16,-1.0,0.0,25277.0,7117.2,37240.0,56.26454545454546,22.566666666666663,41779.9,4677.5,621.0,396.3,222755.48,2658.0,3.1925478,2020
2019-02-07 10:00:00+00:00,11.027134,22.79031588,0.7935716089521474,0.6084768701151261,8546223.0,22.3,-0.8660254037844387,0.4999999999999999,1.0,36203.0,7117.2,55920.0,413.4861538461539,8.4,64762.17,6904.3,1584.0,3580.1,1020394.6,2813.0,2.472313,2019
2023-07-19 18:00:00+00:00,28.334291,89.55725625000001,-0.9549667548552552,-0.2967128192734901,8561884.0,27.54,-1.8369701987210292e-16,-1.0,1.0,35895.0,7117.2,35815.0,33.89454545454546,27.366666666666664,41801.69,4860.1,584.0,6028.6,1004430.6,8311.0,3.4114413,2023
2022-07-22 23:00:00+00:00,23.238008,80.46928043999999,-0.9383773917408642,-0.3456123126707333,6828082.0,40.0,0.9659258262890684,-0.2588190451025207,0.0,28171.0,7117.2,27075.0,55.47909090909092,27.23333333333333,40245.51,4364.4,544.0,500.2,0.0,8380.0,1.9186943,2022
2022-03-11 13:00:00+00:00,12.767067,80.46928043999999,0.3576982388331257,0.9338372288229252,6793423.0,150.0,-0.9659258262890684,-0.2588190451025203,1.0,31098.0,7117.2,40855.0,88.62454545454545,11.699999999999998,42718.99,3198.1,934.0,3781.7,1515218.9,11035.0,3.946333,2022
2021-03-31 06:00:00+00:00,11.754997,46.29497964,0.0215160974362222,0.9997685019798908,12137668.0,18.2,6.123233995736766e-17,1.0,1.0,28651.0,6111.4,41324.0,69.09727272727274,14.9,52812.09,1811.2,1124.0,479.9,7143.6465,7831.0,5.7473197,2021
2018-11-10 23:00:00+00:00,14.315979,15.1252596,0.6387494220515268,-0.7694148268839381,7685544.0,24.2,0.9659258262890684,-0.2588190451025207,0.0,24718.0,5110.1,45755.0,122.29083333333334,13.8,45349.91,5263.0,1384.0,17.3,0.0,10433.0,6.7033653,2018
2022-03-24 07:00:00+00:00,10.044466,80.46928043999999,0.1415402952170432,0.989932495087353,7046049.0,95.0,-0.2588190451025208,0.9659258262890684,1.0,30017.0,6053.3,33435.0,119.11545454545454,11.866666666666667,58059.84,2028.8,1069.0,608.3,110646.46,10193.0,6.782503,2022
2019-11-02 21:00:00+00:00,16.791395,22.79031588,0.5270777086423716,-0.8498170915275282,6356816.0,9.0,0.7071067811865474,-0.7071067811865477,0.0,25200.0,5770.1,37170.0,44.43666666666667,18.23333333333333,36915.71,1945.3,1031.0,6.4,0.0,14759.0,9.289354,2019
2019-01-12 23:00:00+00:00,6.5537515,22.79031588,0.9787400799669153,0.2051044998686192,8006637.0,24.75,0.9659258262890684,-0.2588190451025207,0.0,28119.0,7096.9,53972.0,45.711666666666666,8.566666666666666,60527.52,6157.0,682.0,17.4,0.0,8577.0,2.5370054,2019
2021-02-27 05:00:00+00:00,8.854102,46.29497964,0.5416278206559814,0.8406184056344782,12682828.0,15.6,0.2588190451025207,0.9659258262890684,0.0,23061.0,6113.8,42945.0,214.6472727272727,10.966666666666669,46974.88,2950.5,1613.0,12.0,0.0,7726.0,4.1431584,2021
2023-05-28 03:00:00+00:00,15.622837,89.55725625000001,-0.8287700871745035,0.5595892624101769,9432440.0,26.4,0.7071067811865476,0.7071067811865476,0.0,17136.0,5118.0,33415.0,32.70545454545454,20.500000000000004,26118.36,3580.3,620.0,24.2,0.0,1844.0,0.29973853,2023
2022-02-21 05:00:00+00:00,8.388925,80.46928043999999,0.6254105729852463,0.7802958510707755,6905883.0,80.75,0.2588190451025207,0.9659258262890684,1.0,25766.0,7117.2,42376.0,67.41181818181818,10.633333333333333,41909.76,2744.8,633.0,25.3,0.0,7408.0,2.9088435,2022
2019-03-05 13:00:00+00:00,14.970253,22.79031588,0.4520722039323043,0.8919813464595485,8911638.0,19.9,-0.9659258262890684,-0.2588190451025203,1.0,31469.0,7117.2,52356.0,114.79083333333335,11.9,53960.06,1249.0,1077.0,2288.9,1910089.6,9098.0,5.4305387,2019
2020-09-03 15:00:00+00:00,27.009392,17.2389636,-0.4443781781046134,-0.8958392907349089,9363826.0,11.95,-0.7071067811865477,-0.7071067811865475,1.0,31458.0,7117.2,33920.0,56.22272727272728,22.133333333333336,38829.1,5728.2,721.0,7668.2,2446707.2,2963.0,2.381622,2020
2022-10-05 01:00:00+00:00,17.171663,80.46928043999999,0.0730951298980768,-0.9973249731081556,4808909.0,40.0,0.9659258262890684,0.2588190451025207,1.0,20932.0,6111.4,27060.0,36.666363636363634,21.633333333333336,31812.03,2895.1,344.0,193.5,0.0,2717.0,1.1075945,2022
2020-01-20 02:00:00+00:00,6.1852565,17.2389636,0.9413173175128472,0.3375228995941133,9950225.0,11.7,0.8660254037844387,0.4999999999999999,1.0,22518.0,7117.2,52030.0,147.1890909090909,8.200000000000001,56754.0,646.1999999999998,1211.0,8.5,0.0,14536.0,9.913888,2020
2019-09-10 21:00:00+00:00,17.14303,22.79031588,-0.3496474552512282,-0.9368813462954316,6907892.0,11.25,0.7071067811865474,-0.7071067811865477,1.0,26950.0,7117.2,42981.0,46.95416666666667,21.3,45988.77,3525.3,511.0,462.0,0.0,11530.0,7.035713,2019
2020-02-08 10:00:00+00:00,11.346212,17.2389636,0.7829801036770629,0.6220467484408675,10445314.0,10.0,-0.8660254037844387,0.4999999999999999,0.0,31063.0,7117.2,53925.0,163.82090909090908,9.533333333333331,59245.06,5228.4,1480.0,2872.7,808813.6,1853.0,2.189563,2020
2023-07-02 23:00:00+00:00,22.13123,89.55725625000001,-0.9999629591162656,-0.0086069968886884,9156777.0,37.0,0.9659258262890684,-0.2588190451025207,1.0,24169.0,7117.2,35835.0,37.08090909090909,23.866666666666664,30605.79,4089.8,788.0,549.4,0.0,6721.0,1.6871674,2023
2021-10-31 22:00:00+00:00,17.741348,46.29497964,0.4975132889071803,-0.8674563547295971,5955169.0,57.0,0.8660254037844384,-0.5000000000000004,0.0,23071.0,6121.4,42770.0,38.82454545454545,17.433333333333334,46950.0,5376.0,605.0,10.7,0.0,11514.0,7.339183,2021
2021-08-02 02:00:00+00:00,18.09239,46.29497964,-0.8565509959010037,-0.5160623910158526,8477701.0,40.97,0.8660254037844387,0.4999999999999999,1.0,21705.0,7117.2,42310.0,54.84363636363637,23.066666666666663,30863.96,3485.4,720.0,200.8,0.0,3254.0,1.4545034,2021
2022-12-22 19:00:00+00:00,14.396973,80.46928043999999,0.9880226656636976,-0.154308820664281,7263299.0,40.0,0.2588190451025203,-0.9659258262890684,1.0,32051.0,7117.2,41310.0,46.10909090909092,11.933333333333332,44870.79,5730.799999999999,1264.0,22.5,0.0,12298.0,5.0322013,2022
2018-07-17 17:00:00+00:00,26.768147,15.1252596,-0.9646141756912436,-0.2636654927280072,10732748.9,25.0,-0.2588190451025206,-0.9659258262890684,1.0,33779.0,6071.9,45565.0,83.84333333333333,23.4,47847.86,6531.0,1120.0,3150.2,1672240.9,5166.0,1.48993,2018
2023-03-19 15:00:00+00:00,15.952053,89.55725625000001,0.2261156855082882,0.9741004551724204,9946780.0,41.98,-0.7071067811865477,-0.7071067811865475,0.0,21557.0,7117.2,34355.0,61.86272727272728,14.033333333333331,30068.78,3212.0,960.0,11999.5,2089864.8,3205.0,2.1072443,2023
2019-07-15 03:00:00+00:00,19.842821,22.79031588,-0.973118337233262,-0.2303056702306119,8724234.0,15.5,0.7071067811865476,0.7071067811865476,1.0,23824.0,7117.2,42468.0,45.88,23.73333333333333,33938.37,3764.7,625.0,282.1,0.0,5003.0,3.080524,2019
2019-06-29 02:00:00+00:00,21.145214,22.79031588,-0.99907411510223,0.0430222330045305,9422077.0,12.7,0.8660254037844387,0.4999999999999999,0.0,24629.0,7117.2,45182.0,38.6875,24.73333333333333,34727.63,3693.8,769.0,434.5,0.0,3346.0,0.872074,2019
2018-08-22 09:00:00+00:00,24.569962,15.1252596,-0.6321034111873488,-0.7748840413670406,9628642.2,25.78,-0.7071067811865475,0.7071067811865476,1.0,34052.0,7117.2,37870.0,55.30916666666667,24.7,46682.86,5552.1,928.0,4554.9,1723421.1,1144.0,1.3964466,2018
2022-07-09 11:00:00+00:00,27.639776,80.46928043999999,-0.99167731989929,-0.1287481774525806,7194500.0,40.0,-0.9659258262890682,0.258819045102521,0.0,29902.0,7117.2,28535.0,40.72090909090909,24.266666666666666,34914.22,4765.3,560.0,12368.2,3147246.5,3427.0,2.1640344,2022
2023-07-20 18:00:00+00:00,26.71386,89.55725625000001,-0.9497178427914318,-0.3131070409358262,8561884.0,28.5,-1.8369701987210292e-16,-1.0,1.0,35206.0,7117.2,36780.0,34.559090909090905,27.2,43877.16,3725.2,548.0,6809.4,985047.06,9940.0,3.3666937,2023
2021-05-26 19:00:00+00:00,19.085026,46.29497964,-0.8090169943749473,0.5877852522924732,11238136.0,24.86,0.2588190451025203,-0.9659258262890684,1.0,29786.0,5068.5,40235.0,41.03545454545455,19.266666666666666,43091.07,5076.7,1099.0,882.7,357986.8,5148.0,1.5976771,2021
2019-04-06 19:00:00+00:00,10.114766,22.79031588,-0.0816763953304224,0.9966589017541702,8929867.0,16.7,0.2588190451025203,-0.9659258262890684,0.0,30436.0,6071.9,46785.0,51.66333333333333,13.866666666666667,48960.16,3425.5,953.0,48.4,64636.758,9361.0,6.9015746,2019
2018-09-16 05:00:00+00:00,18.58141,15.1252596,-0.2511900638848195,-0.9679377830240642,8868060.9,28.0,0.2588190451025207,0.9659258262890684,0.0,21439.0,7117.2,44255.0,53.13333333333333,23.03333333333333,32014.27,3845.3,632.0,92.5,0.0,1477.0,1.1950505,2018
2023-08-30 16:00:00+00:00,24.68236,89.55725625000001,-0.5197438121555157,-0.8543221697498269,7269947.0,37.89,-0.5000000000000004,-0.8660254037844385,1.0,28481.0,7043.3,37901.0,43.124545454545455,22.399999999999995,34532.53,3470.6,608.0,13268.1,1715480.4,5104.0,3.3594022,2023
2018-06-16 08:00:00+00:00,19.646784,15.1252596,-0.9646141756912434,0.2636654927280075,12408446.3,23.6,-0.4999999999999998,0.8660254037844387,0.0,28230.0,5068.5,38815.0,309.1716666666666,18.3,40176.27,3672.1,1656.0,4215.8,1392938.2,1904.0,2.4212153,2018
2019-03-22 12:00:00+00:00,15.135063,22.79031588,0.1755314904214282,0.9844738167520922,9072753.0,18.0,-1.0,1.2246467991473532e-16,1.0,32630.0,7117.2,49320.0,84.52,13.133333333333333,52896.71,5876.5,1190.0,5357.1,2751907.5,3478.0,4.111406,2019
2018-10-03 00:00:00+00:00,16.39106,15.1252596,0.0387222808921739,-0.9992500112396836,8040905.0,28.0,1.0,0.0,1.0,23625.0,7117.2,43525.0,45.3225,18.96666666666667,39324.58,2715.8,505.0,147.7,0.0,6978.0,3.5085006,2018
2023-04-29 10:00:00+00:00,20.226122,89.55725625000001,-0.4597327394521039,0.8880573226294932,9929022.0,35.1,-0.8660254037844387,0.4999999999999999,0.0,23454.0,5110.1,38105.0,35.12,20.2,34577.82,2633.5,756.0,11191.1,1995047.9,4600.0,2.8402743,2023
2022-09-16 13:00:00+00:00,24.251657,80.46928043999999,-0.2511900638848195,-0.9679377830240642,5329748.0,40.0,-0.9659258262890684,-0.2588190451025203,1.0,29629.0,7117.2,27926.0,39.623636363636365,24.566666666666663,34332.43,5599.5,432.0,11718.0,2398654.5,4700.0,2.0952559,2022
2020-01-28 21:00:00+00:00,11.811868,17.2389636,0.886070621534138,0.4635502709028509,10148824.0,11.49,0.7071067811865474,-0.7071067811865477,1.0,33410.0,7117.2,51510.0,137.99272727272728,8.866666666666665,55694.25,5956.7,1544.0,8.8,0.0,7694.0,5.429505,2020
2021-11-12 23:00:00+00:00,11.922629,46.29497964,0.6648553979642859,-0.7469720876965558,6093301.0,73.95,0.9659258262890684,-0.2588190451025207,0.0,25845.0,5057.5,43742.0,36.50727272727272,13.166666666666666,51310.71,4582.4,434.0,51.0,0.0,5194.0,3.2921386,2021
2023-12-23 02:00:00+00:00,8.770721,89.55725625000001,0.9905324521322229,-0.1372787721132651,9597457.0,31.43,0.8660254037844387,0.4999999999999999,0.0,21094.0,7117.2,45115.0,169.24727272727273,10.666666666666666,35461.63,5014.0,1112.0,10.4,0.0,9273.0,3.1553998,2023
2021-01-05 15:00:00+00:00,7.3016424,46.29497964,0.9962981749346078,0.0859647987374464,9385531.0,24.5,-0.7071067811865477,-0.7071067811865475,1.0,33299.0,7117.2,51835.0,167.05363636363637,7.533333333333334,76293.35,7106.8,1413.0,3512.8,956978.1,1893.0,1.6181824,2021
2020-11-30 03:00:00+00:00,10.439604,17.2389636,0.8695893893466109,-0.4937755501599773,8372287.0,16.5,0.7071067811865476,0.7071067811865476,1.0,20981.0,7117.2,50945.0,63.25181818181818,13.4,54056.1,1797.6,672.0,8.8,0.0,2954.0,2.710979,2020
2022-10-15 02:00:00+00:00,16.49529,80.46928043999999,0.2428497220959349,-0.9700639218515072,4757275.0,40.0,0.8660254037844387,0.4999999999999999,0.0,19780.0,5066.1,27830.0,35.74,22.8,26928.43,3615.7,336.0,71.4,0.0,4509.0,1.0874106,2022
2021-04-16 20:00:00+00:00,11.393916,46.29497964,-0.2511900638848191,0.9679377830240644,11756650.0,21.0,0.5000000000000001,-0.8660254037844386,1.0,29135.0,6111.4,39655.0,54.05272727272728,15.166666666666666,51958.81,5319.9,1028.0,177.8,974.62494,10607.0,4.155659,2021
2020-11-30 20:00:00+00:00,11.78415,17.2389636,0.8695893893466109,-0.4937755501599773,8372287.0,16.5,0.5000000000000001,-0.8660254037844386,1.0,33705.0,7049.9,50945.0,63.25181818181818,13.4,63349.37,4340.5,963.0,16.8,0.0,5966.0,3.376363,2020
2023-05-21 10:00:00+00:00,17.263807,89.55725625000001,-0.7554933140726803,0.6551563572090853,9540599.0,26.66,-0.8660254037844387,0.4999999999999999,0.0,20643.0,6121.4,34658.0,43.82545454545455,19.2,28828.99,2385.3,608.0,10582.3,2191330.0,6438.0,2.8745756,2023
2018-11-18 18:00:00+00:00,12.872133,15.1252596,0.7383263540031063,-0.6744436188329457,7848784.0,26.05,-1.8369701987210292e-16,-1.0,0.0,28649.0,5110.1,46185.0,107.21166666666666,14.766666666666666,58665.42,4820.1,1195.0,58.9,1187.8629,8458.0,5.2061334,2018
2020-10-18 21:00:00+00:00,14.767736,17.2389636,0.3090169943749472,-0.9510565162951536,8253016.0,14.99,0.7071067811865474,-0.7071067811865477,0.0,24350.0,6125.5,45210.0,131.1772727272727,15.8,51933.44,2785.8,829.0,119.3,0.0,5096.0,3.6752787,2020
2018-01-22 18:00:00+00:00,12.8730755,15.1252596,0.9291414114031744,0.3697245428906731,5403403.3,19.65,-1.8369701987210292e-16,-1.0,1.0,35460.0,7117.2,57815.0,247.92,10.85,69354.74,6877.0,1333.0,127.7,20650.984,6344.0,4.4515085,2018
2020-03-01 06:00:00+00:00,11.5236435,17.2389636,0.4975132889071806,0.8674563547295969,10318969.0,9.2,6.123233995736766e-17,1.0,0.0,21450.0,7117.2,49529.0,89.66818181818182,12.466666666666669,42814.12,618.0999999999999,949.0,28.6,0.0,13516.0,7.7156696,2020
2023-11-27 13:00:00+00:00,14.207932,89.55725625000001,0.83355577183857,-0.5524353131676195,9150611.0,43.85,-0.9659258262890684,-0.2588190451025203,1.0,29202.0,6125.5,43285.0,79.18454545454544,11.566666666666668,51132.65,5252.4,848.0,9447.3,1209625.9,8527.0,5.3033977,2023
2018-07-22 04:00:00+00:00,19.007181,15.1252596,-0.9383773917408642,-0.3456123126707333,10732748.9,25.2,0.5000000000000001,0.8660254037844386,0.0,21419.0,7117.2,41115.0,57.873333333333335,23.450000000000003,31170.72,4160.0,1043.0,368.7,0.0,2494.0,2.53125,2018
2023-05-14 03:00:00+00:00,12.535103,89.55725625000001,-0.6712599575675313,0.7412220108485958,9666595.0,29.0,0.7071067811865476,0.7071067811865476,0.0,17644.0,5110.1,35015.0,37.71454545454546,18.3,28851.14,2139.4,712.0,352.1,0.0,7919.0,4.174535,2023
2019-10-23 21:00:00+00:00,13.579839,22.79031588,0.3737197147904684,-0.9275416835791968,6284356.0,13.8,0.7071067811865474,-0.7071067811865477,1.0,26760.0,6111.4,41600.0,78.98416666666667,17.099999999999998,48286.55,3766.1,993.0,43.6,0.0,5780.0,5.4855733,2019
2020-02-05 01:00:00+00:00,9.828283,17.2389636,0.8140460935082179,0.5808002734538008,10445314.0,10.08,0.9659258262890684,0.2588190451025207,1.0,23522.0,7117.2,53460.0,122.11727272727272,10.466666666666669,55410.36,2541.2,1504.0,8.6,0.0,8429.0,5.4354653,2020
2019-12-22 02:00:00+00:00,13.079181,22.79031588,0.9880226656636976,-0.154308820664281,8628229.0,10.5,0.8660254037844387,0.4999999999999999,0.0,19674.0,6071.9,46345.0,646.1258333333333,10.533333333333331,38801.68,150.30000000000018,1693.0,5.7,0.0,13753.0,13.626572,2019
2022-10-30 14:00:00+00:00,20.389194,80.46928043999999,0.4825077417612184,-0.875891705144243,4884752.0,40.0,-0.8660254037844386,-0.5000000000000001,0.0,21496.0,5066.1,26375.0,32.61818181818182,22.25,30017.95,4635.0,752.0,5798.9,1460673.5,3392.0,1.8432612,2022
2019-06-25 10:00:00+00:00,23.398193,22.79031588,-0.993746580436178,0.1116590071216946,9422077.0,13.3,-0.8660254037844387,0.4999999999999999,1.0,33803.0,7117.2,46643.0,42.2075,23.366666666666664,50098.52,6035.0,964.0,5070.8,2387987.0,1863.0,1.8814077,2019
2022-10-14 05:00:00+00:00,16.216713,80.46928043999999,0.226115685508288,-0.9741004551724206,4757275.0,40.0,0.2588190451025207,0.9659258262890684,1.0,25972.0,6111.4,30604.0,36.01545454545454,21.8,42350.3,4085.3,344.0,56.5,0.0,3693.0,2.0943735,2022
2020-07-09 14:00:00+00:00,26.881424,17.2389636,-0.9893142039703664,-0.1457991969198744,11962484.0,7.5,-0.8660254037844386,-0.5000000000000001,1.0,34433.0,7117.2,33610.0,59.58454545454545,23.7,40456.07,5941.4,993.0,7569.0,3019260.8,4145.0,1.4922049,2020
2020-08-29 22:00:00+00:00,18.335888,17.2389636,-0.5197438121555157,-0.8543221697498269,9705841.0,8.9,0.8660254037844384,-0.5000000000000004,0.0,23224.0,7117.2,33750.0,48.08909090909091,22.433333333333334,36066.2,2521.0,674.0,411.1,0.0,8245.0,6.4050827,2020
2018-05-05 11:00:00+00:00,17.24348,15.1252596,-0.548842958284719,0.8359254794186372,11937484.9,20.4,-0.9659258262890682,0.258819045102521,0.0,28438.0,5066.1,40500.0,244.4008333333333,14.3,39885.58,4468.3,1623.0,5240.1,2726206.0,4768.0,2.0923045,2018
2023-07-02 18:00:00+00:00,26.110476,89.55725625000001,-0.9999629591162656,-0.0086069968886884,9156777.0,37.0,-1.8369701987210292e-16,-1.0,0.0,26651.0,7117.2,36300.0,35.791818181818186,23.7,30283.65,4572.1,788.0,6064.3,954055.56,7095.0,1.8633362,2023
2023-01-03 14:00:00+00:00,13.295545,89.55725625000001,0.998666816288476,0.0516196672232537,8688669.0,45.0,-0.8660254037844386,-0.5000000000000001,1.0,28439.0,7117.2,42742.0,45.584545454545456,11.7,47747.66,4928.4,1180.0,8138.4,1293682.6,2410.0,1.3340346,2023
2020-03-01 18:00:00+00:00,13.916759,17.2389636,0.4975132889071806,0.8674563547295969,10318969.0,9.2,-1.8369701987210292e-16,-1.0,0.0,27658.0,7117.2,49529.0,89.66818181818182,12.466666666666669,54211.26,1913.7,1169.0,121.6,127987.445,14503.0,8.903406,2020
2022-02-16 19:00:00+00:00,12.731206,80.46928043999999,0.6901733882429719,0.7236440382959124,6930013.0,76.99,0.2588190451025203,-0.9659258262890684,1.0,34661.0,7117.2,45966.0,69.81636363636363,10.266666666666667,50380.91,5964.6,859.0,133.2,463.07004,12625.0,5.7238817,2022
2020-03-19 00:00:00+00:00,11.861888,17.2389636,0.2093146459630487,0.9778483415056568,10818085.0,9.24,1.0,0.0,1.0,23306.0,7117.2,43059.0,427.39,11.5,45664.7,3992.9,1588.0,142.5,0.0,4619.0,4.5027156,2020
2020-03-04 11:00:00+00:00,14.467049,17.2389636,0.4520722039323043,0.8919813464595485,10393202.0,8.66,-0.9659258262890682,0.258819045102521,1.0,33748.0,7117.2,48779.0,152.06545454545454,11.866666666666667,65923.82,5569.4,1622.0,4649.4,1505207.9,9429.0,5.101119,2020
2023-02-12 21:00:00+00:00,8.761813,89.55725625000001,0.7383263540031065,0.6744436188329455,9996284.0,50.0,0.7071067811865474,-0.7071067811865477,0.0,30404.0,7117.2,44175.0,77.28454545454547,10.9,57846.97,3925.4,880.0,160.0,0.0,6372.0,4.52038,2023
2023-05-21 01:00:00+00:00,13.545757,89.55725625000001,-0.7554933140726803,0.6551563572090853,9540599.0,26.66,0.9659258262890684,0.2588190451025207,0.0,18115.0,6121.4,36864.0,43.82545454545455,19.2,26423.48,1746.1999999999998,696.0,29.9,0.0,9000.0,2.584104,2023
2022-05-10 14:00:00+00:00,22.668194,80.46928043999999,-0.6186714032625031,0.7856498550787147,7941866.0,83.0,-0.8660254037844386,-0.5000000000000001,1.0,28491.0,6125.5,29430.0,78.91272727272727,18.1,35675.619999999995,4588.200000000001,996.0,12804.1,3135109.0,3028.0,0.40034902,2022
2022-01-18 18:00:00+00:00,9.340738,80.46928043999999,0.9523775757303976,0.304921224656289,7209468.0,82.0,-1.8369701987210292e-16,-1.0,1.0,37069.0,7117.2,48625.0,162.80181818181816,6.9,79342.5,7779.9,1146.0,39.7,15542.938,2024.0,1.9305831,2022
2022-03-11 11:00:00+00:00,12.35574,80.46928043999999,0.3576982388331257,0.9338372288229252,6793423.0,150.0,-0.9659258262890682,0.258819045102521,1.0,31817.0,7117.2,40855.0,88.62454545454545,11.699999999999998,45471.65,3524.4,965.0,3591.8,1285274.2,11604.0,4.2209578,2022
2019-10-25 05:00:00+00:00,12.805759,22.79031588,0.4054257283599965,-0.914127988185334,6284356.0,13.5,0.2588190451025207,0.9659258262890684,1.0,28618.0,6111.4,41600.0,104.475,16.7,48613.48,4062.2,1094.0,10.5,0.0,5180.0,1.0296111,2019
2021-08-21 14:00:00+00:00,27.95834,46.29497964,-0.64534811322955,-0.7638886127905429,7728542.0,42.95,-0.8660254037844386,-0.5000000000000001,0.0,28832.0,7117.2,41720.0,54.64363636363637,24.26666666666667,33664.32,3375.1,558.0,9956.9,2880494.8,2172.0,0.49551463,2021
2019-06-01 17:00:00+00:00,24.960833,22.79031588,-0.865307254363206,0.5012418134457758,9891188.0,13.98,-0.2588190451025206,-0.9659258262890684,0.0,26524.0,5122.1,41215.0,45.623333333333335,20.53333333333333,40651.14,4114.7,970.0,3192.6,1745388.9,3901.0,1.3472553,2019
2022-07-06 10:00:00+00:00,23.553394,80.46928043999999,-0.9970011699250152,-0.0773864792334627,7194500.0,40.0,-0.8660254037844387,0.4999999999999999,1.0,33188.0,7117.2,27465.0,47.118,24.7,42685.82,5129.0,644.0,11207.1,2182272.2,6812.0,2.4856648,2022
2023-04-16 07:00:00+00:00,12.533468,89.55725625000001,-0.2511900638848191,0.9679377830240644,10111804.0,38.0,-0.2588190451025208,0.9659258262890684,0.0,19911.0,7117.2,35535.0,37.23090909090909,15.699999999999998,39973.08,2525.0,704.0,6123.3,443754.3,8047.0,4.8309684,2023
2019-05-08 16:00:00+00:00,18.205818,22.79031588,-0.5912614448635781,0.8064799463209448,9839298.0,15.6,-0.5000000000000004,-0.8660254037844385,1.0,29500.0,6125.5,45425.0,59.04545454545455,17.266666666666666,34417.33,2922.7,1068.0,2011.5,1597883.1,14071.0,8.7580805,2019
2019-11-01 22:00:00+00:00,17.898582,22.79031588,0.5123714121284235,-0.858763958275803,6356816.0,9.92,0.8660254037844384,-0.5000000000000004,0.0,24401.0,5760.1,38815.0,43.76833333333334,17.86666666666667,40542.27,2272.2,765.0,15.1,0.0,12495.0,7.668779,2019
2022-09-05 00:00:00+00:00,20.705223,80.46928043999999,-0.4288919379124841,-0.9033558023246842,5498074.0,40.0,1.0,0.0,1.0,21725.0,7117.2,23311.0,40.748,24.85,30637.34,3633.5,444.0,450.0,0.0,5428.0,1.9578223,2022
2020-06-03 18:00:00+00:00,21.061487,17.2389636,-0.8900275764346767,0.4559066935084588,12884805.0,6.2,-1.8369701987210292e-16,-1.0,1.0,26712.0,4856.7,36990.0,63.28181818181818,21.6,41727.97,4295.4,1233.0,1859.7,802370.3,5892.0,4.5069146,2020
2018-10-12 01:00:00+00:00,18.005703,15.1252596,0.1924515819708299,-0.9813064702716092,7843930.0,26.8,0.9659258262890684,0.2588190451025207,0.0,22103.0,7117.2,42940.0,47.14833333333333,20.066666666666663,35182.92,2381.5,539.0,16.4,0.0,7581.0,4.1233125,2018
2020-11-03 21:00:00+00:00,13.553596,17.2389636,0.5560174366570438,-0.8311706263658084,8534366.0,13.6,0.7071067811865474,-0.7071067811865477,1.0,28132.0,6125.5,47552.0,91.43,16.099999999999998,50470.42,3463.0,944.0,31.2,0.0,8644.0,5.3871155,2020
2021-09-16 14:00:00+00:00,23.42201,46.29497964,-0.2511900638848195,-0.9679377830240642,6577502.0,74.5,-0.8660254037844386,-0.5000000000000001,1.0,30875.0,7117.2,43916.0,48.61272727272728,23.73333333333333,43517.9,5790.6,538.0,8570.8,2103229.8,2558.0,1.896996,2021
2021-10-31 19:00:00+00:00,18.382671,46.29497964,0.4975132889071803,-0.8674563547295971,5955169.0,57.0,0.2588190451025203,-0.9659258262890684,0.0,26686.0,6121.4,42770.0,38.82454545454545,17.433333333333334,48100.0,5997.0,592.0,1.8,0.0,12029.0,7.060323,2021
2019-10-13 19:00:00+00:00,20.24664,22.79031588,0.209314645963048,-0.9778483415056568,6275794.0,12.6,0.2588190451025203,-0.9659258262890684,0.0,27310.0,6111.4,41600.0,44.60666666666666,21.2,40133.36,4250.7,526.0,283.5,1.3035271,5862.0,3.0988138,2019
2022-07-16 21:00:00+00:00,26.229645,80.46928043999999,-0.9690098257244062,-0.2470221804809357,7037432.0,40.0,0.7071067811865474,-0.7071067811865477,0.0,30281.0,7117.2,24300.0,43.11181818181818,27.4,41229.77,5545.1,568.0,605.9,78.65673,6294.0,1.623435,2022
2019-09-18 22:00:00+00:00,20.006302,22.79031588,-0.2177232303965322,-0.9760105506323682,6721584.0,14.5,0.8660254037844384,-0.5000000000000004,1.0,25490.0,7117.2,38025.0,64.36749999999999,23.0,38748.2,4993.0,557.0,207.4,0.0,2416.0,1.130228,2019
2018-05-14 02:00:00+00:00,10.915061,15.1252596,-0.6712599575675313,0.7412220108485958,12009342.4,22.5,0.8660254037844387,0.4999999999999999,1.0,20996.0,6071.9,46045.0,164.1475,15.15,34991.42,2072.9,1508.0,248.1,0.0,4984.0,4.3718443,2018
2023-10-22 00:00:00+00:00,13.867845,89.55725625000001,0.3576982388331254,-0.9338372288229252,6686078.0,45.83,1.0,0.0,0.0,18873.0,4765.8,40185.0,36.71272727272727,18.666666666666668,27186.85,2786.4,796.0,43.0,0.0,2099.0,1.573349,2023
2020-08-11 05:00:00+00:00,21.543869,17.2389636,-0.7554933140726804,-0.655156357209085,10366823.0,9.7,0.2588190451025207,0.9659258262890684,1.0,25665.0,7117.2,37069.0,63.540909090909096,25.366666666666664,38543.35,3991.9,708.0,167.4,157.34526,5661.0,2.4201386,2020
2022-09-16 16:00:00+00:00,24.386173,80.46928043999999,-0.2511900638848195,-0.9679377830240642,5329748.0,40.0,-0.5000000000000004,-0.8660254037844385,1.0,29072.0,7117.2,27796.0,39.623636363636365,24.566666666666663,36409.91,5606.2,456.0,9337.3,1344640.8,6496.0,2.3600702,2022
2023-11-01 02:00:00+00:00,14.108168,89.55725625000001,0.5123714121284235,-0.858763958275803,7948710.0,44.0,0.8660254037844387,0.4999999999999999,0.0,20308.0,5061.6,39764.0,81.55090909090909,16.5,26000.84,884.1999999999998,1076.0,7.5,0.0,11382.0,5.016993,2023
2018-05-26 02:00:00+00:00,15.09372,15.1252596,-0.8090169943749473,0.5877852522924732,11943098.0,23.8,0.8660254037844387,0.4999999999999999,0.0,22138.0,5068.5,38020.0,133.06833333333333,17.95,31900.42,4292.0,1559.0,137.2,0.0,2156.0,0.8392825,2018
2018-01-22 01:00:00+00:00,10.982119,15.1252596,0.9291414114031744,0.3697245428906731,5403403.3,19.65,0.9659258262890684,0.2588190451025207,1.0,22577.0,7117.2,57265.0,247.92,10.85,49118.2,3102.4,1029.0,12.6,0.0,7964.0,4.9544888,2018
2020-06-21 13:00:00+00:00,25.337189,17.2389636,-0.986657932891657,0.1628070129385171,12647900.0,6.55,-0.9659258262890684,-0.2588190451025203,0.0,24655.0,7117.2,32290.0,80.74090909090908,22.1,28464.17,3085.5,1053.0,8729.5,3248485.2,2624.0,2.7606351,2020
2019-01-01 20:00:00+00:00,8.831483,22.79031588,0.9998518392091162,0.0172133561558346,8127468.0,24.6,0.5000000000000001,-0.8660254037844386,0.0,28171.0,6071.9,56375.0,73.82583333333334,9.5,57018.22,6018.0,1021.0,34.4,0.0,4867.0,1.9970372,2019
2020-04-06 14:00:00+00:00,15.795695,17.2389636,-0.0988201387328714,0.9951053111006976,11312209.0,7.99,-0.8660254037844386,-0.5000000000000001,1.0,24915.0,7117.2,45865.0,137.03454545454545,13.233333333333334,34780.63,5168.3,1382.0,3932.8,2064393.4,2043.0,2.3983185,2020
2020-10-21 15:00:00+00:00,19.246424,17.2389636,0.3576982388331254,-0.9338372288229252,8224358.0,14.53,-0.7071067811865477,-0.7071067811865475,1.0,29456.0,6125.5,43307.0,87.62818181818182,16.833333333333332,37041.98,4191.5,932.0,2129.8,1167772.4,8564.0,5.408287,2020
2018-05-07 07:00:00+00:00,14.665759,15.1252596,-0.5772916165517272,0.8165380514459161,11941137.0,20.9,-0.2588190451025208,0.9659258262890684,1.0,30823.0,5066.1,42000.0,204.46416666666667,15.15,43361.35,5379.7,1763.0,2267.0,600649.94,1344.0,2.0032985,2018
2021-06-26 08:00:00+00:00,21.202963,46.29497964,-0.9955213724144752,0.0945367498171995,10560103.0,30.99,-0.4999999999999998,0.8660254037844387,0.0,27438.0,7117.2,41960.0,53.809090909090905,22.666666666666668,38943.03,4377.7,1013.0,8940.8,1411297.1,2480.0,0.87882715,2021
2019-02-11 20:00:00+00:00,9.788491,22.79031588,0.7498264012045687,0.6616346182422783,8771392.0,21.99,0.5000000000000001,-0.8660254037844386,1.0,36051.0,7117.2,55920.0,342.05750000000006,9.166666666666666,67734.33,7215.3,1636.0,101.5,0.0,5111.0,3.9016201,2019
2022-12-22 21:00:00+00:00,14.040598,80.46928043999999,0.9880226656636976,-0.154308820664281,7263299.0,40.0,0.7071067811865474,-0.7071067811865477,1.0,29658.0,7117.2,41310.0,46.10909090909092,11.933333333333332,38240.15,5164.5,1220.0,34.1,0.0,12290.0,4.8503127,2022
2021-08-29 06:00:00+00:00,18.495125,46.29497964,-0.5343725582809793,-0.8452490573530629,7373652.0,46.5,6.123233995736766e-17,1.0,0.0,21864.0,7117.2,42597.0,48.69909090909091,23.76666666666667,30711.87,3289.7,528.0,1188.4,32185.863,3584.0,1.6761148,2021
2018-11-18 10:00:00+00:00,13.365589,15.1252596,0.7383263540031063,-0.6744436188329457,7848784.0,26.05,-0.8660254037844387,0.4999999999999999,0.0,26358.0,5110.1,46185.0,107.21166666666666,14.766666666666666,51242.61,2114.5,1140.0,777.3,721899.5,7157.0,5.562343,2018
2020-04-18 04:00:00+00:00,12.703279,17.2389636,-0.3008198076356675,0.9536809966304456,11658137.0,7.41,0.5000000000000001,0.8660254037844386,0.0,18596.0,5953.1,41445.0,236.1709090909091,15.0,32688.57,3595.2,1755.0,27.7,0.0,1795.0,1.176715,2020
2020-04-13 13:00:00+00:00,15.645561,17.2389636,-0.2177232303965317,0.9760105506323684,11658137.0,8.7,-0.9659258262890684,-0.2588190451025203,1.0,22919.0,6996.4,37410.0,205.9327272727273,14.666666666666666,21562.81,4284.5,1508.0,4123.2,2184622.5,3031.0,0.9302982,2020
2019-09-14 13:00:00+00:00,23.747053,22.79031588,-0.2843591872810036,-0.9587178169872964,6907892.0,12.0,-0.9659258262890684,-0.2588190451025203,0.0,26691.0,7117.2,41605.0,49.34333333333333,21.53333333333333,37421.55,4211.4,477.0,3183.8,2405109.8,7183.0,5.334559,2019
2020-06-20 03:00:00+00:00,16.395853,17.2389636,-0.9837092937736096,0.1797665857255624,12647900.0,7.1,0.7071067811865476,0.7071067811865476,0.0,20509.0,5102.5,32775.0,82.49727272727273,21.266666666666666,31093.7,2954.8,1149.0,458.2,0.0,1560.0,1.5954784,2020
2021-10-31 16:00:00+00:00,19.42318,46.29497964,0.4975132889071803,-0.8674563547295971,5955169.0,57.0,-0.5000000000000004,-0.8660254037844385,0.0,23003.0,6121.4,42770.0,38.82454545454545,17.433333333333334,43700.0,4866.0,558.0,478.5,459781.47,13324.0,7.4098477,2021
2019-09-24 21:00:00+00:00,20.118734,22.79031588,-0.1159345995955006,-0.9932568492674144,6541441.0,13.11,0.7071067811865474,-0.7071067811865477,1.0,26621.0,7117.2,40240.0,46.020833333333336,22.433333333333334,41134.68,4784.0,516.0,294.6,0.0,5979.0,4.309329,2019
2020-01-20 15:00:00+00:00,8.255184,17.2389636,0.9413173175128472,0.3375228995941133,9950225.0,11.7,-0.7071067811865477,-0.7071067811865475,1.0,36349.0,6791.9,51190.0,147.1890909090909,8.200000000000001,65150.12,3776.1,1354.0,1722.4,866907.25,13932.0,9.5607605,2020
2018-12-24 06:00:00+00:00,8.587613,15.1252596,0.9927487224577402,-0.1202080448993527,8192252.0,25.5,6.123233995736766e-17,1.0,1.0,23647.0,5371.1,53245.0,104.54583333333336,10.2,47311.26,2851.0,1178.0,12.2,0.0,1973.0,0.17112371,2018
2018-08-31 10:00:00+00:00,24.724562,15.1252596,-0.5049610547215202,-0.8631421280499115,9346210.2,28.88,-0.8660254037844387,0.4999999999999999,1.0,36068.0,7117.2,39875.0,53.96833333333333,24.4,46683.02,6482.6,832.0,4777.9,2105331.5,3203.0,2.3642166,2018
2018-05-26 23:00:00+00:00,16.26509,15.1252596,-0.8090169943749473,0.5877852522924732,11943098.0,23.8,0.9659258262890684,-0.2588190451025207,0.0,22192.0,5068.5,37815.0,197.0433333333333,17.75,36985.14,4298.5,1637.0,167.9,0.0,1318.0,0.56710887,2018
2018-03-05 16:00:00+00:00,11.544082,15.1252596,0.4520722039323043,0.8919813464595485,6658815.9,27.99,-0.5000000000000004,-0.8660254037844385,1.0,33520.0,6071.9,51555.0,451.07384615384615,9.4,64881.18,3503.7000000000003,1603.0,1147.2,972184.6,9178.0,8.079784,2018
2021-11-12 08:00:00+00:00,10.77814,46.29497964,0.6648553979642859,-0.7469720876965558,6093301.0,73.95,-0.4999999999999998,0.8660254037844387,1.0,31758.0,5057.5,42285.0,42.32727272727272,13.233333333333333,61114.55,5436.5,459.0,3507.0,170127.03,3058.0,2.7553496,2021
2019-11-02 17:00:00+00:00,17.744461,22.79031588,0.5270777086423716,-0.8498170915275282,6356816.0,9.0,-0.2588190451025206,-0.9659258262890684,0.0,26839.0,5770.1,38670.0,44.43666666666667,18.23333333333333,41107.41,2559.2,1002.0,72.4,150331.77,13501.0,8.557712,2019
2021-05-20 17:00:00+00:00,21.871798,46.29497964,-0.7441039398713604,0.6680638642135338,11268445.0,24.4,-0.2588190451025206,-0.9659258262890684,1.0,29408.0,5068.5,40870.0,44.191818181818185,19.46666666666667,41114.28,4337.2,1224.0,5032.8,1626020.9,3808.0,0.59816825,2021
2023-09-18 15:00:00+00:00,23.026276,89.55725625000001,-0.2177232303965322,-0.9760105506323682,7135990.0,38.37,-0.7071067811865477,-0.7071067811865475,1.0,27818.0,7028.3,42445.0,50.94090909090908,23.866666666666664,31804.59,4940.6,436.0,10718.1,1670401.2,3673.0,3.685825,2023
2023-01-12 12:00:00+00:00,12.309043,89.55725625000001,0.9787400799669153,0.2051044998686192,9141747.0,45.0,-1.0,1.2246467991473532e-16,1.0,31393.0,7117.2,43665.0,65.8390909090909,13.3,38869.07,5241.3,1144.0,8929.0,1437388.0,4798.0,0.9224922,2023
2019-12-24 20:00:00+00:00,12.445363,22.79031588,0.9927487224577402,-0.1202080448993527,9450499.0,9.3,0.5000000000000001,-0.8660254037844386,1.0,24637.0,7117.2,50615.0,533.7241666666666,10.166666666666666,47612.33,3545.5,1885.0,19.3,0.0,2620.0,0.7836328,2019
2022-10-06 22:00:00+00:00,18.470602,80.46928043999999,0.0902516100310407,-0.9959189961471792,4808909.0,40.0,0.8660254037844384,-0.5000000000000004,1.0,23575.0,6111.4,28010.0,34.44090909090908,22.133333333333336,41818.85,4730.6,380.0,105.7,0.0,5594.0,3.503722,2022
2019-09-18 11:00:00+00:00,23.328852,22.79031588,-0.2177232303965322,-0.9760105506323682,6721584.0,14.5,-0.9659258262890682,0.258819045102521,1.0,33702.0,7117.2,39545.0,56.26833333333334,22.83333333333333,44059.89,5874.1,543.0,5555.4,2361916.2,587.0,0.49424228,2019
2018-02-16 09:00:00+00:00,10.806506,15.1252596,0.6901733882429719,0.7236440382959124,5458728.1,21.1,-0.7071067811865475,0.7071067811865476,1.0,36097.0,7117.2,56895.0,458.0730769230769,9.1,73633.0,6840.9,1504.0,2102.7,528423.44,2737.0,1.1682056,2018
2023-06-09 14:00:00+00:00,22.096151,89.55725625000001,-0.9259247771938498,0.3777079652039649,9303179.0,25.89,-0.8660254037844386,-0.5000000000000001,1.0,27287.0,5118.0,32630.0,33.665454545454544,22.7,35696.97,3027.9,752.0,12243.1,2450876.8,7346.0,5.236034,2023
2023-03-03 20:00:00+00:00,8.490671,89.55725625000001,0.4825077417612184,0.8758917051442429,9758770.0,49.0,0.5000000000000001,-0.8660254037844386,1.0,35324.0,6121.4,37471.0,67.34,10.9,58571.29,8171.1,1020.0,425.8,0.0,6866.0,2.5614164,2023
2023-05-15 23:00:00+00:00,14.856879,89.55725625000001,-0.6839194216246103,0.7295575540864878,9540599.0,29.96,0.9659258262890684,-0.2588190451025207,1.0,21721.0,4104.3,37090.0,67.04636363636365,18.466666666666665,34312.72,2654.5,736.0,474.4,0.0,12215.0,5.001301,2023
2023-09-08 12:00:00+00:00,25.792948,89.55725625000001,-0.3816892202666594,-0.924290722193093,7199927.0,31.0,-1.0,1.2246467991473532e-16,1.0,29699.0,7043.3,41850.0,44.583636363636366,24.26666666666667,38757.52,3946.4,444.0,15640.3,2680299.5,3377.0,2.6985877,2023
2022-11-03 04:00:00+00:00,15.477796,80.46928043999999,0.5416278206559811,-0.8406184056344783,5045030.0,40.0,0.5000000000000001,0.8660254037844386,1.0,20403.0,5066.1,30065.0,33.60454545454546,22.2,27605.84,1798.0,656.0,22.1,0.0,9388.0,3.954245,2022
2020-01-26 12:00:00+00:00,11.141256,17.2389636,0.901501684131884,0.4327755925504312,9950225.0,10.9,-1.0,1.2246467991473532e-16,0.0,29675.0,7117.2,50900.0,141.62636363636364,9.033333333333331,60905.28,4899.3,1302.0,3997.9,1444479.9,7256.0,3.5992053,2020
2022-03-09 08:00:00+00:00,9.064081,80.46928043999999,0.3896304495307879,0.9209712877166346,6793423.0,240.0,-0.4999999999999998,0.8660254037844387,1.0,32174.0,7117.2,43170.0,96.51090909090908,11.033333333333331,65197.18,3712.0,843.0,4756.5,365926.2,6585.0,3.0571942,2022
2020-07-17 20:00:00+00:00,23.977015,17.2389636,-0.9599326896597444,-0.2802306751992161,11748175.0,5.5,0.5000000000000001,-0.8660254037844386,1.0,30396.0,7117.2,36240.0,54.41090909090909,23.1,41310.29,6041.1,848.0,551.3,65210.31,9212.0,2.7568524,2020
2022-04-11 08:00:00+00:00,13.658455,80.46928043999999,-0.167051625502119,0.9859481499638304,7441893.0,104.0,-0.4999999999999998,0.8660254037844387,1.0,29558.0,5991.6,31975.0,114.09272727272727,14.5,49528.2,2878.3,968.0,6757.0,885066.75,12136.0,5.351386,2022
2023-04-16 20:00:00+00:00,15.498059,89.55725625000001,-0.2511900638848191,0.9679377830240644,10111804.0,38.0,0.5000000000000001,-0.8660254037844386,0.0,24865.0,7117.2,35535.0,37.23090909090909,15.699999999999998,43183.37,3891.5,828.0,596.3,907.1277,9686.0,3.3392398,2023
2020-10-11 12:00:00+00:00,17.647112,17.2389636,0.1924515819708299,-0.9813064702716092,8345466.0,12.27,-1.0,1.2246467991473532e-16,0.0,24492.0,6125.5,42805.0,72.89545454545454,17.833333333333332,38745.2,2745.1,590.0,7949.0,2146598.2,9919.0,5.645274,2020
2018-04-25 09:00:00+00:00,16.731882,15.1252596,-0.3975428142825558,0.9175836260593938,11748211.2,20.25,-0.7071067811865475,0.7071067811865476,1.0,31802.0,5066.1,46290.0,403.4191666666666,13.4,45775.1,3873.6,1953.0,3244.0,1464089.9,3264.0,3.5002456,2018
2021-10-19 00:00:00+00:00,17.180466,46.29497964,0.3090169943749472,-0.9510565162951536,6017107.0,89.0,1.0,0.0,1.0,22254.0,6121.4,44130.0,46.23363636363637,18.366666666666664,37671.03,3664.7,357.0,43.4,0.0,5937.0,3.098584,2021
2022-11-03 08:00:00+00:00,15.937972,80.46928043999999,0.5416278206559811,-0.8406184056344783,5045030.0,40.0,-0.4999999999999998,0.8660254037844387,1.0,27599.0,5066.1,30065.0,33.60454545454546,22.2,38941.93,3435.0,680.0,1455.1,225863.98,9187.0,4.452791,2022
2023-01-29 11:00:00+00:00,7.037544,89.55725625000001,0.8779600847008882,0.4787338401157884,10151548.0,45.0,-0.9659258262890682,0.258819045102521,0.0,27202.0,7117.2,44320.0,115.03999999999998,10.7,63581.58,2305.7,1100.0,10237.1,1300668.8,8316.0,4.731984,2023
2023-02-04 14:00:00+00:00,14.563008,89.55725625000001,0.8239230057575543,0.5667017562911175,10162057.0,50.0,-0.8660254037844386,-0.5000000000000001,0.0,26912.0,7117.2,45790.0,101.95545454545454,10.6,46510.25,5775.9,920.0,12281.7,1938429.5,6622.0,3.122397,2023
2022-01-25 07:00:00+00:00,5.939601,80.46928043999999,0.9088176373395028,0.4171936026123168,7116328.0,83.0,-0.2588190451025208,0.9659258262890684,1.0,35010.0,7117.2,48581.0,103.96545454545452,7.0,84757.35,4791.2,738.0,115.5,40.568306,4093.0,4.742059,2022
2018-06-02 09:00:00+00:00,18.076933,15.1252596,-0.8738071036110806,0.4862727071086904,12098391.3,23.0,-0.7071067811865475,0.7071067811865476,0.0,28384.0,4076.8,42943.0,436.6530769230769,16.4,39860.75,4240.6,1644.0,3234.4,1682699.4,1847.0,1.3154113,2018
2018-04-25 07:00:00+00:00,14.43434,15.1252596,-0.3975428142825558,0.9175836260593938,11748211.2,20.25,-0.2588190451025208,0.9659258262890684,1.0,31284.0,5066.1,46290.0,403.4191666666666,13.4,47089.86,3050.8,1942.0,1546.0,416777.97,2822.0,3.3839467,2018
2021-06-09 16:00:00+00:00,25.644972,46.29497964,-0.9259247771938498,0.3777079652039649,10912561.0,27.12,-0.5000000000000004,-0.8660254037844385,1.0,31226.0,5068.5,40695.0,43.63090909090909,22.666666666666668,41303.01,4294.5,949.0,7844.2,2297014.0,4778.0,1.9009811,2021
2023-10-10 23:00:00+00:00,18.702902,89.55725625000001,0.1585593851031347,-0.9873494423939864,6736945.0,39.6,0.9659258262890684,-0.2588190451025207,1.0,22800.0,6053.3,41600.0,33.400909090909096,21.866666666666664,34873.75,4864.4,328.0,265.0,0.0,2176.0,1.3314271,2023
2018-08-02 20:00:00+00:00,27.756407,15.1252596,-0.8565509959010037,-0.5160623910158526,10315467.2,26.1,0.5000000000000001,-0.8660254037844386,1.0,34397.0,7117.2,41445.0,47.67090909090909,25.25,46442.62,6250.0,1005.0,648.7,29686.652,4671.0,2.1537933,2018
2022-10-21 05:00:00+00:00,17.684893,80.46928043999999,0.3415707691678551,-0.9398560579418956,4759479.0,36.0,0.2588190451025207,0.9659258262890684,1.0,25936.0,5066.1,28380.0,36.053636363636365,23.05,37302.64,1615.8000000000002,652.0,1.2,0.0,11105.0,5.645501,2022
2018-03-01 07:00:00+00:00,10.61143,15.1252596,0.5123714121284237,0.8587639582758029,5770462.4,31.0,-0.2588190451025208,0.9659258262890684,1.0,35461.0,7117.2,53075.0,245.1825,7.55,81605.62,3066.1,1348.0,170.1,13507.815,11633.0,6.9784636,2018
2019-01-25 20:00:00+00:00,10.590454,22.79031588,0.9088176373395028,0.4171936026123168,7802152.0,25.0,0.5000000000000001,-0.8660254037844386,1.0,35654.0,7117.2,56068.0,713.0769230769231,8.533333333333333,69637.89,7437.2,1197.0,66.0,0.0,9101.0,4.8576546,2019
2018-04-24 21:00:00+00:00,16.492386,15.1252596,-0.3816892202666589,0.9242907221930932,11748211.2,20.0,0.7071067811865474,-0.7071067811865477,1.0,27123.0,5066.1,46290.0,424.415,12.9,47964.28,5472.3,1944.0,281.2,0.0,4235.0,3.4159982,2018
2022-06-22 08:00:00+00:00,19.641659,80.46928043999999,-0.986657932891657,0.1628070129385171,7440164.0,40.0,-0.4999999999999998,0.8660254037844387,1.0,31306.0,7117.2,30890.0,43.734,25.166666666666668,45722.93,5319.5,716.0,8260.0,1123638.6,2276.0,3.02114,2022
2018-03-31 13:00:00+00:00,12.2518015,15.1252596,0.0215160974362222,0.9997685019798908,9560482.4,19.0,-0.9659258262890684,-0.2588190451025203,0.0,27022.0,6071.9,45555.0,360.2361538461538,12.05,49093.43,4051.9,1601.0,5009.5,2573449.8,13106.0,8.863069,2018
2023-04-26 13:00:00+00:00,22.283348,89.55725625000001,-0.4132786077829042,0.9106046300942162,9929022.0,35.0,-0.9659258262890684,-0.2588190451025203,1.0,25859.0,5785.1,38047.0,36.9390909090909,19.4,38821.91,4439.3,808.0,14988.1,2960091.8,2373.0,0.43234262,2023
2021-06-09 11:00:00+00:00,24.223959,46.29497964,-0.9259247771938498,0.3777079652039649,10912561.0,27.12,-0.9659258262890682,0.258819045102521,1.0,32903.0,5068.5,40825.0,43.63090909090909,22.666666666666668,44806.32,5112.7,970.0,10945.9,3143488.8,1898.0,1.1767055,2021
2020-03-27 23:00:00+00:00,8.699411,17.2389636,0.0730951298980775,0.9973249731081556,10970564.0,7.49,0.9659258262890684,-0.2588190451025207,0.0,24612.0,7117.2,41304.0,208.64636363636365,12.699999999999998,48997.66,3732.1,1468.0,124.3,0.0,3027.0,3.30608,2020
2020-03-05 05:00:00+00:00,12.032245,17.2389636,0.436651231956064,0.8996308696522433,10393202.0,8.79,0.2588190451025207,0.9659258262890684,1.0,26509.0,7117.2,47704.0,168.08727272727273,12.3,56753.31,4926.0,1604.0,15.6,0.0,13572.0,6.8639264,2020
2019-08-08 00:00:00+00:00,22.540514,22.79031588,-0.798779372886365,-0.6016240632249223,7910767.0,13.29,1.0,0.0,1.0,25023.0,7117.2,41603.0,45.72166666666666,25.5,36543.87,4789.0,606.0,298.1,0.0,4619.0,2.7933633,2019
2022-05-07 03:00:00+00:00,12.6405115,80.46928043999999,-0.5772916165517272,0.8165380514459161,7954466.0,85.0,0.7071067811865476,0.7071067811865476,0.0,20018.0,6125.5,28720.0,132.6490909090909,16.333333333333332,33329.43,2764.5,1039.0,288.9,0.0,6669.0,2.8834221,2022
2023-12-28 06:00:00+00:00,7.9737186,89.55725625000001,0.998666816288476,-0.0516196672232541,9483417.0,36.0,6.123233995736766e-17,1.0,1.0,24895.0,7117.2,41475.0,139.2909090909091,8.866666666666667,39739.96,3690.0,1012.0,88.1,0.0,4421.0,2.291559,2023
2022-12-22 10:00:00+00:00,14.355378,80.46928043999999,0.9880226656636976,-0.154308820664281,7263299.0,40.0,-0.8660254037844387,0.4999999999999999,1.0,30800.0,7117.2,41300.0,46.10909090909092,11.933333333333332,42789.95,4858.4,1136.0,4073.1,658811.4,10861.0,4.320366,2022
2018-11-05 23:00:00+00:00,11.391652,15.1252596,0.5702422926917867,-0.8214765533024145,7685544.0,25.99,0.9659258262890684,-0.2588190451025207,1.0,26228.0,6105.9,47090.0,90.55,13.666666666666666,48543.45,3910.2,1050.0,10.2,0.0,10791.0,6.9731646,2018
2023-09-08 23:00:00+00:00,21.243732,89.55725625000001,-0.3816892202666594,-0.924290722193093,7199927.0,31.0,0.9659258262890684,-0.2588190451025207,0.0,23607.0,7117.2,40070.0,41.72545454545455,24.366666666666664,36303.92,4486.7,416.0,152.7,0.0,4901.0,2.0479581,2023
2021-09-16 13:00:00+00:00,23.192022,46.29497964,-0.2511900638848195,-0.9679377830240642,6577502.0,74.5,-0.9659258262890684,-0.2588190451025203,1.0,31095.0,7117.2,43916.0,48.61272727272728,23.73333333333333,45048.07,5844.0,547.0,9258.9,2283644.5,2472.0,1.8626963,2021
2019-02-18 13:00:00+00:00,12.995838,22.79031588,0.6648553979642865,0.7469720876965552,8866543.0,21.08,-0.9659258262890684,-0.2588190451025203,1.0,33768.0,7117.2,55155.0,211.4075,9.233333333333333,59855.71,5764.8,1269.0,2990.6,1848588.6,3723.0,2.310495,2019
2022-03-24 21:00:00+00:00,11.9813595,80.46928043999999,0.1415402952170432,0.989932495087353,7046049.0,95.0,0.7071067811865474,-0.7071067811865477,1.0,29135.0,6053.3,33435.0,119.11545454545454,11.866666666666667,48071.69,4716.9,1134.0,9.3,0.0,11424.0,6.832101,2022
2020-04-06 11:00:00+00:00,15.00848,17.2389636,-0.0988201387328714,0.9951053111006976,11312209.0,7.99,-0.9659258262890682,0.258819045102521,1.0,28059.0,7117.2,44100.0,137.03454545454545,13.233333333333334,39865.59,5198.2,1476.0,4126.5,1969305.2,2386.0,2.5722713,2020
2021-04-19 00:00:00+00:00,10.784934,46.29497964,-0.3008198076356675,0.9536809966304456,11503922.0,22.5,1.0,0.0,1.0,20895.0,6111.4,38325.0,50.69636363636364,14.9,48432.41,3992.3,824.0,211.8,0.0,2677.0,1.3349159,2021
2023-03-19 14:00:00+00:00,15.780352,89.55725625000001,0.2261156855082882,0.9741004551724204,9946780.0,41.98,-0.8660254037844386,-0.5000000000000001,0.0,22327.0,7117.2,34355.0,61.86272727272728,14.033333333333331,30470.53,3088.1,968.0,13241.3,2408258.8,3374.0,1.9629538,2023
2023-04-09 05:00:00+00:00,10.750682,89.55725625000001,-0.1330147065341959,0.9911140639934548,10193567.0,42.0,0.2588190451025207,0.9659258262890684,0.0,17493.0,7117.2,35283.0,39.28545454545454,15.800000000000002,40005.43,3191.0,708.0,97.9,0.0,1430.0,0.5041222,2023
2019-06-29 03:00:00+00:00,20.787867,22.79031588,-0.99907411510223,0.0430222330045305,9422077.0,12.7,0.7071067811865476,0.7071067811865476,0.0,24247.0,7117.2,45182.0,38.6875,24.73333333333333,34456.08,3738.9,775.0,367.7,0.0,2944.0,1.0165569,2019
2022-09-08 22:00:00+00:00,21.589287,80.46928043999999,-0.3816892202666594,-0.924290722193093,5498074.0,40.0,0.8660254037844384,-0.5000000000000004,1.0,25638.0,7117.2,26406.0,39.35181818181818,23.35,35551.99,4807.0,536.0,198.7,0.0,3545.0,2.5348148,2022
2021-04-05 06:00:00+00:00,9.281155,46.29497964,-0.0645084494493162,0.9979171608653922,12000960.0,19.5,6.123233995736766e-17,1.0,1.0,24383.0,6111.4,39025.0,56.627272727272725,15.733333333333334,42567.3,3228.2,1012.0,759.1,14746.802,3936.0,1.7647544,2021
2018-01-02 01:00:00+00:00,10.700186,15.1252596,0.9994074007397048,0.0344216116227457,5104801.6,24.5,0.9659258262890684,0.2588190451025207,1.0,18769.0,7117.2,53430.0,160.3075,9.75,47355.19,1641.6999999999998,1054.0,12.9,0.0,11443.0,6.85845,2018
2020-05-05 15:00:00+00:00,21.223396,17.2389636,-0.5631507242749186,0.8263541987239096,12825077.0,5.8,-0.7071067811865477,-0.7071067811865475,1.0,24354.0,5110.1,38510.0,178.4018181818182,17.366666666666664,34075.020000000004,3522.8,1696.0,6190.7,2349252.2,3843.0,2.5145092,2020
2023-02-11 03:00:00+00:00,5.3734508,89.55725625000001,0.7498264012045687,0.6616346182422783,9996284.0,50.0,0.7071067811865476,0.7071067811865476,0.0,23084.0,7117.2,44870.0,81.16454545454546,11.0,57186.01,1242.6,796.0,65.5,0.0,6398.0,5.516296,2023
2023-03-26 11:00:00+00:00,16.45973,89.55725625000001,0.107381346664163,0.994217906893952,10128378.0,41.94,-0.9659258262890682,0.258819045102521,0.0,22138.0,7117.2,36013.0,52.7790909090909,14.733333333333334,27146.99,5140.0,840.0,13801.8,2289170.8,13975.0,6.334265,2023
2020-07-24 02:00:00+00:00,21.00025,17.2389636,-0.9192859697186104,-0.3935902766564669,11502495.0,7.5,0.8660254037844387,0.4999999999999999,1.0,24603.0,7117.2,36332.0,55.060909090909085,24.96666666666667,35264.84,3126.4,684.0,358.6,0.0,4274.0,3.0360322,2020
2018-08-22 23:00:00+00:00,22.284433,15.1252596,-0.6321034111873488,-0.7748840413670406,9628642.2,25.78,0.9659258262890684,-0.2588190451025207,1.0,26245.0,7117.2,38335.0,58.658181818181816,25.0,40484.87,4539.7,736.0,285.9,0.0,2812.0,0.9852391,2018
2020-04-18 16:00:00+00:00,17.498985,17.2389636,-0.3008198076356675,0.9536809966304456,11658137.0,7.41,-0.5000000000000004,-0.8660254037844385,0.0,21059.0,5953.1,41445.0,236.1709090909091,15.0,32768.61,4154.9,1722.0,2494.8,1467838.1,1085.0,1.4632233,2020
2023-10-22 07:00:00+00:00,13.695055,89.55725625000001,0.3576982388331254,-0.9338372288229252,6686078.0,45.83,-0.2588190451025208,0.9659258262890684,0.0,19971.0,4765.8,41680.0,36.71272727272727,18.666666666666668,32031.43,1654.6999999999998,728.0,1204.1,48458.777,5120.0,4.630459,2023
2019-02-18 03:00:00+00:00,8.597191,22.79031588,0.6648553979642865,0.7469720876965552,8866543.0,21.08,0.7071067811865476,0.7071067811865476,1.0,22158.0,7117.2,53825.0,211.4075,9.233333333333333,49811.48,3228.9,1112.0,19.6,0.0,5361.0,2.8366039,2019
2023-03-27 15:00:00+00:00,17.33816,89.55725625000001,0.0902516100310411,0.995918996147179,10208205.0,40.48,-0.7071067811865477,-0.7071067811865475,1.0,26089.0,7051.9,35603.0,52.46636363636364,14.6,38755.99,5318.9,904.0,12114.8,2386610.5,4369.0,1.84428,2023
2020-07-14 19:00:00+00:00,23.512827,17.2389636,-0.973118337233262,-0.2303056702306119,11748175.0,6.3,0.2588190451025203,-0.9659258262890684,1.0,31810.0,7117.2,34220.0,54.040909090909096,23.46666666666667,38123.31,5278.7,937.0,637.3,407602.66,9985.0,3.7780278,2020
2018-11-10 14:00:00+00:00,16.159075,15.1252596,0.6387494220515268,-0.7694148268839381,7685544.0,24.2,-0.8660254037844386,-0.5000000000000001,0.0,27687.0,5110.1,45755.0,123.615,13.633333333333333,42324.52,5434.0,1410.0,1194.4,1115760.1,11874.0,7.5275564,2018
2022-03-11 03:00:00+00:00,10.72238,80.46928043999999,0.3576982388331257,0.9338372288229252,6793423.0,150.0,0.7071067811865476,0.7071067811865476,1.0,22377.0,7117.2,39950.0,88.62454545454545,11.699999999999998,41484.61,886.9000000000001,828.0,20.6,0.0,13173.0,5.2052693,2022
2021-06-16 15:00:00+00:00,24.745623,46.29497964,-0.9646141756912434,0.2636654927280075,10722206.0,29.2,-0.7071067811865477,-0.7071067811865475,1.0,32883.0,5068.5,39565.0,49.64818181818182,24.3,43586.87,5290.6,949.0,7462.3,2408592.8,5324.0,1.3048269,2021
2022-07-15 07:00:00+00:00,23.982096,80.46928043999999,-0.973118337233262,-0.2303056702306119,7037432.0,40.0,-0.2588190451025208,0.9659258262890684,1.0,32345.0,7117.2,25950.0,43.41363636363637,27.23333333333333,38850.0,4876.7,624.0,6585.3,746741.94,4844.0,2.2882395,2022
2020-04-13 05:00:00+00:00,11.819309,17.2389636,-0.2177232303965317,0.9760105506323684,11658137.0,8.7,0.2588190451025207,0.9659258262890684,1.0,18889.0,6996.4,37000.0,205.9327272727273,14.666666666666666,26743.49,2621.1,1392.0,38.8,0.0,1916.0,0.82355416,2020
2019-02-07 13:00:00+00:00,13.293373,22.79031588,0.7935716089521474,0.6084768701151261,8546223.0,22.3,-0.9659258262890684,-0.2588190451025203,1.0,34236.0,7117.2,55920.0,413.4861538461539,8.4,61896.89,6448.2,1497.0,4372.9,1805390.6,2920.0,2.9056735,2019
2018-05-09 12:00:00+00:00,18.045364,15.1252596,-0.6050560696488488,0.7961828637826158,11941137.0,21.25,-1.0,1.2246467991473532e-16,1.0,30668.0,5066.1,42000.0,187.63,16.1,45638.03,4322.9,1714.0,4090.2,2696248.2,4280.0,3.634273,2018
2021-06-26 21:00:00+00:00,20.63554,46.29497964,-0.9955213724144752,0.0945367498171995,10560103.0,30.99,0.7071067811865474,-0.7071067811865477,0.0,25537.0,7117.2,40865.0,53.809090909090905,22.666666666666668,41239.27,3887.1,974.0,553.9,143.2608,6390.0,1.4907984,2021
2018-08-02 04:00:00+00:00,22.046816,15.1252596,-0.8565509959010037,-0.5160623910158526,10315467.2,26.1,0.5000000000000001,0.8660254037844386,1.0,27104.0,7117.2,41056.0,47.67090909090909,25.25,38774.81,4173.0,775.0,370.5,0.0,4787.0,3.4648392,2018
2023-02-12 08:00:00+00:00,6.4142885,89.55725625000001,0.7383263540031065,0.6744436188329455,9996284.0,50.0,-0.4999999999999998,0.8660254037844387,0.0,23939.0,6681.9,43804.0,77.28454545454547,10.9,57848.89,1849.1,784.0,2509.4,147970.33,6097.0,4.503835,2023
2022-04-30 21:00:00+00:00,15.511175,80.46928043999999,-0.4749510720670499,0.8800122039735357,7856475.0,80.0,0.7071067811865474,-0.7071067811865477,0.0,23386.0,6125.5,28203.0,195.2709090909091,16.0,41465.07,3874.6,1205.0,507.5,0.0,5574.0,2.9470625,2022
2022-10-08 22:00:00+00:00,18.03957,80.46928043999999,0.1244792638867886,-0.9922222094179324,4808909.0,40.0,0.8660254037844384,-0.5000000000000004,0.0,21364.0,6111.4,30075.0,33.737272727272725,22.33333333333333,39465.33,4723.0,320.0,156.0,0.0,4718.0,2.6285717,2022
2019-09-10 14:00:00+00:00,20.336796,22.79031588,-0.3496474552512282,-0.9368813462954316,6907892.0,11.25,-0.8660254037844386,-0.5000000000000001,1.0,31659.0,7117.2,42981.0,46.95416666666667,21.3,43847.64,3544.7000000000003,527.0,5004.1,2221332.8,13642.0,7.003515,2019
2018-08-17 20:00:00+00:00,22.201147,15.1252596,-0.6963762255968724,-0.7176769136759618,9871316.7,25.8,0.5000000000000001,-0.8660254037844386,1.0,29041.0,7117.2,39890.0,49.03583333333333,24.633333333333336,40225.83,4314.7,891.0,482.6,6674.5356,9088.0,4.0863166,2018
2023-07-02 07:00:00+00:00,21.62334,89.55725625000001,-0.9999629591162656,-0.0086069968886884,9156777.0,37.0,-0.2588190451025208,0.9659258262890684,0.0,21301.0,7117.2,33087.0,35.791818181818186,23.7,26851.91,3173.6,708.0,9426.3,701951.0,5819.0,2.4078965,2023
2022-03-26 01:00:00+00:00,11.082313,80.46928043999999,0.107381346664163,0.994217906893952,7046049.0,103.0,0.9659258262890684,0.2588190451025207,0.0,21751.0,6053.3,31585.0,95.07181818181816,12.4,41299.56,3117.6,986.0,12.3,0.0,6473.0,5.223012,2022
2019-09-28 08:00:00+00:00,18.51513,22.79031588,-0.0473213883224323,-0.9988797155850336,6541441.0,13.2,-0.4999999999999998,0.8660254037844387,0.0,27522.0,7117.2,38665.0,40.11666666666667,22.266666666666666,35452.020000000004,4759.4,529.0,3463.2,659823.25,289.0,1.2007121,2019
2018-03-31 21:00:00+00:00,10.119422,15.1252596,0.0215160974362222,0.9997685019798908,9560482.4,19.0,0.7071067811865474,-0.7071067811865477,0.0,27050.0,6071.9,45555.0,360.2361538461538,12.05,57238.42,4284.6,1726.0,366.0,0.0,6808.0,4.7992654,2018
2019-01-01 19:00:00+00:00,9.668105,22.79031588,0.9998518392091162,0.0172133561558346,8127468.0,24.6,0.2588190451025203,-0.9659258262890684,0.0,28029.0,6071.9,56375.0,73.82583333333334,9.5,59268.19,5952.0,1044.0,44.6,0.0,4352.0,1.8994182,2019
2020-01-20 16:00:00+00:00,8.217636,17.2389636,0.9413173175128472,0.3375228995941133,9950225.0,11.7,-0.5000000000000004,-0.8660254037844385,1.0,36435.0,6791.9,51190.0,147.1890909090909,8.200000000000001,67555.88,3788.1,1402.0,861.4,542348.44,13968.0,9.625397,2020
2021-05-26 12:00:00+00:00,20.085087,46.29497964,-0.8090169943749473,0.5877852522924732,11238136.0,24.86,-1.0,1.2246467991473532e-16,1.0,30066.0,5068.5,40235.0,41.03545454545455,19.266666666666666,40296.34,5089.3,1004.0,10297.4,3086223.2,2946.0,2.0558696,2021
2022-08-03 07:00:00+00:00,23.530684,80.46928043999999,-0.847540922892831,-0.5307300481619335,6357621.0,40.0,-0.2588190451025208,0.9659258262890684,1.0,30498.0,7117.2,28386.0,48.3209090909091,28.0,41813.83,5263.6,560.0,5520.1,571279.7,3870.0,1.1027844,2022
2021-04-14 22:00:00+00:00,12.101943,46.29497964,-0.2177232303965317,0.9760105506323684,11756650.0,21.26,0.8660254037844384,-0.5000000000000004,1.0,25080.0,5115.6,39655.0,59.69636363636364,15.333333333333334,54321.23,3987.4,896.0,47.7,0.0,9724.0,4.5689197,2021
2021-08-04 01:00:00+00:00,20.816969,46.29497964,-0.8382797052177743,-0.5452404385406511,8477701.0,41.9,0.9659258262890684,0.2588190451025207,1.0,23364.0,7117.2,41400.0,57.14454545454544,24.100000000000005,33205.35,2267.5,654.0,383.8,0.0,4883.0,2.7987156,2021
2022-04-19 09:00:00+00:00,13.521931,80.46928043999999,-0.3008198076356675,0.9536809966304456,7656944.0,75.0,-0.7071067811865475,0.7071067811865476,1.0,29233.0,6994.5,32748.0,71.52363636363636,16.833333333333332,46330.04,2582.6000000000004,1094.0,8291.3,1412314.9,9060.0,3.2802467,2022
2022-03-10 02:00:00+00:00,9.440812,80.46928043999999,0.373719714790469,0.9275416835791966,6793423.0,187.0,0.8660254037844387,0.4999999999999999,1.0,22359.0,7117.2,42265.0,93.95272727272727,11.433333333333332,48456.57,3323.2,750.0,24.1,0.0,5980.0,2.6176877,2022
2022-01-02 01:00:00+00:00,10.34972,80.46928043999999,0.9994074007397048,0.0344216116227457,6634460.0,58.42,0.9659258262890684,0.2588190451025207,0.0,18354.0,6105.9,42378.0,105.1,9.966666666666669,43378.46,2484.5,1038.0,14.1,0.0,6261.0,3.0479448,2022
2023-12-28 00:00:00+00:00,8.126689,89.55725625000001,0.998666816288476,-0.0516196672232541,9483417.0,36.0,1.0,0.0,1.0,22479.0,7117.2,41475.0,139.2909090909091,8.866666666666667,36746.58,4251.4,1092.0,25.4,0.0,4377.0,2.5533178,2023
2019-12-22 23:00:00+00:00,11.95786,22.79031588,0.9880226656636976,-0.154308820664281,8628229.0,10.5,0.9659258262890684,-0.2588190451025207,1.0,22985.0,6071.9,45873.0,630.5583333333334,10.366666666666667,44746.73,4499.5,1742.0,9.8,0.0,11669.0,8.331689,2019
2018-03-05 04:00:00+00:00,9.417076,15.1252596,0.4520722039323043,0.8919813464595485,6658815.9,27.99,0.5000000000000001,0.8660254037844386,1.0,23499.0,6071.9,51555.0,451.07384615384615,9.4,56531.07,1340.1,1361.0,11.0,0.0,10367.0,7.244532,2018
2023-06-27 05:00:00+00:00,20.325367,89.55725625000001,-0.9970011699250152,0.077386479233463,9156777.0,36.0,0.2588190451025207,0.9659258262890684,1.0,27257.0,7117.2,36745.0,41.54636363636363,25.100000000000005,38854.09,3354.0,820.0,533.4,16410.96,7970.0,2.598542,2023
2018-12-03 06:00:00+00:00,11.078938,15.1252596,0.8860706215341378,-0.4635502709028512,8084888.0,26.99,6.123233995736766e-17,1.0,1.0,30690.0,6121.4,51325.0,101.25416666666666,11.833333333333334,51884.99,4222.6,1058.0,10.0,0.0,7129.0,2.8289096,2018
2022-01-21 08:00:00+00:00,5.1976433,80.46928043999999,0.9353679493131484,0.3536761221763715,7209468.0,70.7,-0.4999999999999998,0.8660254037844387,1.0,35992.0,7117.2,49251.0,143.70454545454547,7.099999999999999,78578.7,4009.8,925.0,2768.5,51526.23,12262.0,4.074936,2022
2022-10-14 13:00:00+00:00,23.192951,80.46928043999999,0.226115685508288,-0.9741004551724206,4757275.0,40.0,-0.9659258262890684,-0.2588190451025203,1.0,28065.0,5766.1,29574.0,36.01545454545454,21.8,35484.39,5343.3,304.0,12133.9,2192931.0,3346.0,2.0636194,2022
2019-10-23 20:00:00+00:00,13.830407,22.79031588,0.3737197147904684,-0.9275416835791968,6284356.0,13.8,0.5000000000000001,-0.8660254037844386,1.0,29191.0,6111.4,41600.0,78.98416666666667,17.099999999999998,45772.35,3912.0,1012.0,120.0,0.0,5781.0,5.393202,2019
2021-12-05 09:00:00+00:00,9.387896,46.29497964,0.9015016841318838,-0.4327755925504317,5975308.0,91.97,-0.7071067811865475,0.7071067811865476,0.0,27700.0,4296.2,41290.0,469.5391666666667,9.6,54762.73,1535.9,949.0,4701.5,381225.22,16503.0,8.539338,2021
2019-05-29 04:00:00+00:00,14.03985,22.79031588,-0.8382797052177741,0.5452404385406513,9891188.0,14.4,0.5000000000000001,0.8660254037844386,1.0,25001.0,5122.1,45222.0,52.45,18.166666666666668,40608.45,1870.9,1069.0,385.8,0.0,6792.0,5.254409,2019
2020-01-20 06:00:00+00:00,5.717674,17.2389636,0.9413173175128472,0.3375228995941133,9950225.0,11.7,6.123233995736766e-17,1.0,1.0,31997.0,7117.2,51120.0,147.1890909090909,8.200000000000001,71003.26,1443.9,1228.0,9.5,0.0,14233.0,9.566889,2020
2023-04-25 07:00:00+00:00,15.186614,89.55725625000001,-0.3975428142825558,0.9175836260593938,9929022.0,35.47,-0.2588190451025208,0.9659258262890684,1.0,27174.0,6105.9,36717.0,37.63727272727272,18.9,48336.68,3129.0,884.0,7252.7,450877.1,4262.0,2.2529051,2023
2023-02-09 20:00:00+00:00,7.9829087,89.55725625000001,0.7721565844991642,0.6354323008901774,9996284.0,50.0,0.5000000000000001,-0.8660254037844386,1.0,37263.0,7117.2,45070.0,90.34454545454544,11.3,67424.63,5758.799999999999,1028.0,133.8,0.0,6826.0,5.2968693,2023
2022-01-21 02:00:00+00:00,6.088422,80.46928043999999,0.9353679493131484,0.3536761221763715,7209468.0,70.7,0.8660254037844387,0.4999999999999999,1.0,24681.0,7117.2,49251.0,143.70454545454547,7.099999999999999,61446.04,1947.8,841.0,17.5,0.0,12728.0,3.680877,2022
2020-11-21 09:00:00+00:00,11.044738,17.2389636,0.7829801036770624,-0.622046748440868,8582863.0,13.7,-0.7071067811865475,0.7071067811865476,0.0,28230.0,7117.2,50690.0,55.75909090909091,13.466666666666669,55413.41,2994.0,778.0,4676.4,630365.5,3574.0,4.541529,2020
2020-06-05 03:00:00+00:00,14.862149,17.2389636,-0.9051931898913974,0.4250003399695541,12884805.0,5.5,0.7071067811865476,0.7071067811865476,1.0,21442.0,5102.5,37390.0,109.80909090909093,20.23333333333333,31488.63,3523.6,1240.0,259.4,0.0,6288.0,5.5301723,2020
2019-02-01 07:00:00+00:00,10.216404,22.79031588,0.8520775211013093,0.5234156073655503,8079559.0,23.5,-0.2588190451025208,0.9659258262890684,1.0,35064.0,7117.2,55545.0,564.9576923076922,9.233333333333333,77227.64,1276.6000000000004,1638.0,66.3,160.77893,13923.0,10.02764,2019
2019-02-01 20:00:00+00:00,9.063978,22.79031588,0.8520775211013093,0.5234156073655503,8079559.0,23.5,0.5000000000000001,-0.8660254037844386,1.0,35123.0,7117.2,56450.0,564.9576923076922,9.233333333333333,70435.84,3737.8,1656.0,8.7,0.0,14985.0,9.646598,2019
2019-02-14 11:00:00+00:00,12.522425,22.79031588,0.7146733860429609,0.699458327051647,8771392.0,20.5,-0.9659258262890682,0.258819045102521,1.0,35204.0,7117.2,54610.0,284.0133333333333,9.233333333333333,68052.56,4400.4,1396.0,4687.0,1776557.0,5452.0,4.4735565,2019
2021-05-10 13:00:00+00:00,16.026981,46.29497964,-0.6186714032625031,0.7856498550787147,11206561.0,25.0,-0.9659258262890684,-0.2588190451025203,1.0,29150.0,7117.2,37815.0,48.717272727272736,19.166666666666668,38351.82,3241.5,1199.0,7715.9,2440376.0,6909.0,5.3050876,2021
2019-11-06 19:00:00+00:00,13.432093,22.79031588,0.5842981736283683,-0.8115390590073611,6430248.0,10.5,0.2588190451025203,-0.9659258262890684,1.0,33021.0,5047.5,40220.0,65.02583333333334,15.833333333333334,60255.7,5102.9,1245.0,67.5,0.0,9690.0,5.174265,2019
2020-02-08 13:00:00+00:00,13.023539,17.2389636,0.7829801036770629,0.6220467484408675,10445314.0,10.0,-0.9659258262890684,-0.2588190451025203,0.0,29765.0,7117.2,53410.0,163.82090909090908,9.533333333333331,55572.41,5043.6,1458.0,3289.9,1462680.1,2593.0,3.0310292,2020
2023-04-16 15:00:00+00:00,19.147066,89.55725625000001,-0.2511900638848191,0.9679377830240644,10111804.0,38.0,-0.7071067811865477,-0.7071067811865475,0.0,19307.0,7117.2,35535.0,37.23090909090909,15.699999999999998,28923.28,2416.5,648.0,14146.3,2661355.5,7709.0,3.567802,2023
2023-06-22 13:00:00+00:00,24.640429,89.55725625000001,-0.986657932891657,0.1628070129385171,9239022.0,38.96,-0.9659258262890684,-0.2588190451025203,1.0,29803.0,5118.0,35205.0,103.36272727272728,23.066666666666663,34455.26,4625.2,948.0,16187.9,3047717.2,3525.0,2.3305395,2023
2019-06-11 07:00:00+00:00,14.829197,22.79031588,-0.938377391740864,0.3456123126707335,9712119.0,13.75,-0.2588190451025208,0.9659258262890684,1.0,30417.0,7117.2,42729.0,40.47666666666667,19.96666666666667,50131.31,3295.5,1026.0,2714.4,634478.9,5260.0,3.3930924,2019
2018-06-02 22:00:00+00:00,16.420542,15.1252596,-0.8738071036110806,0.4862727071086904,12098391.3,23.0,0.8660254037844384,-0.5000000000000004,0.0,23336.0,4676.8,43778.0,437.3,16.4,41890.52,3680.9,1612.0,326.7,0.0,2252.0,0.8575879,2018
2020-04-06 13:00:00+00:00,15.638035,17.2389636,-0.0988201387328714,0.9951053111006976,11312209.0,7.99,-0.9659258262890684,-0.2588190451025203,1.0,26098.0,7117.2,44100.0,137.03454545454545,13.233333333333334,35180.119999999995,5226.5,1471.0,4525.6,2177167.2,2118.0,2.5129306,2020
2021-12-13 11:00:00+00:00,12.192471,46.29497964,0.9523775757303972,-0.3049212246562894,6469940.0,111.1,-0.9659258262890682,0.258819045102521,1.0,33481.0,5042.0,43570.0,1021.8058333333336,8.799999999999999,68071.51,5536.4,1028.0,7174.1,1272648.9,3355.0,2.2256668,2021
2018-05-11 03:00:00+00:00,12.321806,15.1252596,-0.6321034111873487,0.7748840413670407,11941137.0,21.5,0.7071067811865476,0.7071067811865476,1.0,23113.0,5066.1,42675.0,152.7775,15.95,34917.37,3838.6,1631.0,105.6,0.0,3276.0,0.7184481,2018
2023-04-11 13:00:00+00:00,19.555382,89.55725625000001,-0.167051625502119,0.9859481499638304,10111804.0,42.42,-0.9659258262890684,-0.2588190451025203,1.0,24491.0,7117.2,34412.0,37.443636363636365,16.633333333333336,36289.62,3568.6,668.0,14315.8,3029249.5,4550.0,2.4476926,2023
2021-10-19 17:00:00+00:00,21.580515,46.29497964,0.3090169943749472,-0.9510565162951536,6017107.0,89.0,-0.2588190451025206,-0.9659258262890684,1.0,30290.0,6121.4,44890.0,46.23363636363637,18.366666666666664,47751.79,5404.3,452.0,1121.8,396063.22,8671.0,3.3197842,2021
2018-08-14 22:00:00+00:00,22.077803,15.1252596,-0.7324940716135788,-0.6807734094770164,9871316.7,25.5,0.8660254037844384,-0.5000000000000004,0.0,27052.0,7117.2,41050.0,45.873333333333335,24.566666666666663,38603.8,4592.2,819.0,610.5,0.0,6975.0,2.4645529,2018
2022-06-27 06:00:00+00:00,16.584438,80.46928043999999,-0.9970011699250152,0.077386479233463,7335369.0,40.0,6.123233995736766e-17,1.0,1.0,27309.0,7117.2,29750.0,43.423,23.666666666666668,43957.2,2950.7000000000003,628.0,2804.6,224100.34,6593.0,3.8578944,2022
2022-10-06 19:00:00+00:00,19.939672,80.46928043999999,0.0902516100310407,-0.9959189961471792,4808909.0,40.0,0.2588190451025203,-0.9659258262890684,1.0,30159.0,6111.4,28010.0,36.00545454545455,21.96666666666667,44890.06,6258.9,452.0,308.1,272.02383,6922.0,3.8199425,2022
2020-03-01 02:00:00+00:00,11.791281,17.2389636,0.4975132889071806,0.8674563547295969,10318969.0,9.2,0.8660254037844387,0.4999999999999999,0.0,21015.0,7117.2,49529.0,89.66818181818182,12.466666666666669,41179.15,1165.9,947.0,20.4,0.0,13345.0,7.385819,2020
2020-02-27 20:00:00+00:00,13.109323,17.2389636,0.5416278206559814,0.8406184056344782,10318969.0,9.1,0.5000000000000001,-0.8660254037844386,1.0,33259.0,7117.2,49419.0,71.02,11.366666666666664,58452.1,6169.2,1160.0,359.6,0.0,10612.0,5.761588,2020
2018-10-06 20:00:00+00:00,18.878956,15.1252596,0.0902516100310407,-0.9959189961471792,8040905.0,27.3,0.5000000000000001,-0.8660254037844386,0.0,26447.0,7117.2,39970.0,47.35916666666666,20.33333333333333,39804.37,3869.2,512.0,305.9,0.0,7344.0,2.8399274,2018
2021-02-27 12:00:00+00:00,13.579404,46.29497964,0.5416278206559814,0.8406184056344782,12682828.0,15.6,-1.0,1.2246467991473532e-16,0.0,29790.0,7117.2,42945.0,214.6472727272727,10.966666666666669,44436.89,4795.1,1655.0,5794.8,2105851.2,7555.0,3.645735,2021
2023-04-11 07:00:00+00:00,12.75386,89.55725625000001,-0.167051625502119,0.9859481499638304,10111804.0,42.42,-0.2588190451025208,0.9659258262890684,1.0,26575.0,7117.2,34615.0,37.443636363636365,16.633333333333336,45832.03,4281.8,740.0,4893.0,348183.84,1847.0,1.135183,2023
2019-06-29 19:00:00+00:00,27.025925,22.79031588,-0.99907411510223,0.0430222330045305,9422077.0,12.7,0.2588190451025203,-0.9659258262890684,0.0,30831.0,7117.2,45182.0,38.6875,24.73333333333333,41463.41,4170.0,840.0,782.9,460072.9,4568.0,1.4013876,2019
2018-10-30 16:00:00+00:00,12.660767,15.1252596,0.4825077417612184,-0.875891705144243,7630760.0,26.1,-0.5000000000000004,-0.8660254037844385,1.0,32473.0,6105.9,46880.0,54.81833333333333,14.0,55750.63,6630.0,784.0,350.4,463861.3,6702.0,3.0223434,2018
2023-01-29 23:00:00+00:00,4.922956,89.55725625000001,0.8779600847008882,0.4787338401157884,10151548.0,45.0,0.9659258262890684,-0.2588190451025207,1.0,26272.0,7117.2,43310.0,105.43272727272728,10.6,61043.3,3621.1,1236.0,39.2,0.0,6757.0,3.9310846,2023
2019-04-05 23:00:00+00:00,8.972808,22.79031588,-0.0645084494493162,0.9979171608653922,8929867.0,17.7,0.9659258262890684,-0.2588190451025207,0.0,25232.0,6071.9,45905.0,51.66333333333333,13.866666666666667,50087.24,2385.9,774.0,248.1,0.0,10240.0,6.4781966,2019
2018-01-22 15:00:00+00:00,14.851704,15.1252596,0.9291414114031744,0.3697245428906731,5403403.3,19.65,-0.7071067811865477,-0.7071067811865475,1.0,32222.0,7117.2,57265.0,247.92,10.85,59510.72,6181.2,1215.0,2565.6,1153087.6,5846.0,4.285008,2018
2023-04-09 12:00:00+00:00,19.37753,89.55725625000001,-0.1330147065341959,0.9911140639934548,10193567.0,42.0,-1.0,1.2246467991473532e-16,0.0,19774.0,7117.2,36350.0,39.28545454545454,15.800000000000002,28309.21,2126.5,644.0,15553.8,3086583.5,2204.0,1.2810043,2023
2021-04-07 07:00:00+00:00,9.086025,46.29497964,-0.0988201387328714,0.9951053111006976,12000960.0,19.75,-0.2588190451025208,0.9659258262890684,1.0,31193.0,6111.4,40035.0,53.34,14.766666666666666,64946.72,3024.6,1057.0,3097.8,298927.72,10755.0,4.699138,2021
2021-06-05 23:00:00+00:00,16.868715,46.29497964,-0.8977433935342337,0.440518784350495,11052279.0,24.75,0.9659258262890684,-0.2588190451025207,0.0,21960.0,5068.5,39910.0,68.03181818181818,21.5,35532.82,3046.3,1139.0,132.6,0.0,4796.0,2.6709158,2021
2021-05-10 15:00:00+00:00,15.879954,46.29497964,-0.6186714032625031,0.7856498550787147,11206561.0,25.0,-0.7071067811865477,-0.7071067811865475,1.0,28438.0,7117.2,37815.0,48.717272727272736,19.166666666666668,37838.24,2934.9,1209.0,6010.9,2131197.5,8312.0,5.455286,2021
2021-11-12 19:00:00+00:00,13.304607,46.29497964,0.6648553979642859,-0.7469720876965558,6093301.0,73.95,0.2588190451025203,-0.9659258262890684,1.0,32431.0,5057.5,44495.0,42.32727272727272,13.233333333333333,57039.76,6302.8,569.0,61.4,0.0,5744.0,3.5275533,2021
2020-09-05 06:00:00+00:00,18.573534,17.2389636,-0.4132786077829044,-0.9106046300942162,9363826.0,10.5,6.123233995736766e-17,1.0,0.0,23297.0,5966.1,33880.0,50.74272727272727,23.133333333333336,35586.96,4009.6,676.0,1033.3,20905.744,5284.0,2.8732646,2020
2018-09-21 20:00:00+00:00,22.44883,15.1252596,-0.1670516255021195,-0.9859481499638304,8602508.2,29.8,0.5000000000000001,-0.8660254037844386,1.0,30557.0,7117.2,43825.0,72.94916666666667,23.9,42245.64,6227.2,703.0,354.9,0.0,2898.0,2.507521,2018
2018-08-03 17:00:00+00:00,30.95644,15.1252596,-0.847540922892831,-0.5307300481619335,10315467.2,25.5,-0.2588190451025206,-0.9659258262890684,1.0,36501.0,7117.2,39621.0,47.153636363636366,25.45,47744.82,6113.0,1021.0,2362.5,1485430.8,5460.0,2.179865,2018
2022-10-03 12:00:00+00:00,23.63865,80.46928043999999,0.0387222808921739,-0.9992500112396836,4808909.0,40.0,-1.0,1.2246467991473532e-16,1.0,28897.0,6111.4,26800.0,41.47909090909091,21.26666666666667,40246.99,5274.7,452.0,9780.2,2362157.5,764.0,0.17878996,2022
2019-06-11 17:00:00+00:00,18.430946,22.79031588,-0.938377391740864,0.3456123126707335,9712119.0,13.75,-0.2588190451025206,-0.9659258262890684,1.0,29746.0,7117.2,42729.0,40.47666666666667,19.96666666666667,49401.33,3745.3,1002.0,2968.6,1514496.9,8128.0,5.558508,2019
2023-10-09 02:00:00+00:00,18.22353,89.55725625000001,0.141540295217043,-0.989932495087353,6736945.0,38.0,0.8660254037844387,0.4999999999999999,1.0,19729.0,6053.3,40555.0,32.63999999999999,23.133333333333336,30404.64,3735.7,348.0,85.4,0.0,2447.0,1.9110653,2023
2021-12-19 02:00:00+00:00,8.260405,46.29497964,0.9787400799669153,-0.2051044998686192,6469940.0,137.0,0.8660254037844387,0.4999999999999999,0.0,21536.0,5846.1,44225.0,254.1890909090909,6.833333333333333,55240.13,4583.0,975.0,5.5,0.0,5465.0,4.7795677,2021
2018-08-14 19:00:00+00:00,24.981867,15.1252596,-0.7324940716135788,-0.6807734094770164,9871316.7,25.5,0.2588190451025203,-0.9659258262890684,1.0,31985.0,7117.2,41780.0,43.92416666666667,25.100000000000005,39473.65,5365.7,935.0,783.1,250373.31,7108.0,3.022307,2018
2022-03-09 23:00:00+00:00,10.308686,80.46928043999999,0.3896304495307879,0.9209712877166346,6793423.0,240.0,0.9659258262890684,-0.2588190451025207,1.0,25168.0,7117.2,43170.0,93.95272727272727,11.433333333333332,52976.36,4174.6,801.0,19.8,0.0,6492.0,2.575848,2022
2020-03-01 08:00:00+00:00,12.007485,17.2389636,0.4975132889071806,0.8674563547295969,10318969.0,9.2,-0.4999999999999998,0.8660254037844387,0.0,24254.0,7117.2,49529.0,89.66818181818182,12.466666666666669,45158.32,793.8999999999996,1006.0,1680.3,240348.7,13990.0,7.869393,2020
2021-11-19 14:00:00+00:00,15.750146,46.29497964,0.7498264012045686,-0.6616346182422783,6041398.0,95.5,-0.8660254037844386,-0.5000000000000001,1.0,31182.0,5057.5,44880.0,46.49818181818182,11.833333333333334,55477.63,3759.3,408.0,6013.0,1412960.6,6769.0,5.537596,2021
2018-10-03 20:00:00+00:00,19.408997,15.1252596,0.0387222808921739,-0.9992500112396836,8040905.0,28.0,0.5000000000000001,-0.8660254037844386,1.0,29341.0,7117.2,43490.0,45.3225,18.96666666666667,46757.47,6273.1,527.0,418.4,0.0,5206.0,2.6152127,2018
2020-03-04 23:00:00+00:00,12.921676,17.2389636,0.4520722039323043,0.8919813464595485,10393202.0,8.66,0.9659258262890684,-0.2588190451025207,1.0,26295.0,7117.2,47704.0,168.08727272727273,12.3,58776.38,5796.0,1696.0,162.3,0.0,12344.0,5.889024,2020
2021-04-16 16:00:00+00:00,14.4073105,46.29497964,-0.2511900638848191,0.9679377830240644,11756650.0,21.0,-0.5000000000000004,-0.8660254037844385,1.0,28554.0,6111.4,39655.0,54.05272727272728,15.166666666666666,43798.69,5178.2,847.0,5276.6,1841876.6,10114.0,4.2663875,2021
2022-02-08 06:00:00+00:00,7.2504277,80.46928043999999,0.7829801036770629,0.6220467484408675,6964737.0,78.0,6.123233995736766e-17,1.0,1.0,31289.0,7117.2,45896.0,92.72727272727272,10.05,66790.04,2418.5,549.0,12.5,0.0,4881.0,4.2327685,2022
2023-03-26 00:00:00+00:00,13.271965,89.55725625000001,0.107381346664163,0.994217906893952,10128378.0,41.94,1.0,0.0,0.0,20859.0,7117.2,36918.0,52.7790909090909,14.733333333333334,35442.7,4642.0,976.0,264.2,0.0,11549.0,4.627206,2023
2021-11-19 03:00:00+00:00,9.800117,46.29497964,0.7498264012045686,-0.6616346182422783,6041398.0,95.5,0.7071067811865476,0.7071067811865476,1.0,23462.0,5057.5,44880.0,46.49818181818182,11.833333333333334,51637.39,1375.2000000000005,415.0,41.4,0.0,6273.0,5.6144414,2021
2023-04-11 05:00:00+00:00,11.999932,89.55725625000001,-0.167051625502119,0.9859481499638304,10111804.0,42.42,0.2588190451025207,0.9659258262890684,1.0,23857.0,7117.2,34615.0,37.443636363636365,16.633333333333336,43127.51,3395.7,692.0,231.9,0.0,2668.0,1.5816847,2023
2022-03-08 20:00:00+00:00,10.020631,80.46928043999999,0.4054257283599973,0.9141279881853336,6793423.0,299.0,0.5000000000000001,-0.8660254037844386,1.0,33402.0,7117.2,43170.0,97.07272727272728,10.966666666666669,58992.73,7082.1,1001.0,48.5,0.0,2785.0,2.384269,2022
2023-11-27 17:00:00+00:00,13.554959,89.55725625000001,0.83355577183857,-0.5524353131676195,9150611.0,43.85,-0.2588190451025206,-0.9659258262890684,1.0,31725.0,6125.5,44085.0,79.18454545454544,11.566666666666668,58650.45,6934.1,1028.0,98.0,77954.414,10793.0,6.069742,2023
2021-05-10 07:00:00+00:00,13.196469,46.29497964,-0.6186714032625031,0.7856498550787147,11206561.0,25.0,-0.2588190451025208,0.9659258262890684,1.0,29966.0,7117.2,37815.0,48.717272727272736,19.166666666666668,42620.66,4256.9,1221.0,4566.6,508215.12,5070.0,4.247219,2021
2023-09-19 18:00:00+00:00,21.730892,89.55725625000001,-0.2008905551306352,-0.97961369164549,7135990.0,35.0,-1.8369701987210292e-16,-1.0,1.0,29848.0,7028.3,40900.0,49.71000000000001,23.4,41234.2,5974.9,448.0,1012.2,248055.45,3074.0,0.49461567,2023
2020-09-20 14:00:00+00:00,22.662796,17.2389636,-0.1670516255021195,-0.9859481499638304,8792826.0,11.15,-0.8660254037844386,-0.5000000000000001,0.0,23197.0,7117.2,36165.0,56.26454545454546,22.566666666666663,34215.020000000004,3556.8,522.0,5893.5,2036019.1,3806.0,3.5711296,2020
2022-10-05 04:00:00+00:00,16.364265,80.46928043999999,0.0730951298980768,-0.9973249731081556,4808909.0,40.0,0.5000000000000001,0.8660254037844386,1.0,22485.0,6111.4,27060.0,36.666363636363634,21.633333333333336,34478.97,2785.6,360.0,78.5,0.0,3179.0,1.453754,2022
2022-03-11 09:00:00+00:00,11.333286,80.46928043999999,0.3576982388331257,0.9338372288229252,6793423.0,150.0,-0.7071067811865475,0.7071067811865476,1.0,31855.0,7117.2,40855.0,88.62454545454545,11.699999999999998,49247.74,3879.8,974.0,2465.0,662902.94,11777.0,4.236994,2022
2020-04-18 10:00:00+00:00,16.484594,17.2389636,-0.3008198076356675,0.9536809966304456,11658137.0,7.41,-0.8660254037844387,0.4999999999999999,0.0,24649.0,5953.1,41445.0,236.1709090909091,15.0,36971.49,4485.5,1761.0,4044.1,1952634.0,1005.0,1.4347812,2020
2021-02-21 15:00:00+00:00,12.731393,46.29497964,0.6254105729852463,0.7802958510707755,12156166.0,16.08,-0.7071067811865477,-0.7071067811865475,0.0,24992.0,6113.8,43005.0,197.2590909090909,10.466666666666669,36683.24,2685.8,1519.0,1729.0,1075742.5,9975.0,2.416796,2021
2020-03-23 08:00:00+00:00,11.004775,17.2389636,0.1415402952170432,0.989932495087353,10970564.0,8.49,-0.4999999999999998,0.8660254037844387,1.0,29379.0,7117.2,43129.0,249.3754545454545,12.266666666666666,48225.12,4417.1,1625.0,2399.2,534749.0,4414.0,4.3125887,2020
2021-03-31 07:00:00+00:00,12.290752,46.29497964,0.0215160974362222,0.9997685019798908,12137668.0,18.2,-0.2588190451025208,0.9659258262890684,1.0,29742.0,6111.4,41324.0,69.09727272727274,14.9,52668.77,2445.2,1138.0,2494.4,249851.33,7435.0,5.7878847,2021
2023-05-09 02:00:00+00:00,16.333208,89.55725625000001,-0.6050560696488488,0.7961828637826158,9666595.0,33.9,0.8660254037844387,0.4999999999999999,1.0,20639.0,5110.1,36180.0,30.75090909090909,20.73333333333333,31106.86,2886.1,688.0,267.5,0.0,4407.0,3.381799,2023
2022-03-09 16:00:00+00:00,13.455654,80.46928043999999,0.3896304495307879,0.9209712877166346,6793423.0,240.0,-0.5000000000000004,-0.8660254037844385,1.0,30000.0,7117.2,43170.0,96.51090909090908,11.033333333333331,51127.42,3413.4,875.0,4752.8,1100149.8,9846.0,2.8085203,2022
2022-03-09 01:00:00+00:00,8.389059,80.46928043999999,0.3896304495307879,0.9209712877166346,6793423.0,240.0,0.9659258262890684,0.2588190451025207,1.0,23053.0,7117.2,43170.0,96.51090909090908,11.033333333333331,55509.0,3393.3,687.0,6.9,0.0,5046.0,2.432181,2022
2018-12-01 14:00:00+00:00,13.61017,15.1252596,0.8695893893466109,-0.4937755501599773,7992028.0,25.79,-0.8660254037844386,-0.5000000000000001,0.0,28660.0,5110.1,48195.0,104.97416666666668,11.933333333333332,46260.4,5315.9,939.0,2338.2,1109857.0,7392.0,3.3951652,2018
2020-03-03 01:00:00+00:00,9.202716,17.2389636,0.4673592171580022,0.8840675099433636,10393202.0,8.3,0.9659258262890684,0.2588190451025207,1.0,23603.0,7117.2,49529.0,118.5418181818182,11.766666666666666,54584.54,2602.6,1490.0,48.9,0.0,13519.0,7.7189164,2020
2022-10-15 03:00:00+00:00,16.24789,80.46928043999999,0.2428497220959349,-0.9700639218515072,4757275.0,40.0,0.7071067811865476,0.7071067811865476,0.0,19481.0,5066.1,27830.0,35.74,22.8,26772.57,3551.5,304.0,55.7,0.0,4582.0,1.0262625,2022
2023-01-23 17:00:00+00:00,7.092477,89.55725625000001,0.9226395488404876,0.3856634062436071,10151548.0,45.0,-0.2588190451025206,-0.9659258262890684,1.0,35101.0,7117.2,42930.0,156.1390909090909,10.6,72581.42,6313.3,1388.0,1324.4,289196.62,12295.0,5.4851747,2023
2018-12-03 00:00:00+00:00,11.686506,15.1252596,0.8860706215341378,-0.4635502709028512,8084888.0,26.99,1.0,0.0,1.0,23269.0,6121.4,51325.0,101.25416666666666,11.833333333333334,41356.72,4444.4,964.0,9.9,0.0,8932.0,4.0609875,2018
2021-03-29 04:00:00+00:00,11.262038,46.29497964,0.0559169901006032,0.9984354211555644,12137668.0,18.9,0.5000000000000001,0.8660254037844386,1.0,24129.0,6111.4,41454.0,79.46090909090908,14.4,49002.44,1866.7,927.0,13.6,0.0,8198.0,5.3997226,2021
2021-08-09 15:00:00+00:00,27.207132,46.29497964,-0.7883050558305256,-0.6152845999633274,8107387.0,44.89,-0.7071067811865477,-0.7071067811865475,1.0,30396.0,7117.2,40008.0,51.82363636363636,24.200000000000003,31356.54,4650.5,684.0,9524.6,2684893.5,3412.0,1.7281522,2021
2023-08-21 16:00:00+00:00,31.614698,89.55725625000001,-0.64534811322955,-0.7638886127905429,7451239.0,38.12,-0.5000000000000004,-0.8660254037844385,1.0,33792.0,6947.5,33424.0,38.58636363636364,28.066666666666663,40362.02,4364.8,472.0,13949.6,2012184.5,4670.0,1.7876981,2023
2023-03-12 01:00:00+00:00,13.670808,89.55725625000001,0.3415707691678556,0.9398560579418954,9735057.0,55.0,0.9659258262890684,0.2588190451025207,0.0,20118.0,7117.2,36595.0,89.09909090909092,13.8,42583.06,4049.5,1288.0,41.0,0.0,9599.0,4.9192805,2023
2022-06-02 00:00:00+00:00,18.0139,80.46928043999999,-0.8738071036110806,0.4862727071086904,7840692.0,40.0,1.0,0.0,1.0,23360.0,6113.8,30395.0,40.05181818181818,23.4,36389.72,3898.6,888.0,363.3,0.0,2671.0,1.7685297,2022
2018-05-09 17:00:00+00:00,17.842257,15.1252596,-0.6050560696488488,0.7961828637826158,11941137.0,21.25,-0.2588190451025206,-0.9659258262890684,1.0,29181.0,5066.1,42000.0,187.63,16.1,44346.44,3449.8,1608.0,1561.6,1159971.2,6852.0,4.217416,2018
2022-01-18 15:00:00+00:00,12.309799,80.46928043999999,0.9523775757303976,0.304921224656289,7209468.0,82.0,-0.7071067811865477,-0.7071067811865475,1.0,33569.0,7117.2,48625.0,162.80181818181816,6.9,69024.44,6423.3,919.0,6819.9,1293805.2,1602.0,1.4887058,2022
2023-03-26 12:00:00+00:00,17.019667,89.55725625000001,0.107381346664163,0.994217906893952,10128378.0,41.94,-1.0,1.2246467991473532e-16,0.0,22472.0,7117.2,36013.0,52.7790909090909,14.733333333333334,24928.89,4965.0,868.0,14698.4,2602339.8,14099.0,6.634884,2023
2018-04-25 03:00:00+00:00,13.845477,15.1252596,-0.3975428142825558,0.9175836260593938,11748211.2,20.25,0.7071067811865476,0.7071067811865476,1.0,23013.0,5066.1,46290.0,403.4191666666666,13.4,35618.28,2977.2,1840.0,99.0,0.0,2618.0,3.0938451,2018
2020-04-13 10:00:00+00:00,14.366885,17.2389636,-0.2177232303965317,0.9760105506323684,11658137.0,8.7,-0.8660254037844387,0.4999999999999999,1.0,23913.0,6996.4,37000.0,205.9327272727273,14.666666666666666,28234.72,4335.0,1510.0,3679.0,1502120.0,2333.0,1.2530123,2020
2018-10-30 15:00:00+00:00,12.772664,15.1252596,0.4825077417612184,-0.875891705144243,7630760.0,26.1,-0.7071067811865477,-0.7071067811865475,1.0,32481.0,6105.9,46880.0,54.81833333333333,14.0,54176.38,6667.0,728.0,643.9,801588.6,6915.0,3.2794297,2018
2020-11-03 06:00:00+00:00,13.417236,17.2389636,0.5560174366570438,-0.8311706263658084,8534366.0,13.6,6.123233995736766e-17,1.0,1.0,27290.0,6125.5,47577.0,91.43,16.099999999999998,48719.62,1964.4,919.0,91.8,0.0,6186.0,3.3612535,2020
2023-11-04 21:00:00+00:00,14.914167,89.55725625000001,0.5560174366570438,-0.8311706263658084,7948710.0,36.96,0.7071067811865474,-0.7071067811865477,0.0,25831.0,5061.6,38869.0,108.42727272727274,14.933333333333332,25867.64,1549.1000000000004,1172.0,38.3,0.0,17662.0,11.814486,2023
2023-09-17 13:00:00+00:00,23.074234,89.55725625000001,-0.2344913895704105,-0.9721181966290612,7181439.0,38.49,-0.9659258262890684,-0.2588190451025203,0.0,22855.0,7028.3,40865.0,43.97636363636364,23.933333333333337,27363.99,-484.1000000000004,420.0,11839.0,2197288.0,12024.0,5.182378,2023
2022-03-07 05:00:00+00:00,6.7635345,80.46928043999999,0.4211008707960896,0.907013812802636,6793423.0,205.0,0.2588190451025207,0.9659258262890684,1.0,24926.0,7117.2,42760.0,107.69454545454543,11.166666666666666,59964.99,3863.5,832.0,13.3,0.0,2510.0,2.4681602,2022
2022-02-15 06:00:00+00:00,6.8143916,80.46928043999999,0.702527474169157,0.7116566222817747,6930013.0,83.8,6.123233995736766e-17,1.0,1.0,31108.0,7117.2,44666.0,65.53363636363636,10.233333333333333,63820.06,4749.1,704.0,18.5,0.0,9375.0,4.5418477,2022
2023-04-07 14:00:00+00:00,19.233772,89.55725625000001,-0.0988201387328714,0.9951053111006976,10193567.0,42.88,-0.8660254037844386,-0.5000000000000001,0.0,18306.0,7117.2,36720.0,43.71636363636364,15.3,37998.31,2519.9,692.0,15347.5,2999717.8,2871.0,1.0808184,2023
2022-12-26 12:00:00+00:00,15.465163,80.46928043999999,0.9962981749346076,-0.0859647987374467,8010646.0,40.0,-1.0,1.2246467991473532e-16,1.0,24669.0,7117.2,36990.0,41.81454545454546,11.6,39924.25,4966.7,1120.0,8755.9,1369417.2,1281.0,1.1825573,2022
2019-05-08 07:00:00+00:00,15.234605,22.79031588,-0.5912614448635781,0.8064799463209448,9839298.0,15.6,-0.2588190451025208,0.9659258262890684,1.0,31079.0,6125.5,45425.0,59.04545454545455,17.266666666666666,38344.42,2503.3,1179.0,1173.4,422547.12,11697.0,6.5404162,2019
2020-04-14 18:00:00+00:00,15.720642,17.2389636,-0.2344913895704096,0.9721181966290612,11658137.0,8.51,-1.8369701987210292e-16,-1.0,1.0,26254.0,5982.1,43255.0,200.6209090909091,14.833333333333334,40434.05,4393.1,1683.0,475.9,485866.0,5519.0,3.2344942,2020
2019-02-07 06:00:00+00:00,7.8217673,22.79031588,0.7935716089521474,0.6084768701151261,8546223.0,22.3,6.123233995736766e-17,1.0,1.0,32656.0,7117.2,55920.0,413.4861538461539,8.4,65503.5,4046.0,1540.0,20.8,0.0,4379.0,2.8111677,2019
2020-11-07 09:00:00+00:00,15.646335,17.2389636,0.6118864012687242,-0.7909456567567774,8534366.0,14.0,-0.7071067811865475,0.7071067811865476,0.0,27528.0,6125.5,47927.0,93.91909090909093,15.9,43299.82,2946.0,1003.0,3110.2,428978.56,9382.0,5.89775,2020
2021-12-18 01:00:00+00:00,8.094461,46.29497964,0.9750645322571948,-0.2219215130041658,6469940.0,127.0,0.9659258262890684,0.2588190451025207,0.0,24274.0,6105.9,44225.0,297.47583333333336,6.933333333333333,56741.45,5211.0,1117.0,22.8,0.0,4167.0,3.7003262,2021
2022-11-30 00:00:00+00:00,9.254075,80.46928043999999,0.8609610158889941,-0.5086709438521049,5768825.0,40.0,1.0,0.0,1.0,23746.0,7117.2,35298.0,61.49545454545455,12.933333333333332,53275.12,4911.0,980.0,30.4,0.0,5242.0,2.4532144,2022
2022-07-15 21:00:00+00:00,25.955513,80.46928043999999,-0.973118337233262,-0.2303056702306119,7037432.0,40.0,0.7071067811865474,-0.7071067811865477,1.0,31864.0,7117.2,25950.0,43.41363636363637,27.23333333333333,45609.51,6382.5,632.0,589.2,93.56781,6351.0,1.028042,2022
2018-03-01 22:00:00+00:00,10.399821,15.1252596,0.5123714121284237,0.8587639582758029,5770462.4,31.0,0.8660254037844384,-0.5000000000000004,1.0,31039.0,7117.2,53075.0,245.1825,7.55,71544.76,4265.6,1456.0,12.1,0.0,14715.0,9.881701,2018
2023-07-20 10:00:00+00:00,26.055443,89.55725625000001,-0.9497178427914318,-0.3131070409358262,8561884.0,28.5,-0.8660254037844387,0.4999999999999999,1.0,34573.0,7117.2,36780.0,34.559090909090905,27.2,39573.22,3420.9,596.0,15461.9,2476729.5,3271.0,1.9028714,2023
2018-11-20 12:00:00+00:00,12.434483,15.1252596,0.7611042586607742,-0.6486295610349818,7927348.0,26.78,-1.0,1.2246467991473532e-16,1.0,34079.0,5110.1,45855.0,108.02666666666666,14.233333333333334,72988.43,4079.1,1097.0,1625.5,1120321.5,7270.0,5.5823307,2018
2018-09-28 07:00:00+00:00,17.500738,15.1252596,-0.0473213883224323,-0.9988797155850336,8374465.0,28.9,-0.2588190451025208,0.9659258262890684,1.0,31962.0,7117.2,44200.0,51.42916666666667,21.9,50258.49,5913.2,716.0,1262.4,170782.88,1764.0,2.09903,2018
2019-06-25 20:00:00+00:00,23.158672,22.79031588,-0.993746580436178,0.1116590071216946,9422077.0,13.3,0.5000000000000001,-0.8660254037844386,1.0,30417.0,7117.2,46643.0,42.2075,23.366666666666664,46917.41,5752.5,866.0,618.8,63866.848,5514.0,1.8338109,2019
2022-11-03 18:00:00+00:00,16.876196,80.46928043999999,0.5416278206559811,-0.8406184056344783,5045030.0,40.0,-1.8369701987210292e-16,-1.0,1.0,29476.0,5066.1,30065.0,33.60454545454546,22.2,42626.41,6280.7,828.0,22.3,5055.7773,11667.0,5.8245554,2022
2021-12-14 03:00:00+00:00,8.175866,46.29497964,0.9574851883550392,-0.288482432880609,6469940.0,117.5,0.7071067811865476,0.7071067811865476,1.0,23905.0,5042.0,43570.0,829.5966666666667,8.733333333333333,57390.24,2728.8,1069.0,22.2,0.0,2700.0,2.5347948,2021
2020-09-05 23:00:00+00:00,20.776917,17.2389636,-0.4132786077829044,-0.9106046300942162,9363826.0,10.5,0.9659258262890684,-0.2588190451025207,0.0,22271.0,6121.4,33880.0,47.66,23.2,34561.51,3307.0,594.0,551.2,0.0,10832.0,2.8539658,2020
2022-04-30 01:00:00+00:00,13.477636,80.46928043999999,-0.4749510720670499,0.8800122039735357,7856475.0,80.0,0.9659258262890684,0.2588190451025207,0.0,20875.0,6125.5,28203.0,195.2709090909091,16.0,34732.95,4092.7,1223.0,294.1,0.0,3555.0,1.9338101,2022
2019-10-07 19:00:00+00:00,20.62763,22.79031588,0.1073813466641621,-0.994217906893952,6275794.0,14.25,0.2588190451025203,-0.9659258262890684,1.0,31586.0,6111.4,40670.0,43.09916666666667,20.3,46578.26,5805.0,587.0,319.0,193.27173,3468.0,3.2552385,2019
2020-06-05 21:00:00+00:00,18.499283,17.2389636,-0.9051931898913974,0.4250003399695541,12884805.0,5.5,0.7071067811865474,-0.7071067811865477,1.0,24421.0,5102.5,37700.0,109.80909090909093,20.23333333333333,40838.77,4643.4,1359.0,512.1,41.712868,3778.0,3.8993967,2020
2018-10-03 19:00:00+00:00,20.38056,15.1252596,0.0387222808921739,-0.9992500112396836,8040905.0,28.0,0.2588190451025203,-0.9659258262890684,1.0,32392.0,7117.2,43370.0,45.3225,18.96666666666667,49040.7,6673.1,554.0,459.4,916.2524,5293.0,2.5993912,2018
2022-09-25 09:00:00+00:00,17.575867,80.46928043999999,-0.0988201387328721,-0.9951053111006974,5094243.0,40.0,-0.7071067811865475,0.7071067811865476,0.0,22229.0,7117.2,28570.0,38.940909090909095,22.46666666666667,33494.96,1709.6,420.0,10039.2,1209713.6,5693.0,3.5764446,2022
2021-12-18 21:00:00+00:00,9.2538805,46.29497964,0.9750645322571948,-0.2219215130041658,6469940.0,127.0,0.7071067811865474,-0.7071067811865477,0.0,29585.0,6105.9,44225.0,297.47583333333336,6.933333333333333,59429.84,6442.0,1117.0,28.0,0.0,5220.0,4.85787,2021
2018-05-14 14:00:00+00:00,16.694664,15.1252596,-0.6712599575675313,0.7412220108485958,12009342.4,22.5,-0.8660254037844386,-0.5000000000000001,1.0,29787.0,6071.9,46785.0,164.1475,15.15,43421.18,3913.2,1619.0,4169.0,2431784.2,7248.0,4.7648067,2018
2020-04-06 23:00:00+00:00,12.939166,17.2389636,-0.0988201387328714,0.9951053111006976,11312209.0,7.99,0.9659258262890684,-0.2588190451025207,1.0,19774.0,7117.2,45535.0,134.8118181818182,13.699999999999998,43452.28,3367.4,1387.0,22.5,0.0,3930.0,2.446126,2020
2021-03-03 03:00:00+00:00,10.187499,46.29497964,0.4825077417612184,0.8758917051442429,12602854.0,16.75,0.7071067811865476,0.7071067811865476,1.0,22891.0,7117.2,42175.0,215.0709090909091,10.966666666666669,48049.85,4178.0,1532.0,15.9,0.0,2786.0,3.283121,2021
2020-03-03 03:00:00+00:00,9.02485,17.2389636,0.4673592171580022,0.8840675099433636,10393202.0,8.3,0.7071067811865476,0.7071067811865476,1.0,23312.0,7117.2,49529.0,118.5418181818182,11.766666666666666,52228.0,1787.4,1464.0,34.5,0.0,13855.0,7.211478,2020
2020-11-03 15:00:00+00:00,16.478424,17.2389636,0.5560174366570438,-0.8311706263658084,8534366.0,13.6,-0.7071067811865477,-0.7071067811865475,1.0,29255.0,6125.5,48467.0,91.43,16.099999999999998,49623.38,3744.4,983.0,1905.1,939403.4,8787.0,4.887765,2020
2018-09-20 08:00:00+00:00,21.007296,15.1252596,-0.1839983516576798,-0.9829265519799822,8602508.2,29.5,-0.4999999999999998,0.8660254037844387,1.0,33583.0,7117.2,44305.0,73.75000000000001,23.83333333333333,48813.28,6463.2,702.0,2776.8,741645.9,1269.0,0.7844963,2018
2018-05-05 15:00:00+00:00,18.59248,15.1252596,-0.548842958284719,0.8359254794186372,11937484.9,20.4,-0.7071067811865477,-0.7071067811865475,0.0,25145.0,5066.1,40500.0,244.4008333333333,14.3,33188.0,4727.9,1602.0,3751.3,2274038.0,4708.0,2.149397,2018
2021-05-20 21:00:00+00:00,17.506659,46.29497964,-0.7441039398713604,0.6680638642135338,11268445.0,24.4,0.7071067811865474,-0.7071067811865477,1.0,26655.0,5068.5,42205.0,44.191818181818185,19.46666666666667,43845.58,3996.3,1289.0,568.8,0.0,5022.0,0.27086723,2021
2018-10-26 21:00:00+00:00,16.077211,15.1252596,0.4211008707960891,-0.9070138128026362,7728196.0,26.36,0.7071067811865474,-0.7071067811865477,1.0,25940.0,7117.2,44845.0,50.32583333333333,17.5,53648.59,4983.9,608.0,4.9,0.0,5615.0,2.0199952,2018
2022-02-21 07:00:00+00:00,8.187337,80.46928043999999,0.6254105729852463,0.7802958510707755,6905883.0,80.75,-0.2588190451025208,0.9659258262890684,1.0,31900.0,7117.2,42376.0,67.41181818181818,10.633333333333333,49896.02,3749.8,763.0,882.5,7212.7017,7212.0,3.020956,2022
2021-05-02 03:00:00+00:00,9.824792,46.29497964,-0.5049610547215204,0.8631421280499114,11313372.0,22.8,0.7071067811865476,0.7071067811865476,0.0,18697.0,6761.4,37170.0,60.46818181818183,16.400000000000002,39569.3,2651.5,983.0,137.3,0.0,4449.0,1.6165868,2021
2020-01-28 23:00:00+00:00,11.334978,17.2389636,0.886070621534138,0.4635502709028509,10148824.0,11.49,0.9659258262890684,-0.2588190451025207,1.0,27609.0,7117.2,51510.0,148.94636363636366,9.466666666666669,56099.91,4919.4,1457.0,9.9,0.0,7632.0,5.0858245,2020
2022-10-30 16:00:00+00:00,20.02922,80.46928043999999,0.4825077417612184,-0.875891705144243,4884752.0,40.0,-0.5000000000000004,-0.8660254037844385,0.0,20592.0,5066.1,26375.0,32.61818181818182,22.25,34412.68,4446.0,764.0,2738.7,698506.9,2730.0,1.7717371,2022
2021-07-18 16:00:00+00:00,27.70668,46.29497964,-0.9599326896597444,-0.2802306751992161,9598298.0,35.96,-0.5000000000000004,-0.8660254037844385,0.0,27557.0,7117.2,40855.0,63.187272727272735,24.23333333333333,29055.18,2986.6,631.0,8465.9,2314524.2,6916.0,3.0458624,2021
2020-11-03 11:00:00+00:00,16.10083,17.2389636,0.5560174366570438,-0.8311706263658084,8534366.0,13.6,-0.9659258262890682,0.258819045102521,1.0,31605.0,6125.5,48467.0,91.43,16.099999999999998,51269.19,3742.9,993.0,4092.9,1335707.4,7911.0,3.5562074,2020
2021-02-27 20:00:00+00:00,11.168292,46.29497964,0.5416278206559814,0.8406184056344782,12682828.0,15.6,0.5000000000000001,-0.8660254037844386,0.0,30106.0,7117.2,42945.0,214.6472727272727,10.966666666666669,49146.82,4934.2,1753.0,70.0,0.0,9404.0,4.3038883,2021
2022-01-25 10:00:00+00:00,8.886016,80.46928043999999,0.9088176373395028,0.4171936026123168,7116328.0,83.0,-0.8660254037844387,0.4999999999999999,1.0,35927.0,7117.2,48581.0,103.96545454545452,7.0,78487.17,5648.2,738.0,6157.0,911056.06,4591.0,4.5381594,2022
2022-10-30 07:00:00+00:00,15.744664,80.46928043999999,0.4825077417612184,-0.875891705144243,4884752.0,40.0,-0.2588190451025208,0.9659258262890684,0.0,19194.0,5066.1,26375.0,32.61818181818182,22.25,30338.33,3722.0,740.0,568.6,28629.334,4804.0,1.483625,2022
2022-05-11 15:00:00+00:00,22.80125,80.46928043999999,-0.6321034111873487,0.7748840413670407,7941866.0,74.25,-0.7071067811865477,-0.7071067811865475,1.0,28628.0,6125.5,29330.0,77.48272727272727,18.73333333333333,32480.8,4549.9,1000.0,11336.7,2616381.0,6470.0,1.4482014,2022
2023-07-20 00:00:00+00:00,23.009867,89.55725625000001,-0.9497178427914318,-0.3131070409358262,8561884.0,28.5,1.0,0.0,1.0,27589.0,7117.2,35815.0,34.559090909090905,27.2,37438.47,3387.7,572.0,252.8,0.0,6040.0,2.8659263,2023
2019-09-14 04:00:00+00:00,18.846169,22.79031588,-0.2843591872810036,-0.9587178169872964,6907892.0,12.0,0.5000000000000001,0.8660254037844386,0.0,21979.0,7117.2,41495.0,49.34333333333333,21.53333333333333,33242.14,2354.6,416.0,50.2,0.0,5663.0,5.894973,2019
2021-03-29 07:00:00+00:00,11.711586,46.29497964,0.0559169901006032,0.9984354211555644,12137668.0,18.9,-0.2588190451025208,0.9659258262890684,1.0,30266.0,6111.4,41454.0,79.46090909090908,14.4,58068.7,3187.3,1107.0,2022.3,207000.98,8366.0,5.6948004,2021
2022-12-26 05:00:00+00:00,11.574232,80.46928043999999,0.9962981749346076,-0.0859647987374467,8010646.0,40.0,0.2588190451025207,0.9659258262890684,1.0,18361.0,7117.2,34775.0,41.81454545454546,11.6,33255.71,3414.7,956.0,0.1,0.0,2754.0,2.3289702,2022
2022-02-22 10:00:00+00:00,12.626722,80.46928043999999,0.6118864012687244,0.7909456567567772,6905883.0,71.0,-0.8660254037844387,0.4999999999999999,1.0,32086.0,7117.2,43286.0,69.64454545454545,10.666666666666666,55641.27,5126.7,618.0,10288.1,1481554.2,5714.0,2.2494345,2022
2019-04-24 23:00:00+00:00,12.352425,22.79031588,-0.3816892202666589,0.9242907221930932,9241342.0,16.35,0.9659258262890684,-0.2588190451025207,1.0,24041.0,7035.5,48590.0,76.62666666666665,15.566666666666668,38954.23,1313.9,1154.0,8.1,0.0,13207.0,8.124156,2019
2021-03-28 13:00:00+00:00,17.66317,46.29497964,0.0730951298980775,0.9973249731081556,12373271.0,17.8,-0.9659258262890684,-0.2588190451025203,0.0,24426.0,6111.4,41454.0,82.72272727272728,14.0,31918.24,3126.9,910.0,8292.9,2975414.2,5339.0,4.53859,2021
2020-12-11 21:00:00+00:00,13.623403,17.2389636,0.9469877530760752,-0.3212696616923651,8486186.0,17.87,0.7071067811865474,-0.7071067811865477,1.0,31191.0,7117.2,48935.0,369.0208333333333,10.466666666666669,56364.08,3377.0,1533.0,13.5,0.0,16020.0,9.934166,2020
2020-07-09 10:00:00+00:00,24.86428,17.2389636,-0.9893142039703664,-0.1457991969198744,11962484.0,7.5,-0.8660254037844387,0.4999999999999999,1.0,35381.0,7117.2,33610.0,59.58454545454545,23.7,44537.36,6082.8,1043.0,8007.2,2563645.2,2952.0,0.96442896,2020
2021-02-27 00:00:00+00:00,10.19694,46.29497964,0.5416278206559814,0.8406184056344782,12682828.0,15.6,1.0,0.0,0.0,24381.0,6113.8,42945.0,214.6472727272727,10.966666666666669,50371.57,3924.6,1641.0,26.7,0.0,7095.0,3.9113686,2021
2022-02-16 18:00:00+00:00,13.227633,80.46928043999999,0.6901733882429719,0.7236440382959124,6930013.0,76.99,-1.8369701987210292e-16,-1.0,1.0,33521.0,7117.2,45966.0,69.81636363636363,10.266666666666667,53770.24,5695.8,757.0,178.7,96946.234,12596.0,5.732243,2022
2021-12-18 06:00:00+00:00,7.301086,46.29497964,0.9750645322571948,-0.2219215130041658,6469940.0,127.0,6.123233995736766e-17,1.0,0.0,25279.0,6105.9,44225.0,297.47583333333336,6.933333333333333,58377.94,5042.0,1112.0,23.3,0.0,3611.0,3.4356673,2021
2020-01-26 02:00:00+00:00,8.681525,17.2389636,0.901501684131884,0.4327755925504312,9950225.0,10.9,0.8660254037844387,0.4999999999999999,0.0,21939.0,7117.2,49310.0,141.62636363636364,9.033333333333331,56458.17,4050.9,1322.0,4.0,0.0,3364.0,2.813443,2020
2021-12-05 12:00:00+00:00,11.025326,46.29497964,0.9015016841318838,-0.4327755925504317,5975308.0,91.97,-1.0,1.2246467991473532e-16,0.0,28997.0,4296.2,41290.0,469.5391666666667,9.6,54375.85,1955.0,952.0,6451.5,1223985.8,17455.0,9.298585,2021
2023-06-09 01:00:00+00:00,18.469442,89.55725625000001,-0.9259247771938498,0.3777079652039649,9303179.0,25.89,0.9659258262890684,0.2588190451025207,1.0,21449.0,5118.0,31300.0,33.665454545454544,22.7,29959.26,1447.7000000000005,716.0,11.6,0.0,6824.0,3.8184614,2023
2021-06-29 11:00:00+00:00,22.236706,46.29497964,-0.99907411510223,0.0430222330045305,10358992.0,31.99,-0.9659258262890682,0.258819045102521,1.0,32451.0,7117.2,42210.0,48.75727272727273,23.0,45759.81,4663.7,988.0,10988.3,2966884.5,1120.0,1.871683,2021
2023-10-10 00:00:00+00:00,18.529955,89.55725625000001,0.1585593851031347,-0.9873494423939864,6736945.0,39.6,1.0,0.0,1.0,21579.0,6053.3,41600.0,34.050909090909094,22.566666666666663,36528.38,4293.9,344.0,185.2,0.0,2273.0,1.494441,2023
2019-06-11 15:00:00+00:00,18.854305,22.79031588,-0.938377391740864,0.3456123126707335,9712119.0,13.75,-0.7071067811865477,-0.7071067811865475,1.0,30494.0,7117.2,42729.0,40.47666666666667,19.96666666666667,45701.68,3818.3,966.0,4318.7,2468929.0,8675.0,4.96627,2019
2019-12-26 02:00:00+00:00,10.768464,22.79031588,0.9962981749346076,-0.0859647987374467,9450499.0,9.0,0.8660254037844387,0.4999999999999999,1.0,17663.0,7117.2,48580.0,379.62416666666667,9.9,44915.79,3158.5,1658.0,10.8,0.0,5845.0,2.9706872,2019
2019-11-02 07:00:00+00:00,16.906952,22.79031588,0.5270777086423716,-0.8498170915275282,6356816.0,9.0,-0.2588190451025208,0.9659258262890684,0.0,23024.0,6111.4,38670.0,44.43666666666667,18.23333333333333,33152.08,1830.3,969.0,420.0,21197.895,11263.0,7.407983,2019
2018-01-27 13:00:00+00:00,10.024107,15.1252596,0.893918596519257,0.4482293417404106,5403403.3,18.87,-0.9659258262890684,-0.2588190451025203,0.0,31997.0,7117.2,58695.0,263.7592307692308,9.75,60263.37,4482.7,1008.0,3288.1,1333582.2,8596.0,6.0583453,2018
2020-08-11 01:00:00+00:00,22.264559,17.2389636,-0.7554933140726804,-0.655156357209085,10366823.0,9.7,0.9659258262890684,0.2588190451025207,1.0,23392.0,7117.2,37069.0,63.540909090909096,25.366666666666664,34145.51,3866.4,670.0,254.8,0.0,6007.0,1.7889127,2020
2018-05-15 18:00:00+00:00,17.8694,15.1252596,-0.6839194216246103,0.7295575540864878,12009342.4,22.5,-1.8369701987210292e-16,-1.0,1.0,29459.0,6071.9,46710.0,161.21499999999995,15.55,45044.58,4962.5,1518.0,1860.5,833022.6,8003.0,3.316842,2018
2021-08-04 21:00:00+00:00,22.102165,46.29497964,-0.8382797052177743,-0.5452404385406511,8477701.0,41.9,0.7071067811865474,-0.7071067811865477,1.0,27850.0,7117.2,41400.0,57.14454545454544,24.100000000000005,43272.72,4062.6,800.0,600.3,0.0,3915.0,2.8909929,2021
2023-01-03 21:00:00+00:00,9.700521,89.55725625000001,0.998666816288476,0.0516196672232537,8688669.0,45.0,0.7071067811865474,-0.7071067811865477,1.0,28935.0,7117.2,42742.0,45.584545454545456,11.7,44946.6,6007.9,1260.0,92.6,0.0,3383.0,1.8366972,2023
2023-04-26 02:00:00+00:00,15.227504,89.55725625000001,-0.4132786077829042,0.9106046300942162,9929022.0,35.0,0.8660254037844387,0.4999999999999999,1.0,20484.0,5785.1,36717.0,36.9390909090909,19.4,38093.35,3746.0,764.0,384.0,0.0,2653.0,1.5105345,2023
2022-08-01 23:00:00+00:00,24.331812,80.46928043999999,-0.8653072543632061,-0.5012418134457756,6357621.0,40.0,0.9659258262890684,-0.2588190451025207,1.0,27239.0,7117.2,26307.0,43.851818181818174,27.83333333333333,38407.1,4394.8,540.0,460.3,0.0,6787.0,1.3224684,2022
2019-08-08 16:00:00+00:00,28.78476,22.79031588,-0.798779372886365,-0.6016240632249223,7910767.0,13.29,-0.5000000000000004,-0.8660254037844385,1.0,34429.0,7117.2,41603.0,45.72166666666666,25.5,41274.31,6270.0,672.0,4261.3,1970050.6,7591.0,4.5633397,2019
2018-06-02 12:00:00+00:00,19.944628,15.1252596,-0.8738071036110806,0.4862727071086904,12098391.3,23.0,-1.0,1.2246467991473532e-16,0.0,27798.0,4076.8,42943.0,436.6530769230769,16.4,38547.19,4236.3,1621.0,3798.8,2710083.2,2681.0,0.69258326,2018
2022-08-24 22:00:00+00:00,23.167618,80.46928043999999,-0.6050560696488494,-0.7961828637826154,5812377.0,40.0,0.8660254037844384,-0.5000000000000004,1.0,27243.0,7117.2,23816.0,46.841,26.066666666666663,40716.87,4062.9,556.0,419.5,0.0,4302.0,0.5732844,2022
2019-01-15 17:00:00+00:00,11.101809,22.79031588,0.9668478136052776,0.255353295116187,7877846.0,25.7,-0.2588190451025206,-0.9659258262890684,1.0,37398.0,7117.2,54037.0,49.81916666666666,9.366666666666667,74743.18,7413.0,905.0,185.6,222765.6,1361.0,0.31786138,2019
2018-05-09 03:00:00+00:00,13.505324,15.1252596,-0.6050560696488488,0.7961828637826158,11941137.0,21.25,0.7071067811865476,0.7071067811865476,1.0,22964.0,5066.1,42000.0,187.63,16.1,34729.06,3416.0,1595.0,147.7,0.0,4760.0,3.1186635,2018
2019-07-11 12:00:00+00:00,27.862108,22.79031588,-0.9866579328916572,-0.1628070129385164,8965089.0,14.6,-1.0,1.2246467991473532e-16,1.0,36323.0,7117.2,43808.0,58.22727272727273,24.633333333333336,47208.34,6463.7,917.0,5170.3,3358797.2,2039.0,1.1158712,2019
2021-06-09 12:00:00+00:00,24.873547,46.29497964,-0.9259247771938498,0.3777079652039649,10912561.0,27.12,-1.0,1.2246467991473532e-16,1.0,32644.0,5068.5,40825.0,43.63090909090909,22.666666666666668,42951.19,4993.6,978.0,11074.1,3359598.8,2279.0,1.3087829,2021
2020-02-22 13:00:00+00:00,16.177166,17.2389636,0.6118864012687244,0.7909456567567772,10406929.0,10.2,-0.9659258262890684,-0.2588190451025203,0.0,28456.0,7117.2,46739.0,98.78181818181817,10.733333333333334,43284.31,4970.5,1009.0,7291.3,2396085.0,1658.0,1.5121568,2020
2022-10-14 18:00:00+00:00,20.946068,80.46928043999999,0.226115685508288,-0.9741004551724206,4757275.0,40.0,-1.8369701987210292e-16,-1.0,1.0,29686.0,5166.1,29574.0,36.01545454545454,21.8,40643.46,6165.5,476.0,440.2,59856.945,3388.0,1.4497205,2022
2023-05-15 15:00:00+00:00,19.281744,89.55725625000001,-0.6839194216246103,0.7295575540864878,9540599.0,29.96,-0.7071067811865477,-0.7071067811865475,1.0,24290.0,5110.1,37090.0,64.69454545454545,18.53333333333333,30824.35,2880.9,640.0,13071.7,2386159.8,11460.0,5.6852384,2023
2022-10-30 02:00:00+00:00,16.313496,80.46928043999999,0.4825077417612184,-0.875891705144243,4884752.0,40.0,0.8660254037844387,0.4999999999999999,0.0,17847.0,5066.1,27050.0,32.61818181818182,22.25,27087.62,3809.0,724.0,22.4,0.0,7418.0,1.408834,2022
2020-08-11 23:00:00+00:00,21.557726,17.2389636,-0.7554933140726804,-0.655156357209085,10366823.0,9.7,0.9659258262890684,-0.2588190451025207,1.0,24697.0,7117.2,37219.0,66.86454545454545,24.866666666666664,38417.42,4365.0,712.0,141.3,0.0,3654.0,1.121604,2020
2018-08-02 03:00:00+00:00,22.205784,15.1252596,-0.8565509959010037,-0.5160623910158526,10315467.2,26.1,0.7071067811865476,0.7071067811865476,1.0,25495.0,7117.2,41056.0,47.67090909090909,25.25,37060.13,4128.0,758.0,409.5,0.0,4989.0,3.442586,2018
2018-09-20 05:00:00+00:00,18.845812,15.1252596,-0.1839983516576798,-0.9829265519799822,8602508.2,29.5,0.2588190451025207,0.9659258262890684,1.0,29626.0,7117.2,44305.0,73.75000000000001,23.83333333333333,46022.14,4491.7,687.0,84.9,0.0,1292.0,1.0931526,2018
2022-11-30 02:00:00+00:00,8.843899,80.46928043999999,0.8609610158889941,-0.5086709438521049,5768825.0,40.0,0.8660254037844387,0.4999999999999999,1.0,21949.0,7117.2,35298.0,61.49545454545455,12.933333333333332,50836.53,4033.2,960.0,29.4,0.0,4352.0,1.9873856,2022
2022-12-25 03:00:00+00:00,12.054871,80.46928043999999,0.9946708199115212,-0.1031016974474354,7263299.0,40.0,0.7071067811865476,0.7071067811865476,0.0,17241.0,7117.2,37025.0,43.11636363636364,11.866666666666667,35452.34,-802.3999999999996,896.0,13.0,0.0,10302.0,6.2267,2022
2018-11-27 08:00:00+00:00,8.882073,15.1252596,0.83355577183857,-0.5524353131676195,7992028.0,27.0,-0.4999999999999998,0.8660254037844387,1.0,35371.0,5110.1,50240.0,110.75166666666668,12.066666666666668,71300.02,6574.0,1297.0,782.0,124874.46,6303.0,3.1011977,2018
2022-08-24 16:00:00+00:00,28.193968,80.46928043999999,-0.6050560696488494,-0.7961828637826154,5812377.0,40.0,-0.5000000000000004,-0.8660254037844385,1.0,31962.0,7117.2,23816.0,45.233,26.100000000000005,43379.27,4348.7,508.0,9109.3,1750667.4,4496.0,0.59878814,2022
2019-08-28 02:00:00+00:00,19.31905,22.79031588,-0.5488429582847199,-0.8359254794186365,7325462.0,13.2,0.8660254037844387,0.4999999999999999,1.0,23264.0,6071.9,42115.0,51.571666666666665,24.266666666666666,35475.84,4086.7,586.0,187.2,0.0,498.0,1.931847,2019
2021-08-04 12:00:00+00:00,24.8494,46.29497964,-0.8382797052177743,-0.5452404385406511,8477701.0,41.9,-1.0,1.2246467991473532e-16,1.0,32985.0,7117.2,41400.0,57.14454545454544,24.100000000000005,41315.39,4308.5,769.0,10836.9,2710927.5,5402.0,3.6354861,2021
2021-04-19 22:00:00+00:00,13.001946,46.29497964,-0.3008198076356675,0.9536809966304456,11503922.0,22.5,0.8660254037844384,-0.5000000000000004,1.0,24845.0,6111.4,38325.0,55.25272727272727,15.4,52054.11,3779.0,956.0,95.1,0.0,2883.0,1.3959658,2021
2021-05-20 01:00:00+00:00,13.966682,46.29497964,-0.7441039398713604,0.6680638642135338,11268445.0,24.4,0.9659258262890684,0.2588190451025207,1.0,22546.0,5068.5,42205.0,44.191818181818185,19.46666666666667,40607.83,3268.9,1181.0,554.6,0.0,4344.0,2.6010027,2021
2019-09-27 20:00:00+00:00,20.688307,22.79031588,-0.0645084494493171,-0.9979171608653922,6541441.0,13.79,0.5000000000000001,-0.8660254037844386,1.0,28676.0,7117.2,41840.0,40.425,22.066666666666663,37221.14,5076.0,584.0,536.7,0.0,2527.0,1.9934337,2019
2018-07-13 07:00:00+00:00,20.951319,15.1252596,-0.980469160361632,-0.1966728897935762,11467992.1,25.4,-0.2588190451025208,0.9659258262890684,1.0,33365.0,6071.9,42225.0,59.94499999999999,24.15,48572.84,6076.0,1232.0,2282.3,668376.7,3064.0,2.1021345,2018
2019-12-22 01:00:00+00:00,13.204469,22.79031588,0.9880226656636976,-0.154308820664281,8628229.0,10.5,0.9659258262890684,0.2588190451025207,0.0,20367.0,6071.9,46345.0,646.1258333333333,10.533333333333331,42256.31,415.1000000000004,1670.0,7.1,0.0,13602.0,14.052219,2019
2020-08-24 13:00:00+00:00,27.059845,17.2389636,-0.5912614448635782,-0.8064799463209447,9705841.0,8.5,-0.9659258262890684,-0.2588190451025203,1.0,32528.0,7117.2,36040.0,51.83090909090909,24.566666666666663,39227.53,5102.7,730.0,8859.5,3013561.8,2490.0,1.394169,2020
2019-10-23 17:00:00+00:00,14.5476675,22.79031588,0.3737197147904684,-0.9275416835791968,6284356.0,13.8,-0.2588190451025206,-0.9659258262890684,1.0,31647.0,6111.4,41600.0,78.98416666666667,17.099999999999998,53845.46,3589.0,1208.0,252.7,216180.48,6286.0,5.173198,2019
2023-07-15 17:00:00+00:00,26.225904,89.55725625000001,-0.973118337233262,-0.2303056702306119,8804153.0,29.89,-0.2588190451025206,-0.9659258262890684,0.0,29225.0,7117.2,32925.0,36.17272727272727,26.7,28818.15,2341.3,552.0,12034.5,1618170.5,9771.0,3.6106575,2023
2023-05-14 16:00:00+00:00,18.64513,89.55725625000001,-0.6712599575675313,0.7412220108485958,9666595.0,29.0,-0.5000000000000004,-0.8660254037844385,0.0,19750.0,5110.1,36015.0,37.71454545454546,18.3,27003.07,1920.3,672.0,12082.9,1943154.5,10286.0,4.932851,2023
2023-03-28 02:00:00+00:00,10.167929,89.55725625000001,0.0730951298980775,0.9973249731081556,10208205.0,41.0,0.8660254037844387,0.4999999999999999,1.0,21425.0,7117.2,35888.0,50.28454545454545,14.366666666666664,43223.47,4213.2,888.0,145.2,0.0,3291.0,2.1138046,2023
2023-03-19 05:00:00+00:00,9.741397,89.55725625000001,0.2261156855082882,0.9741004551724204,9946780.0,41.98,0.2588190451025207,0.9659258262890684,0.0,19478.0,7117.2,35735.0,61.86272727272728,14.033333333333331,35652.4,3128.0,1024.0,4.8,0.0,5830.0,3.1895835,2023
2023-07-19 22:00:00+00:00,24.099623,89.55725625000001,-0.9549667548552552,-0.2967128192734901,8561884.0,27.54,0.8660254037844384,-0.5000000000000004,1.0,31384.0,7117.2,35815.0,34.559090909090905,27.2,40690.37,4006.4,624.0,290.8,0.0,7280.0,3.0234754,2023
2020-02-05 00:00:00+00:00,10.2114725,17.2389636,0.8140460935082179,0.5808002734538008,10445314.0,10.08,1.0,0.0,1.0,24418.0,7117.2,53460.0,122.11727272727272,10.466666666666669,55369.6,2922.1,1500.0,9.7,0.0,8731.0,5.547928,2020
2022-09-04 07:00:00+00:00,19.288387,80.46928043999999,-0.4443781781046134,-0.8958392907349089,5643916.0,40.0,-0.2588190451025208,0.9659258262890684,0.0,20931.0,7117.2,23311.0,39.78,24.65,31579.88,3249.2,468.0,4511.1,325077.6,4109.0,1.4896733,2022
2022-09-16 08:00:00+00:00,20.25454,80.46928043999999,-0.2511900638848195,-0.9679377830240642,5329748.0,40.0,-0.4999999999999998,0.8660254037844387,1.0,29807.0,7117.2,27926.0,39.623636363636365,24.566666666666663,42529.92,5767.7,524.0,7038.6,727562.1,4614.0,2.0051992,2022
2019-09-10 09:00:00+00:00,18.248161,22.79031588,-0.3496474552512282,-0.9368813462954316,6907892.0,11.25,-0.7071067811865475,0.7071067811865476,1.0,32399.0,7117.2,42981.0,46.95416666666667,21.3,48564.96,3067.8,529.0,4678.6,1277362.6,12215.0,6.0791,2019
2023-07-19 02:00:00+00:00,23.024696,89.55725625000001,-0.9549667548552552,-0.2967128192734901,8561884.0,27.54,0.8660254037844387,0.4999999999999999,1.0,26104.0,7117.2,35815.0,33.89454545454546,27.366666666666664,34047.26,4148.3,572.0,256.2,0.0,5180.0,2.090774,2023
2018-05-10 13:00:00+00:00,18.1117,15.1252596,-0.6186714032625031,0.7856498550787147,11941137.0,22.0,-0.9659258262890684,-0.2588190451025203,1.0,30086.0,5066.1,42675.0,174.78250000000003,16.0,32221.88,5332.4,1634.0,3988.8,2821152.2,5487.0,2.5175588,2018
2022-08-14 03:00:00+00:00,21.450186,80.46928043999999,-0.7324940716135788,-0.6807734094770164,6132407.0,40.0,0.7071067811865476,0.7071067811865476,0.0,21196.0,7117.2,26011.0,46.17818181818182,27.03333333333333,27731.87,3129.5,548.0,134.5,0.0,3712.0,1.4688741,2022
2019-10-14 11:00:00+00:00,19.442507,22.79031588,0.226115685508288,-0.9741004551724206,6219253.0,12.95,-0.9659258262890682,0.258819045102521,1.0,31614.0,6111.4,41485.0,45.79750000000001,21.166666666666668,43836.06,3095.0,435.0,3500.5,1594946.4,11421.0,4.117615,2019
2023-01-12 23:00:00+00:00,9.379955,89.55725625000001,0.9787400799669153,0.2051044998686192,9141747.0,45.0,0.9659258262890684,-0.2588190451025207,1.0,26229.0,7117.2,43665.0,61.26818181818182,13.1,41324.47,5317.0,1156.0,8.3,0.0,7319.0,3.0126863,2023
2022-04-12 00:00:00+00:00,12.725056,80.46928043999999,-0.18399835165768,0.9829265519799822,7441893.0,98.0,1.0,0.0,1.0,21963.0,7055.5,33463.0,120.91272727272728,14.666666666666666,37294.75,2333.7,1061.0,6.9,0.0,10660.0,3.9170675,2022
2018-01-14 22:00:00+00:00,7.0785995,15.1252596,0.9711000518829505,0.2386727660059501,5284527.7,21.5,0.8660254037844384,-0.5000000000000004,0.0,30426.0,7117.2,56470.0,240.41666666666663,8.95,64917.11,6051.8,1128.0,12.7,0.0,2969.0,2.1898918,2018
2020-09-23 20:00:00+00:00,20.522112,17.2389636,-0.1159345995955006,-0.9932568492674144,8554046.0,11.8,0.5000000000000001,-0.8660254037844386,1.0,28256.0,7117.2,36680.0,62.379090909090905,22.100000000000005,37017.06,5689.3,564.0,74.9,0.0,4398.0,4.2355027,2020
2022-12-04 11:00:00+00:00,11.008822,80.46928043999999,0.893918596519257,-0.4482293417404106,5768825.0,40.0,-0.9659258262890682,0.258819045102521,0.0,25264.0,7117.2,37365.0,41.166363636363634,6.7,58519.27,4317.2,868.0,6058.2,1058876.8,2064.0,2.9980462,2022
2018-07-22 18:00:00+00:00,25.259714,15.1252596,-0.9383773917408642,-0.3456123126707333,10732748.9,25.2,-1.8369701987210292e-16,-1.0,0.0,27121.0,7117.2,42450.0,57.873333333333335,23.450000000000003,39286.59,4978.0,1090.0,1950.1,954621.3,4297.0,2.0888276,2018
2019-10-07 10:00:00+00:00,20.853104,22.79031588,0.1073813466641621,-0.994217906893952,6275794.0,14.25,-0.8660254037844387,0.4999999999999999,1.0,32362.0,6111.4,42000.0,43.09916666666667,20.3,49291.17,5799.9,430.0,5350.2,1721632.0,4572.0,3.7509224,2019
2020-11-26 10:00:00+00:00,13.4149885,17.2389636,0.83355577183857,-0.5524353131676195,8494958.0,16.0,-0.8660254037844387,0.4999999999999999,1.0,33903.0,7117.2,50167.0,57.78727272727272,12.833333333333334,61943.97,4755.4,855.0,1264.3,609846.3,9611.0,5.9476376,2020
2018-11-22 00:00:00+00:00,10.738252,15.1252596,0.7829801036770624,-0.622046748440868,7927348.0,26.8,1.0,0.0,1.0,25043.0,5110.1,46725.0,107.99416666666666,13.5,64131.85,3051.0,1070.0,3.4,0.0,7056.0,4.1978655,2018
2023-03-26 14:00:00+00:00,17.670303,89.55725625000001,0.107381346664163,0.994217906893952,10128378.0,41.94,-0.8660254037844386,-0.5000000000000001,0.0,21010.0,7117.2,36013.0,52.7790909090909,14.733333333333334,24958.64,4659.0,812.0,14065.5,2555116.8,14169.0,7.039527,2023
2023-03-12 05:00:00+00:00,12.653962,89.55725625000001,0.3415707691678556,0.9398560579418954,9735057.0,55.0,0.2588190451025207,0.9659258262890684,0.0,19159.0,7117.2,35275.0,89.09909090909092,13.8,37368.92,3792.2,1260.0,9.6,0.0,7869.0,3.5216506,2023
