timestamp,air_temp_era5_FR,carbon_price_FR,day_of_year_cos,day_of_year_sin,filling_rate_FR,gas_price_FR,hour_cos,hour_sin,isworkingday_FR,load_da_FR,nuclear_avail_esios_ES,nuclear_avail_rte_FR,river_flow_mean_FR,river_temp_FR,rl_BE,rl_DE_LU,rl_ES,rl_IT_NORD,run_off_gen_FR,solar_da_FR,ssrd_FR,wind_da_FR,wind_speed_100m_FR,year
2022-03-23 16:00:00+00:00,14.196267,80.46928043999999,0.1585593851031345,0.9873494423939864,1369050.0,109.0,-0.5000000000000004,-0.8660254037844385,1.0,48850.0,6053.3,43435.0,208.0700429385429,10.834166712231102,9551.905,57400.1475,14713.7,20806.0,4080.0,3092.98,1364715.4,2087.11,3.6746242,2022
2022-06-29 02:00:00+00:00,15.407274,80.46928043999999,-0.99907411510223,0.0430222330045305,2482855.0,140.55,0.8660254037844387,0.4999999999999999,1.0,36450.0,7117.2,38795.0,198.92442409442413,19.27125008900959,7451.61,33732.87,19872.55,16880.0,3074.0,0.0,0.0,1872.06,2.2633467,2022
2022-08-13 12:00:00+00:00,27.423498,80.46928043999999,-0.7441039398713605,-0.6680638642135336,2280964.0,210.5,-1.0,1.2246467991473532e-16,0.0,43950.0,7117.2,36291.0,114.89604756539754,24.059583346049,3839.7425,16393.877499999995,16200.4,10111.0,1759.0,10107.2,2818566.8,1902.9,1.6320949,2022
2022-08-13 10:00:00+00:00,25.890686,80.46928043999999,-0.7441039398713605,-0.6680638642135336,2280964.0,210.5,-0.8660254037844387,0.4999999999999999,0.0,44000.0,7117.2,36291.0,114.89604756539754,22.895749727884933,4063.2725,16806.0075,17241.8,9298.0,1678.0,9358.92,2352354.5,1811.02,1.4950688,2022
2022-08-14 00:00:00+00:00,20.547304,80.46928043999999,-0.7324940716135788,-0.6807734094770164,2280964.0,216.0,1.0,0.0,0.0,35000.0,7117.2,36811.0,115.44113513986017,22.26358334223429,5947.1625,30683.6775,17724.65,10434.0,1781.0,0.0,0.0,4138.6,1.3911295,2022
2022-04-17 20:00:00+00:00,12.1725855,80.46928043999999,-0.2678143051621742,0.9634705485641488,1229508.0,96.5,0.5000000000000001,-0.8660254037844386,0.0,41600.0,7006.5,41838.0,236.1256757020757,14.433055559794129,6691.22,33229.895000000004,15225.5,13088.0,5290.0,0.0,266.48068,3666.51,1.0594714,2022
2022-07-19 02:00:00+00:00,21.296598,80.46928043999999,-0.9549667548552552,-0.2967128192734901,2382772.0,151.6,0.8660254037844387,0.4999999999999999,1.0,39050.0,7117.2,34490.0,140.9258976088726,23.569333235422764,6521.674999999999,41297.41,19046.475,17923.0,2793.0,0.0,0.0,5810.77,2.9008536,2022
2022-07-04 04:00:00+00:00,15.663391,80.46928043999999,-0.99907411510223,-0.0430222330045303,2469618.0,162.6,0.5000000000000001,0.8660254037844386,1.0,37950.0,7117.2,38380.0,194.1288931827432,20.28099997838339,7886.525,42036.38,18358.275,17905.0,3317.0,8.44,3260.7837,1649.05,2.5210855,2022
2022-07-25 00:00:00+00:00,20.761332,80.46928043999999,-0.9192859697186104,-0.3935902766564669,2312574.0,168.57,1.0,0.0,1.0,38450.0,7117.2,34992.0,148.19598463573462,23.383583545684832,6542.9275,24001.535,19630.925,14821.0,2306.0,0.0,0.0,2667.88,3.805598,2022
2022-07-25 11:00:00+00:00,24.737246,80.46928043999999,-0.9192859697186104,-0.3935902766564669,2312574.0,168.57,-0.9659258262890682,0.258819045102521,1.0,55100.0,7117.2,34992.0,148.19598463573462,22.21799993515016,3547.187500000001,23404.120000000003,19662.175,22909.0,2860.0,9232.75,2410871.0,7036.1,5.439355,2022
2022-08-05 06:00:00+00:00,19.1297,80.46928043999999,-0.8287700871745037,-0.5595892624101767,2274044.0,195.0,6.123233995736766e-17,1.0,1.0,43400.0,7117.2,36306.0,136.83769295519298,21.213000138600663,7896.567499999999,49379.44500000001,18767.2,21033.0,2613.0,1272.27,235119.7,2345.8,3.3432097,2022
2022-08-20 11:00:00+00:00,22.362967,80.46928043999999,-0.6584015846980489,-0.7526668275320083,2249940.0,254.0,-0.9659258262890682,0.258819045102521,0.0,42400.0,7117.2,35156.0,182.53423222610724,20.217750231424965,4478.947499999999,31129.834999999995,11377.675,8838.0,2612.0,9703.42,2326860.0,1283.78,2.4729261,2022
2022-08-24 21:00:00+00:00,21.614891,80.46928043999999,-0.6050560696488494,-0.7961828637826154,2250959.0,293.0,0.7071067811865474,-0.7071067811865477,1.0,47900.0,7117.2,33816.0,146.15470664335666,22.53075043360392,8411.2275,34899.5075,23131.525,15343.0,2536.0,0.0,0.0,2934.47,2.2247674,2022
2022-11-24 15:00:00+00:00,11.636216,80.46928043999999,0.8039279618328213,-0.5947266869607633,2518920.0,118.0,-0.7071067811865477,-0.7071067811865475,1.0,56300.0,6071.9,44984.0,247.18651651400128,8.60833326975504,7031.4725,59966.49249999999,18548.925,24813.0,4633.0,1331.02,403558.75,8643.9,6.4938774,2022
2022-12-20 00:00:00+00:00,10.303161,80.46928043999999,0.9821256058680004,-0.1882267098432448,2142607.0,104.7,1.0,0.0,1.0,55000.0,7117.2,51190.0,208.25266973879584,6.443833351135255,5532.7475,17043.237499999996,11654.3,14554.0,3081.0,0.0,0.0,12428.87,8.706929,2022
2022-07-21 10:00:00+00:00,22.968637,80.46928043999999,-0.9441875088341996,-0.3294084822245298,2382772.0,150.5,-0.8660254037844387,0.4999999999999999,1.0,54750.0,7117.2,37255.0,151.18897646520145,22.70633363723756,5708.790000000001,32879.18749999999,19806.375,22552.0,2975.0,9074.04,2219806.5,1081.78,1.0201933,2022
2022-04-05 22:00:00+00:00,8.542108,80.46928043999999,-0.0645084494493162,0.9979171608653922,1197120.0,108.72,0.8660254037844384,-0.5000000000000004,1.0,57000.0,6005.6,43095.0,230.59408111518115,8.988111098607368,6048.917500000001,31987.315,21100.2,16502.0,3656.0,0.0,0.0,4653.46,3.9717684,2022
2022-11-24 13:00:00+00:00,11.983898,80.46928043999999,0.8039279618328213,-0.5947266869607633,2518920.0,118.0,-0.9659258262890684,-0.2588190451025203,1.0,58100.0,6071.9,44984.0,247.18651651400128,8.507000048955277,6004.9075,55311.69,16023.4,22294.0,4452.0,4378.98,837446.4,7572.05,6.590132,2022
2022-12-20 06:00:00+00:00,10.000829,80.46928043999999,0.9821256058680004,-0.1882267098432448,2142607.0,104.7,6.123233995736766e-17,1.0,1.0,61500.0,7117.2,51190.0,208.25266973879584,6.494833429654439,7237.014999999999,33658.1075,18688.05,23359.0,3762.0,0.0,0.0,12578.69,7.518933,2022
2022-11-04 21:00:00+00:00,9.539318,80.46928043999999,0.5560174366570438,-0.8311706263658084,2455704.0,59.0,0.7071067811865474,-0.7071067811865477,1.0,46950.0,6071.9,40695.0,191.40342435447,11.983666896820072,8091.737499999999,45031.3425,17731.35,16064.0,3809.0,0.0,0.0,5233.46,6.1636257,2022
2022-03-05 23:00:00+00:00,4.316267,80.46928043999999,0.4520722039323043,0.8919813464595485,1604668.0,211.0,0.9659258262890684,-0.2588190451025207,0.0,59600.0,7117.2,52760.0,231.23152269027267,8.444833331637911,7451.6475,43477.93,16373.0,13512.0,4471.0,0.0,0.0,3062.57,4.9517193,2022
2022-08-08 19:00:00+00:00,24.073181,80.46928043999999,-0.798779372886365,-0.6016240632249223,2280964.0,192.3,0.2588190451025203,-0.9659258262890684,1.0,42850.0,7117.2,37308.0,122.3574742100492,23.417666435241703,7642.394999999999,46574.13250000001,23597.675,18281.0,2515.0,13.91,237779.39,5280.56,4.9136524,2022
2022-11-04 05:00:00+00:00,9.830095,80.46928043999999,0.5560174366570438,-0.8311706263658084,2455704.0,59.0,0.2588190451025207,0.9659258262890684,1.0,44100.0,5066.1,40065.0,191.40342435447,12.54091660181681,7827.299999999999,40649.817500000005,14554.0,17166.0,3335.0,0.0,0.0,7866.05,6.4582434,2022
2022-04-16 21:00:00+00:00,12.164974,80.46928043999999,-0.2511900638848191,0.9679377830240644,1229508.0,99.025,0.7071067811865474,-0.7071067811865477,0.0,45250.0,7046.5,41666.0,256.01031890516884,13.88733355204264,6842.215,34863.41,14309.1,12686.0,5352.0,0.0,0.0,5338.65,4.747374,2022
2022-03-23 03:00:00+00:00,6.167289,80.46928043999999,0.1585593851031345,0.9873494423939864,1369050.0,109.0,0.7071067811865476,0.7071067811865476,1.0,48300.0,6053.3,43435.0,208.0700429385429,9.88500006993612,8201.330000000002,48259.46,9882.5,14613.0,2802.0,0.0,0.0,2960.74,4.9195266,2022
2022-06-02 17:00:00+00:00,21.289436,80.46928043999999,-0.8738071036110806,0.4862727071086904,2156969.0,83.5,-0.2588190451025206,-0.9659258262890684,1.0,49050.0,6113.8,39775.0,197.0432372608872,20.12672222985161,7775.237500000001,49587.2325,20045.125,15187.0,5193.0,2979.46,1297847.9,2116.45,2.4274645,2022
2022-10-23 13:00:00+00:00,19.247938,80.46928043999999,0.3737197147904684,-0.9275416835791968,2315468.0,37.25,-0.9659258262890684,-0.2588190451025203,0.0,37800.0,5066.1,42105.0,195.0747454597737,16.26624997456866,5001.014999999999,28392.8375,752.5250000000015,11774.0,2425.0,5675.9,1239467.8,11951.5,8.09275,2022
2022-08-05 12:00:00+00:00,24.224709,80.46928043999999,-0.8287700871745037,-0.5595892624101767,2274044.0,195.0,-1.0,1.2246467991473532e-16,1.0,50000.0,7117.2,36306.0,136.83769295519298,21.65025011698404,5274.6275000000005,33534.4175,15600.65,20448.0,2238.0,9241.9,2555505.8,3676.78,3.674453,2022
2022-10-22 19:00:00+00:00,16.411205,80.46928043999999,0.3576982388331254,-0.9338372288229252,2315468.0,44.0,0.2588190451025203,-0.9659258262890684,0.0,39950.0,5066.1,41190.0,200.7180950407081,16.268417040506993,8089.295,41425.085,12268.975,15463.0,3548.0,0.0,0.0,3999.56,6.445325,2022
2022-12-21 13:00:00+00:00,11.737082,80.46928043999999,0.9852201067560606,-0.1712931441814778,2142607.0,94.6,-0.9659258262890684,-0.2588190451025203,1.0,60300.0,7117.2,51300.0,224.19761767153943,7.928666671117142,7684.915000000001,48090.935000000005,11254.975,23309.0,4119.0,3532.4,591422.0,9541.84,6.5029836,2022
2022-05-23 19:00:00+00:00,16.255932,80.46928043999999,-0.7775971469736267,0.6287628145958347,1954315.0,81.0,0.2588190451025203,-0.9659258262890684,1.0,44600.0,5122.1,38145.0,227.6560926739927,18.931333435906307,7579.169999999999,31765.335,14169.8,21075.0,5957.0,111.69,194236.94,4757.94,5.5744705,2022
2022-06-29 09:00:00+00:00,20.170725,80.46928043999999,-0.99907411510223,0.0430222330045305,2482855.0,140.55,-0.7071067811865475,0.7071067811865476,1.0,51550.0,7117.2,38795.0,198.92442409442413,19.28525034586587,6390.280000000001,42549.03000000001,17570.85,24423.0,4050.0,8074.49,1889799.4,1249.73,2.414709,2022
2022-11-04 15:00:00+00:00,12.060152,80.46928043999999,0.5560174366570438,-0.8311706263658084,2455704.0,59.0,-0.7071067811865477,-0.7071067811865475,1.0,48400.0,6071.9,40695.0,191.40342435447,12.335583527882893,8338.182499999999,57161.5475,10183.25,22424.0,3762.0,2078.48,638859.56,7247.27,7.0542755,2022
2022-07-27 23:00:00+00:00,18.090483,80.46928043999999,-0.9051931898913976,-0.4250003399695539,2312574.0,209.5,0.9659258262890684,-0.2588190451025207,1.0,40750.0,6121.4,34885.0,136.82670329670327,21.2552498181661,6243.615,36982.6625,21570.4,17646.0,2601.0,0.0,0.0,2763.91,2.6202834,2022
2022-07-21 22:00:00+00:00,20.328478,80.46928043999999,-0.9441875088341996,-0.3294084822245298,2382772.0,150.5,0.8660254037844384,-0.5000000000000004,1.0,45600.0,7117.2,37255.0,152.4938493080993,23.99675035476683,7507.0625,39797.37,21372.7,20442.0,2760.0,0.0,0.0,1895.28,2.1733744,2022
2022-08-09 12:00:00+00:00,26.709263,80.46928043999999,-0.7883050558305256,-0.6152845999633274,2280964.0,190.0,-1.0,1.2246467991473532e-16,1.0,47750.0,7117.2,36888.0,120.84214573944575,22.612499872843426,4318.562499999998,27366.985,16819.475,14679.0,1867.0,10450.78,2994670.2,4144.88,4.357071,2022
2022-08-24 06:00:00+00:00,18.68076,80.46928043999999,-0.6050560696488494,-0.7961828637826154,2250959.0,293.0,6.123233995736766e-17,1.0,1.0,45050.0,7117.2,35146.0,146.15470664335666,20.12449995676677,9041.3025,45662.165,21736.775,17018.0,2242.0,853.88,145036.03,1271.13,1.712145,2022
2022-06-02 12:00:00+00:00,20.88144,80.46928043999999,-0.8738071036110806,0.4862727071086904,2156969.0,83.5,-1.0,1.2246467991473532e-16,1.0,51050.0,6113.8,39775.0,197.0432372608872,19.29150030348037,5796.0575,22479.075,14054.25,9650.0,4203.0,8896.56,2804244.0,1876.26,2.520188,2022
2022-07-27 10:00:00+00:00,21.276558,80.46928043999999,-0.9051931898913976,-0.4250003399695539,2312574.0,209.5,-0.8660254037844387,0.4999999999999999,1.0,51950.0,7117.2,35615.0,140.7987118131868,20.41216643651326,5349.0425,29663.94249999999,20851.7,23810.0,2742.0,9886.74,2144520.8,1830.33,1.8895082,2022
2022-05-29 02:00:00+00:00,11.924817,80.46928043999999,-0.8382797052177741,0.5452404385406513,1954315.0,84.83333333333333,0.8660254037844387,0.4999999999999999,0.0,32550.0,5122.1,37105.0,175.1397263939764,17.88844405280219,6025.385,26255.865,12497.225,12602.0,3512.0,0.0,0.0,3833.92,4.737524,2022
2022-05-28 08:00:00+00:00,16.111652,80.46928043999999,-0.8287700871745035,0.5595892624101769,1954315.0,82.66666666666667,-0.4999999999999998,0.8660254037844387,0.0,41500.0,5122.1,37105.0,186.52801994302,17.402000003390857,5621.522500000001,1659.6275000000023,9646.575,15246.0,4247.0,6382.65,1620391.4,2259.36,4.0930014,2022
2022-07-27 12:00:00+00:00,22.548248,80.46928043999999,-0.9051931898913976,-0.4250003399695539,2312574.0,209.5,-1.0,1.2246467991473532e-16,1.0,51450.0,7117.2,35615.0,140.7987118131868,21.00933281580606,5152.040000000001,26337.237500000003,20873.0,24484.0,2573.0,10468.52,2578058.8,1837.37,1.7314512,2022
2022-08-09 15:00:00+00:00,27.59804,80.46928043999999,-0.7883050558305256,-0.6152845999633274,2280964.0,190.0,-0.7071067811865477,-0.7071067811865475,1.0,45300.0,7117.2,36888.0,120.84214573944575,24.50183375676473,5224.87,37918.240000000005,17385.35,17014.0,2038.0,7543.85,2387562.2,3986.1,4.4646783,2022
2022-07-21 20:00:00+00:00,22.03081,80.46928043999999,-0.9441875088341996,-0.3294084822245298,2382772.0,150.5,0.5000000000000001,-0.8660254037844386,1.0,48300.0,7117.2,37255.0,151.18897646520145,24.50833304723104,7666.3025,44525.2675,24427.4,23476.0,3123.0,0.0,47909.152,1991.74,2.420757,2022
2022-10-28 19:00:00+00:00,16.883331,80.46928043999999,0.4520722039323045,-0.8919813464595484,2419163.0,33.82,0.2588190451025203,-0.9659258262890684,1.0,43650.0,5066.1,40305.0,200.79569442361185,15.614166259765623,8015.775000000001,33857.11,16353.825,18546.0,3107.0,0.0,0.0,2813.36,4.2611437,2022
2022-07-27 15:00:00+00:00,23.48586,80.46928043999999,-0.9051931898913976,-0.4250003399695539,2312574.0,209.5,-0.7071067811865477,-0.7071067811865475,1.0,47800.0,7117.2,34885.0,140.7987118131868,22.2553332646688,6405.0975,34491.95,20183.35,25381.0,2991.0,7715.0,2132463.0,1993.29,1.7936075,2022
2022-10-01 05:00:00+00:00,12.339964,80.46928043999999,0.0043035382962438,-0.99999073973619,2253974.0,153.14,0.2588190451025207,0.9659258262890684,0.0,37950.0,6111.4,38215.0,240.35592109187104,13.66175007820132,4889.6575,15504.254999999996,18020.15,15358.0,3461.0,0.0,0.0,11632.28,7.2068095,2022
2022-06-06 00:00:00+00:00,15.276703,80.46928043999999,-0.9051931898913974,0.4250003399695541,2345706.0,79.25,1.0,0.0,0.0,35600.0,6113.8,38252.0,196.48394820919825,19.49911106957329,5254.110000000001,18187.9675,17736.675,11837.0,3717.0,0.0,0.0,2413.15,3.5279825,2022
2022-03-26 13:00:00+00:00,15.1263,80.46928043999999,0.107381346664163,0.994217906893952,1369050.0,101.66666666666669,-0.9659258262890684,-0.2588190451025203,0.0,45450.0,6053.3,39875.0,189.38260966625964,10.924166652891373,3765.5099999999993,21069.4925,16811.0,11173.0,2507.0,7619.74,2444453.8,5426.17,6.120527,2022
2022-07-25 20:00:00+00:00,21.477652,80.46928043999999,-0.9192859697186104,-0.3935902766564669,2312574.0,168.57,0.5000000000000001,-0.8660254037844386,1.0,49150.0,7117.2,34992.0,148.19598463573462,22.11583328247072,6567.452499999999,37005.8725,23259.55,23711.0,3266.0,0.0,33141.848,6345.71,5.50652,2022
2022-12-13 11:00:00+00:00,4.170538,80.46928043999999,0.9523775757303972,-0.3049212246562894,2190805.0,138.35,-0.9659258262890682,0.258819045102521,1.0,79550.0,7117.2,52100.0,230.8754162755924,4.589916671315828,9089.9225,56660.17999999999,20034.75,25417.0,5072.0,3578.74,585635.8,4053.82,3.5631514,2022
2022-03-26 19:00:00+00:00,12.226946,80.46928043999999,0.107381346664163,0.994217906893952,1369050.0,101.66666666666669,0.2588190451025203,-0.9659258262890684,0.0,49300.0,6053.3,41135.0,189.38260966625964,11.564388751983673,6872.702500000001,48543.11,23752.7,17712.0,4049.0,0.0,13993.048,5980.52,6.496258,2022
2022-02-17 12:00:00+00:00,11.95822,80.46928043999999,0.6776147890466889,0.7354170229639855,1697421.0,72.0,-1.0,1.2246467991473532e-16,1.0,64600.0,7117.2,55741.0,356.2878187627188,8.397999816470673,5532.8150000000005,14792.247499999998,15765.5,20242.0,5248.0,4334.88,1239418.1,11296.15,8.522263,2022
2022-11-28 05:00:00+00:00,8.229359,80.46928043999999,0.8429415373547827,-0.5380051715383,2462887.0,125.5,0.2588190451025207,0.9659258262890684,1.0,52550.0,7117.2,44023.0,203.61916190685324,8.189916531244915,8306.5525,37656.11749999999,9039.625,17285.0,3099.0,0.0,0.0,4548.39,4.9503675,2022
2022-01-08 09:00:00+00:00,5.976121,80.46928043999999,0.9905324521322229,0.1372787721132647,2152112.0,84.33333333333334,-0.7071067811865475,0.7071067811865476,0.0,68900.0,6105.9,55879.0,477.185658038258,6.315889014138116,7604.76,40259.785,14002.5,16321.0,5949.0,1161.24,195135.14,8113.53,7.7161455,2022
2022-12-20 21:00:00+00:00,10.142237,80.46928043999999,0.9821256058680004,-0.1882267098432448,2142607.0,104.7,0.7071067811865474,-0.7071067811865477,1.0,57250.0,7117.2,51300.0,208.25266973879584,7.397416472434998,9176.1925,35033.335,16455.3,17756.0,3982.0,0.0,0.0,6383.98,6.0616817,2022
2022-04-05 08:00:00+00:00,7.545067,80.46928043999999,-0.0645084494493162,0.9979171608653922,1197120.0,108.72,-0.4999999999999998,0.8660254037844387,1.0,67350.0,6021.6,43095.0,230.21333549043555,7.95605545573765,7881.407499999998,39894.655,25358.8,20785.0,5287.0,1814.81,682039.56,4672.45,3.7654347,2022
2022-08-20 13:00:00+00:00,23.522745,80.46928043999999,-0.6584015846980489,-0.7526668275320083,2249940.0,254.0,-0.9659258262890684,-0.2588190451025203,0.0,39400.0,7117.2,34721.0,182.53423222610724,21.248416264851883,4716.164999999999,28735.200000000004,10679.6,9624.0,2572.0,9499.78,2464097.0,1423.99,2.7932718,2022
2022-10-24 14:00:00+00:00,18.07199,80.46928043999999,0.3896304495307877,-0.9209712877166348,2419163.0,30.5,-0.8660254037844386,-0.5000000000000001,1.0,44950.0,5066.1,42105.0,205.68505190703016,15.548500061035169,5736.232500000001,30063.192500000005,15478.6,21470.0,3327.0,4171.55,1072290.0,9946.78,6.7579913,2022
2022-12-09 11:00:00+00:00,5.338124,80.46928043999999,0.9291414114031744,-0.3697245428906732,2374305.0,140.2,-0.9659258262890682,0.258819045102521,1.0,73350.0,7117.2,50960.0,215.17218239329108,5.999583264191944,10228.1825,61777.5,20250.9,19204.0,4888.0,3150.54,588179.75,2109.47,1.6836501,2022
2022-11-18 02:00:00+00:00,9.9384,80.46928043999999,0.7383263540031063,-0.6744436188329457,2499746.0,105.0,0.8660254037844387,0.4999999999999999,1.0,45150.0,6071.9,42039.0,226.74134235724017,11.448916753133147,5575.705,27863.895,12763.5,13576.0,2999.0,0.0,0.0,7687.88,7.037184,2022
2022-03-09 23:00:00+00:00,7.1334815,80.46928043999999,0.3896304495307879,0.9209712877166346,1420843.0,149.75,0.9659258262890684,-0.2588190451025207,1.0,59450.0,7117.2,53170.0,225.6840972120472,8.35349980990092,7521.93,42011.9375,18656.2,15989.0,3385.0,0.0,0.0,6473.64,5.111425,2022
2022-08-14 19:00:00+00:00,22.261585,80.46928043999999,-0.7324940716135788,-0.6807734094770164,2280964.0,216.0,0.2588190451025203,-0.9659258262890684,0.0,39200.0,7117.2,36011.0,115.44113513986017,22.17666721343995,6995.1950000000015,32976.665,19752.275,13711.0,2112.0,1.74,142541.0,3653.65,2.5563524,2022
2022-08-24 07:00:00+00:00,20.469065,80.46928043999999,-0.6050560696488494,-0.7961828637826154,2250959.0,293.0,-0.2588190451025208,0.9659258262890684,1.0,47950.0,7117.2,35146.0,146.15470664335666,20.302750110626224,8515.0775,40409.47,19911.6,16879.0,2198.0,3014.9,562447.1,1073.48,1.6132658,2022
2022-10-28 08:00:00+00:00,16.858427,80.46928043999999,0.4520722039323045,-0.8919813464595484,2419163.0,33.82,-0.4999999999999998,0.8660254037844387,1.0,47550.0,5066.1,40305.0,200.79569442361185,14.812499841054269,6118.1675,41469.3075,16024.75,20141.0,3160.0,1446.61,316817.38,7399.71,4.9246964,2022
2022-02-05 18:00:00+00:00,7.145247,80.46928043999999,0.8140460935082179,0.5808002734538008,1747271.0,79.63333333333334,-1.8369701987210292e-16,-1.0,0.0,66100.0,7117.2,56271.0,243.3844269230769,6.994833509127297,7125.0075,20996.645000000004,21774.9,20424.0,4728.0,0.0,5973.5957,7140.62,5.63768,2022
2022-05-29 17:00:00+00:00,16.872507,80.46928043999999,-0.8382797052177741,0.5452404385406513,1954315.0,84.83333333333333,-0.2588190451025206,-0.9659258262890684,0.0,41350.0,5122.1,37105.0,175.1397263939764,18.73605558607311,7067.297499999999,36727.325,11283.4,15486.0,4041.0,3465.48,1319462.6,3480.05,3.9054122,2022
2022-08-24 01:00:00+00:00,19.009018,80.46928043999999,-0.6050560696488494,-0.7961828637826154,2250959.0,293.0,0.9659258262890684,0.2588190451025207,1.0,36750.0,7117.2,34710.0,146.15470664335666,20.834749857584644,7540.1725,34306.11,18894.175,12978.0,2040.0,0.0,0.0,1209.92,1.0490757,2022
2022-06-07 15:00:00+00:00,20.429209,80.46928043999999,-0.9123747579707272,0.4093559588156217,2345706.0,79.0,-0.7071067811865477,-0.7071067811865475,1.0,46850.0,6113.8,39125.0,209.5169253154253,19.780389044019923,8617.195,33145.365000000005,15154.475,21897.0,4233.0,6560.5,1942566.0,5081.12,5.029929,2022
2022-04-02 04:00:00+00:00,2.1260734,80.46928043999999,-0.012910296075009,0.999916658654738,1334846.0,110.61,0.5000000000000001,0.8660254037844386,0.0,56200.0,6041.6,41340.0,218.9799258038258,8.190666715304047,6836.349999999999,27066.895,11360.1,14815.0,3656.0,0.0,0.0,7786.31,6.973814,2022
2022-04-21 01:00:00+00:00,8.973952,80.46928043999999,-0.3334687789181868,0.9427611433904208,1338623.0,95.97,0.9659258262890684,0.2588190451025207,1.0,40550.0,6986.5,42013.0,240.59830362230363,12.614444414774573,6192.195,36920.345,9860.0,14014.0,4346.0,0.0,0.0,3582.37,3.047993,2022
2022-01-08 17:00:00+00:00,7.1633167,80.46928043999999,0.9905324521322229,0.1372787721132647,2152112.0,84.33333333333334,-0.2588190451025206,-0.9659258262890684,0.0,66950.0,6105.9,57525.0,477.185658038258,6.663888971010842,7244.32,31730.455,16313.4,18971.0,6227.0,0.0,20306.621,15408.38,8.990398,2022
2022-11-07 13:00:00+00:00,15.72261,80.46928043999999,0.5981809144059166,-0.8013610881746764,2495545.0,53.0,-0.9659258262890684,-0.2588190451025203,1.0,51050.0,6071.9,40805.0,179.01824777316085,11.033250133196532,6283.2975,34292.55750000001,9524.0,19412.0,2898.0,6308.95,1155169.2,10452.44,6.965208,2022
2022-11-04 22:00:00+00:00,9.217756,80.46928043999999,0.5560174366570438,-0.8311706263658084,2455704.0,59.0,0.8660254037844384,-0.5000000000000004,1.0,50100.0,6071.9,40695.0,191.40342435447,11.926916599273692,7948.892500000001,41634.4825,15977.05,13630.0,3738.0,0.0,0.0,4843.77,5.688302,2022
2022-06-29 08:00:00+00:00,19.2386,80.46928043999999,-0.99907411510223,0.0430222330045305,2482855.0,140.55,-0.4999999999999998,0.8660254037844387,1.0,50750.0,7117.2,38795.0,198.92442409442413,18.98950020472208,6794.09,43136.537500000006,18515.275,24683.0,4006.0,6402.49,1422179.8,1473.3,2.3080065,2022
2022-12-09 18:00:00+00:00,4.7725506,80.46928043999999,0.9291414114031744,-0.3697245428906732,2374305.0,140.2,-1.8369701987210292e-16,-1.0,1.0,73350.0,7117.2,50725.0,215.17218239329108,6.334000051021576,10882.205,62033.775,21513.6,20821.0,5710.0,0.0,0.0,1775.15,2.9928985,2022
2022-03-22 02:00:00+00:00,7.3671927,80.46928043999999,0.1755314904214282,0.9844738167520922,1369050.0,98.85,0.8660254037844387,0.4999999999999999,1.0,47700.0,6053.3,45455.0,215.7405109686609,9.876999775568637,7877.1625,43393.9875,9994.0,14424.0,2885.0,0.0,0.0,5045.56,6.795479,2022
2022-04-02 06:00:00+00:00,1.9896526,80.46928043999999,-0.012910296075009,0.999916658654738,1334846.0,110.61,6.123233995736766e-17,1.0,0.0,60750.0,6041.6,41340.0,218.9799258038258,7.9556666347715534,7363.9575,32108.615000000005,13216.7,16440.0,4194.0,0.0,29357.424,7714.41,6.964619,2022
2022-10-22 01:00:00+00:00,15.195827,80.46928043999999,0.3576982388331254,-0.9338372288229252,2315468.0,44.0,0.9659258262890684,0.2588190451025207,0.0,34450.0,5066.1,41120.0,200.7180950407081,15.844666798909516,4530.2225,38306.1375,12539.25,13261.0,3107.0,0.0,0.0,4879.49,6.237789,2022
2022-05-23 16:00:00+00:00,18.07716,80.46928043999999,-0.7775971469736267,0.6287628145958347,1954315.0,81.0,-0.5000000000000004,-0.8660254037844385,1.0,47600.0,5122.1,38145.0,227.6560926739927,19.17455524868437,9270.7975,35874.365,9369.3,20776.0,5786.0,3721.08,1322685.0,6950.69,5.329518,2022
2022-02-17 22:00:00+00:00,9.376048,80.46928043999999,0.6776147890466889,0.7354170229639855,1697421.0,72.0,0.8660254037844384,-0.5000000000000004,1.0,60400.0,7117.2,54831.0,356.2878187627188,8.813611030578612,7730.664999999999,21153.705,23084.7,17813.0,5860.0,0.0,0.0,5938.77,5.786857,2022
2022-08-08 13:00:00+00:00,26.308088,80.46928043999999,-0.798779372886365,-0.6016240632249223,2280964.0,192.3,-0.9659258262890684,-0.2588190451025203,1.0,46950.0,7117.2,36099.0,122.3574742100492,23.01475032170616,5473.745,29908.6375,17046.0,16706.0,1880.0,10094.61,2929592.8,4119.39,3.840346,2022
2022-03-09 20:00:00+00:00,8.350102,80.46928043999999,0.3896304495307879,0.9209712877166346,1420843.0,149.75,0.5000000000000001,-0.8660254037844386,1.0,61550.0,7117.2,53170.0,228.0852643060643,8.463777780532835,8559.057499999999,48049.5025,25205.7,21900.0,4427.0,0.0,0.0,6534.74,5.655271,2022
2022-06-02 08:00:00+00:00,17.29479,80.46928043999999,-0.8738071036110806,0.4862727071086904,2156969.0,83.5,-0.4999999999999998,0.8660254037844387,1.0,50350.0,6113.8,40395.0,197.0432372608872,18.444277657402896,7158.5725,27615.305,17927.25,10773.0,4076.0,5490.85,1494199.5,2154.18,2.9652877,2022
2022-08-24 12:00:00+00:00,26.589802,80.46928043999999,-0.6050560696488494,-0.7961828637826154,2250959.0,293.0,-1.0,1.2246467991473532e-16,1.0,51000.0,7117.2,35146.0,146.15470664335666,22.56383291880291,7241.07,30085.0225,17281.475,15378.0,2083.0,9816.02,2552263.5,897.33,1.6348683,2022
2022-03-07 09:00:00+00:00,3.9562142,80.46928043999999,0.4211008707960896,0.907013812802636,1420843.0,227.0,-0.7071067811865475,0.7071067811865476,1.0,71450.0,7117.2,52760.0,236.381658038258,7.141833477550083,8206.1175,43295.5425,25079.1,22401.0,5122.0,5125.59,990687.9,4132.97,5.044524,2022
2022-06-07 17:00:00+00:00,20.034052,80.46928043999999,-0.9123747579707272,0.4093559588156217,2345706.0,79.0,-0.2588190451025206,-0.9659258262890684,1.0,49450.0,6113.8,39125.0,209.5169253154253,19.844110912746867,9013.37,44293.4625,18012.475,22075.0,5312.0,2955.79,1122385.5,3681.82,4.735416,2022
2022-08-09 18:00:00+00:00,26.212746,80.46928043999999,-0.7883050558305256,-0.6152845999633274,2280964.0,190.0,-1.8369701987210292e-16,-1.0,1.0,44750.0,7117.2,36888.0,120.84214573944575,24.10991652806599,6973.81,47741.49,21641.0,18023.0,2440.0,875.04,722857.25,4980.12,4.9017158,2022
2022-05-23 05:00:00+00:00,15.431691,80.46928043999999,-0.7775971469736267,0.6287628145958347,1954315.0,81.0,0.2588190451025207,0.9659258262890684,1.0,43300.0,5122.1,38145.0,227.6560926739927,19.102333492702908,8817.797499999999,38911.8775,19852.2,18736.0,5598.0,278.98,66619.43,3921.43,1.8396513,2022
2022-06-29 07:00:00+00:00,18.050695,80.46928043999999,-0.99907411510223,0.0430222330045305,2482855.0,140.55,-0.2588190451025208,0.9659258262890684,1.0,49500.0,7117.2,38795.0,198.92442409442413,18.80083322525024,7535.004999999999,44628.87,19671.025,25278.0,4020.0,4222.21,933267.94,1697.99,2.2421756,2022
2022-10-07 07:00:00+00:00,12.351793,80.46928043999999,0.1073813466641621,-0.994217906893952,2313405.0,105.0,-0.2588190451025208,0.9659258262890684,1.0,49850.0,6111.4,38010.0,216.8753104416517,15.003833134969067,6527.077500000001,38363.4625,22470.325,21459.0,3506.0,657.44,150513.5,1484.47,1.7173051,2022
2022-05-23 11:00:00+00:00,18.48149,80.46928043999999,-0.7775971469736267,0.6287628145958347,1954315.0,81.0,-0.9659258262890682,0.258819045102521,1.0,52450.0,5122.1,38145.0,227.6560926739927,19.027833408779568,8479.197499999998,24968.192500000005,13015.4,18524.0,5500.0,5685.8,1922210.1,5486.47,3.7509608,2022
2022-07-19 15:00:00+00:00,29.533165,80.46928043999999,-0.9549667548552552,-0.2967128192734901,2382772.0,151.6,-0.7071067811865477,-0.7071067811865475,1.0,55250.0,7117.2,34490.0,140.9258976088726,24.89975023269653,5708.884999999999,36270.15,17618.425,25728.0,3146.0,7174.51,2491409.8,4929.33,2.5603192,2022
2022-12-09 17:00:00+00:00,5.0159245,80.46928043999999,0.9291414114031744,-0.3697245428906732,2374305.0,140.2,-0.2588190451025206,-0.9659258262890684,1.0,72700.0,7117.2,50960.0,215.17218239329108,6.32099986076355,11326.025,64628.20500000001,21774.775,21276.0,5632.0,0.0,4198.3125,1810.29,2.913699,2022
2022-10-22 03:00:00+00:00,14.767394,80.46928043999999,0.3576982388331254,-0.9338372288229252,2315468.0,44.0,0.7071067811865476,0.7071067811865476,0.0,33350.0,5066.1,41120.0,200.7180950407081,15.792666355768866,4645.049999999999,39123.085,12293.25,13391.0,3083.0,0.0,0.0,4352.77,5.604458,2022
2022-06-05 19:00:00+00:00,18.216204,80.46928043999999,-0.8977433935342337,0.440518784350495,2156969.0,80.3125,0.2588190451025203,-0.9659258262890684,0.0,40150.0,6113.8,37305.0,195.9685617012617,20.05261092715793,7204.637499999999,25169.3525,21109.525,16379.0,4237.0,266.05,276680.44,4486.35,4.4449377,2022
2022-10-18 05:00:00+00:00,14.766646,80.46928043999999,0.2926003356333479,-0.9562348265919058,2315468.0,72.5,0.2588190451025207,0.9659258262890684,1.0,45500.0,5066.1,39189.0,157.90778255689554,16.171999931335467,9888.69,56153.2175,16787.825,20896.0,2565.0,0.0,0.0,2198.4,3.4958987,2022
2022-05-29 15:00:00+00:00,17.486917,80.46928043999999,-0.8382797052177741,0.5452404385406513,1954315.0,84.83333333333333,-0.7071067811865477,-0.7071067811865475,0.0,37100.0,5122.1,37105.0,175.1397263939764,18.72794426812065,5621.4825,24700.605,6054.6500000000015,13012.0,3557.0,7874.08,2326656.5,3455.02,3.8377032,2022
2022-02-05 17:00:00+00:00,7.9376054,80.46928043999999,0.8140460935082179,0.5808002734538008,1747271.0,79.63333333333334,-0.2588190451025206,-0.9659258262890684,0.0,62600.0,7117.2,56271.0,243.3844269230769,7.088555614153542,7514.8025,23753.0475,19598.9,20637.0,4311.0,0.0,146664.77,6677.62,5.478022,2022
2022-06-29 23:00:00+00:00,16.540531,80.46928043999999,-0.99907411510223,0.0430222330045305,2482855.0,140.55,0.9659258262890684,-0.2588190451025207,1.0,40650.0,7117.2,39400.0,193.0176474765975,20.59075021743775,7868.92,35442.442500000005,17192.55,17491.0,3357.0,0.0,0.0,1733.87,2.2627585,2022
2022-05-23 13:00:00+00:00,18.686138,80.46928043999999,-0.7775971469736267,0.6287628145958347,1954315.0,81.0,-0.9659258262890684,-0.2588190451025203,1.0,49700.0,5122.1,38145.0,227.6560926739927,19.161111195882143,8720.2025,25020.0725,10506.7,19634.0,5098.0,6012.77,1972381.5,6568.94,4.629077,2022
2022-07-15 21:00:00+00:00,21.253374,80.46928043999999,-0.973118337233262,-0.2303056702306119,2462110.0,154.25,0.7071067811865474,-0.7071067811865477,1.0,48650.0,7117.2,35950.0,147.32695785510785,24.236333052317303,8316.715,39054.1075,24264.4,20650.0,3059.0,0.0,697.2171,3040.49,2.9333298,2022
2022-12-13 21:00:00+00:00,4.5480003,80.46928043999999,0.9523775757303972,-0.3049212246562894,2190805.0,138.35,0.7071067811865474,-0.7071067811865477,1.0,69800.0,7117.2,52100.0,230.8754162755924,4.915000051259997,9330.1,45807.855,15124.25,20374.0,4421.0,0.0,0.0,3181.54,3.8594518,2022
2022-08-25 10:00:00+00:00,23.855686,80.46928043999999,-0.5912614448635782,-0.8064799463209447,2250959.0,308.7,-0.8660254037844387,0.4999999999999999,1.0,52600.0,7117.2,34046.0,137.649736959337,22.48691670099892,6625.745000000001,27066.6875,15107.6,16354.0,2238.0,7917.27,1860191.2,1424.01,1.803346,2022
2022-04-05 03:00:00+00:00,5.5723553,80.46928043999999,-0.0645084494493162,0.9979171608653922,1197120.0,108.72,0.7071067811865476,0.7071067811865476,1.0,55300.0,6021.6,43455.0,230.21333549043555,8.015277849303343,5845.805,24410.422500000004,13715.2,15758.0,3723.0,0.0,0.0,5776.17,4.14333,2022
2022-12-09 04:00:00+00:00,4.282823,80.46928043999999,0.9291414114031744,-0.3697245428906732,2374305.0,140.2,0.5000000000000001,0.8660254037844386,1.0,60300.0,7117.2,50950.0,215.17218239329108,6.05824998021126,8796.1725,51443.7725,12849.5,12741.0,2682.0,0.0,0.0,3045.86,2.083081,2022
2022-10-23 10:00:00+00:00,17.981386,80.46928043999999,0.3737197147904684,-0.9275416835791968,2315468.0,37.25,-0.8660254037844387,0.4999999999999999,0.0,41800.0,5066.1,42105.0,195.0747454597737,15.710583448410034,5483.964999999999,27920.0175,2583.05,12504.0,2855.0,5212.36,968656.3,9487.62,6.7737947,2022
2022-07-25 21:00:00+00:00,20.721474,80.46928043999999,-0.9192859697186104,-0.3935902766564669,2312574.0,168.57,0.7071067811865474,-0.7071067811865477,1.0,50200.0,7117.2,34992.0,148.19598463573462,22.1297500928243,6599.959999999999,34487.4525,21480.525,22289.0,3162.0,0.0,69.05436,5394.98,5.2979035,2022
2022-11-07 22:00:00+00:00,12.364026,80.46928043999999,0.5981809144059166,-0.8013610881746764,2495545.0,53.0,0.8660254037844384,-0.5000000000000004,1.0,47900.0,6071.9,40805.0,179.01824777316085,11.2028333346049,5001.07,27981.417500000003,12751.5,15501.0,3200.0,0.0,0.0,10883.08,8.828103,2022
2022-02-05 03:00:00+00:00,5.3529444,80.46928043999999,0.8140460935082179,0.5808002734538008,1747271.0,79.63333333333334,0.7071067811865476,0.7071067811865476,0.0,54300.0,7117.2,56731.0,243.3844269230769,6.7824444770813,5719.4575,11117.7275,15525.2,14549.0,3060.0,0.0,0.0,4397.47,5.0375586,2022
2022-03-23 08:00:00+00:00,8.68837,80.46928043999999,0.1585593851031345,0.9873494423939864,1369050.0,109.0,-0.4999999999999998,0.8660254037844387,1.0,60350.0,6053.3,43435.0,208.0700429385429,9.449444505903465,8188.985,42096.905,16851.3,20495.0,3841.0,3993.34,823506.06,2386.95,4.410328,2022
2022-10-23 04:00:00+00:00,15.506598,80.46928043999999,0.3737197147904684,-0.9275416835791968,2315468.0,37.25,0.5000000000000001,0.8660254037844386,0.0,32150.0,5066.1,42093.0,195.0747454597737,15.532166878382366,4893.67,38054.945,4551.35,11289.0,2369.0,0.0,0.0,7341.31,6.601843,2022
2022-04-16 06:00:00+00:00,9.731893,80.46928043999999,-0.2511900638848191,0.9679377830240644,1229508.0,99.025,6.123233995736766e-17,1.0,0.0,41400.0,7046.5,41666.0,256.01031890516884,12.697222232818582,7026.347499999999,32944.082500000004,14782.4,13789.0,5290.0,698.8,141013.58,3546.53,3.2211108,2022
2022-12-13 13:00:00+00:00,4.9789147,80.46928043999999,0.9523775757303972,-0.3049212246562894,2190805.0,138.35,-0.9659258262890684,-0.2588190451025203,1.0,75800.0,7117.2,52100.0,230.8754162755924,4.734000027179718,9707.55,59638.5575,20260.8,25410.0,5524.0,3395.63,607469.94,3299.34,3.474221,2022
2022-03-09 19:00:00+00:00,8.946566,80.46928043999999,0.3896304495307879,0.9209712877166346,1420843.0,149.75,0.2588190451025203,-0.9659258262890684,1.0,65700.0,7117.2,53170.0,228.0852643060643,8.503555324342516,9222.927500000002,51952.005000000005,25233.0,23708.0,4959.0,0.0,446.16205,5908.68,5.77669,2022
2022-09-07 22:00:00+00:00,17.84377,80.46928043999999,-0.3975428142825566,-0.9175836260593934,2240533.0,208.3,0.8660254037844384,-0.5000000000000004,1.0,42000.0,7117.2,36396.0,154.6485168285418,20.190833409627285,7487.235,39778.6675,20068.05,16545.0,2649.0,0.0,0.0,3649.33,5.01043,2022
2022-11-18 01:00:00+00:00,10.149246,80.46928043999999,0.7383263540031063,-0.6744436188329457,2499746.0,105.0,0.9659258262890684,0.2588190451025207,1.0,47400.0,6071.9,42039.0,226.74134235724017,11.495333353678388,5483.835,27114.26,12504.75,13754.0,2987.0,0.0,0.0,7863.77,7.0291333,2022
2022-01-08 13:00:00+00:00,7.802014,80.46928043999999,0.9905324521322229,0.1372787721132647,2152112.0,84.33333333333334,-0.9659258262890684,-0.2588190451025203,0.0,66600.0,6105.9,57209.0,477.185658038258,6.517055597570206,6707.1225,33076.27250000001,10419.4,14165.0,5466.0,2408.99,653668.4,14071.96,8.979208,2022
2022-12-20 22:00:00+00:00,10.070628,80.46928043999999,0.9821256058680004,-0.1882267098432448,2142607.0,104.7,0.8660254037844384,-0.5000000000000004,1.0,58700.0,7117.2,51300.0,208.25266973879584,7.435583392779033,9038.5725,33986.53,13351.775,15991.0,3729.0,0.0,0.0,6209.42,5.8822355,2022
2022-02-17 23:00:00+00:00,9.211631,80.46928043999999,0.6776147890466889,0.7354170229639855,1697421.0,72.0,0.9659258262890684,-0.2588190451025207,1.0,57450.0,7117.2,54831.0,441.3016996743996,8.805500030517576,7467.450000000001,17713.460000000006,21472.4,16656.0,5892.0,0.0,0.0,5751.36,5.904081,2022
2022-08-08 02:00:00+00:00,17.80539,80.46928043999999,-0.798779372886365,-0.6016240632249223,2280964.0,192.3,0.8660254037844387,0.4999999999999999,1.0,32600.0,7117.2,36099.0,122.3574742100492,20.56741666793821,6928.145,37435.9725,16264.975,11826.0,1924.0,0.0,0.0,4414.82,4.7036767,2022
2022-08-09 14:00:00+00:00,27.525152,80.46928043999999,-0.7883050558305256,-0.6152845999633274,2280964.0,190.0,-0.8660254037844386,-0.5000000000000001,1.0,46050.0,7117.2,36888.0,120.84214573944575,24.01166645685832,4586.205000000002,32550.515,16747.6,16538.0,1962.0,9083.77,2768267.0,4039.69,4.338019,2022
2022-10-18 13:00:00+00:00,20.602179,80.46928043999999,0.2926003356333479,-0.9562348265919058,2315468.0,72.5,-0.9659258262890684,-0.2588190451025203,1.0,47800.0,5066.1,39189.0,157.90778255689554,17.238999764124568,7438.307500000001,41599.0725,7064.349999999999,19563.0,2074.0,6951.57,1635053.4,1935.63,3.3664472,2022
2022-06-05 10:00:00+00:00,18.870018,80.46928043999999,-0.8977433935342337,0.440518784350495,2156969.0,80.3125,-0.8660254037844387,0.4999999999999999,0.0,42850.0,6113.8,36745.0,195.9685617012617,19.76249959733749,6937.442500000001,12646.042500000003,9134.65,10436.0,3917.0,7143.76,1892352.0,3019.05,2.522459,2022
2022-07-21 09:00:00+00:00,22.040909,80.46928043999999,-0.9441875088341996,-0.3294084822245298,2382772.0,150.5,-0.7071067811865475,0.7071067811865476,1.0,53800.0,7117.2,37255.0,151.18897646520145,22.35649967193605,5968.702499999999,36515.55249999999,19398.95,23897.0,2883.0,8000.64,1772528.2,1028.23,1.4174988,2022
2022-11-18 09:00:00+00:00,9.843616,80.46928043999999,0.7383263540031063,-0.6744436188329457,2499746.0,105.0,-0.7071067811865475,0.7071067811865476,1.0,57500.0,6071.9,42039.0,226.74134235724017,10.979583303133657,8055.0275,42191.31749999999,18068.1,22478.0,3833.0,2236.63,394102.6,5468.87,6.2299657,2022
2022-05-23 09:00:00+00:00,17.71265,80.46928043999999,-0.7775971469736267,0.6287628145958347,1954315.0,81.0,-0.7071067811865475,0.7071067811865476,1.0,51050.0,5122.1,38145.0,227.6560926739927,19.06222237481011,8483.775000000001,28438.795000000013,16726.0,20017.0,5565.0,4642.12,1453685.5,4619.34,2.8343527,2022
2022-11-04 02:00:00+00:00,10.34482,80.46928043999999,0.5560174366570438,-0.8311706263658084,2455704.0,59.0,0.8660254037844387,0.4999999999999999,1.0,39600.0,5066.1,40065.0,191.40342435447,12.685583273569724,6522.455,25639.135,13196.9,13293.0,2848.0,0.0,0.0,9576.03,6.6279006,2022
2022-08-14 05:00:00+00:00,18.82443,80.46928043999999,-0.7324940716135788,-0.6807734094770164,2280964.0,216.0,0.2588190451025207,0.9659258262890684,0.0,31200.0,7117.2,36011.0,115.44113513986017,21.948416233062737,6055.919999999999,27738.0625,17085.325,10262.0,1491.0,57.3,11737.359,3140.0,1.417845,2022
2022-08-08 14:00:00+00:00,26.633158,80.46928043999999,-0.798779372886365,-0.6016240632249223,2280964.0,192.3,-0.8660254037844386,-0.5000000000000001,1.0,46150.0,7117.2,35988.0,122.3574742100492,23.82041676839192,5766.72,33484.21000000001,16911.65,17431.0,1842.0,9220.42,2716750.5,4230.23,3.8756263,2022
2022-10-27 11:00:00+00:00,19.856104,80.46928043999999,0.436651231956063,-0.8996308696522438,2419163.0,35.0,-0.9659258262890682,0.258819045102521,1.0,48750.0,5066.1,39745.0,215.44583494195007,14.9100832939148,6034.365,38294.8525,9059.75,18164.0,3260.0,6683.6,1325665.4,6148.34,5.8212,2022
2022-02-17 01:00:00+00:00,10.49218,80.46928043999999,0.6776147890466889,0.7354170229639855,1697421.0,72.0,0.9659258262890684,0.2588190451025207,1.0,54650.0,7117.2,55966.0,356.2878187627188,8.121999820073446,5088.900000000001,10586.287500000006,13146.0,15507.0,4699.0,0.0,0.0,15303.88,11.352924,2022
2022-08-13 03:00:00+00:00,19.065681,80.46928043999999,-0.7441039398713605,-0.6680638642135336,2280964.0,210.5,0.7071067811865476,0.7071067811865476,0.0,32200.0,7117.2,36291.0,114.89604756539754,22.064833323160816,6295.045,36159.3925,19951.325,11916.0,1671.0,0.0,0.0,3772.27,2.10886,2022
2022-11-07 09:00:00+00:00,12.860769,80.46928043999999,0.5981809144059166,-0.8013610881746764,2495545.0,53.0,-0.7071067811865475,0.7071067811865476,1.0,53150.0,6071.9,40805.0,179.01824777316085,10.478666742642734,6333.52,27620.082500000004,13091.95,19752.0,3588.0,3281.22,550163.7,10255.14,6.694775,2022
2022-09-13 06:00:00+00:00,18.926098,80.46928043999999,-0.300819807635668,-0.9536809966304456,2252727.0,194.5,6.123233995736766e-17,1.0,1.0,47250.0,7117.2,38226.0,136.9191282828283,19.37458340326948,9598.6975,43306.2075,16826.5,21958.0,2129.0,168.04,40876.9,3342.74,3.3284283,2022
2022-11-18 06:00:00+00:00,9.139951,80.46928043999999,0.7383263540031063,-0.6744436188329457,2499746.0,105.0,6.123233995736766e-17,1.0,1.0,54700.0,6071.9,42039.0,226.74134235724017,11.164166768391937,7792.04,42055.5425,21210.45,21312.0,3968.0,0.0,0.0,6541.2,6.627888,2022
2022-11-07 11:00:00+00:00,14.76765,80.46928043999999,0.5981809144059166,-0.8013610881746764,2495545.0,53.0,-0.9659258262890682,0.258819045102521,1.0,53600.0,6071.9,40805.0,179.01824777316085,10.7078334093094,6012.065,27539.065,10483.575,17676.0,3180.0,6431.24,1075806.0,10660.13,6.552858,2022
2022-11-07 17:00:00+00:00,13.986229,80.46928043999999,0.5981809144059166,-0.8013610881746764,2495545.0,53.0,-0.2588190451025206,-0.9659258262890684,1.0,53100.0,6071.9,40805.0,179.01824777316085,11.410999933878564,7327.844999999999,41115.76,18507.55,21894.0,3965.0,0.0,35839.74,9890.31,7.267494,2022
2022-06-05 00:00:00+00:00,16.847673,80.46928043999999,-0.8977433935342337,0.440518784350495,2156969.0,80.3125,1.0,0.0,0.0,36300.0,6113.8,37305.0,195.9685617012617,19.875722567240388,4710.555,26657.1225,16682.85,12646.0,3781.0,0.0,0.0,2496.24,0.5688092,2022
2022-11-04 14:00:00+00:00,12.266807,80.46928043999999,0.5560174366570438,-0.8311706263658084,2455704.0,59.0,-0.8660254037844386,-0.5000000000000001,1.0,50300.0,6071.9,40065.0,191.40342435447,12.350166797637929,7818.219999999999,55886.1375,8147.299999999999,21488.0,3493.0,3473.36,924167.0,7146.07,7.048517,2022
2022-01-08 15:00:00+00:00,7.796969,80.46928043999999,0.9905324521322229,0.1372787721132647,2152112.0,84.33333333333334,-0.7071067811865477,-0.7071067811865475,0.0,62150.0,6105.9,57525.0,477.185658038258,6.615722311867607,6559.977500000001,33801.9475,9822.6,16223.0,5558.0,744.13,369555.75,15239.23,8.9908905,2022
2022-10-28 00:00:00+00:00,17.135305,80.46928043999999,0.4520722039323045,-0.8919813464595484,2419163.0,33.82,1.0,0.0,1.0,38050.0,5066.1,40305.0,200.79569442361185,15.118166367212936,5554.5275,30811.365,9922.525,13540.0,2956.0,0.0,0.0,7200.23,6.6528163,2022
2022-11-24 20:00:00+00:00,9.64079,80.46928043999999,0.8039279618328213,-0.5947266869607633,2518920.0,118.0,0.5000000000000001,-0.8660254037844386,1.0,55800.0,6071.9,44984.0,247.18651651400128,8.5289165576299,5713.7725,48456.2575,24224.0,20844.0,4491.0,0.0,0.0,8878.1,6.4534035,2022
2022-02-03 23:00:00+00:00,7.400644,80.46928043999999,0.8335557718385699,0.5524353131676196,1747271.0,77.6,0.9659258262890684,-0.2588190451025207,1.0,63150.0,7117.2,58656.0,258.06962435897435,6.509388857417636,7235.565,31143.5175,21996.1,16440.0,3627.0,0.0,0.0,4068.97,5.092114,2022
2022-10-23 02:00:00+00:00,15.60282,80.46928043999999,0.3737197147904684,-0.9275416835791968,2315468.0,37.25,0.8660254037844387,0.4999999999999999,0.0,31800.0,5066.1,41190.0,195.0747454597737,15.618000348409034,5016.532499999999,36097.1725,3882.4249999999993,10865.0,2425.0,0.0,0.0,7044.22,6.396873,2022
2022-07-19 19:00:00+00:00,25.990858,80.46928043999999,-0.9549667548552552,-0.2967128192734901,2382772.0,151.6,0.2588190451025203,-0.9659258262890684,1.0,49650.0,7117.2,34490.0,140.9258976088726,24.349083741505943,6812.07,41886.235,26773.35,25241.0,3114.0,151.84,321246.4,5483.08,2.2313373,2022
2022-08-13 01:00:00+00:00,20.124016,80.46928043999999,-0.7441039398713605,-0.6680638642135336,2280964.0,210.5,0.9659258262890684,0.2588190451025207,0.0,33450.0,7117.2,36291.0,114.89604756539754,22.39558347066244,6217.2425,34039.020000000004,20111.525,11645.0,1860.0,0.0,0.0,3859.22,2.1967485,2022
2022-11-07 05:00:00+00:00,10.786148,80.46928043999999,0.5981809144059166,-0.8013610881746764,2495545.0,53.0,0.2588190451025207,0.9659258262890684,1.0,43550.0,6071.9,40805.0,179.01824777316085,10.757166504859942,5838.345,27075.685,16734.9,16020.0,3005.0,0.0,0.0,9815.86,6.837863,2022
2022-08-09 08:00:00+00:00,22.228891,80.46928043999999,-0.7883050558305256,-0.6152845999633274,2280964.0,190.0,-0.4999999999999998,0.8660254037844387,1.0,44800.0,7117.2,36888.0,120.84214573944575,20.7027497291565,6025.84,32828.2025,17349.85,14947.0,2074.0,6468.78,1406632.8,3485.95,4.4368305,2022
2022-03-09 00:00:00+00:00,5.1808224,80.46928043999999,0.3896304495307879,0.9209712877166346,1420843.0,149.75,1.0,0.0,1.0,60000.0,7117.2,53170.0,228.0852643060643,7.754222300317551,7241.2225,40798.91,19348.4,15489.0,3227.0,0.0,0.0,4762.37,4.5909605,2022
2022-11-04 03:00:00+00:00,10.137107,80.46928043999999,0.5560174366570438,-0.8311706263658084,2455704.0,59.0,0.7071067811865476,0.7071067811865476,1.0,38550.0,5066.1,40065.0,191.40342435447,12.581000010172543,6690.16,28156.847500000003,12824.325,13175.0,2824.0,0.0,0.0,9401.61,6.5223637,2022
2022-08-05 01:00:00+00:00,19.895128,80.46928043999999,-0.8287700871745037,-0.5595892624101767,2274044.0,195.0,0.9659258262890684,0.2588190451025207,1.0,36450.0,7117.2,36306.0,136.83769295519298,22.12966728210449,6969.617499999999,38276.965,15202.4,16133.0,2050.0,0.0,0.0,2269.88,3.5717657,2022
2022-06-05 22:00:00+00:00,16.053835,80.46928043999999,-0.8977433935342337,0.440518784350495,2156969.0,80.3125,0.8660254037844384,-0.5000000000000004,0.0,40050.0,6113.8,38252.0,196.48394820919825,19.705389340718583,6635.68,18353.66,19251.325,13040.0,4081.0,0.0,0.0,2679.96,3.7991803,2022
2022-05-28 15:00:00+00:00,19.682388,80.46928043999999,-0.8287700871745035,0.5595892624101769,1954315.0,82.66666666666667,-0.7071067811865477,-0.7071067811865475,0.0,39150.0,5122.1,37105.0,186.52801994302,18.872166845533577,4872.1775,8255.252500000002,7890.8499999999985,15172.0,3885.0,7633.61,2393702.5,4720.14,4.467124,2022
2022-11-24 09:00:00+00:00,9.629689,80.46928043999999,0.8039279618328213,-0.5947266869607633,2518920.0,118.0,-0.7071067811865475,0.7071067811865476,1.0,62200.0,6071.9,44069.0,247.18651651400128,8.309833288192742,6769.692499999999,53033.69500000001,18673.7,23525.0,4604.0,2134.92,373201.34,6472.98,6.3698387,2022
2022-05-29 09:00:00+00:00,15.410175,80.46928043999999,-0.8382797052177741,0.5452404385406513,1954315.0,84.83333333333333,-0.7071067811865475,0.7071067811865476,0.0,40700.0,5122.1,37105.0,175.1397263939764,17.635999626583516,5754.4575,21364.8,8333.525,14417.0,3559.0,8826.45,2032820.0,2816.82,3.9651005,2022
2022-12-10 14:00:00+00:00,4.5253277,80.46928043999999,0.935367949313148,-0.3536761221763721,2374305.0,139.13333333333333,-0.8660254037844386,-0.5000000000000001,0.0,64150.0,7117.2,50725.0,205.27261362735493,5.937416692574816,9434.42,53211.8075,12062.825,16566.0,3600.0,3158.66,672548.5,2145.04,3.2419882,2022
2022-03-07 13:00:00+00:00,7.024006,80.46928043999999,0.4211008707960896,0.907013812802636,1420843.0,227.0,-0.9659258262890684,-0.2588190451025203,1.0,65750.0,7117.2,52760.0,236.381658038258,7.583778050210742,7193.84,40327.4575,20144.7,21111.0,4091.0,7260.39,1961969.0,4920.25,4.6621647,2022
2022-03-09 14:00:00+00:00,11.909133,80.46928043999999,0.3896304495307879,0.9209712877166346,1420843.0,149.75,-0.8660254037844386,-0.5000000000000001,1.0,59850.0,7117.2,53170.0,228.0852643060643,8.100333465470205,7816.5875,41676.16,12317.9,21082.0,3260.0,5642.62,1613670.6,4485.29,6.0251355,2022
2022-02-17 19:00:00+00:00,10.326695,80.46928043999999,0.6776147890466889,0.7354170229639855,1697421.0,72.0,0.2588190451025203,-0.9659258262890684,1.0,63950.0,7117.2,54831.0,356.2878187627188,8.867722246381973,8373.592499999999,26174.1025,30322.0,23802.0,6448.0,0.0,0.0,5085.03,5.8564878,2022
2022-05-28 13:00:00+00:00,19.494308,80.46928043999999,-0.8287700871745035,0.5595892624101769,1954315.0,82.66666666666667,-0.9659258262890684,-0.2588190451025203,0.0,40950.0,5122.1,37105.0,186.52801994302,18.511222203572604,4004.81,760.9100000000035,7677.075000000001,13326.0,3720.0,9896.09,2924119.8,3553.17,4.0718985,2022
2022-10-18 10:00:00+00:00,18.584417,80.46928043999999,0.2926003356333479,-0.9562348265919058,2315468.0,72.5,-0.8660254037844387,0.4999999999999999,1.0,49700.0,5066.1,39189.0,157.90778255689554,16.44108335177104,8022.98,44639.3875,8641.675,17756.0,2044.0,6325.62,1256076.9,1836.55,3.8494694,2022
2022-11-04 17:00:00+00:00,10.881885,80.46928043999999,0.5560174366570438,-0.8311706263658084,2455704.0,59.0,-0.2588190451025206,-0.9659258262890684,1.0,53200.0,6071.9,40695.0,191.40342435447,12.287416617075596,9264.750000000002,59075.9625,18538.025,21824.0,4420.0,0.0,46559.574,6025.17,6.896509,2022
2022-07-27 03:00:00+00:00,16.08665,80.46928043999999,-0.9051931898913976,-0.4250003399695539,2312574.0,209.5,0.7071067811865476,0.7071067811865476,1.0,37950.0,7117.2,35620.0,140.7987118131868,20.260667006174724,7385.027499999999,37565.7,18614.45,17620.0,2204.0,0.0,0.0,2412.22,3.3504648,2022
2022-07-17 02:00:00+00:00,18.521538,80.46928043999999,-0.9646141756912436,-0.2636654927280072,2462110.0,157.08333333333334,0.8660254037844387,0.4999999999999999,0.0,33350.0,7117.2,34300.0,133.55774122914124,23.00716654459636,6722.5650000000005,30856.22,18784.375,14253.0,2367.0,0.0,0.0,3724.79,4.840664,2022
2022-06-29 03:00:00+00:00,15.103674,80.46928043999999,-0.99907411510223,0.0430222330045305,2482855.0,140.55,0.7071067811865476,0.7071067811865476,1.0,37450.0,7117.2,38795.0,198.92442409442413,19.090250333150244,7611.202499999999,35853.735,20542.25,17507.0,3007.0,0.0,0.0,1790.92,2.302158,2022
2022-04-05 14:00:00+00:00,11.42359,80.46928043999999,-0.0645084494493162,0.9979171608653922,1197120.0,108.72,-0.8660254037844386,-0.5000000000000001,1.0,57500.0,6021.6,43095.0,230.21333549043555,9.180055724249948,7179.294999999999,41238.3775,23143.2,18878.0,3688.0,6510.56,1696035.6,4626.82,4.0741286,2022
2022-05-29 04:00:00+00:00,11.142065,80.46928043999999,-0.8382797052177741,0.5452404385406513,1954315.0,84.83333333333333,0.5000000000000001,0.8660254037844386,0.0,31800.0,5122.1,37105.0,175.1397263939764,17.63138861126372,5929.095,24973.3125,13401.75,12681.0,3493.0,2.61,2457.3594,3574.16,4.603182,2022
2022-11-28 17:00:00+00:00,8.87638,80.46928043999999,0.8429415373547827,-0.5380051715383,2462887.0,125.5,-0.2588190451025206,-0.9659258262890684,1.0,64900.0,7117.2,44828.0,203.61916190685324,8.622249881426496,10801.5125,57067.967500000006,19425.575,24128.0,5221.0,0.0,9292.975,3770.73,4.220364,2022
2022-12-21 03:00:00+00:00,9.738351,80.46928043999999,0.9852201067560606,-0.1712931441814778,2142607.0,94.6,0.7071067811865476,0.7071067811865476,1.0,48650.0,7117.2,51300.0,224.19761767153943,7.509833176930748,7332.405000000001,35940.432499999995,9061.5,13094.0,2917.0,0.0,0.0,4908.09,6.3946805,2022
2022-09-13 17:00:00+00:00,22.296125,80.46928043999999,-0.300819807635668,-0.9536809966304456,2252727.0,194.5,-0.2588190451025206,-0.9659258262890684,1.0,50350.0,7117.2,37126.0,136.9191282828283,20.827083269755057,9263.5225,46226.685,19828.875,22507.0,2442.0,888.25,423850.94,3259.11,2.628879,2022
2022-07-21 03:00:00+00:00,18.345621,80.46928043999999,-0.9441875088341996,-0.3294084822245298,2382772.0,150.5,0.7071067811865476,0.7071067811865476,1.0,39400.0,7117.2,38170.0,151.18897646520145,22.52975002924598,6040.4125,38311.9425,19606.725,18415.0,2603.0,0.0,0.0,1860.31,2.4107401,2022
2022-11-24 22:00:00+00:00,9.562731,80.46928043999999,0.8039279618328213,-0.5947266869607633,2518920.0,118.0,0.8660254037844384,-0.5000000000000004,1.0,55750.0,7117.2,44984.0,247.18651651400128,8.420916517575574,5476.6875,41853.135,18949.025,16890.0,4289.0,0.0,0.0,8592.48,6.268009,2022
2022-06-02 09:00:00+00:00,18.374683,80.46928043999999,-0.8738071036110806,0.4862727071086904,2156969.0,83.5,-0.7071067811865475,0.7071067811865476,1.0,51200.0,6113.8,40395.0,197.0432372608872,18.51994445588855,6683.370000000001,25229.869999999995,16255.325,10264.0,3937.0,6981.55,2011292.1,1848.3,2.915285,2022
2022-09-13 02:00:00+00:00,19.108583,80.46928043999999,-0.300819807635668,-0.9536809966304456,2252727.0,194.5,0.8660254037844387,0.4999999999999999,1.0,35800.0,7117.2,38226.0,136.9191282828283,19.735833485921216,7418.87,26334.045,11761.45,14796.0,1959.0,0.0,0.0,2853.0,3.5533774,2022
2022-07-21 06:00:00+00:00,18.912996,80.46928043999999,-0.9441875088341996,-0.3294084822245298,2382772.0,150.5,6.123233995736766e-17,1.0,1.0,48350.0,7117.2,38170.0,151.18897646520145,21.993250211079925,5992.23,46162.45,22771.2,24333.0,3179.0,1776.54,332201.62,1314.09,1.7067498,2022
2022-03-22 20:00:00+00:00,9.597636,80.46928043999999,0.1755314904214282,0.9844738167520922,1369050.0,98.85,0.5000000000000001,-0.8660254037844386,1.0,55900.0,6053.3,43435.0,215.7405109686609,10.482444392310232,9433.517500000002,54932.88,19537.6,20524.0,4447.0,0.0,0.0,3858.12,6.1031117,2022
2022-04-17 14:00:00+00:00,16.590363,80.46928043999999,-0.2678143051621742,0.9634705485641488,1229508.0,96.5,-0.8660254037844386,-0.5000000000000001,0.0,34100.0,7006.5,41109.0,236.1256757020757,14.446111149258083,4487.9575,16694.6425,6134.200000000001,7307.0,3790.0,7480.64,2561545.8,2441.12,1.28499,2022
2022-09-03 12:00:00+00:00,21.730423,80.46928043999999,-0.4597327394521046,-0.888057322629493,2244154.0,199.52,-1.0,1.2246467991473532e-16,0.0,42900.0,7117.2,32401.0,127.13238503626002,20.53733332951866,6403.480000000001,11787.982499999998,11710.825,13353.0,1646.0,7434.75,2062576.5,2534.08,3.1812458,2022
2022-06-06 11:00:00+00:00,19.736217,80.46928043999999,-0.9051931898913974,0.4250003399695541,2345706.0,79.25,-0.9659258262890682,0.258819045102521,0.0,45150.0,6113.8,39162.0,196.48394820919825,19.632333437601737,2690.470000000001,4332.264999999999,14057.475,18256.0,3813.0,8678.46,2245137.2,2855.85,3.8114753,2022
2022-07-21 16:00:00+00:00,25.380192,80.46928043999999,-0.9441875088341996,-0.3294084822245298,2382772.0,150.5,-0.5000000000000004,-0.8660254037844385,1.0,51050.0,7117.2,37255.0,151.18897646520145,25.05791632334391,5740.5025,41134.73,20253.85,25506.0,3397.0,5443.18,1838196.0,1429.2,1.768531,2022
2022-12-09 21:00:00+00:00,4.2426496,80.46928043999999,0.9291414114031744,-0.3697245428906732,2374305.0,140.2,0.7071067811865474,-0.7071067811865477,1.0,65650.0,7117.2,50725.0,215.17218239329108,6.368333280086519,9735.6575,52736.705,17102.5,16452.0,4075.0,0.0,0.0,1785.29,2.8870723,2022
2022-06-07 12:00:00+00:00,19.80793,80.46928043999999,-0.9123747579707272,0.4093559588156217,2345706.0,79.0,-1.0,1.2246467991473532e-16,1.0,50500.0,6113.8,39125.0,209.5169253154253,19.38211123148601,8079.3225,27220.075,15746.325,20385.0,3649.0,8270.74,2436992.5,5306.39,4.6783137,2022
2022-12-20 07:00:00+00:00,9.983637,80.46928043999999,0.9821256058680004,-0.1882267098432448,2142607.0,104.7,-0.2588190451025208,0.9659258262890684,1.0,64150.0,7117.2,51190.0,208.25266973879584,6.533583402633667,7740.254999999999,36934.44,20861.15,26297.0,4092.0,0.0,48.00547,12352.83,7.3211503,2022
2022-01-08 20:00:00+00:00,6.9028106,80.46928043999999,0.9905324521322229,0.1372787721132647,2152112.0,84.33333333333334,0.5000000000000001,-0.8660254037844386,0.0,62450.0,6105.9,57525.0,477.185658038258,6.668500026067097,5823.3925,21135.805,16732.8,15987.0,5392.0,0.0,0.0,15067.64,9.018946,2022
2022-08-24 23:00:00+00:00,20.550116,80.46928043999999,-0.6050560696488494,-0.7961828637826154,2250959.0,293.0,0.9659258262890684,-0.2588190451025207,1.0,40700.0,7117.2,33816.0,137.649736959337,22.088499704996742,7431.3025,33031.3625,20874.95,13819.0,2170.0,0.0,0.0,3054.54,1.5974277,2022
2022-03-23 15:00:00+00:00,14.391831,80.46928043999999,0.1585593851031345,0.9873494423939864,1369050.0,109.0,-0.7071067811865477,-0.7071067811865475,1.0,49700.0,6053.3,43435.0,208.0700429385429,10.806222253375566,8312.5075,48748.6475,13569.6,20277.0,3236.0,5361.97,1876645.2,2155.91,3.846649,2022
2022-03-23 07:00:00+00:00,6.616,80.46928043999999,0.1585593851031345,0.9873494423939864,1369050.0,109.0,-0.2588190451025208,0.9659258262890684,1.0,61400.0,6053.3,43435.0,208.0700429385429,9.506555530760028,9222.94,49280.745,17319.9,21526.0,4505.0,1532.56,266593.12,2546.06,4.580258,2022
2022-06-02 22:00:00+00:00,16.93278,80.46928043999999,-0.8738071036110806,0.4862727071086904,2156969.0,83.5,0.8660254037844384,-0.5000000000000004,1.0,43500.0,6113.8,39775.0,197.53443223443224,19.57505607604981,6429.817499999999,39485.195,22344.925,14041.0,4120.0,0.0,0.0,3162.72,3.685688,2022
2022-08-14 22:00:00+00:00,20.002037,80.46928043999999,-0.7324940716135788,-0.6807734094770164,2280964.0,216.0,0.8660254037844384,-0.5000000000000004,0.0,37550.0,7117.2,35691.0,118.67028276353275,21.36541652679444,6917.295000000001,26802.0875,17012.3,11560.0,1873.0,0.0,0.0,2731.87,2.896139,2022
2022-09-07 01:00:00+00:00,17.798306,80.46928043999999,-0.3975428142825566,-0.9175836260593934,2240533.0,208.3,0.9659258262890684,0.2588190451025207,1.0,36850.0,7117.2,35618.0,141.2186374061124,21.0287504196167,7186.885,31928.675,17722.125,15023.0,2014.0,0.0,0.0,2374.58,3.8846183,2022
2022-10-23 18:00:00+00:00,17.415735,80.46928043999999,0.3737197147904684,-0.9275416835791968,2315468.0,37.25,-1.8369701987210292e-16,-1.0,0.0,42800.0,5066.1,42105.0,195.0747454597737,16.294583400090527,5955.0975,29335.25,14417.625,15115.0,2684.0,0.0,1400.5607,11564.09,8.25856,2022
2022-02-05 12:00:00+00:00,8.558286,80.46928043999999,0.8140460935082179,0.5808002734538008,1747271.0,79.63333333333334,-1.0,1.2246467991473532e-16,0.0,64300.0,7117.2,56271.0,243.3844269230769,6.778555711110433,6083.2225,10777.6,13711.7,15603.0,3322.0,5496.08,1230955.5,3556.71,4.621096,2022
2022-02-03 06:00:00+00:00,6.060502,80.46928043999999,0.8335557718385699,0.5524353131676196,1747271.0,77.6,6.123233995736766e-17,1.0,1.0,69800.0,7117.2,58656.0,258.3570488807489,6.290055506759221,8937.6025,45728.43,27942.8,23838.0,4548.0,0.0,0.0,2457.41,3.0736072,2022
2022-12-10 23:00:00+00:00,1.6034402,80.46928043999999,0.935367949313148,-0.3536761221763721,2374305.0,139.13333333333333,0.9659258262890684,-0.2588190451025207,0.0,65400.0,7117.2,50725.0,184.23767803846715,5.372166673342386,8510.22,43517.465,15885.0,12839.0,3078.0,0.0,0.0,3422.15,2.7537754,2022
2022-12-13 20:00:00+00:00,4.554748,80.46928043999999,0.9523775757303972,-0.3049212246562894,2190805.0,138.35,0.5000000000000001,-0.8660254037844386,1.0,72150.0,7117.2,52100.0,230.8754162755924,4.91041667262713,9317.335,48627.735,18802.75,22752.0,4764.0,0.0,0.0,3164.89,4.194045,2022
2022-07-17 13:00:00+00:00,28.077106,80.46928043999999,-0.9646141756912436,-0.2636654927280072,2462110.0,157.08333333333334,-0.9659258262890684,-0.2588190451025203,0.0,42550.0,7117.2,33920.0,133.55774122914124,24.12491671244303,3817.8200000000006,8954.107499999998,14467.0,13578.0,2127.0,9492.57,3133770.2,2423.16,3.732353,2022
2022-12-20 01:00:00+00:00,10.227249,80.46928043999999,0.9821256058680004,-0.1882267098432448,2142607.0,104.7,0.9659258262890684,0.2588190451025207,1.0,55250.0,7117.2,51190.0,208.25266973879584,6.434166669845581,5089.645,17287.192499999997,10754.25,14079.0,2966.0,0.0,0.0,12602.5,8.591697,2022
2022-10-07 16:00:00+00:00,18.207626,80.46928043999999,0.1073813466641621,-0.994217906893952,2313405.0,105.0,-0.5000000000000004,-0.8660254037844385,1.0,45700.0,6111.4,38010.0,216.8753104416517,16.253500620524058,6793.6525,47352.78,18751.9,20387.0,3248.0,1815.75,659725.4,1582.1,1.836555,2022
2022-12-20 03:00:00+00:00,10.104209,80.46928043999999,0.9821256058680004,-0.1882267098432448,2142607.0,104.7,0.7071067811865476,0.7071067811865476,1.0,50950.0,7117.2,51190.0,208.25266973879584,6.416500012079874,4780.502499999999,20354.2975,10804.6,14363.0,2882.0,0.0,0.0,12943.65,8.215655,2022
2022-05-29 19:00:00+00:00,15.259221,80.46928043999999,-0.8382797052177741,0.5452404385406513,1954315.0,84.83333333333333,0.2588190451025203,-0.9659258262890684,0.0,40150.0,5122.1,37510.0,175.1397263939764,18.506777657402907,8005.145,41468.74,19268.05,16124.0,4179.0,243.65,311601.88,3555.26,3.856446,2022
2022-07-21 12:00:00+00:00,24.392212,80.46928043999999,-0.9441875088341996,-0.3294084822245298,2382772.0,150.5,-1.0,1.2246467991473532e-16,1.0,54250.0,7117.2,37255.0,151.18897646520145,23.56433391571048,4983.75,29433.94,20042.4,23608.0,2644.0,9684.49,2696794.5,1189.47,1.2439193,2022
2022-02-05 23:00:00+00:00,5.5376596,80.46928043999999,0.8140460935082179,0.5808002734538008,1747271.0,79.63333333333334,0.9659258262890684,-0.2588190451025207,0.0,62150.0,7117.2,56271.0,224.8418583435084,6.803888863987395,5462.885,9019.764999999992,16731.5,14029.0,3054.0,0.0,0.0,10430.99,6.7871437,2022
2022-12-21 14:00:00+00:00,11.792106,80.46928043999999,0.9852201067560606,-0.1712931441814778,2142607.0,94.6,-0.8660254037844386,-0.5000000000000001,1.0,59850.0,7117.2,51300.0,224.19761767153943,8.030000050862625,8084.222500000001,47173.1675,12588.575,23835.0,4126.0,2340.18,477785.28,9649.29,6.4979234,2022
2022-07-15 08:00:00+00:00,21.556522,80.46928043999999,-0.973118337233262,-0.2303056702306119,2462110.0,154.25,-0.4999999999999998,0.8660254037844387,1.0,46700.0,7117.2,35950.0,147.32695785510785,22.7279167175293,7155.995000000001,26764.557499999995,20278.9,24529.0,3029.0,6587.07,1565860.8,1867.63,2.3159072,2022
2022-10-28 13:00:00+00:00,20.549578,80.46928043999999,0.4520722039323045,-0.8919813464595484,2419163.0,33.82,-0.9659258262890684,-0.2588190451025203,1.0,46200.0,5066.1,40305.0,200.79569442361185,15.502333323160784,5570.499999999999,39242.0675,9806.525,18747.0,2953.0,6592.81,1355313.1,3462.63,3.5846667,2022
2022-02-17 09:00:00+00:00,10.4544735,80.46928043999999,0.6776147890466889,0.7354170229639855,1697421.0,72.0,-0.7071067811865475,0.7071067811865476,1.0,65150.0,7117.2,55741.0,356.2878187627188,8.198833227157595,6730.8375000000015,18618.025,18768.3,23780.0,5510.0,2781.74,438391.38,11901.51,9.097438,2022
2022-08-08 17:00:00+00:00,26.160973,80.46928043999999,-0.798779372886365,-0.6016240632249223,2280964.0,192.3,-0.2588190451025206,-0.9659258262890684,1.0,46700.0,7117.2,37308.0,122.3574742100492,23.99683332443236,7825.0374999999985,49758.5275,19123.425,19308.0,2602.0,2909.91,1304195.6,4689.15,4.5027103,2022
2022-11-28 22:00:00+00:00,7.669323,80.46928043999999,0.8429415373547827,-0.5380051715383,2462887.0,125.5,0.8660254037844384,-0.5000000000000004,1.0,58300.0,7117.2,45188.0,203.61916190685324,8.452499866485589,8886.295,47422.585,15542.35,16471.0,3071.0,0.0,0.0,3401.28,3.9890206,2022
2022-04-16 12:00:00+00:00,16.465538,80.46928043999999,-0.2511900638848191,0.9679377830240644,1229508.0,99.025,-1.0,1.2246467991473532e-16,0.0,41100.0,7046.5,41666.0,256.01031890516884,13.607111348046184,4951.1375,12344.2575,5228.200000000001,9612.0,4113.0,8499.53,2871323.2,4071.23,3.4729676,2022
2022-10-28 22:00:00+00:00,16.341839,80.46928043999999,0.4520722039323045,-0.8919813464595484,2419163.0,33.82,0.8660254037844384,-0.5000000000000004,0.0,40600.0,5066.1,38995.0,177.2102707464838,15.388750076293936,7609.2,31464.6375,9522.375,14432.0,2772.0,0.0,0.0,3683.08,4.8451843,2022
2022-08-14 03:00:00+00:00,19.301884,80.46928043999999,-0.7324940716135788,-0.6807734094770164,2280964.0,216.0,0.7071067811865476,0.7071067811865476,0.0,31250.0,7117.2,36011.0,115.44113513986017,22.07483339309692,5988.922500000001,30665.215,17419.075,10392.0,1635.0,0.0,0.0,3518.13,1.4398695,2022
2022-10-23 19:00:00+00:00,17.11473,80.46928043999999,0.3737197147904684,-0.9275416835791968,2315468.0,37.25,0.2588190451025203,-0.9659258262890684,0.0,40300.0,5066.1,42105.0,195.0747454597737,16.171416838963825,5446.732499999999,27507.2975,14882.45,14319.0,2596.0,0.0,0.0,11680.08,8.168129,2022
2022-10-22 14:00:00+00:00,19.393969,80.46928043999999,0.3576982388331254,-0.9338372288229252,2315468.0,44.0,-0.8660254037844386,-0.5000000000000001,0.0,38950.0,5066.1,41190.0,200.7180950407081,16.513583421707153,6578.655,38380.3225,4034.474999999999,14040.0,3328.0,4807.5,1164601.5,2175.94,5.4870105,2022
2022-11-24 23:00:00+00:00,9.466831,80.46928043999999,0.8039279618328213,-0.5947266869607633,2518920.0,118.0,0.9659258262890684,-0.2588190451025207,1.0,52650.0,7117.2,44984.0,237.50744164941327,8.406916658083597,5497.497500000001,37319.025,17389.65,16058.0,4123.0,0.0,0.0,8000.6,6.095256,2022
2022-05-23 15:00:00+00:00,18.459091,80.46928043999999,-0.7775971469736267,0.6287628145958347,1954315.0,81.0,-0.7071067811865477,-0.7071067811865475,1.0,46650.0,5122.1,38145.0,227.6560926739927,19.1946110195584,9124.4725,32519.7625,9610.1,20502.0,5324.0,5071.94,1640787.4,7867.03,5.2029963,2022
2022-11-18 08:00:00+00:00,9.258015,80.46928043999999,0.7383263540031063,-0.6744436188329457,2499746.0,105.0,-0.4999999999999998,0.8660254037844387,1.0,57450.0,6071.9,42039.0,226.74134235724017,11.01791667938232,8331.0925,42781.06750000001,20648.75,23291.0,4116.0,558.53,119257.49,5825.94,6.3535523,2022
2022-10-22 07:00:00+00:00,14.40455,80.46928043999999,0.3576982388331254,-0.9338372288229252,2315468.0,44.0,-0.2588190451025208,0.9659258262890684,0.0,39950.0,5066.1,41120.0,200.7180950407081,15.5994168917338,6427.120000000001,41964.13,13835.55,17049.0,3382.0,129.98,54590.58,3065.24,5.2028365,2022
2022-11-07 18:00:00+00:00,13.394794,80.46928043999999,0.5981809144059166,-0.8013610881746764,2495545.0,53.0,-1.8369701987210292e-16,-1.0,1.0,54500.0,6071.9,40805.0,179.01824777316085,11.389916499455753,6790.695,39253.08000000001,19328.4,21343.0,4092.0,0.0,8.7958975,10014.68,7.677593,2022
2022-03-22 07:00:00+00:00,7.2477145,80.46928043999999,0.1755314904214282,0.9844738167520922,1369050.0,98.85,-0.2588190451025208,0.9659258262890684,1.0,62150.0,6053.3,45455.0,215.7405109686609,9.462611171934356,8783.2425,46384.50750000001,16943.5,21878.0,4503.0,1412.77,238997.11,4846.67,6.607486,2022
2022-06-05 03:00:00+00:00,15.878599,80.46928043999999,-0.8977433935342337,0.440518784350495,2156969.0,80.3125,0.7071067811865476,0.7071067811865476,0.0,31750.0,6113.8,36230.0,195.9685617012617,19.703833368089462,4946.324999999999,22401.455,16423.025,11951.0,3801.0,0.0,0.0,2526.13,0.5203792,2022
2022-10-01 20:00:00+00:00,15.727559,80.46928043999999,0.0043035382962438,-0.99999073973619,2253974.0,153.14,0.5000000000000001,-0.8660254037844386,0.0,38900.0,6111.4,36830.0,240.35592109187104,15.276500304540026,5270.695,21748.82250000001,21016.825,14491.0,3838.0,0.0,0.0,6293.1,6.883413,2022
2022-04-05 07:00:00+00:00,6.405585,80.46928043999999,-0.0645084494493162,0.9979171608653922,1197120.0,108.72,-0.2588190451025208,0.9659258262890684,1.0,68600.0,6021.6,43455.0,230.21333549043555,7.863555709520974,7993.892500000001,39861.50749999999,25127.2,22171.0,5709.0,332.01,294630.62,4830.24,3.7485402,2022
2022-10-22 12:00:00+00:00,18.924587,80.46928043999999,0.3576982388331254,-0.9338372288229252,2315468.0,44.0,-1.0,1.2246467991473532e-16,0.0,41800.0,5066.1,41190.0,200.7180950407081,16.171666860580434,5837.782499999999,32454.840000000004,5031.1500000000015,13427.0,3322.0,6383.79,1462222.0,1997.91,5.3354645,2022
2022-09-13 01:00:00+00:00,19.304895,80.46928043999999,-0.300819807635668,-0.9536809966304456,2252727.0,194.5,0.9659258262890684,0.2588190451025207,1.0,36750.0,7117.2,38226.0,136.9191282828283,19.79741621017456,7308.58,24712.955,12433.45,14551.0,1942.0,0.0,0.0,3107.43,3.8008428,2022
2022-02-08 16:00:00+00:00,10.828212,80.46928043999999,0.7829801036770629,0.6220467484408675,1729375.0,75.7,-0.5000000000000004,-0.8660254037844385,1.0,62400.0,7117.2,56051.0,311.2079174399675,7.26977766884698,9184.915,38725.45749999999,21159.9,25544.0,4429.0,622.89,560126.0,2229.65,2.589498,2022
2022-04-02 08:00:00+00:00,3.1495707,80.46928043999999,-0.012910296075009,0.999916658654738,1334846.0,110.61,-0.4999999999999998,0.8660254037844387,0.0,65350.0,6041.6,40435.0,218.9799258038258,7.852611051665402,6234.224999999999,30448.0925,10164.9,15876.0,4140.0,1387.76,769295.4,7777.11,7.037538,2022
2022-11-04 12:00:00+00:00,12.118092,80.46928043999999,0.5560174366570438,-0.8311706263658084,2455704.0,59.0,-1.0,1.2246467991473532e-16,1.0,51800.0,6071.9,40065.0,191.40342435447,12.256166537602734,7799.807500000001,54529.10999999999,8242.025000000001,19473.0,3489.0,4560.63,1180048.9,6962.31,6.9643245,2022
2022-10-18 21:00:00+00:00,16.258673,80.46928043999999,0.2926003356333479,-0.9562348265919058,2315468.0,72.5,0.7071067811865474,-0.7071067811865477,1.0,45150.0,5066.1,39189.0,157.90778255689554,16.955667098363225,7819.4725,43626.7625,14064.375,16378.0,2054.0,0.0,0.0,4984.38,4.433468,2022
2022-06-07 07:00:00+00:00,16.572847,80.46928043999999,-0.9123747579707272,0.4093559588156217,2345706.0,79.0,-0.2588190451025208,0.9659258262890684,1.0,49050.0,6113.8,39125.0,209.5169253154253,19.001111136542416,8451.0425,32507.52,18553.1,22210.0,4487.0,3552.89,788930.8,3358.97,3.9522424,2022
2022-07-21 00:00:00+00:00,19.325993,80.46928043999999,-0.9441875088341996,-0.3294084822245298,2382772.0,150.5,1.0,0.0,1.0,41700.0,7117.2,38170.0,151.18897646520145,22.955000400543227,6123.175,32843.995,19092.825,18315.0,2686.0,0.0,0.0,2082.44,2.91272,2022
2022-11-07 21:00:00+00:00,12.480799,80.46928043999999,0.5981809144059166,-0.8013610881746764,2495545.0,53.0,0.7071067811865474,-0.7071067811865477,1.0,46100.0,6071.9,40805.0,179.01824777316085,11.241666714350362,5351.3925,30442.355000000003,15176.1,16500.0,3311.0,0.0,0.0,10686.47,8.489838,2022
2022-10-07 13:00:00+00:00,18.860163,80.46928043999999,0.1073813466641621,-0.994217906893952,2313405.0,105.0,-0.9659258262890684,-0.2588190451025203,1.0,46750.0,6111.4,38010.0,216.8753104416517,16.023166497548416,3914.7825,25131.550000000003,14995.8,18028.0,2899.0,7134.48,1686610.8,1261.38,1.9261122,2022
2022-08-05 04:00:00+00:00,18.782135,80.46928043999999,-0.8287700871745037,-0.5595892624101767,2274044.0,195.0,0.5000000000000001,0.8660254037844386,1.0,37850.0,7117.2,36306.0,136.83769295519298,21.448416550954192,7481.67,47664.0275,17761.45,17764.0,2402.0,0.0,1.2252991,2242.89,3.4751406,2022
2022-08-24 10:00:00+00:00,25.006664,80.46928043999999,-0.6050560696488494,-0.7961828637826154,2250959.0,293.0,-0.8660254037844387,0.4999999999999999,1.0,51650.0,7117.2,35146.0,146.15470664335666,21.7455832163493,7122.264999999999,30456.25,17273.7,15170.0,2157.0,9172.13,2094419.9,754.69,1.6700437,2022
2022-10-01 14:00:00+00:00,17.680992,80.46928043999999,0.0043035382962438,-0.99999073973619,2253974.0,153.14,-0.8660254037844386,-0.5000000000000001,0.0,38650.0,6111.4,38215.0,240.35592109187104,15.093583106994648,3852.3875,20809.65,7861.174999999999,12779.0,3271.0,4825.49,1303498.1,8736.64,8.037579,2022
2022-12-18 21:00:00+00:00,7.1296387,80.46928043999999,0.9750645322571948,-0.2219215130041658,2190805.0,110.5,0.7071067811865474,-0.7071067811865477,0.0,63450.0,7117.2,51190.0,238.29207203086773,5.4234167734781895,6144.959999999999,24861.9375,16020.6,13954.0,3557.0,0.0,0.0,11751.77,8.646232,2022
2022-08-20 01:00:00+00:00,17.724333,80.46928043999999,-0.6584015846980489,-0.7526668275320083,2249940.0,254.0,0.9659258262890684,0.2588190451025207,0.0,32050.0,7117.2,35156.0,182.53423222610724,19.29549964269001,7316.747499999999,36352.06,15557.05,10583.0,2948.0,0.0,0.0,2374.25,3.6169717,2022
2022-08-08 15:00:00+00:00,26.746323,80.46928043999999,-0.798779372886365,-0.6016240632249223,2280964.0,192.3,-0.7071067811865477,-0.7071067811865475,1.0,45450.0,7117.2,36258.0,122.3574742100492,24.04375044504802,6370.852499999999,39042.87,17306.7,18251.0,2069.0,7687.61,2338666.5,4340.52,4.04833,2022
2022-08-25 11:00:00+00:00,24.548368,80.46928043999999,-0.5912614448635782,-0.8064799463209447,2250959.0,308.7,-0.9659258262890682,0.258819045102521,1.0,52900.0,7117.2,34046.0,137.649736959337,22.897666772206613,6411.304999999999,26042.33,15239.675,15495.0,2277.0,8192.61,2158186.5,1580.19,2.0646536,2022
2022-06-06 13:00:00+00:00,20.35502,80.46928043999999,-0.9051931898913974,0.4250003399695541,2345706.0,79.25,-0.9659258262890684,-0.2588190451025203,0.0,41000.0,6113.8,39162.0,196.48394820919825,19.93138885498045,3200.8375,5236.172500000001,12311.025,19886.0,3758.0,7853.4,2178700.0,2978.21,4.2222567,2022
2022-08-24 09:00:00+00:00,23.776875,80.46928043999999,-0.6050560696488494,-0.7961828637826154,2250959.0,293.0,-0.7071067811865475,0.7071067811865476,1.0,50300.0,7117.2,35146.0,146.15470664335666,21.21583350499471,7457.46,32444.8,17403.75,16032.0,2153.0,7799.96,1630180.4,684.9,1.4941467,2022
2022-11-28 23:00:00+00:00,7.501936,80.46928043999999,0.8429415373547827,-0.5380051715383,2462887.0,125.5,0.9659258262890684,-0.2588190451025207,1.0,54650.0,7117.2,45188.0,211.3002959209068,8.42141660054525,8299.85,43374.9275,13961.875,15730.0,2803.0,0.0,0.0,2677.81,4.074878,2022
2022-11-28 04:00:00+00:00,8.330607,80.46928043999999,0.8429415373547827,-0.5380051715383,2462887.0,125.5,0.5000000000000001,0.8660254037844386,1.0,47700.0,7117.2,44023.0,203.61916190685324,8.182083209355673,7237.895,30784.7125,6638.625,13366.0,2911.0,0.0,0.0,4674.55,4.9226303,2022
2022-04-02 22:00:00+00:00,2.8072622,80.46928043999999,-0.012910296075009,0.999916658654738,1334846.0,110.61,0.8660254037844384,-0.5000000000000004,0.0,61400.0,6021.6,41745.0,201.54555113960112,7.917055580351078,7550.594999999999,36604.3475,15425.9,13239.0,3624.0,0.0,0.0,4381.84,5.145704,2022
2022-10-27 20:00:00+00:00,17.714676,80.46928043999999,0.436651231956063,-0.8996308696522438,2419163.0,35.0,0.5000000000000001,-0.8660254037844386,1.0,42500.0,5066.1,40305.0,215.44583494195007,15.29750005404155,7375.505000000001,34003.2475,14543.875,17480.0,3006.0,0.0,0.0,6636.06,6.2331514,2022
2022-07-15 07:00:00+00:00,20.18781,80.46928043999999,-0.973118337233262,-0.2303056702306119,2462110.0,154.25,-0.2588190451025208,0.9659258262890684,1.0,45150.0,7117.2,35950.0,147.32695785510785,22.664250214894626,7702.0725,29710.585,20597.425,24436.0,3005.0,4289.18,977096.2,2010.82,2.63737,2022
2022-10-07 23:00:00+00:00,13.723092,80.46928043999999,0.1073813466641621,-0.994217906893952,2313405.0,105.0,0.9659258262890684,-0.2588190451025207,0.0,39550.0,6111.4,39165.0,189.796585476842,15.784500201543183,4746.985000000001,26829.735,16114.65,13569.0,2822.0,0.0,0.0,3274.43,2.2976646,2022
2022-08-20 20:00:00+00:00,20.27887,80.46928043999999,-0.6584015846980489,-0.7526668275320083,2249940.0,254.0,0.5000000000000001,-0.8660254037844386,0.0,38500.0,7117.2,34721.0,182.53423222610724,21.393833478291832,6697.817500000001,39891.52,21562.725,11968.0,2940.0,0.0,1678.6598,1635.31,2.628357,2022
2022-10-27 19:00:00+00:00,17.987843,80.46928043999999,0.436651231956063,-0.8996308696522438,2419163.0,35.0,0.2588190451025203,-0.9659258262890684,1.0,44350.0,5066.1,40305.0,215.44583494195007,15.32750010490415,7640.470000000001,36350.2825,17409.15,19174.0,3158.0,0.0,0.0,6564.67,6.047567,2022
2022-06-06 06:00:00+00:00,15.478358,80.46928043999999,-0.9051931898913974,0.4250003399695541,2345706.0,79.25,6.123233995736766e-17,1.0,0.0,35900.0,6113.8,38252.0,196.48394820919825,18.92177772521972,3100.9325,15101.704999999998,20186.175,20304.0,3754.0,1686.74,411944.25,2380.26,3.112373,2022
2022-10-23 11:00:00+00:00,18.669182,80.46928043999999,0.3737197147904684,-0.9275416835791968,2315468.0,37.25,-0.9659258262890682,0.258819045102521,0.0,41700.0,5066.1,42105.0,195.0747454597737,15.937666972478226,5112.855,26516.787499999995,1919.8250000000007,11704.0,2769.0,6183.92,1187754.6,10531.44,7.211112,2022
2022-08-20 19:00:00+00:00,21.384724,80.46928043999999,-0.6584015846980489,-0.7526668275320083,2249940.0,254.0,0.2588190451025203,-0.9659258262890684,0.0,38300.0,7117.2,34721.0,182.53423222610724,21.804166952768945,6813.3375,42418.715,22653.85,12896.0,3110.0,0.28,117322.57,1666.98,2.7345338,2022
2022-10-22 23:00:00+00:00,15.806343,80.46928043999999,0.3576982388331254,-0.9338372288229252,2315468.0,44.0,0.9659258262890684,-0.2588190451025207,0.0,37250.0,5066.1,41190.0,195.0747454597737,15.837000211079893,5950.9775,35762.0125,5586.475,11686.0,3042.0,0.0,0.0,6578.14,6.747785,2022
2022-12-18 04:00:00+00:00,1.6809634,80.46928043999999,0.9750645322571948,-0.2219215130041658,2190805.0,110.5,0.5000000000000001,0.8660254037844386,0.0,63100.0,7117.2,51185.0,238.29207203086773,5.28083335359891,7090.7125,27906.465,12790.7,11062.0,3989.0,0.0,0.0,6885.92,5.2987065,2022
2022-01-08 04:00:00+00:00,5.1221776,80.46928043999999,0.9905324521322229,0.1372787721132647,2152112.0,84.33333333333334,0.5000000000000001,0.8660254037844386,0.0,58200.0,6105.9,55879.0,477.185658038258,6.296222143703035,7099.2750000000015,33554.590000000004,12937.0,12685.0,5459.0,0.0,0.0,6114.21,7.2956696,2022
2022-12-09 02:00:00+00:00,4.3819904,80.46928043999999,0.9291414114031744,-0.3697245428906732,2374305.0,140.2,0.8660254037844387,0.4999999999999999,1.0,59800.0,7117.2,50170.0,215.17218239329108,6.11383326848348,8395.57,47407.2125,11784.5,11550.0,2516.0,0.0,0.0,3050.2,2.1980762,2022
2022-06-02 04:00:00+00:00,13.144574,80.46928043999999,-0.8738071036110806,0.4862727071086904,2156969.0,83.5,0.5000000000000001,0.8660254037844386,1.0,39800.0,6113.8,40395.0,197.0432372608872,18.492111153072777,8490.585,40990.9575,23171.925,11989.0,3907.0,5.03,4036.573,2899.81,3.0256503,2022
2022-04-05 01:00:00+00:00,5.801136,80.46928043999999,-0.0645084494493162,0.9979171608653922,1197120.0,108.72,0.9659258262890684,0.2588190451025207,1.0,54850.0,6021.6,43455.0,230.21333549043555,8.110500084029296,5371.304999999999,15882.2975,12282.8,14656.0,3222.0,0.0,0.0,6203.48,4.1184874,2022
2022-12-10 17:00:00+00:00,3.0715349,80.46928043999999,0.935367949313148,-0.3536761221763721,2374305.0,139.13333333333333,-0.2588190451025206,-0.9659258262890684,0.0,68000.0,7117.2,50725.0,205.27261362735493,5.804833332697552,10449.105,56202.2675,20666.5,18679.0,4547.0,0.0,7363.654,2303.65,3.23056,2022
2022-04-02 21:00:00+00:00,3.3290546,80.46928043999999,-0.012910296075009,0.999916658654738,1334846.0,110.61,0.7071067811865474,-0.7071067811865477,0.0,64200.0,6041.6,41745.0,218.9799258038258,7.970222300953325,7801.65,37258.4075,16314.9,13799.0,4243.0,0.0,0.0,5689.55,5.318881,2022
2022-11-28 09:00:00+00:00,8.489141,80.46928043999999,0.8429415373547827,-0.5380051715383,2462887.0,125.5,-0.7071067811865475,0.7071067811865476,1.0,62350.0,7117.2,44023.0,203.61916190685324,8.16833329200745,9739.8725,49709.880000000005,8621.675,23770.0,3715.0,1268.38,233045.53,3978.84,4.732323,2022
2022-02-08 17:00:00+00:00,9.763541,80.46928043999999,0.7829801036770629,0.6220467484408675,1729375.0,75.7,-0.2588190451025206,-0.9659258262890684,1.0,67250.0,7117.2,56051.0,311.2079174399675,7.282722274462382,9638.2725,40869.33499999999,25907.7,26073.0,5317.0,0.0,184685.19,2029.76,2.5226092,2022
2022-10-07 18:00:00+00:00,16.03373,80.46928043999999,0.1073813466641621,-0.994217906893952,2313405.0,105.0,-1.8369701987210292e-16,-1.0,1.0,48750.0,6111.4,38010.0,216.8753104416517,16.131250143051158,6648.422500000001,44728.55,24478.0,20844.0,3216.0,0.0,21552.137,1838.08,1.8778478,2022
2022-10-27 01:00:00+00:00,15.44288,80.46928043999999,0.436651231956063,-0.8996308696522438,2419163.0,35.0,0.9659258262890684,0.2588190451025207,1.0,35550.0,5066.1,40305.0,215.44583494195007,14.826416810353576,6029.65,37618.9525,8638.425,13806.0,3059.0,0.0,0.0,7023.23,6.176404,2022
2022-06-06 14:00:00+00:00,20.495281,80.46928043999999,-0.9051931898913974,0.4250003399695541,2345706.0,79.25,-0.8660254037844386,-0.5000000000000001,0.0,39950.0,6113.8,39162.0,196.48394820919825,20.00522179073759,3703.8,9716.619999999995,12162.925,20276.0,3708.0,6779.29,2013469.5,2944.98,4.2974524,2022
2022-11-28 10:00:00+00:00,9.0410595,80.46928043999999,0.8429415373547827,-0.5380051715383,2462887.0,125.5,-0.8660254037844387,0.4999999999999999,1.0,62550.0,7117.2,44023.0,203.61916190685324,8.18308325608571,9736.2275,51663.535,7014.7750000000015,23284.0,3659.0,2337.14,459043.72,4120.23,4.21293,2022
2022-10-27 18:00:00+00:00,18.391447,80.46928043999999,0.436651231956063,-0.8996308696522438,2419163.0,35.0,-1.8369701987210292e-16,-1.0,1.0,47650.0,5066.1,40305.0,215.44583494195007,15.351416667302448,8174.895,39851.605,18856.625,20765.0,3359.0,0.0,607.267,6495.83,5.939168,2022
2022-07-04 23:00:00+00:00,17.344852,80.46928043999999,-0.99907411510223,-0.0430222330045303,2469618.0,162.6,0.9659258262890684,-0.2588190451025207,1.0,40650.0,7117.2,37465.0,194.5713800976801,21.21875,7813.72,36687.765,16511.35,19087.0,3344.0,0.0,0.0,2801.62,3.9066777,2022
2022-08-24 03:00:00+00:00,18.304993,80.46928043999999,-0.6050560696488494,-0.7961828637826154,2250959.0,293.0,0.7071067811865476,0.7071067811865476,1.0,36900.0,7117.2,34710.0,146.15470664335666,20.40950012207033,7869.23,39652.61,19215.6,14031.0,2029.0,0.0,0.0,1156.75,1.3957024,2022
2022-08-09 21:00:00+00:00,22.543297,80.46928043999999,-0.7883050558305256,-0.6152845999633274,2280964.0,190.0,0.7071067811865474,-0.7071067811865477,1.0,44950.0,7117.2,36888.0,120.84214573944575,22.488916238148995,6472.595,36582.7975,20612.975,15481.0,2307.0,0.0,0.0,5872.54,5.640606,2022
2022-11-28 02:00:00+00:00,8.530206,80.46928043999999,0.8429415373547827,-0.5380051715383,2462887.0,125.5,0.8660254037844387,0.4999999999999999,1.0,46850.0,6071.9,43113.0,203.61916190685324,8.163583278656006,6320.787499999999,24315.14,7502.174999999999,11353.0,2817.0,0.0,0.0,5140.72,4.6307316,2022
2022-02-05 09:00:00+00:00,5.8534136,80.46928043999999,0.8140460935082179,0.5808002734538008,1747271.0,79.63333333333334,-0.7071067811865475,0.7071067811865476,0.0,64800.0,7117.2,56271.0,243.3844269230769,6.677055623796252,7635.2325,17011.045,16870.0,20265.0,4172.0,2840.88,394320.97,3606.36,4.1101437,2022
2022-10-07 19:00:00+00:00,15.367435,80.46928043999999,0.1073813466641621,-0.994217906893952,2313405.0,105.0,0.2588190451025203,-0.9659258262890684,1.0,45550.0,6111.4,39320.0,216.8753104416517,16.044333537419636,6027.785000000001,39768.635,23205.875,18979.0,3046.0,0.0,0.0,2232.74,2.0037174,2022
2022-08-20 08:00:00+00:00,19.45408,80.46928043999999,-0.6584015846980489,-0.7526668275320083,2249940.0,254.0,-0.4999999999999998,0.8660254037844387,0.0,39300.0,7117.2,35156.0,182.53423222610724,18.978666305541992,5790.5375,38896.8025,12043.525,10545.0,2913.0,5407.69,1078818.8,1338.99,2.251063,2022
2022-08-09 07:00:00+00:00,20.58067,80.46928043999999,-0.7883050558305256,-0.6152845999633274,2280964.0,190.0,-0.2588190451025208,0.9659258262890684,1.0,43050.0,7117.2,36888.0,120.84214573944575,20.20775032043457,6805.6475,37970.1775,18352.0,15688.0,2132.0,3870.17,792028.6,3676.74,4.4976535,2022
2022-03-23 18:00:00+00:00,12.034055,80.46928043999999,0.1585593851031345,0.9873494423939864,1369050.0,109.0,-1.8369701987210292e-16,-1.0,1.0,57700.0,6053.3,43435.0,208.0700429385429,10.793833335240686,10811.1325,62222.85,18292.1,23146.0,5341.0,1.86,241372.55,1949.29,3.61806,2022
2022-05-28 09:00:00+00:00,17.064472,80.46928043999999,-0.8287700871745035,0.5595892624101769,1954315.0,82.66666666666667,-0.7071067811865475,0.7071067811865476,0.0,42350.0,5122.1,37105.0,186.52801994302,17.57472229003906,5336.847500000001,169.15499999999884,9134.95,14572.0,4203.0,8282.76,2149557.2,2078.41,4.0068927,2022
2022-03-26 12:00:00+00:00,14.611396,80.46928043999999,0.107381346664163,0.994217906893952,1369050.0,101.66666666666669,-1.0,1.2246467991473532e-16,0.0,48750.0,6053.3,39875.0,189.38260966625964,10.66233332951864,3779.775000000001,18217.2425,16990.6,11069.0,2543.0,8000.84,2481729.8,5336.53,5.9243703,2022
2022-08-05 15:00:00+00:00,24.568785,80.46928043999999,-0.8287700871745037,-0.5595892624101767,2274044.0,195.0,-0.7071067811865477,-0.7071067811865475,1.0,46550.0,7117.2,36306.0,136.83769295519298,22.23050022125245,6051.0325,34195.965,14946.15,21528.0,2336.0,6544.95,2062461.5,4556.46,4.220795,2022
2022-09-03 00:00:00+00:00,17.688183,80.46928043999999,-0.4597327394521046,-0.888057322629493,2244154.0,199.52,1.0,0.0,0.0,36650.0,7117.2,32401.0,127.13238503626002,20.675750096639,6337.335,20336.557499999995,17964.175,14173.0,1957.0,0.0,0.0,2029.53,1.6253872,2022
2022-08-25 14:00:00+00:00,25.513157,80.46928043999999,-0.5912614448635782,-0.8064799463209447,2250959.0,308.7,-0.8660254037844386,-0.5000000000000001,1.0,50200.0,7117.2,34046.0,137.649736959337,23.88941685358683,7146.9025,32913.965,14350.975,17391.0,2018.0,6710.3,2044559.1,2525.58,2.9317095,2022
2022-02-17 13:00:00+00:00,12.243946,80.46928043999999,0.6776147890466889,0.7354170229639855,1697421.0,72.0,-0.9659258262890684,-0.2588190451025203,1.0,62400.0,7117.2,55741.0,356.2878187627188,8.5396666791704,5565.0375,15445.127499999997,15606.4,21733.0,5231.0,3782.23,1282039.6,10156.69,8.334327,2022
2022-03-22 08:00:00+00:00,8.943122,80.46928043999999,0.1755314904214282,0.9844738167520922,1369050.0,98.85,-0.4999999999999998,0.8660254037844387,1.0,62000.0,6053.3,45455.0,215.7405109686609,9.40705558988783,8055.845000000001,40623.412500000006,16440.4,21180.0,3922.0,3820.94,756083.4,4354.78,6.3808055,2022
2022-08-09 02:00:00+00:00,18.73945,80.46928043999999,-0.7883050558305256,-0.6152845999633274,2280964.0,190.0,0.8660254037844387,0.4999999999999999,1.0,34150.0,7117.2,36778.0,120.84214573944575,20.62824964523314,6602.59,38620.8,16403.1,12009.0,1809.0,0.0,0.0,4984.69,5.084123,2022
2022-11-24 03:00:00+00:00,8.731125,80.46928043999999,0.8039279618328213,-0.5947266869607633,2518920.0,118.0,0.7071067811865476,0.7071067811865476,1.0,47650.0,6071.9,44069.0,247.18651651400128,8.74608325958252,4483.397499999999,33181.8975,13619.425,14648.0,3758.0,0.0,0.0,9094.84,6.684957,2022
2022-07-27 20:00:00+00:00,20.213852,80.46928043999999,-0.9051931898913976,-0.4250003399695539,2312574.0,209.5,0.5000000000000001,-0.8660254037844386,1.0,46000.0,7117.2,34885.0,140.7987118131868,22.082333564758315,7948.795,45210.8425,25839.925,22445.0,2825.0,0.0,30722.582,2971.47,2.6204934,2022
2022-07-15 10:00:00+00:00,23.755732,80.46928043999999,-0.973118337233262,-0.2303056702306119,2462110.0,154.25,-0.8660254037844387,0.4999999999999999,1.0,50100.0,7117.2,35950.0,147.32695785510785,23.1623331705729,6438.735000000001,23850.455,21193.325,22411.0,2873.0,9491.98,2590868.0,1801.18,2.1328237,2022
2022-10-22 02:00:00+00:00,14.986726,80.46928043999999,0.3576982388331254,-0.9338372288229252,2315468.0,44.0,0.8660254037844387,0.4999999999999999,0.0,33200.0,5066.1,41120.0,200.7180950407081,15.814666589101144,4512.817499999999,38615.4025,12354.0,13226.0,3086.0,0.0,0.0,4615.63,5.878457,2022
2022-11-24 00:00:00+00:00,9.000555,80.46928043999999,0.8039279618328213,-0.5947266869607633,2518920.0,118.0,1.0,0.0,1.0,51350.0,6071.9,44069.0,247.18651651400128,8.879083395004267,4397.77,28800.0075,14566.6,14595.0,4022.0,0.0,0.0,10607.65,7.6972747,2022
2022-05-28 17:00:00+00:00,19.111765,80.46928043999999,-0.8287700871745035,0.5595892624101769,1954315.0,82.66666666666667,-0.2588190451025206,-0.9659258262890684,0.0,41150.0,5122.1,37105.0,186.52801994302,18.97249984741209,6594.1875,20988.1775,12113.575,17667.0,4246.0,3420.66,1391596.0,5629.84,4.885471,2022
2022-02-08 18:00:00+00:00,8.641312,80.46928043999999,0.7829801036770629,0.6220467484408675,1729375.0,75.7,-1.8369701987210292e-16,-1.0,1.0,72550.0,7117.2,56051.0,311.2079174399675,7.221388869815403,9203.995,40860.7825,29359.0,25267.0,5699.0,0.0,9475.938,1829.87,2.5207956,2022
2022-07-21 13:00:00+00:00,24.865622,80.46928043999999,-0.9441875088341996,-0.3294084822245298,2382772.0,150.5,-0.9659258262890684,-0.2588190451025203,1.0,53100.0,7117.2,37255.0,151.18897646520145,24.1264171600342,4879.9125,30234.59749999999,19554.175,24263.0,2558.0,9314.02,2732265.2,1250.83,1.3967792,2022
2022-06-29 19:00:00+00:00,19.924173,80.46928043999999,-0.99907411510223,0.0430222330045305,2482855.0,140.55,0.2588190451025203,-0.9659258262890684,1.0,44750.0,7117.2,38795.0,198.92442409442413,21.436499595642097,9200.1125,45298.955,19911.15,22993.0,4312.0,254.41,312899.25,1522.52,2.5987196,2022
2022-02-17 00:00:00+00:00,10.560516,80.46928043999999,0.6776147890466889,0.7354170229639855,1697421.0,72.0,1.0,0.0,1.0,55500.0,7117.2,55966.0,356.2878187627188,8.125222285588583,5306.372500000001,11898.4625,13784.6,15920.0,4706.0,0.0,0.0,15374.93,11.404662,2022
2022-07-19 03:00:00+00:00,20.820965,80.46928043999999,-0.9549667548552552,-0.2967128192734901,2382772.0,151.6,0.7071067811865476,0.7071067811865476,1.0,40250.0,7117.2,34490.0,140.9258976088726,23.415499846140527,6575.2475,43695.805,19793.725,18355.0,2865.0,0.0,0.0,5841.44,2.774067,2022
2022-12-09 19:00:00+00:00,4.5517344,80.46928043999999,0.9291414114031744,-0.3697245428906732,2374305.0,140.2,0.2588190451025203,-0.9659258262890684,1.0,70550.0,7117.2,50725.0,215.17218239329108,6.353333413600922,10336.53,57963.8925,21145.025,19290.0,5142.0,0.0,0.0,1778.45,3.0200932,2022
2022-08-24 11:00:00+00:00,25.866665,80.46928043999999,-0.6050560696488494,-0.7961828637826154,2250959.0,293.0,-0.9659258262890682,0.258819045102521,1.0,52200.0,7117.2,35146.0,146.15470664335666,22.159250259399407,7090.8625,29564.9225,17194.025,15017.0,2187.0,9703.86,2397812.5,825.45,1.74366,2022
2022-10-22 11:00:00+00:00,18.362629,80.46928043999999,0.3576982388331254,-0.9338372288229252,2315468.0,44.0,-0.9659258262890682,0.258819045102521,0.0,44350.0,5066.1,41190.0,200.7180950407081,15.994499921798692,5980.037499999999,33725.0875,5997.049999999999,13692.0,3394.0,6157.48,1364095.8,2142.5,5.1889906,2022
2022-10-22 15:00:00+00:00,19.224627,80.46928043999999,0.3576982388331254,-0.9338372288229252,2315468.0,44.0,-0.7071067811865477,-0.7071067811865475,0.0,38250.0,5066.1,41190.0,200.7180950407081,16.66891654332481,7790.299999999999,44792.825,5547.0,15205.0,3486.0,3153.6,832490.6,2269.26,5.495443,2022
2022-12-13 17:00:00+00:00,4.629082,80.46928043999999,0.9523775757303972,-0.3049212246562894,2190805.0,138.35,-0.2588190451025206,-0.9659258262890684,1.0,78800.0,7117.2,52100.0,230.8754162755924,4.904166688521701,10727.55,60282.365000000005,21151.525,26645.0,6320.0,0.0,3589.7764,3107.93,4.5643134,2022
2022-09-07 11:00:00+00:00,21.540787,80.46928043999999,-0.3975428142825566,-0.9175836260593934,2240533.0,208.3,-0.9659258262890682,0.258819045102521,1.0,51950.0,7117.2,36396.0,141.2186374061124,20.85566647847492,5961.432500000001,36879.66,13507.55,19082.0,2402.0,6915.48,1828883.8,3140.31,3.9119384,2022
2022-07-25 19:00:00+00:00,22.461618,80.46928043999999,-0.9192859697186104,-0.3935902766564669,2312574.0,168.57,0.2588190451025203,-0.9659258262890684,1.0,48800.0,7117.2,34992.0,148.19598463573462,22.40549993515015,6015.73,38481.0125,23258.075,25178.0,3128.0,118.24,261161.9,7296.15,5.6652884,2022
2022-03-09 16:00:00+00:00,11.840729,80.46928043999999,0.3896304495307879,0.9209712877166346,1420843.0,149.75,-0.5000000000000004,-0.8660254037844385,1.0,58000.0,7117.2,53170.0,228.0852643060643,8.425333380699158,9504.7875,56975.43000000001,15401.2,23605.0,4333.0,1905.44,838596.1,4967.14,5.781468,2022
2022-03-07 22:00:00+00:00,3.9756942,80.46928043999999,0.4211008707960896,0.907013812802636,1420843.0,227.0,0.8660254037844384,-0.5000000000000004,1.0,66650.0,7117.2,52760.0,236.381658038258,7.765444503890141,8442.285,51128.240000000005,18326.9,17626.0,4382.0,0.0,0.0,6306.44,6.1125245,2022
2022-10-07 08:00:00+00:00,13.892851,80.46928043999999,0.1073813466641621,-0.994217906893952,2313405.0,105.0,-0.4999999999999998,0.8660254037844387,1.0,49750.0,6111.4,38010.0,216.8753104416517,15.051500161488867,5575.0675,32186.950000000004,19492.75,20065.0,3495.0,2859.08,538015.2,1341.53,1.655416,2022
2022-09-07 16:00:00+00:00,21.652237,80.46928043999999,-0.3975428142825566,-0.9175836260593934,2240533.0,208.3,-0.5000000000000004,-0.8660254037844385,1.0,48500.0,7117.2,36396.0,141.2186374061124,20.90583324432374,9318.8275,51862.2575,13347.225,22572.0,2860.0,2753.92,984998.4,2987.35,4.0829678,2022
2022-11-04 13:00:00+00:00,12.251574,80.46928043999999,0.5560174366570438,-0.8311706263658084,2455704.0,59.0,-0.9659258262890684,-0.2588190451025203,1.0,51350.0,6071.9,40065.0,191.40342435447,12.33241677284241,7697.734999999999,54559.247500000005,8071.699999999997,20511.0,3397.0,4272.04,1117237.9,7052.47,7.072786,2022
2022-07-17 01:00:00+00:00,18.999329,80.46928043999999,-0.9646141756912436,-0.2636654927280072,2462110.0,157.08333333333334,0.9659258262890684,0.2588190451025207,0.0,34750.0,7117.2,34300.0,133.55774122914124,23.2433336575826,6713.515,30393.0475,18513.275,14535.0,2381.0,0.0,0.0,3828.57,4.8457246,2022
2022-07-15 02:00:00+00:00,17.947397,80.46928043999999,-0.973118337233262,-0.2303056702306119,2462110.0,154.25,0.8660254037844387,0.4999999999999999,1.0,36000.0,7117.2,35545.0,147.32695785510785,23.61341651280721,7657.030000000001,30773.025,18432.75,16578.0,2580.0,0.0,0.0,3340.5,3.6804893,2022
2022-02-03 20:00:00+00:00,7.916981,80.46928043999999,0.8335557718385699,0.5524353131676196,1747271.0,77.6,0.5000000000000001,-0.8660254037844386,1.0,66450.0,7117.2,58656.0,258.3570488807489,6.603777779473197,8477.5925,46704.0225,29101.5,20903.0,4305.0,0.0,0.0,2785.8,4.536862,2022
2022-07-25 16:00:00+00:00,24.79354,80.46928043999999,-0.9192859697186104,-0.3935902766564669,2312574.0,168.57,-0.5000000000000004,-0.8660254037844385,1.0,51550.0,7117.2,34992.0,148.19598463573462,23.011333147684724,4273.8575,34743.085,17054.1,25504.0,2869.0,4408.37,1654930.0,8810.04,6.187483,2022
2022-10-22 13:00:00+00:00,19.297474,80.46928043999999,0.3576982388331254,-0.9338372288229252,2315468.0,44.0,-0.9659258262890684,-0.2588190451025203,0.0,40250.0,5066.1,41190.0,200.7180950407081,16.374583403269458,5965.657499999999,34149.455,4149.575000000001,13532.0,3270.0,5982.34,1404176.8,2085.82,5.3843,2022
2022-03-07 10:00:00+00:00,5.004351,80.46928043999999,0.4211008707960896,0.907013812802636,1420843.0,227.0,-0.8660254037844387,0.4999999999999999,1.0,70150.0,7117.2,52760.0,236.381658038258,7.181555655267502,7627.5075,40547.4675,23244.3,21354.0,4923.0,6686.79,1472501.6,4350.42,4.690902,2022
2022-03-09 01:00:00+00:00,4.9159794,80.46928043999999,0.3896304495307879,0.9209712877166346,1420843.0,149.75,0.9659258262890684,0.2588190451025207,1.0,60100.0,7117.2,53170.0,228.0852643060643,7.704111244943405,7010.562500000001,41371.7675,18000.1,15161.0,3194.0,0.0,0.0,4591.0,4.6500254,2022
2022-08-13 02:00:00+00:00,19.548567,80.46928043999999,-0.7441039398713605,-0.6680638642135336,2280964.0,210.5,0.8660254037844387,0.4999999999999999,0.0,32150.0,7117.2,36291.0,114.89604756539754,22.216083367665576,6309.1175,35035.3625,19963.325,11703.0,1802.0,0.0,0.0,3815.73,2.1140602,2022
2022-12-10 04:00:00+00:00,3.1692572,80.46928043999999,0.935367949313148,-0.3536761221763721,2374305.0,139.13333333333333,0.5000000000000001,0.8660254037844386,0.0,56200.0,7117.2,50725.0,205.27261362735493,6.157416582107543,8134.4625,45087.995,7978.75,13136.0,2895.0,0.0,0.0,1587.02,3.1165826,2022
2022-09-13 12:00:00+00:00,23.416883,80.46928043999999,-0.300819807635668,-0.9536809966304456,2252727.0,194.5,-1.0,1.2246467991473532e-16,1.0,51600.0,7117.2,38226.0,136.9191282828283,20.28024991353352,9156.8225,31860.82,13945.9,19125.0,1893.0,7631.42,1703548.2,3112.01,3.1622417,2022
2022-03-23 22:00:00+00:00,7.988363,80.46928043999999,0.1585593851031345,0.9873494423939864,1369050.0,109.0,0.8660254037844384,-0.5000000000000004,1.0,54950.0,6053.3,43435.0,208.0700429385429,10.375444465213349,9372.415,50359.57,14118.7,16439.0,3162.0,0.0,0.0,2747.91,3.9525502,2022
2022-12-21 04:00:00+00:00,9.673321,80.46928043999999,0.9852201067560606,-0.1712931441814778,2142607.0,94.6,0.5000000000000001,0.8660254037844386,1.0,49700.0,7117.2,51300.0,224.19761767153943,7.522833426793413,7487.585,39582.32750000001,9904.0,14441.0,3127.0,0.0,0.0,5096.54,6.5288644,2022
2022-02-08 14:00:00+00:00,10.961622,80.46928043999999,0.7829801036770629,0.6220467484408675,1729375.0,75.7,-0.8660254037844386,-0.5000000000000001,1.0,63700.0,7117.2,56051.0,311.2079174399675,7.006333298153347,8153.137500000001,31428.5,17685.8,22821.0,3870.0,4324.17,1167860.5,2677.33,2.7471998,2022
2022-11-18 19:00:00+00:00,8.5642805,80.46928043999999,0.7383263540031063,-0.6744436188329457,2499746.0,105.0,0.2588190451025203,-0.9659258262890684,1.0,56600.0,6071.9,42039.0,226.74134235724017,11.120583256085704,8593.3225,40160.7625,17892.4,20916.0,4778.0,0.0,0.0,3637.85,5.146235,2022
2022-07-27 19:00:00+00:00,21.453506,80.46928043999999,-0.9051931898913976,-0.4250003399695539,2312574.0,209.5,0.2588190451025203,-0.9659258262890684,1.0,45700.0,7117.2,34885.0,140.7987118131868,22.613499641418457,7940.204999999999,48263.60249999999,26697.8,24415.0,2932.0,103.22,292347.78,2658.48,2.3784924,2022
2022-11-07 19:00:00+00:00,12.968243,80.46928043999999,0.5981809144059166,-0.8013610881746764,2495545.0,53.0,0.2588190451025203,-0.9659258262890684,1.0,51250.0,6071.9,40805.0,179.01824777316085,11.34808341662088,6052.3075,35349.302500000005,19520.1,19996.0,3874.0,0.0,0.0,10239.29,8.088679,2022
2022-06-29 00:00:00+00:00,16.28599,80.46928043999999,-0.99907411510223,0.0430222330045305,2482855.0,140.55,1.0,0.0,1.0,39250.0,7117.2,38795.0,198.92442409442413,19.58291657765708,7556.3525,33467.215,19710.525,17396.0,3333.0,0.0,0.0,2035.21,2.125995,2022
2022-08-25 22:00:00+00:00,20.082655,80.46928043999999,-0.5912614448635782,-0.8064799463209447,2250959.0,308.7,0.8660254037844384,-0.5000000000000004,1.0,43350.0,7117.2,34046.0,137.32933475135974,21.737500190734835,7054.31,34676.3525,15395.15,15031.0,2285.0,0.0,0.0,4237.87,3.8737311,2022
2022-12-13 05:00:00+00:00,2.2592244,80.46928043999999,0.9523775757303972,-0.3049212246562894,2190805.0,138.35,0.2588190451025207,0.9659258262890684,1.0,68700.0,7117.2,51300.0,230.8754162755924,4.437916691104572,9371.482499999998,54098.6075,11405.5,20110.0,4060.0,0.0,0.0,6698.71,3.5285304,2022
2022-03-09 21:00:00+00:00,7.8360815,80.46928043999999,0.3896304495307879,0.9209712877166346,1420843.0,149.75,0.7071067811865474,-0.7071067811865477,1.0,59850.0,7117.2,53170.0,228.0852643060643,8.431222094429861,8450.917500000001,45523.04,23014.6,19388.0,3991.0,0.0,0.0,7161.56,5.5055404,2022
2022-10-23 08:00:00+00:00,16.345167,80.46928043999999,0.3737197147904684,-0.9275416835791968,2315468.0,37.25,-0.4999999999999998,0.8660254037844387,0.0,38750.0,5066.1,42093.0,195.0747454597737,15.47074993451436,5617.825000000001,32663.267499999994,4942.7750000000015,12456.0,2690.0,1487.74,292771.12,8157.45,7.6944213,2022
2022-08-08 07:00:00+00:00,19.824621,80.46928043999999,-0.798779372886365,-0.6016240632249223,2280964.0,192.3,-0.2588190451025208,0.9659258262890684,1.0,43900.0,7117.2,36099.0,122.3574742100492,19.96341673533123,7061.264999999999,37781.08,19375.2,16123.0,2008.0,3943.54,803247.3,3389.03,4.137105,2022
2022-04-05 00:00:00+00:00,6.001761,80.46928043999999,-0.0645084494493162,0.9979171608653922,1197120.0,108.72,1.0,0.0,1.0,57400.0,6021.6,43455.0,230.21333549043555,8.17122226291232,5505.0025000000005,13050.774999999994,12170.7,14711.0,3394.0,0.0,0.0,6427.52,4.059666,2022
2022-07-04 21:00:00+00:00,18.647312,80.46928043999999,-0.99907411510223,-0.0430222330045303,2469618.0,162.6,0.7071067811865474,-0.7071067811865477,1.0,47700.0,7117.2,37465.0,194.1288931827432,21.50341637929278,8533.58,40804.2075,17428.125,21034.0,4079.0,0.0,1308.4226,3122.55,4.155848,2022
2022-08-20 15:00:00+00:00,24.107538,80.46928043999999,-0.6584015846980489,-0.7526668275320083,2249940.0,254.0,-0.7071067811865477,-0.7071067811865475,0.0,37800.0,7117.2,34721.0,182.53423222610724,22.17891677220664,5597.2525000000005,35003.067500000005,10801.75,11163.0,2678.0,6928.74,1998149.6,1611.89,3.011262,2022
2022-04-05 10:00:00+00:00,9.388119,80.46928043999999,-0.0645084494493162,0.9979171608653922,1197120.0,108.72,-0.8660254037844387,0.4999999999999999,1.0,66350.0,6021.6,43095.0,230.21333549043555,8.240055574311164,7493.979999999999,40743.77749999999,24141.5,17793.0,4561.0,5309.02,1430394.8,4358.33,3.2458735,2022
2022-07-15 12:00:00+00:00,25.211618,80.46928043999999,-0.973118337233262,-0.2303056702306119,2462110.0,154.25,-1.0,1.2246467991473532e-16,1.0,49500.0,7117.2,35950.0,147.32695785510785,23.869500319163,6192.739999999999,22571.6375,21942.725,23148.0,2853.0,10104.35,3013817.2,1954.89,1.9261785,2022
2022-02-08 08:00:00+00:00,5.5963516,80.46928043999999,0.7829801036770629,0.6220467484408675,1729375.0,75.7,-0.4999999999999998,0.8660254037844387,1.0,74900.0,7117.2,55896.0,311.2079174399675,6.558166596624588,8968.3125,30047.69249999999,25920.0,24556.0,5017.0,1074.6,111197.49,3544.01,2.3430147,2022
2022-08-20 16:00:00+00:00,24.004368,80.46928043999999,-0.6584015846980489,-0.7526668275320083,2249940.0,254.0,-0.5000000000000004,-0.8660254037844385,0.0,38500.0,7117.2,34721.0,182.53423222610724,22.599583307902023,6230.049999999999,40097.25,11909.375,11946.0,2958.0,4755.77,1563649.0,1640.82,3.0094678,2022
2022-06-02 05:00:00+00:00,13.62932,80.46928043999999,-0.8738071036110806,0.4862727071086904,2156969.0,83.5,0.2588190451025207,0.9659258262890684,1.0,44800.0,6113.8,40395.0,197.0432372608872,18.40177763832942,9022.89,42098.1075,24687.25,12121.0,4302.0,492.05,119733.08,2833.28,3.1311839,2022
2022-07-19 14:00:00+00:00,29.532536,80.46928043999999,-0.9549667548552552,-0.2967128192734901,2382772.0,151.6,-0.8660254037844386,-0.5000000000000001,1.0,56250.0,7117.2,34490.0,140.9258976088726,24.703000227610275,5149.7975,30463.03750000001,17274.525,25384.0,2943.0,8626.3,2829324.0,4982.08,2.6235108,2022
2022-08-14 04:00:00+00:00,18.94536,80.46928043999999,-0.7324940716135788,-0.6807734094770164,2280964.0,216.0,0.5000000000000001,0.8660254037844386,0.0,31450.0,7117.2,36011.0,115.44113513986017,22.046500523885072,6028.4025,29602.869999999995,17548.7,10300.0,1504.0,0.0,0.0,3328.71,1.4139005,2022
2022-06-06 09:00:00+00:00,18.447424,80.46928043999999,-0.9051931898913974,0.4250003399695541,2345706.0,79.25,-0.7071067811865475,0.7071067811865476,0.0,42550.0,6113.8,39162.0,196.48394820919825,19.228444735209145,2282.8825,8850.097499999996,14672.8,18913.0,3679.0,7170.91,1717184.2,2552.78,3.4807725,2022
2022-07-15 05:00:00+00:00,17.38678,80.46928043999999,-0.973118337233262,-0.2303056702306119,2462110.0,154.25,0.2588190451025207,0.9659258262890684,1.0,40150.0,7117.2,35270.0,147.32695785510785,22.9126663208008,8494.220000000001,39221.5075,22982.7,22486.0,2640.0,537.43,80517.36,2411.57,3.2897458,2022
2022-06-29 05:00:00+00:00,15.320386,80.46928043999999,-0.99907411510223,0.0430222330045305,2482855.0,140.55,0.2588190451025207,0.9659258262890684,1.0,43750.0,7117.2,38795.0,198.92442409442413,18.79866663614909,8417.02,46556.935,23914.0,21784.0,3694.0,665.76,96092.445,1878.54,2.322018,2022
2022-12-10 07:00:00+00:00,2.719891,80.46928043999999,0.935367949313148,-0.3536761221763721,2374305.0,139.13333333333333,-0.2588190451025208,0.9659258262890684,0.0,63100.0,7117.2,50725.0,205.27261362735493,6.027416745821634,9493.642500000002,50349.8625,13172.25,17326.0,3410.0,0.0,101.76547,1679.34,3.0306022,2022
2022-06-02 03:00:00+00:00,13.321247,80.46928043999999,-0.8738071036110806,0.4862727071086904,2156969.0,83.5,0.7071067811865476,0.7071067811865476,1.0,37150.0,6113.8,40395.0,197.0432372608872,18.591333018408864,7915.835,36982.4325,21236.5,12652.0,3682.0,0.0,0.0,2966.48,2.944336,2022
2022-08-25 08:00:00+00:00,21.799839,80.46928043999999,-0.5912614448635782,-0.8064799463209447,2250959.0,308.7,-0.4999999999999998,0.8660254037844387,1.0,50450.0,7117.2,34046.0,137.649736959337,21.898583094278983,7653.765000000001,33282.63250000001,16308.15,18017.0,2017.0,4751.53,923656.25,1670.97,1.9877516,2022
2022-12-18 03:00:00+00:00,1.6197478,80.46928043999999,0.9750645322571948,-0.2219215130041658,2190805.0,110.5,0.7071067811865476,0.7071067811865476,0.0,63400.0,7117.2,51185.0,238.29207203086773,5.31758334239324,7077.99,27824.705,12854.475,10661.0,4108.0,0.0,0.0,6653.47,5.048007,2022
2022-04-16 01:00:00+00:00,10.565884,80.46928043999999,-0.2511900638848191,0.9679377830240644,1229508.0,99.025,0.9659258262890684,0.2588190451025207,0.0,38450.0,7046.5,41666.0,256.01031890516884,13.154222435421405,7030.4725,31465.9975,14308.8,12310.0,4771.0,0.0,0.0,3405.47,3.11929,2022
2022-07-19 11:00:00+00:00,28.326202,80.46928043999999,-0.9549667548552552,-0.2967128192734901,2382772.0,151.6,-0.9659258262890682,0.258819045102521,1.0,58600.0,7117.2,34490.0,140.9258976088726,23.5935001373291,4810.7825,26072.347500000003,18223.325,24050.0,2877.0,9578.36,2884905.2,4537.18,2.6453652,2022
2022-10-28 15:00:00+00:00,20.195318,80.46928043999999,0.4520722039323045,-0.8919813464595484,2419163.0,33.82,-0.7071067811865477,-0.7071067811865475,1.0,43650.0,5066.1,40305.0,200.79569442361185,15.7130835056305,7034.729999999999,42964.56999999999,12250.6,20035.0,3061.0,3143.92,772493.06,2202.49,3.622654,2022
2022-10-28 06:00:00+00:00,16.01133,80.46928043999999,0.4520722039323045,-0.8919813464595484,2419163.0,33.82,6.123233995736766e-17,1.0,1.0,46150.0,5066.1,40305.0,200.79569442361185,14.824500083923326,7622.6675,49474.56999999999,20064.075,21585.0,3193.0,0.0,24.024616,8364.89,5.481447,2022
2022-07-27 05:00:00+00:00,15.704188,80.46928043999999,-0.9051931898913976,-0.4250003399695539,2312574.0,209.5,0.2588190451025207,0.9659258262890684,1.0,42700.0,7117.2,35620.0,140.7987118131868,19.83558320999148,7876.565,43996.18,23340.45,21912.0,2700.0,363.39,37949.723,2203.78,2.9491596,2022
2022-12-18 12:00:00+00:00,6.162682,80.46928043999999,0.9750645322571948,-0.2219215130041658,2190805.0,110.5,-1.0,1.2246467991473532e-16,0.0,67900.0,7117.2,51185.0,238.29207203086773,5.278000007073085,7507.885,34843.41499999999,9342.125,12717.0,4292.0,5110.83,727703.7,9031.94,7.1581383,2022
2022-04-21 10:00:00+00:00,12.519771,80.46928043999999,-0.3334687789181868,0.9427611433904208,1338623.0,95.97,-0.8660254037844387,0.4999999999999999,1.0,52650.0,6986.5,42013.0,240.59830362230363,12.483500162760434,4863.8125,33332.63500000001,8856.2,20394.0,4984.0,5615.34,1824892.1,2244.06,3.1451466,2022
2022-08-25 18:00:00+00:00,23.30683,80.46928043999999,-0.5912614448635782,-0.8064799463209447,2250959.0,308.7,-1.8369701987210292e-16,-1.0,1.0,47700.0,7117.2,34046.0,137.649736959337,23.10391680399577,8598.005000000001,47767.645,20043.8,19781.0,2564.0,317.62,401991.84,3542.53,3.7634299,2022
2022-05-29 12:00:00+00:00,17.003044,80.46928043999999,-0.8382797052177741,0.5452404385406513,1954315.0,84.83333333333333,-1.0,1.2246467991473532e-16,0.0,40000.0,5122.1,37105.0,175.1397263939764,18.214944097730854,4971.990000000001,17528.195,7823.125,12141.0,3548.0,10559.09,2841801.8,2605.44,3.6340654,2022
2022-06-05 16:00:00+00:00,19.59733,80.46928043999999,-0.8977433935342337,0.440518784350495,2156969.0,80.3125,-0.5000000000000004,-0.8660254037844385,0.0,39250.0,6113.8,37305.0,195.9685617012617,20.235666169060607,6780.1975,24757.460000000006,10341.275,12988.0,4135.0,5195.88,1581840.4,6103.85,4.387762,2022
2022-05-23 04:00:00+00:00,15.352802,80.46928043999999,-0.7775971469736267,0.6287628145958347,1954315.0,81.0,0.5000000000000001,0.8660254037844386,1.0,38250.0,5122.1,39475.0,227.6560926739927,19.18072255452471,8284.66,35182.4075,17342.9,15831.0,5192.0,0.2,1196.7234,3544.98,1.7721802,2022
2022-07-21 01:00:00+00:00,18.958906,80.46928043999999,-0.9441875088341996,-0.3294084822245298,2382772.0,150.5,0.9659258262890684,0.2588190451025207,1.0,39300.0,7117.2,38170.0,151.18897646520145,22.84533325831096,5967.645,33835.3225,18926.125,17889.0,2560.0,0.0,0.0,2008.12,2.7848847,2022
2022-04-17 17:00:00+00:00,15.758629,80.46928043999999,-0.2678143051621742,0.9634705485641488,1229508.0,96.5,-0.2588190451025206,-0.9659258262890684,0.0,38750.0,7006.5,41838.0,236.1256757020757,14.778166823916983,7747.7925,38494.875,11007.7,12004.0,5142.0,1845.9,1018202.56,2466.92,1.15145,2022
2022-07-04 16:00:00+00:00,22.783537,80.46928043999999,-0.99907411510223,-0.0430222330045303,2469618.0,162.6,-0.5000000000000004,-0.8660254037844385,1.0,48550.0,7117.2,38380.0,194.1288931827432,21.937916755676262,7567.809999999999,37521.875,15594.15,25103.0,4075.0,5168.39,1864041.6,2312.05,3.30376,2022
2022-08-25 23:00:00+00:00,19.629204,80.46928043999999,-0.5912614448635782,-0.8064799463209447,2250959.0,308.7,0.9659258262890684,-0.2588190451025207,1.0,39750.0,7117.2,34046.0,137.32933475135974,21.67499971389769,6710.732500000001,34775.375,14397.75,14246.0,2164.0,0.0,0.0,3988.1,3.8967726,2022
2022-03-05 11:00:00+00:00,7.392396,80.46928043999999,0.4520722039323043,0.8919813464595485,1604668.0,211.0,-0.9659258262890682,0.258819045102521,0.0,60850.0,6632.3,53170.0,241.6865841473341,8.37222199969821,6793.35,30714.8125,15687.9,14680.0,3830.0,5888.7,1552405.8,1695.4,3.9260342,2022
2022-11-04 19:00:00+00:00,10.114553,80.46928043999999,0.5560174366570438,-0.8311706263658084,2455704.0,59.0,0.2588190451025203,-0.9659258262890684,1.0,50900.0,6071.9,40695.0,191.40342435447,12.147000153859468,8811.8,52877.0975,20461.15,19664.0,4047.0,0.0,0.0,5353.14,6.6310444,2022
2022-12-10 01:00:00+00:00,3.607055,80.46928043999999,0.935367949313148,-0.3536761221763721,2374305.0,139.13333333333333,0.9659258262890684,0.2588190451025207,0.0,60700.0,7117.2,50725.0,205.27261362735493,6.2820834318796805,8466.8825,43919.83,8518.25,12672.0,3262.0,0.0,0.0,1337.73,2.7501915,2022
2022-10-27 08:00:00+00:00,16.567478,80.46928043999999,0.436651231956063,-0.8996308696522438,2419163.0,35.0,-0.4999999999999998,0.8660254037844387,1.0,47550.0,5066.1,39745.0,215.44583494195007,14.55600015322369,6229.027499999999,44786.1025,12418.425,21489.0,3234.0,1375.32,317191.4,7679.5,6.3695016,2022
2022-08-25 09:00:00+00:00,22.921576,80.46928043999999,-0.5912614448635782,-0.8064799463209447,2250959.0,308.7,-0.7071067811865475,0.7071067811865476,1.0,51350.0,7117.2,34046.0,137.649736959337,22.24616654713948,7187.272500000001,29636.9775,15155.925,17600.0,2186.0,6583.87,1418811.4,1268.11,2.1016798,2022
2022-03-26 15:00:00+00:00,15.421359,80.46928043999999,0.107381346664163,0.994217906893952,1369050.0,101.66666666666669,-0.7071067811865477,-0.7071067811865475,0.0,41850.0,6053.3,39875.0,189.38260966625964,11.462444490856612,4776.8150000000005,35658.7625,16105.4,13032.0,2578.0,4998.43,1823777.1,5605.41,6.235192,2022
2022-05-28 11:00:00+00:00,18.603653,80.46928043999999,-0.8287700871745035,0.5595892624101769,1954315.0,82.66666666666667,-0.9659258262890682,0.258819045102521,0.0,44300.0,5122.1,37105.0,186.52801994302,18.090389039781343,4425.39,-1173.0025000000023,8955.349999999999,12366.0,4042.0,10140.05,2851657.5,2672.45,3.7381144,2022
2022-07-25 06:00:00+00:00,20.469309,80.46928043999999,-0.9192859697186104,-0.3935902766564669,2312574.0,168.57,6.123233995736766e-17,1.0,1.0,46950.0,6950.5,34992.0,148.19598463573462,22.04641675949096,5925.1275000000005,35986.23,22417.675,23516.0,3115.0,1522.94,318198.75,4101.95,4.4705477,2022
2022-10-24 18:00:00+00:00,15.82338,80.46928043999999,0.3896304495307877,-0.9209712877166348,2419163.0,30.5,-1.8369701987210292e-16,-1.0,1.0,48150.0,5066.1,42105.0,205.68505190703016,15.476749817530292,6917.827499999999,36588.9175,25349.85,19900.0,3677.0,0.0,1001.9009,6675.68,5.839762,2022
2022-08-05 09:00:00+00:00,22.04053,80.46928043999999,-0.8287700871745037,-0.5595892624101767,2274044.0,195.0,-0.7071067811865475,0.7071067811865476,1.0,48700.0,7117.2,36306.0,136.83769295519298,21.365083217620825,6378.715000000001,40430.3025,15148.95,20525.0,2502.0,7108.28,1636469.5,2643.56,3.3120594,2022
2022-07-04 08:00:00+00:00,19.157461,80.46928043999999,-0.99907411510223,-0.0430222330045303,2469618.0,162.6,-0.4999999999999998,0.8660254037844387,1.0,50450.0,7117.2,38380.0,194.1288931827432,19.91775004069012,7262.637500000001,32642.3875,17139.075,23348.0,3780.0,5422.14,1438142.4,849.98,2.0213773,2022
2022-08-13 15:00:00+00:00,28.011616,80.46928043999999,-0.7441039398713605,-0.6680638642135336,2280964.0,210.5,-0.7071067811865477,-0.7071067811865475,0.0,42050.0,7117.2,36836.0,114.89604756539754,24.24741649627685,5230.78,29441.205000000005,15144.275,12132.0,1957.0,6782.26,2114514.8,1755.11,1.2601194,2022
2022-03-23 13:00:00+00:00,14.035536,80.46928043999999,0.1585593851031345,0.9873494423939864,1369050.0,109.0,-0.9659258262890684,-0.2588190451025203,1.0,53800.0,6053.3,43435.0,208.0700429385429,10.20399989022148,6779.449999999999,36572.585,13638.0,18524.0,2800.0,8033.28,2464504.5,2215.7,4.199212,2022
2022-11-04 00:00:00+00:00,10.848779,80.46928043999999,0.5560174366570438,-0.8311706263658084,2455704.0,59.0,1.0,0.0,1.0,42950.0,5066.1,40065.0,191.40342435447,12.831166903177904,6660.9800000000005,24211.935,13860.25,13828.0,2869.0,0.0,0.0,9918.46,7.0372186,2022
2022-04-17 10:00:00+00:00,14.055504,80.46928043999999,-0.2678143051621742,0.9634705485641488,1229508.0,96.5,-0.8660254037844387,0.4999999999999999,0.0,40500.0,7006.5,41838.0,236.1256757020757,13.317388905419229,4361.6,11080.99500000001,8131.6,7188.0,3995.0,8126.67,2361221.2,2726.58,1.8958027,2022
2022-04-02 14:00:00+00:00,5.6407533,80.46928043999999,-0.012910296075009,0.999916658654738,1334846.0,110.61,-0.8660254037844386,-0.5000000000000001,0.0,56800.0,6041.6,40435.0,218.9799258038258,8.320000065697577,5880.587500000001,27481.375,3414.3,13801.0,3402.0,6715.34,1888903.1,8853.91,6.6112785,2022
2022-03-23 06:00:00+00:00,5.4524794,80.46928043999999,0.1585593851031345,0.9873494423939864,1369050.0,109.0,6.123233995736766e-17,1.0,1.0,59950.0,6053.3,43435.0,208.0700429385429,9.603666490978654,10002.6625,55933.495,15843.7,20656.0,4714.0,100.43,13208.331,2705.6,4.624434,2022
2022-07-27 00:00:00+00:00,17.36646,80.46928043999999,-0.9051931898913976,-0.4250003399695539,2312574.0,209.5,1.0,0.0,1.0,39550.0,7117.2,35620.0,140.7987118131868,20.73183345794679,7232.955,33772.0425,17542.725,17706.0,2395.0,0.0,0.0,2533.55,3.8624961,2022
2022-03-26 20:00:00+00:00,11.36029,80.46928043999999,0.107381346664163,0.994217906893952,1369050.0,101.66666666666669,0.5000000000000001,-0.8660254037844386,0.0,47050.0,6053.3,40625.0,189.38260966625964,11.430222246381982,6515.9275,46961.845,23736.4,16069.0,3428.0,0.0,0.0,6197.64,6.598072,2022
2022-11-18 10:00:00+00:00,10.434296,80.46928043999999,0.7383263540031063,-0.6744436188329457,2499746.0,105.0,-0.8660254037844387,0.4999999999999999,1.0,57650.0,6071.9,42039.0,226.74134235724017,10.99966684977213,8035.505,42164.1725,17046.8,21820.0,3776.0,3817.64,690610.6,5227.88,6.0592957,2022
2022-04-02 19:00:00+00:00,4.1929374,80.46928043999999,-0.012910296075009,0.999916658654738,1334846.0,110.61,0.2588190451025203,-0.9659258262890684,0.0,62200.0,6041.6,40435.0,218.9799258038258,8.118444429503535,8152.280000000001,39211.7,19171.5,16127.0,4634.0,61.03,27244.79,6860.24,5.724396,2022
2022-03-22 09:00:00+00:00,10.270969,80.46928043999999,0.1755314904214282,0.9844738167520922,1369050.0,98.85,-0.7071067811865475,0.7071067811865476,1.0,60450.0,6053.3,45455.0,215.7405109686609,9.430833445654985,7341.099999999999,36299.465,15188.1,19819.0,3293.0,5895.57,1330887.6,3863.03,6.289372,2022
2022-09-03 21:00:00+00:00,18.474306,80.46928043999999,-0.4597327394521046,-0.888057322629493,2244154.0,199.52,0.7071067811865474,-0.7071067811865477,0.0,42250.0,7117.2,33311.0,127.13238503626002,20.94150018692016,7845.34,23663.057499999995,17934.725,14036.0,1964.0,0.0,0.0,1396.64,2.4903736,2022
2022-07-27 06:00:00+00:00,16.693527,80.46928043999999,-0.9051931898913976,-0.4250003399695539,2312574.0,209.5,6.123233995736766e-17,1.0,1.0,46400.0,7117.2,35620.0,140.7987118131868,19.58791653315225,7466.9,42450.8625,23258.75,23520.0,3117.0,1838.28,302881.1,2099.45,2.653839,2022
2022-07-15 03:00:00+00:00,17.537096,80.46928043999999,-0.973118337233262,-0.2303056702306119,2462110.0,154.25,0.7071067811865476,0.7071067811865476,1.0,36600.0,7117.2,35545.0,147.32695785510785,23.39100042978924,7808.64,33225.072499999995,19128.125,17343.0,2402.0,0.0,0.0,2926.92,3.5851936,2022
2022-10-07 12:00:00+00:00,18.45946,80.46928043999999,0.1073813466641621,-0.994217906893952,2313405.0,105.0,-1.0,1.2246467991473532e-16,1.0,48100.0,6111.4,38010.0,216.8753104416517,15.868999958038344,3606.5875,21586.707500000004,15610.475,17302.0,3016.0,7794.32,1796215.4,1164.78,1.8862809,2022
2022-07-15 14:00:00+00:00,26.047497,80.46928043999999,-0.973118337233262,-0.2303056702306119,2462110.0,154.25,-0.8660254037844386,-0.5000000000000001,1.0,47850.0,7117.2,35950.0,147.32695785510785,24.606667200724274,6557.9225,26444.41250000001,21506.35,23981.0,2889.0,8966.72,2828007.5,2425.42,2.0571432,2022
2022-07-25 04:00:00+00:00,19.46944,80.46928043999999,-0.9192859697186104,-0.3935902766564669,2312574.0,168.57,0.5000000000000001,0.8660254037844386,1.0,39900.0,7117.2,34992.0,148.19598463573462,22.453333218892407,6243.715,33296.5775,21826.025,18361.0,2591.0,0.0,219.43794,3688.39,4.4439282,2022
2022-06-06 02:00:00+00:00,14.657762,80.46928043999999,-0.9051931898913974,0.4250003399695541,2345706.0,79.25,0.8660254037844387,0.4999999999999999,0.0,32400.0,6113.8,37177.0,196.48394820919825,19.28055593702528,4530.787499999999,18609.47,17651.1,11941.0,3867.0,0.0,0.0,2399.93,3.402194,2022
2022-11-04 01:00:00+00:00,10.598795,80.46928043999999,0.5560174366570438,-0.8311706263658084,2455704.0,59.0,0.9659258262890684,0.2588190451025207,1.0,42250.0,5066.1,40065.0,191.40342435447,12.752333402633688,6350.5,24282.99,13506.425,13392.0,2796.0,0.0,0.0,9749.19,6.8479376,2022
2022-09-03 04:00:00+00:00,16.836731,80.46928043999999,-0.4597327394521046,-0.888057322629493,2244154.0,199.52,0.5000000000000001,0.8660254037844386,0.0,34150.0,7117.2,32401.0,127.13238503626002,20.20249954859417,7052.87,24715.317500000005,19187.7,14705.0,2126.0,0.0,0.0,1876.46,1.9938309,2022
2022-06-05 17:00:00+00:00,19.397058,80.46928043999999,-0.8977433935342337,0.440518784350495,2156969.0,80.3125,-0.2588190451025206,-0.9659258262890684,0.0,40800.0,6113.8,37305.0,195.9685617012617,20.221110767788343,7063.435,26507.84,13586.475,14146.0,4192.0,3197.61,1150250.1,5706.3,4.4734454,2022
2022-07-19 13:00:00+00:00,29.313675,80.46928043999999,-0.9549667548552552,-0.2967128192734901,2382772.0,151.6,-0.9659258262890684,-0.2588190451025203,1.0,57450.0,7117.2,34490.0,140.9258976088726,24.35408306121826,4866.0125,27528.78750000001,17088.25,24765.0,2837.0,9394.26,3035099.5,5034.97,2.7090056,2022
2022-02-05 20:00:00+00:00,6.2951274,80.46928043999999,0.8140460935082179,0.5808002734538008,1747271.0,79.63333333333334,0.5000000000000001,-0.8660254037844386,0.0,60900.0,7117.2,56271.0,243.3844269230769,6.9124445385403135,5916.084999999999,14649.7425,22298.2,17835.0,3696.0,0.0,0.0,8726.9,6.0118165,2022
2022-07-04 03:00:00+00:00,15.8578615,80.46928043999999,-0.99907411510223,-0.0430222330045303,2469618.0,162.6,0.7071067811865476,0.7071067811865476,1.0,35800.0,7117.2,38380.0,194.1288931827432,20.485666910807304,7185.755,36513.21000000001,15913.5,15030.0,3162.0,0.0,0.0,1828.71,2.632704,2022
2022-12-18 07:00:00+00:00,2.043182,80.46928043999999,0.9750645322571948,-0.2219215130041658,2190805.0,110.5,-0.2588190451025208,0.9659258262890684,0.0,66700.0,7117.2,51185.0,238.29207203086773,5.157583499948184,7419.400000000001,30531.33,13803.4,13148.0,4449.0,0.0,64.50325,7721.34,6.191962,2022
2022-08-13 22:00:00+00:00,21.68967,80.46928043999999,-0.7441039398713605,-0.6680638642135336,2280964.0,210.5,0.8660254037844384,-0.5000000000000004,0.0,39150.0,7117.2,36811.0,115.44113513986017,22.74758323033652,6368.8625,31582.765,18832.75,11719.0,1934.0,0.0,0.0,3561.45,1.1414971,2022
2022-02-03 10:00:00+00:00,8.064714,80.46928043999999,0.8335557718385699,0.5524353131676196,1747271.0,77.6,-0.8660254037844387,0.4999999999999999,1.0,72450.0,7117.2,58656.0,258.3570488807489,6.187722166379295,9441.8475,46515.6075,22741.9,23659.0,4596.0,3820.39,683053.75,2590.07,3.5059423,2022
2022-07-17 11:00:00+00:00,26.634846,80.46928043999999,-0.9646141756912436,-0.2636654927280072,2462110.0,157.08333333333334,-0.9659258262890682,0.258819045102521,0.0,45300.0,7117.2,33670.0,133.55774122914124,23.28399976094564,3738.9475,7180.427500000005,14817.375,13242.0,1939.0,9774.16,2977390.8,2205.16,3.7776153,2022
2022-01-08 12:00:00+00:00,7.5725207,80.46928043999999,0.9905324521322229,0.1372787721132647,2152112.0,84.33333333333334,-1.0,1.2246467991473532e-16,0.0,69500.0,6105.9,55879.0,477.185658038258,6.436666713820563,7035.055,34018.995,10978.3,13858.0,5623.0,2768.83,667309.4,13486.11,8.5600815,2022
2022-03-23 20:00:00+00:00,9.553414,80.46928043999999,0.1585593851031345,0.9873494423939864,1369050.0,109.0,0.5000000000000001,-0.8660254037844386,1.0,53850.0,6053.3,43435.0,208.0700429385429,10.550555414623677,9653.2725,56144.405,19517.4,19942.0,4366.0,0.0,0.0,2520.43,3.8967724,2022
2022-12-21 19:00:00+00:00,10.635153,80.46928043999999,0.9852201067560606,-0.1712931441814778,2142607.0,94.6,0.2588190451025203,-0.9659258262890684,1.0,60050.0,7117.2,51300.0,224.19761767153943,8.11574999491373,8508.982499999998,35223.27,20127.475,21155.0,4429.0,0.0,0.0,11034.17,7.0519977,2022
2022-06-07 19:00:00+00:00,18.61959,80.46928043999999,-0.9123747579707272,0.4093559588156217,2345706.0,79.0,0.2588190451025203,-0.9659258262890684,1.0,44600.0,6113.8,39125.0,209.5169253154253,19.661610815260136,8790.410000000002,47261.98,23554.225,20593.0,5252.0,246.58,243227.02,2798.75,4.1145415,2022
2022-11-28 06:00:00+00:00,8.133043,80.46928043999999,0.8429415373547827,-0.5380051715383,2462887.0,125.5,6.123233995736766e-17,1.0,1.0,58600.0,7117.2,44023.0,203.61916190685324,8.173583269119268,9295.9375,43597.3575,13196.1,21343.0,3392.0,0.0,0.0,4419.69,4.943009,2022
2022-11-28 13:00:00+00:00,10.038453,80.46928043999999,0.8429415373547827,-0.5380051715383,2462887.0,125.5,-0.9659258262890684,-0.2588190451025203,1.0,61050.0,7117.2,44938.0,203.61916190685324,8.421833276748663,9692.69,54598.4325,5739.450000000001,23343.0,4165.0,2863.21,696385.4,4227.33,4.5621,2022
2022-11-24 18:00:00+00:00,9.949998,80.46928043999999,0.8039279618328213,-0.5947266869607633,2518920.0,118.0,-1.8369701987210292e-16,-1.0,1.0,63600.0,6071.9,44984.0,247.18651651400128,8.629833300908412,6836.27,56252.925,24243.825,24030.0,5052.0,0.0,0.0,9056.18,6.467455,2022
2022-12-20 08:00:00+00:00,10.059621,80.46928043999999,0.9821256058680004,-0.1882267098432448,2142607.0,104.7,-0.4999999999999998,0.8660254037844387,1.0,65450.0,7117.2,51190.0,208.25266973879584,6.56125005086263,7775.5825,36293.26,20289.25,26953.0,4110.0,179.73,26877.9,12126.25,7.139342,2022
2022-10-24 11:00:00+00:00,17.767216,80.46928043999999,0.3896304495307877,-0.9209712877166348,2419163.0,30.5,-0.9659258262890682,0.258819045102521,1.0,48050.0,5066.1,42105.0,205.68505190703016,15.2740835348765,4596.3025,25399.49500000001,14899.575,19731.0,3426.0,5513.03,1272308.4,10570.98,7.0087132,2022
2022-07-17 20:00:00+00:00,24.523275,80.46928043999999,-0.9646141756912436,-0.2636654927280072,2462110.0,157.08333333333334,0.5000000000000001,-0.8660254037844386,0.0,44150.0,7117.2,35035.0,133.55774122914124,24.49733304977416,7812.484999999999,42264.5975,24459.8,19418.0,2708.0,0.0,60754.53,3172.93,4.3359013,2022
2022-11-18 16:00:00+00:00,10.040776,80.46928043999999,0.7383263540031063,-0.6744436188329457,2499746.0,105.0,-0.5000000000000004,-0.8660254037844385,1.0,54250.0,6071.9,42039.0,226.74134235724017,11.295499960581443,9640.9,45046.100000000006,15849.275,23508.0,4631.0,178.37,184824.9,3871.38,5.4043217,2022
2022-10-01 15:00:00+00:00,17.792952,80.46928043999999,0.0043035382962438,-0.99999073973619,2253974.0,153.14,-0.7071067811865477,-0.7071067811865475,0.0,38150.0,6111.4,37745.0,240.35592109187104,15.23591685295106,4676.4125,24822.6575,9143.725,14106.0,3413.0,3560.87,1024758.3,8323.33,7.8701563,2022
2022-02-03 11:00:00+00:00,8.874625,80.46928043999999,0.8335557718385699,0.5524353131676196,1747271.0,77.6,-0.9659258262890682,0.258819045102521,1.0,72600.0,7117.2,58656.0,258.3570488807489,6.2612221704589,9245.1275,47633.82250000001,21878.5,21968.0,4231.0,4561.7,952484.25,2619.25,3.7389145,2022
2022-10-22 00:00:00+00:00,15.413653,80.46928043999999,0.3576982388331254,-0.9338372288229252,2315468.0,44.0,1.0,0.0,0.0,37050.0,5066.1,41120.0,200.7180950407081,15.91658329963684,4651.637500000001,38257.8875,12834.75,13490.0,3021.0,0.0,0.0,5142.65,6.6338487,2022
2022-03-07 18:00:00+00:00,5.8784523,80.46928043999999,0.4211008707960896,0.907013812802636,1420843.0,227.0,-1.8369701987210292e-16,-1.0,1.0,71550.0,7117.2,52760.0,236.381658038258,8.120833317438764,9611.6625,62349.07500000001,25532.6,24713.0,5899.0,0.0,93572.97,5162.6,5.293105,2022
2022-06-02 19:00:00+00:00,19.590347,80.46928043999999,-0.8738071036110806,0.4862727071086904,2156969.0,83.5,0.2588190451025203,-0.9659258262890684,1.0,44350.0,6113.8,39775.0,197.0432372608872,19.91138903299967,7417.3225,49901.927500000005,24958.55,15456.0,5057.0,239.9,336275.5,2816.99,3.2957284,2022
2022-10-01 00:00:00+00:00,12.409458,80.46928043999999,0.0043035382962438,-0.99999073973619,2253974.0,153.14,1.0,0.0,0.0,38350.0,6111.4,38125.0,240.35592109187104,14.094833215077731,3452.8875,16529.5375,16815.225,13257.0,3560.0,0.0,0.0,13227.75,7.108259,2022
2022-10-07 09:00:00+00:00,15.445946,80.46928043999999,0.1073813466641621,-0.994217906893952,2313405.0,105.0,-0.7071067811865475,0.7071067811865476,1.0,49900.0,6111.4,38010.0,216.8753104416517,15.091416756312055,4759.247500000001,28036.74500000001,17378.25,19158.0,3387.0,5201.94,1010444.3,1199.23,1.5597486,2022
2022-05-23 01:00:00+00:00,16.074528,80.46928043999999,-0.7775971469736267,0.6287628145958347,1954315.0,81.0,0.9659258262890684,0.2588190451025207,1.0,34500.0,5122.1,39475.0,227.6560926739927,19.437222162882467,7095.610000000001,26830.59,13578.2,11863.0,4596.0,0.0,0.0,3108.79,1.4175181,2022
2022-09-03 16:00:00+00:00,22.18326,80.46928043999999,-0.4597327394521046,-0.888057322629493,2244154.0,199.52,-0.5000000000000004,-0.8660254037844385,0.0,41000.0,7117.2,33311.0,127.13238503626002,21.53374973932901,8048.882500000001,33194.0,11207.225,16041.0,1983.0,3579.82,1106858.2,2406.93,3.0019267,2022
2022-03-26 23:00:00+00:00,9.540242,80.46928043999999,0.107381346664163,0.994217906893952,1369050.0,101.66666666666669,0.9659258262890684,-0.2588190451025207,0.0,47100.0,6053.3,40625.0,180.4584748270248,11.148722304238207,6592.56,42329.24,19063.1,13451.0,2598.0,0.0,0.0,6184.48,6.49255,2022
2022-10-28 07:00:00+00:00,16.030071,80.46928043999999,0.4520722039323045,-0.8919813464595484,2419163.0,33.82,-0.2588190451025208,0.9659258262890684,1.0,47100.0,5066.1,40305.0,200.79569442361185,14.790499846140529,7022.950000000001,45500.607500000006,18766.725,21326.0,3251.0,77.69,46404.92,7882.26,5.2249136,2022
2022-11-07 08:00:00+00:00,11.711021,80.46928043999999,0.5981809144059166,-0.8013610881746764,2495545.0,53.0,-0.4999999999999998,0.8660254037844387,1.0,52650.0,6071.9,40805.0,179.01824777316085,10.478666583697,6451.225,29332.145,15053.825,20746.0,3659.0,1057.25,218728.83,10127.83,6.734284,2022
2022-11-28 12:00:00+00:00,9.8744135,80.46928043999999,0.8429415373547827,-0.5380051715383,2462887.0,125.5,-1.0,1.2246467991473532e-16,1.0,60900.0,7117.2,44938.0,203.61916190685324,8.330666661262509,9579.63,53841.36999999999,5731.625,22253.0,3874.0,3248.38,722386.56,4397.16,4.5737867,2022
2022-04-16 09:00:00+00:00,13.867181,80.46928043999999,-0.2511900638848191,0.9679377830240644,1229508.0,99.025,-0.7071067811865475,0.7071067811865476,0.0,43000.0,7046.5,41666.0,256.01031890516884,12.81527773539225,5828.209999999999,21692.59250000001,7106.9000000000015,11137.0,4601.0,6739.66,1825516.6,3112.25,3.1460433,2022
2022-05-28 04:00:00+00:00,12.211452,80.46928043999999,-0.8287700871745035,0.5595892624101769,1954315.0,82.66666666666667,0.5000000000000001,0.8660254037844386,0.0,33000.0,5122.1,37105.0,186.52801994302,17.488555484347895,6350.115,9751.535000000003,14594.25,14375.0,3925.0,2.24,2361.064,2949.77,4.349625,2022
2022-03-23 11:00:00+00:00,12.850041,80.46928043999999,0.1585593851031345,0.9873494423939864,1369050.0,109.0,-0.9659258262890682,0.258819045102521,1.0,57050.0,6053.3,43435.0,208.0700429385429,9.705722146564073,6597.727499999999,34084.762500000004,14120.4,17649.0,2734.0,8318.19,2294484.2,2238.92,4.2553267,2022
2022-05-28 12:00:00+00:00,19.126919,80.46928043999999,-0.8287700871745035,0.5595892624101769,1954315.0,82.66666666666667,-1.0,1.2246467991473532e-16,0.0,42300.0,5122.1,37105.0,186.52801994302,18.288888931274425,4000.795000000001,-1122.5349999999962,8420.125,12661.0,3820.0,10199.64,2966655.0,2969.65,3.8932998,2022
2022-08-09 13:00:00+00:00,27.220844,80.46928043999999,-0.7883050558305256,-0.6152845999633274,2280964.0,190.0,-0.9659258262890684,-0.2588190451025203,1.0,46950.0,7117.2,36888.0,120.84214573944575,23.360500017801925,4209.7225,29118.51,16460.375,15898.0,1891.0,10026.22,2961406.0,4092.52,4.3123198,2022
2022-11-28 07:00:00+00:00,8.098996,80.46928043999999,0.8429415373547827,-0.5380051715383,2462887.0,125.5,-0.2588190451025208,0.9659258262890684,1.0,61200.0,7117.2,44023.0,203.61916190685324,8.185749928156536,9674.5075,47059.99249999999,14793.275,24056.0,3600.0,0.0,1014.5039,4271.71,4.9059772,2022
2022-02-03 18:00:00+00:00,8.555118,80.46928043999999,0.8335557718385699,0.5524353131676196,1747271.0,77.6,-1.8369701987210292e-16,-1.0,1.0,74100.0,7117.2,58656.0,258.3570488807489,6.630000008477105,10149.4425,52797.0725,29691.7,24581.0,5626.0,0.0,3922.7515,2322.33,4.216227,2022
2022-07-21 02:00:00+00:00,18.63638,80.46928043999999,-0.9441875088341996,-0.3294084822245298,2382772.0,150.5,0.8660254037844387,0.4999999999999999,1.0,38500.0,7117.2,38170.0,151.18897646520145,22.677249749501566,6065.705,35253.42,18969.975,17746.0,2539.0,0.0,0.0,1933.95,2.59716,2022
2022-08-13 14:00:00+00:00,28.03278,80.46928043999999,-0.7441039398713605,-0.6680638642135336,2280964.0,210.5,-0.8660254037844386,-0.5000000000000001,0.0,42300.0,7117.2,36836.0,114.89604756539754,24.52491633097332,4542.335000000001,22895.025,14981.8,10899.0,1824.0,8490.63,2500097.8,1804.18,1.3285925,2022
2022-09-13 18:00:00+00:00,21.441454,80.46928043999999,-0.300819807635668,-0.9536809966304456,2252727.0,194.5,-1.8369701987210292e-16,-1.0,1.0,49400.0,7117.2,37126.0,136.9191282828283,20.715416590372733,8965.122500000001,45864.3875,22792.1,22311.0,2352.0,25.74,125548.33,3135.52,2.7383106,2022
2022-08-25 03:00:00+00:00,18.921553,80.46928043999999,-0.5912614448635782,-0.8064799463209447,2250959.0,308.7,0.7071067811865476,0.7071067811865476,1.0,36950.0,7117.2,34046.0,137.649736959337,21.76358350118,7647.630000000001,38174.66,18769.1,14216.0,1981.0,0.0,0.0,2517.61,1.5630492,2022
2022-11-28 20:00:00+00:00,8.089094,80.46928043999999,0.8429415373547827,-0.5380051715383,2462887.0,125.5,0.5000000000000001,-0.8660254037844386,1.0,58850.0,7117.2,45188.0,203.61916190685324,8.53224992752075,9261.55,51677.177500000005,20463.725,20103.0,3792.0,0.0,0.0,3719.26,4.2554398,2022
2022-08-05 20:00:00+00:00,20.795746,80.46928043999999,-0.8287700871745037,-0.5595892624101767,2274044.0,195.0,0.5000000000000001,-0.8660254037844386,1.0,44800.0,7117.2,37036.0,136.83769295519298,21.90099970499673,8089.350000000001,38075.6275,19665.575,19832.0,2482.0,0.0,18802.74,4698.35,5.1926293,2022
2022-12-10 02:00:00+00:00,3.4578812,80.46928043999999,0.935367949313148,-0.3536761221763721,2374305.0,139.13333333333333,0.8660254037844387,0.4999999999999999,0.0,57650.0,7117.2,50725.0,205.27261362735493,6.227833231290179,8241.125,44275.16499999999,7604.75,12559.0,3080.0,0.0,0.0,1439.27,2.8717678,2022
2022-10-18 19:00:00+00:00,17.149834,80.46928043999999,0.2926003356333479,-0.9562348265919058,2315468.0,72.5,0.2588190451025203,-0.9659258262890684,1.0,45350.0,5066.1,39189.0,157.90778255689554,17.209833701451625,8728.9725,48909.8325,19566.675,19875.0,2124.0,0.0,0.0,4261.2,4.274981,2022
2022-02-05 04:00:00+00:00,5.1230946,80.46928043999999,0.8140460935082179,0.5808002734538008,1747271.0,79.63333333333334,0.5000000000000001,0.8660254037844386,0.0,54650.0,7117.2,56731.0,243.3844269230769,6.75566667980618,5907.42,12490.204999999994,15351.7,15190.0,3026.0,0.0,0.0,4085.56,4.9239573,2022
2022-07-04 13:00:00+00:00,22.592382,80.46928043999999,-0.99907411510223,-0.0430222330045303,2469618.0,162.6,-0.9659258262890684,-0.2588190451025203,1.0,49850.0,7117.2,38380.0,194.1288931827432,21.287916501363124,6526.0575,25609.5075,15497.75,24157.0,3748.0,8520.72,2763594.8,1431.29,2.663593,2022
2022-09-07 10:00:00+00:00,20.941708,80.46928043999999,-0.3975428142825566,-0.9175836260593934,2240533.0,208.3,-0.8660254037844387,0.4999999999999999,1.0,51700.0,7117.2,36396.0,141.2186374061124,20.70225032170616,5969.532499999998,38722.32000000001,14651.85,18951.0,2522.0,6434.63,1556370.1,2876.97,3.7534616,2022
2022-10-18 09:00:00+00:00,17.36101,80.46928043999999,0.2926003356333479,-0.9562348265919058,2315468.0,72.5,-0.7071067811865475,0.7071067811865476,1.0,49200.0,5066.1,39189.0,157.90778255689554,16.248166640599557,8780.975,48513.515,10349.5,19578.0,2022.0,4570.14,851795.5,1855.69,3.7686868,2022
2022-09-13 21:00:00+00:00,20.009455,80.46928043999999,-0.300819807635668,-0.9536809966304456,2252727.0,194.5,0.7071067811865474,-0.7071067811865477,1.0,46250.0,7117.2,37126.0,136.9191282828283,20.395000298817926,7919.750000000002,37261.545,19098.725,17470.0,2045.0,0.0,0.0,3395.84,3.104066,2022
2022-11-07 03:00:00+00:00,10.890372,80.46928043999999,0.5981809144059166,-0.8013610881746764,2495545.0,53.0,0.7071067811865476,0.7071067811865476,1.0,37600.0,6071.9,40805.0,179.01824777316085,10.90916661421459,4025.6100000000006,16105.165000000008,13541.3,11650.0,2598.0,0.0,0.0,9688.88,7.0198894,2022
2022-02-05 02:00:00+00:00,5.523204,80.46928043999999,0.8140460935082179,0.5808002734538008,1747271.0,79.63333333333334,0.8660254037844387,0.4999999999999999,0.0,55350.0,7117.2,55961.0,243.3844269230769,6.793944464789495,5716.49,10570.652500000004,15823.8,14586.0,3206.0,0.0,0.0,4538.2,5.1903305,2022
2022-03-22 13:00:00+00:00,13.4520445,80.46928043999999,0.1755314904214282,0.9844738167520922,1369050.0,98.85,-0.9659258262890684,-0.2588190451025203,1.0,55950.0,6053.3,45455.0,215.7405109686609,10.137777884801247,6811.48,36642.577500000014,13284.1,18826.0,3023.0,7842.84,2340063.2,3603.93,6.016509,2022
2022-12-13 07:00:00+00:00,2.2643514,80.46928043999999,0.9523775757303972,-0.3049212246562894,2190805.0,138.35,-0.2588190451025208,0.9659258262890684,1.0,80300.0,7117.2,51300.0,230.8754162755924,4.411499932408333,10593.3525,61476.73500000001,19124.1,26767.0,5815.0,0.0,68.72615,6156.31,3.599922,2022
2022-08-14 13:00:00+00:00,24.677385,80.46928043999999,-0.7324940716135788,-0.6807734094770164,2280964.0,216.0,-0.9659258262890684,-0.2588190451025203,0.0,39200.0,7117.2,36011.0,115.44113513986017,23.31233374277751,4331.8975,11939.259999999997,7985.424999999999,8267.0,2085.0,6739.47,2192695.8,3065.8,1.777419,2022
2022-07-15 20:00:00+00:00,22.474213,80.46928043999999,-0.973118337233262,-0.2303056702306119,2462110.0,154.25,0.5000000000000001,-0.8660254037844386,1.0,45950.0,7117.2,35950.0,147.32695785510785,24.407499790191643,8637.002499999999,42559.5675,25963.325,22307.0,3190.0,0.0,66900.52,3055.91,2.8580382,2022
2022-03-22 16:00:00+00:00,13.584322,80.46928043999999,0.1755314904214282,0.9844738167520922,1369050.0,98.85,-0.5000000000000004,-0.8660254037844385,1.0,51400.0,6053.3,44545.0,215.7405109686609,10.79022237989638,9552.8625,58313.955,14823.9,21381.0,4226.0,2944.82,1272216.6,3385.5,5.7849503,2022
2022-04-16 18:00:00+00:00,15.428181,80.46928043999999,-0.2511900638848191,0.9679377830240644,1229508.0,99.025,-1.8369701987210292e-16,-1.0,0.0,41450.0,7046.5,41666.0,256.01031890516884,14.188666661580404,7664.622499999999,42874.68,14628.5,16125.0,5503.0,328.51,520536.75,4646.01,4.2491064,2022
2022-03-07 23:00:00+00:00,3.7622867,80.46928043999999,0.4211008707960896,0.907013812802636,1420843.0,227.0,0.9659258262890684,-0.2588190451025207,1.0,65050.0,7117.2,52760.0,234.6854668498168,7.645277844534978,7436.4675,45285.9,15696.0,16390.0,3545.0,0.0,0.0,6983.96,6.197008,2022
2022-02-08 00:00:00+00:00,5.5487447,80.46928043999999,0.7829801036770629,0.6220467484408675,1729375.0,75.7,1.0,0.0,1.0,61950.0,7117.2,55896.0,311.2079174399675,6.974499967363148,6561.737500000001,22553.365,16203.7,15087.0,4080.0,0.0,0.0,5425.84,3.0442262,2022
2022-08-05 14:00:00+00:00,24.755205,80.46928043999999,-0.8287700871745037,-0.5595892624101767,2274044.0,195.0,-0.8660254037844386,-0.5000000000000001,1.0,47750.0,7117.2,36306.0,136.83769295519298,22.040000120798744,5475.812499999999,31918.6525,14921.675,21537.0,2172.0,7781.27,2397324.0,4262.9,3.905149,2022
2022-06-06 12:00:00+00:00,20.152002,80.46928043999999,-0.9051931898913974,0.4250003399695541,2345706.0,79.25,-1.0,1.2246467991473532e-16,0.0,43000.0,6113.8,39162.0,196.48394820919825,19.804055743747288,2927.1175000000003,3405.4749999999985,13413.975,19387.0,3857.0,8554.4,2288849.2,3009.23,4.0883975,2022
2022-08-05 13:00:00+00:00,24.633366,80.46928043999999,-0.8287700871745037,-0.5595892624101767,2274044.0,195.0,-0.9659258262890684,-0.2588190451025203,1.0,48950.0,7117.2,36306.0,136.83769295519298,21.88066641489663,5189.6275000000005,32468.6425,14871.675,21056.0,2116.0,8721.91,2559950.0,3969.77,3.7508264,2022
2022-06-06 16:00:00+00:00,20.17815,80.46928043999999,-0.9051931898913974,0.4250003399695541,2345706.0,79.25,-0.5000000000000004,-0.8660254037844385,0.0,41300.0,6113.8,39162.0,196.48394820919825,20.14305549197724,5676.325,24985.9275,13144.425,20765.0,3913.0,3857.22,1423424.2,2574.6,4.2747245,2022
2022-10-27 22:00:00+00:00,17.451649,80.46928043999999,0.436651231956063,-0.8996308696522438,2419163.0,35.0,0.8660254037844384,-0.5000000000000004,1.0,41400.0,5066.1,40305.0,200.79569442361185,15.18591666221619,6382.429999999999,29521.985,11006.1,14931.0,2955.0,0.0,0.0,7509.09,6.8115582,2022
2022-08-14 20:00:00+00:00,21.453117,80.46928043999999,-0.7324940716135788,-0.6807734094770164,2280964.0,216.0,0.5000000000000001,-0.8660254037844386,0.0,39550.0,7117.2,36011.0,115.44113513986017,21.929083188374825,6887.845,30828.53000000001,19993.775,12987.0,2197.0,0.0,5449.6494,3044.07,2.581234,2022
2022-07-19 01:00:00+00:00,21.897543,80.46928043999999,-0.9549667548552552,-0.2967128192734901,2382772.0,151.6,0.9659258262890684,0.2588190451025207,1.0,39800.0,7117.2,34490.0,140.9258976088726,23.705499966939275,6572.8875,40204.8025,19053.15,17975.0,2642.0,0.0,0.0,5780.35,3.0431907,2022
2022-04-21 00:00:00+00:00,9.327564,80.46928043999999,-0.3334687789181868,0.9427611433904208,1338623.0,95.97,1.0,0.0,1.0,42950.0,6986.5,42013.0,240.59830362230363,12.663110891977936,6180.570000000001,36179.37,9582.3,14160.0,4355.0,0.0,0.0,3491.69,3.365381,2022
2022-05-29 22:00:00+00:00,12.712356,80.46928043999999,-0.8382797052177741,0.5452404385406513,1954315.0,84.83333333333333,0.8660254037844384,-0.5000000000000004,1.0,40400.0,5122.1,38820.0,190.98215734635733,18.098166783650715,7462.6175,38253.8675,16926.075,12832.0,4032.0,0.0,0.0,3181.62,4.4579186,2022
2022-09-03 08:00:00+00:00,18.571903,80.46928043999999,-0.4597327394521046,-0.888057322629493,2244154.0,199.52,-0.4999999999999998,0.8660254037844387,0.0,41100.0,7117.2,32401.0,127.13238503626002,19.972166220347084,6962.14,20650.4275,16218.325,15546.0,1702.0,3698.22,775365.8,1610.48,2.4223955,2022
2022-07-25 23:00:00+00:00,19.457464,80.46928043999999,-0.9192859697186104,-0.3935902766564669,2312574.0,168.57,0.9659258262890684,-0.2588190451025207,1.0,41350.0,7117.2,34992.0,143.41278315018317,22.06408325831095,5846.317499999999,29127.6525,19282.875,19625.0,2532.0,0.0,0.0,4714.22,4.9140463,2022
2022-07-04 22:00:00+00:00,17.917013,80.46928043999999,-0.99907411510223,-0.0430222330045303,2469618.0,162.6,0.8660254037844384,-0.5000000000000004,1.0,44150.0,7117.2,37465.0,194.5713800976801,21.348166624705016,7983.075000000001,37916.76,17694.2,20247.0,3745.0,0.0,0.0,2845.77,3.9039197,2022
2022-05-23 20:00:00+00:00,15.632101,80.46928043999999,-0.7775971469736267,0.6287628145958347,1954315.0,81.0,0.5000000000000001,-0.8660254037844386,1.0,44400.0,5122.1,38145.0,227.6560926739927,18.794889026217987,7153.92,27468.755,16399.8,19024.0,6084.0,0.0,24452.07,4397.37,5.553505,2022
2022-03-26 01:00:00+00:00,8.082135,80.46928043999999,0.107381346664163,0.994217906893952,1369050.0,101.66666666666669,0.9659258262890684,0.2588190451025207,0.0,47200.0,6053.3,41585.0,189.38260966625964,10.65516665246752,6610.1900000000005,34603.4225,15265.7,14038.0,2722.0,0.0,0.0,5900.44,6.450549,2022
2022-10-27 16:00:00+00:00,19.878914,80.46928043999999,0.436651231956063,-0.8996308696522438,2419163.0,35.0,-0.5000000000000004,-0.8660254037844385,1.0,46200.0,5066.1,40305.0,215.44583494195007,15.346916993459066,8473.970000000001,46385.57000000001,14213.325,21828.0,3468.0,842.73,395149.84,5245.69,5.8569665,2022
2022-09-07 19:00:00+00:00,19.507725,80.46928043999999,-0.3975428142825566,-0.9175836260593934,2240533.0,208.3,0.2588190451025203,-0.9659258262890684,1.0,46300.0,7117.2,36396.0,141.2186374061124,20.30266698201496,9366.3275,50486.265,23072.6,20908.0,2709.0,0.0,15982.868,2882.28,3.9637809,2022
2022-10-24 13:00:00+00:00,18.116404,80.46928043999999,0.3896304495307877,-0.9209712877166348,2419163.0,30.5,-0.9659258262890684,-0.2588190451025203,1.0,46250.0,5066.1,42105.0,205.68505190703016,15.508833090464275,5032.305,28173.03,14267.95,20726.0,3369.0,5279.14,1293342.0,10332.7,6.9710946,2022
2022-10-24 22:00:00+00:00,14.603798,80.46928043999999,0.3896304495307877,-0.9209712877166348,2419163.0,30.5,0.8660254037844384,-0.5000000000000004,1.0,41350.0,5066.1,42105.0,228.32494242930977,15.10808340708416,5149.1225,22145.44,17629.3,14129.0,3629.0,0.0,0.0,6130.98,5.6165442,2022
2022-04-05 15:00:00+00:00,11.5676,80.46928043999999,-0.0645084494493162,0.9979171608653922,1197120.0,108.72,-0.7071067811865477,-0.7071067811865475,1.0,56350.0,6021.6,43095.0,230.21333549043555,9.28027767605253,7564.3625,43714.3125,23583.6,18984.0,3802.0,5789.68,1441202.4,4689.15,4.14158,2022
2022-11-18 12:00:00+00:00,11.127226,80.46928043999999,0.7383263540031063,-0.6744436188329457,2499746.0,105.0,-1.0,1.2246467991473532e-16,1.0,55500.0,6071.9,42039.0,226.74134235724017,11.158000151316337,7927.7325,41178.9875,14590.05,20226.0,3610.0,4834.46,968388.5,4742.5,5.951813,2022
2022-10-07 02:00:00+00:00,12.184641,80.46928043999999,0.1073813466641621,-0.994217906893952,2313405.0,105.0,0.8660254037844387,0.4999999999999999,1.0,36950.0,6111.4,37830.0,216.8753104416517,15.399083137512234,5425.379999999999,34607.957500000004,16944.55,13662.0,2826.0,0.0,0.0,1724.07,1.3650447,2022
2022-10-18 22:00:00+00:00,15.78686,80.46928043999999,0.2926003356333479,-0.9562348265919058,2315468.0,72.5,0.8660254037844384,-0.5000000000000004,1.0,41700.0,5066.1,39189.0,159.08475065482023,16.846083482106543,7055.6075,41019.53999999999,13155.65,14961.0,2075.0,0.0,0.0,4730.23,4.2124443,2022
2022-06-05 02:00:00+00:00,16.109303,80.46928043999999,-0.8977433935342337,0.440518784350495,2156969.0,80.3125,0.8660254037844387,0.4999999999999999,0.0,32200.0,6113.8,36230.0,195.9685617012617,19.770222557915567,4948.84,25007.28,16280.725,12102.0,3832.0,0.0,0.0,2515.8,0.26479572,2022
2022-11-18 04:00:00+00:00,9.484861,80.46928043999999,0.7383263540031063,-0.6744436188329457,2499746.0,105.0,0.5000000000000001,0.8660254037844386,1.0,45600.0,6071.9,42039.0,226.74134235724017,11.294666449228911,6157.5725,32806.975,14493.25,14735.0,3321.0,0.0,0.0,7190.55,6.8637614,2022
2022-05-23 23:00:00+00:00,14.239759,80.46928043999999,-0.7775971469736267,0.6287628145958347,1954315.0,81.0,0.9659258262890684,-0.2588190451025207,1.0,40200.0,5122.1,38145.0,239.31645995116,18.445388687981524,5530.9575,13803.400000000003,14167.7,16036.0,5136.0,0.0,0.0,5051.02,5.4928565,2022
2022-07-25 14:00:00+00:00,25.363058,80.46928043999999,-0.9192859697186104,-0.3935902766564669,2312574.0,168.57,-0.8660254037844386,-0.5000000000000001,1.0,52500.0,7117.2,34992.0,148.19598463573462,22.86533387502036,2879.0075,26452.020000000004,17706.9,25884.0,2572.0,7556.37,2335546.5,8645.26,6.112345,2022
2022-12-13 14:00:00+00:00,5.097198,80.46928043999999,0.9523775757303972,-0.3049212246562894,2190805.0,138.35,-0.8660254037844386,-0.5000000000000001,1.0,74950.0,7117.2,52100.0,230.8754162755924,4.807250052690507,10088.357500000002,61673.21750000001,20105.35,26003.0,5526.0,2245.09,464442.9,3180.43,3.6447234,2022
2022-02-05 06:00:00+00:00,4.8140364,80.46928043999999,0.8140460935082179,0.5808002734538008,1747271.0,79.63333333333334,6.123233995736766e-17,1.0,0.0,59250.0,7117.2,56731.0,243.3844269230769,6.736277845170761,6949.1525,18303.5525,16480.5,18585.0,3349.0,0.0,0.0,3461.74,4.6076803,2022
2022-01-08 03:00:00+00:00,5.126307,80.46928043999999,0.9905324521322229,0.1372787721132647,2152112.0,84.33333333333334,0.7071067811865476,0.7071067811865476,0.0,57850.0,6105.9,55879.0,477.185658038258,6.2824445068836186,6851.8375000000015,33319.58500000001,13112.6,12217.0,5396.0,0.0,0.0,6330.68,7.132479,2022
2022-01-08 23:00:00+00:00,6.6316686,80.46928043999999,0.9905324521322229,0.1372787721132647,2152112.0,84.33333333333334,0.9659258262890684,-0.2588190451025207,0.0,61450.0,6105.9,57525.0,478.3482064916564,6.6438333193461085,5399.0625,15362.71,9719.8,13053.0,5264.0,0.0,0.0,14185.56,9.294342,2022
2022-10-24 05:00:00+00:00,15.265034,80.46928043999999,0.3896304495307877,-0.9209712877166348,2419163.0,30.5,0.2588190451025207,0.9659258262890684,1.0,43350.0,5066.1,42105.0,205.68505190703016,15.1235002676646,5440.382500000001,34570.817500000005,20561.925,19812.0,3188.0,0.0,0.0,10853.22,7.4361005,2022
2022-04-02 11:00:00+00:00,4.869147,80.46928043999999,-0.012910296075009,0.999916658654738,1334846.0,110.61,-0.9659258262890682,0.258819045102521,0.0,64300.0,6041.6,40435.0,218.9799258038258,8.102888941764848,5601.0775,25941.897499999995,4686.799999999999,12699.0,3568.0,5837.52,1949114.4,8284.0,6.7857575,2022
2022-05-23 12:00:00+00:00,18.66511,80.46928043999999,-0.7775971469736267,0.6287628145958347,1954315.0,81.0,-1.0,1.2246467991473532e-16,1.0,51300.0,5122.1,38145.0,227.6560926739927,19.07655588785809,8498.7775,24050.17,11622.2,19169.0,5235.0,5788.01,1977015.1,5919.67,4.1745553,2022
2022-03-23 02:00:00+00:00,6.5543156,80.46928043999999,0.1585593851031345,0.9873494423939864,1369050.0,109.0,0.8660254037844387,0.4999999999999999,1.0,48900.0,6053.3,43435.0,208.0700429385429,9.959833224614467,8037.245,46755.170000000006,9814.2,14381.0,2608.0,0.0,0.0,3129.4,5.1316147,2022
2022-03-07 04:00:00+00:00,1.6207781,80.46928043999999,0.4211008707960896,0.907013812802636,1420843.0,227.0,0.5000000000000001,0.8660254037844386,1.0,58550.0,7117.2,52760.0,236.381658038258,7.51811112297906,8299.295,48382.535,19373.2,14528.0,3792.0,0.0,0.0,4282.2,4.8903193,2022
2022-04-05 04:00:00+00:00,5.5136113,80.46928043999999,-0.0645084494493162,0.9979171608653922,1197120.0,108.72,0.5000000000000001,0.8660254037844386,1.0,59550.0,6021.6,43455.0,230.21333549043555,7.973055654101901,6721.969999999999,32973.832500000004,17031.5,18537.0,4489.0,0.0,0.0,5563.55,4.0857534,2022
2022-04-02 15:00:00+00:00,5.646806,80.46928043999999,-0.012910296075009,0.999916658654738,1334846.0,110.61,-0.7071067811865477,-0.7071067811865475,0.0,56600.0,6041.6,40435.0,218.9799258038258,8.324388941129042,6567.3,31158.89,4845.299999999999,14975.0,3354.0,5806.59,1593541.6,8810.79,6.5885425,2022
2022-04-17 15:00:00+00:00,16.627893,80.46928043999999,-0.2678143051621742,0.9634705485641488,1229508.0,96.5,-0.7071067811865477,-0.7071067811865475,0.0,33650.0,7006.5,41109.0,236.1256757020757,14.664333237542056,5461.742499999999,24560.672500000004,6421.6,8488.0,4043.0,6057.62,2143464.0,2363.68,1.200649,2022
2022-03-09 15:00:00+00:00,12.029423,80.46928043999999,0.3896304495307879,0.9209712877166346,1420843.0,149.75,-0.7071067811865477,-0.7071067811865475,1.0,58300.0,7117.2,53170.0,228.0852643060643,8.266111201710165,8595.91,49258.25,13216.1,22279.0,3634.0,4001.18,1248053.9,4808.58,5.9697766,2022
2022-10-27 06:00:00+00:00,15.251374,80.46928043999999,0.436651231956063,-0.8996308696522438,2419163.0,35.0,6.123233995736766e-17,1.0,1.0,46950.0,5066.1,40305.0,215.44583494195007,14.522083202997866,7469.2725,54394.105,16615.0,22527.0,3344.0,0.0,36.67145,8314.91,6.2132325,2022
2022-04-17 22:00:00+00:00,10.593066,80.46928043999999,-0.2678143051621742,0.9634705485641488,1229508.0,96.5,0.8660254037844384,-0.5000000000000004,0.0,41600.0,7006.5,41838.0,224.6635285307285,14.278388553195542,5922.0525,30425.2875,12060.9,10559.0,4877.0,0.0,0.0,4050.22,0.7226642,2022
2022-10-22 10:00:00+00:00,17.53996,80.46928043999999,0.3576982388331254,-0.9338372288229252,2315468.0,44.0,-0.8660254037844387,0.4999999999999999,0.0,43900.0,5066.1,41190.0,200.7180950407081,15.831333160400376,6199.5725,35732.662500000006,7039.625,14298.0,3514.0,5334.58,1104582.4,2288.22,4.91134,2022
2022-10-23 20:00:00+00:00,16.908682,80.46928043999999,0.3737197147904684,-0.9275416835791968,2315468.0,37.25,0.5000000000000001,-0.8660254037844386,0.0,38800.0,5066.1,42105.0,195.0747454597737,16.072083234787,5215.1675000000005,27224.0125,13852.375,13345.0,2659.0,0.0,0.0,11796.06,8.13004,2022
2022-10-22 18:00:00+00:00,16.777613,80.46928043999999,0.3576982388331254,-0.9338372288229252,2315468.0,44.0,-1.8369701987210292e-16,-1.0,0.0,42550.0,5066.1,41190.0,200.7180950407081,16.40741658210754,8590.505000000001,44399.067500000005,12575.5,16591.0,3693.0,0.0,1218.4287,3329.79,6.2083282,2022
2022-10-23 15:00:00+00:00,18.975496,80.46928043999999,0.3737197147904684,-0.9275416835791968,2315468.0,37.25,-0.7071067811865477,-0.7071067811865475,0.0,36750.0,5066.1,42105.0,195.0747454597737,16.389166593551657,5686.7575,32708.5125,3079.2000000000007,13316.0,2389.0,2763.68,728137.3,12707.68,8.487959,2022
2022-08-14 17:00:00+00:00,24.126276,80.46928043999999,-0.7324940716135788,-0.6807734094770164,2280964.0,216.0,-0.2588190451025206,-0.9659258262890684,0.0,39850.0,7117.2,36011.0,115.44113513986017,22.835499922434487,6707.8075,34170.645000000004,12389.025,12902.0,2086.0,2019.91,924059.4,4305.73,2.4722168,2022
2022-02-03 12:00:00+00:00,9.503467,80.46928043999999,0.8335557718385699,0.5524353131676196,1747271.0,77.6,-1.0,1.2246467991473532e-16,1.0,72150.0,7117.2,58656.0,258.3570488807489,6.33549995554818,9371.6025,48841.39750000001,21319.1,21840.0,4061.0,4708.22,1087540.5,2648.43,3.8802793,2022
2022-11-07 01:00:00+00:00,11.019403,80.46928043999999,0.5981809144059166,-0.8013610881746764,2495545.0,53.0,0.9659258262890684,0.2588190451025207,1.0,41550.0,6071.9,40805.0,179.01824777316085,11.038749774297091,3553.245,14020.71,13398.65,11021.0,2707.0,0.0,0.0,9909.82,7.1321254,2022
2022-10-24 19:00:00+00:00,15.362396,80.46928043999999,0.3896304495307877,-0.9209712877166348,2419163.0,30.5,0.2588190451025203,-0.9659258262890684,1.0,44350.0,5066.1,42105.0,205.68505190703016,15.375166893005392,6260.2475,33612.872500000005,23551.5,18549.0,3587.0,0.0,0.0,6338.86,5.7012424,2022
2022-09-13 09:00:00+00:00,21.404676,80.46928043999999,-0.300819807635668,-0.9536809966304456,2252727.0,194.5,-0.7071067811865475,0.7071067811865476,1.0,51350.0,7117.2,38226.0,136.9191282828283,19.684166908264142,9348.515,36001.255000000005,15145.675,19835.0,1804.0,5308.45,1044291.06,4222.3,3.7291024,2022
2022-12-21 20:00:00+00:00,10.605011,80.46928043999999,0.9852201067560606,-0.1712931441814778,2142607.0,94.6,0.5000000000000001,-0.8660254037844386,1.0,56550.0,7117.2,51300.0,224.19761767153943,8.142499923706051,8144.5374999999985,32598.625,19131.375,19380.0,4320.0,0.0,0.0,11086.62,7.211929,2022
2022-09-03 15:00:00+00:00,22.374865,80.46928043999999,-0.4597327394521046,-0.888057322629493,2244154.0,199.52,-0.7071067811865477,-0.7071067811865475,0.0,40100.0,7117.2,33311.0,127.13238503626002,21.289249738057457,7491.597500000001,27801.95,9758.525,15199.0,1810.0,5248.5,1547717.4,2779.74,3.2137713,2022
2022-03-22 03:00:00+00:00,7.03157,80.46928043999999,0.1755314904214282,0.9844738167520922,1369050.0,98.85,0.7071067811865476,0.7071067811865476,1.0,47100.0,6053.3,45455.0,215.7405109686609,9.807888640297769,8026.93,45044.075,9913.0,14658.0,2902.0,0.0,0.0,4887.62,6.67806,2022
2022-10-23 23:00:00+00:00,16.385393,80.46928043999999,0.3737197147904684,-0.9275416835791968,2315468.0,37.25,0.9659258262890684,-0.2588190451025207,1.0,36050.0,5066.1,42105.0,205.68505190703016,15.759333451588926,3456.9600000000005,21098.2275,11529.725,11114.0,3051.0,0.0,0.0,12271.73,8.141894,2022
2022-03-22 23:00:00+00:00,7.816116,80.46928043999999,0.1755314904214282,0.9844738167520922,1369050.0,98.85,0.9659258262890684,-0.2588190451025207,1.0,53150.0,6053.3,43435.0,208.0700429385429,10.218166589736931,8542.4175,48003.7125,12244.2,15354.0,2901.0,0.0,0.0,3673.92,5.759194,2022
2022-11-07 04:00:00+00:00,10.830531,80.46928043999999,0.5981809144059166,-0.8013610881746764,2495545.0,53.0,0.5000000000000001,0.8660254037844386,1.0,39350.0,6071.9,40805.0,179.01824777316085,10.841083407402024,4858.5650000000005,20280.295,14185.275,12704.0,2710.0,0.0,0.0,9753.78,6.9501133,2022
2022-03-05 00:00:00+00:00,4.7021756,80.46928043999999,0.4520722039323043,0.8919813464595485,1604668.0,211.0,1.0,0.0,0.0,57800.0,7117.2,53170.0,241.6865841473341,8.631055514017744,8667.2925,42074.31,16779.7,15194.0,4653.0,0.0,0.0,2746.37,3.3577154,2022
2022-07-27 22:00:00+00:00,18.668907,80.46928043999999,-0.9051931898913976,-0.4250003399695539,2312574.0,209.5,0.8660254037844384,-0.5000000000000004,1.0,43800.0,7117.2,34885.0,136.82670329670327,21.49400011698408,6665.7625,37930.3125,22550.6,18561.0,2693.0,0.0,0.0,2727.57,2.846698,2022
2022-06-07 20:00:00+00:00,17.610935,80.46928043999999,-0.9123747579707272,0.4093559588156217,2345706.0,79.0,0.5000000000000001,-0.8660254037844386,1.0,44450.0,6113.8,39125.0,209.5169253154253,19.55283323923746,8726.517499999998,44854.64,22980.625,19546.0,5007.0,0.0,32482.703,2615.15,4.008073,2022
2022-12-09 03:00:00+00:00,4.3391094,80.46928043999999,0.9291414114031744,-0.3697245428906732,2374305.0,140.2,0.7071067811865476,0.7071067811865476,1.0,58700.0,7117.2,50950.0,215.17218239329108,6.0890832742055245,8381.804999999998,48528.8875,12022.5,11625.0,2455.0,0.0,0.0,3072.14,2.128989,2022
2022-12-09 00:00:00+00:00,4.471032,80.46928043999999,0.9291414114031744,-0.3697245428906732,2374305.0,140.2,1.0,0.0,1.0,61950.0,7117.2,49270.0,215.17218239329108,6.173333307107288,8786.4875,48022.4625,12154.5,11804.0,2710.0,0.0,0.0,3009.01,2.3814867,2022
2022-10-18 14:00:00+00:00,20.72889,80.46928043999999,0.2926003356333479,-0.9562348265919058,2315468.0,72.5,-0.8660254037844386,-0.5000000000000001,1.0,46600.0,5066.1,39189.0,157.90778255689554,17.462916612625122,7966.892500000001,44407.895,7736.674999999999,20585.0,2171.0,5785.9,1413272.1,2073.19,3.311454,2022
2022-06-07 14:00:00+00:00,20.375763,80.46928043999999,-0.9123747579707272,0.4093559588156217,2345706.0,79.0,-0.8660254037844386,-0.5000000000000001,1.0,47100.0,6113.8,39125.0,209.5169253154253,19.68133311801485,8263.6525,29330.255000000005,14705.4,22244.0,3771.0,7571.57,2284467.0,5156.17,5.0193243,2022
2022-12-18 20:00:00+00:00,6.998481,80.46928043999999,0.9750645322571948,-0.2219215130041658,2190805.0,110.5,0.5000000000000001,-0.8660254037844386,0.0,65250.0,7117.2,51190.0,238.29207203086773,5.421666711568834,6407.422500000001,24751.285,17719.9,15284.0,3941.0,0.0,0.0,11629.98,8.509231,2022
2022-07-25 08:00:00+00:00,22.601229,80.46928043999999,-0.9192859697186104,-0.3935902766564669,2312574.0,168.57,-0.4999999999999998,0.8660254037844387,1.0,52050.0,6950.5,34992.0,148.19598463573462,21.94883362452189,4823.805,29251.6725,19956.9,24032.0,2911.0,5732.47,1264254.8,5103.27,4.755338,2022
2022-10-24 17:00:00+00:00,16.484703,80.46928043999999,0.3896304495307877,-0.9209712877166348,2419163.0,30.5,-0.2588190451025206,-0.9659258262890684,1.0,49900.0,5066.1,42105.0,205.68505190703016,15.544333219528184,7375.98,39399.58,24127.65,21450.0,3892.0,8.86,94001.49,7639.63,6.046739,2022
2022-06-29 13:00:00+00:00,22.301474,80.46928043999999,-0.99907411510223,0.0430222330045305,2482855.0,140.55,-0.9659258262890684,-0.2588190451025203,1.0,49750.0,7117.2,38795.0,198.92442409442413,20.88449986775717,6373.73,39394.93000000001,13334.65,23054.0,3689.0,9072.42,2463644.0,1652.08,3.0668418,2022
2022-03-05 22:00:00+00:00,4.706076,80.46928043999999,0.4520722039323043,0.8919813464595485,1604668.0,211.0,0.8660254037844384,-0.5000000000000004,0.0,61800.0,7117.2,53170.0,241.6865841473341,8.492611143324106,8185.909999999999,45232.825,19703.1,14134.0,4562.0,0.0,0.0,2575.28,4.9523983,2022
2022-05-29 11:00:00+00:00,16.619345,80.46928043999999,-0.8382797052177741,0.5452404385406513,1954315.0,84.83333333333333,-0.9659258262890682,0.258819045102521,0.0,42750.0,5122.1,37105.0,175.1397263939764,17.984666400485597,5323.9725,18753.0375,8288.175,12599.0,3592.0,10565.88,2717700.5,2675.71,3.523192,2022
2022-08-05 10:00:00+00:00,22.957382,80.46928043999999,-0.8287700871745037,-0.5595892624101767,2274044.0,195.0,-0.8660254037844387,0.4999999999999999,1.0,50350.0,7117.2,36306.0,136.83769295519298,21.47716681162516,5877.085,37887.0575,15506.075,19754.0,2523.0,8247.32,2092717.2,2987.81,3.578053,2022
2022-06-05 18:00:00+00:00,18.93002,80.46928043999999,-0.8977433935342337,0.440518784350495,2156969.0,80.3125,-1.8369701987210292e-16,-1.0,0.0,40650.0,6113.8,37305.0,195.9685617012617,20.15211084153917,7261.5525,26505.44,18057.35,15937.0,4402.0,1394.01,711211.9,5308.86,4.4820685,2022
2022-07-27 08:00:00+00:00,19.173153,80.46928043999999,-0.9051931898913976,-0.4250003399695539,2312574.0,209.5,-0.4999999999999998,0.8660254037844387,1.0,50300.0,7117.2,35615.0,140.7987118131868,19.792166233062723,6018.4625,34563.93,20078.175,24513.0,2769.0,6751.38,1221607.0,1918.04,2.363232,2022
2022-12-20 14:00:00+00:00,11.607921,80.46928043999999,0.9821256058680004,-0.1882267098432448,2142607.0,104.7,-0.8660254037844386,-0.5000000000000001,1.0,61750.0,7117.2,51300.0,208.25266973879584,7.066083351771035,8329.1375,36903.095,16185.975,24990.0,3814.0,1810.34,484610.66,10246.13,5.9048896,2022
2022-11-07 02:00:00+00:00,10.970486,80.46928043999999,0.5981809144059166,-0.8013610881746764,2495545.0,53.0,0.8660254037844387,0.4999999999999999,1.0,38800.0,6071.9,40805.0,179.01824777316085,10.977166573206594,3601.2700000000004,14581.735,13461.975,11128.0,2603.0,0.0,0.0,9798.99,7.0735126,2022
2022-06-05 14:00:00+00:00,19.753819,80.46928043999999,-0.8977433935342337,0.440518784350495,2156969.0,80.3125,-0.8660254037844386,-0.5000000000000001,0.0,38900.0,6113.8,37305.0,195.9685617012617,20.14127763112386,6278.907500000001,15468.215,8092.5,10193.0,3951.0,7563.42,2198593.0,5856.59,3.9349737,2022
2022-04-16 19:00:00+00:00,14.053117,80.46928043999999,-0.2511900638848191,0.9679377830240644,1229508.0,99.025,0.2588190451025203,-0.9659258262890684,0.0,42200.0,7046.5,41666.0,256.01031890516884,14.06200000974866,7595.797500000001,39600.967500000006,16904.3,15262.0,5566.0,0.0,85982.37,4876.94,4.5143533,2022
2022-07-04 18:00:00+00:00,21.822313,80.46928043999999,-0.99907411510223,-0.0430222330045303,2469618.0,162.6,-1.8369701987210292e-16,-1.0,1.0,47500.0,7117.2,38380.0,194.1288931827432,21.9019168217977,8126.862499999999,46060.1375,18843.15,24895.0,4451.0,1415.83,876976.25,2709.81,3.6344283,2022
2022-04-17 13:00:00+00:00,16.261383,80.46928043999999,-0.2678143051621742,0.9634705485641488,1229508.0,96.5,-0.9659258262890684,-0.2588190451025203,0.0,34900.0,7006.5,41109.0,236.1256757020757,14.19222243626912,4007.46,10813.502500000002,6427.4,6569.0,3703.0,8385.85,2810792.2,2518.79,1.3868871,2022
2022-06-29 01:00:00+00:00,15.814234,80.46928043999999,-0.99907411510223,0.0430222330045305,2482855.0,140.55,0.9659258262890684,0.2588190451025207,1.0,37100.0,7117.2,38795.0,198.92442409442413,19.427749792734783,7365.7625,32949.134999999995,19628.575,16885.0,3225.0,0.0,0.0,1953.16,2.2038646,2022
2022-03-22 22:00:00+00:00,8.2547455,80.46928043999999,0.1755314904214282,0.9844738167520922,1369050.0,98.85,0.8660254037844384,-0.5000000000000004,1.0,56850.0,6053.3,43435.0,215.7405109686609,10.311666833029848,9097.09,49540.3325,14012.3,16907.0,3164.0,0.0,0.0,4098.03,5.96332,2022
2022-12-21 07:00:00+00:00,9.591,80.46928043999999,0.9852201067560606,-0.1712931441814778,2142607.0,94.6,-0.2588190451025208,0.9659258262890684,1.0,60850.0,7117.2,51300.0,224.19761767153943,7.570333282152811,8918.135,52368.76,18991.25,24247.0,4781.0,0.0,48.00547,6022.6,6.6709566,2022
2022-10-01 11:00:00+00:00,16.329592,80.46928043999999,0.0043035382962438,-0.99999073973619,2253974.0,153.14,-0.9659258262890682,0.258819045102521,0.0,44950.0,6111.4,38215.0,240.35592109187104,14.3510000705719,3679.5375,20317.5025,9268.075,11962.0,3094.0,5553.36,1339514.4,9443.43,7.54228,2022
2022-05-28 20:00:00+00:00,15.933907,80.46928043999999,-0.8287700871745035,0.5595892624101769,1954315.0,82.66666666666667,0.5000000000000001,-0.8660254037844386,0.0,40450.0,5122.1,37105.0,186.52801994302,18.624388800727,7343.887500000001,26885.825,17821.75,16429.0,4289.0,0.0,47879.484,5370.24,5.24304,2022
2022-03-23 10:00:00+00:00,11.873298,80.46928043999999,0.1585593851031345,0.9873494423939864,1369050.0,109.0,-0.8660254037844387,0.4999999999999999,1.0,57000.0,6053.3,43435.0,208.0700429385429,9.55816642443337,6936.4175000000005,35439.83,14730.8,19325.0,2927.0,7611.55,1942267.1,2232.5,4.201641,2022
2022-05-28 10:00:00+00:00,17.929295,80.46928043999999,-0.8287700871745035,0.5595892624101769,1954315.0,82.66666666666667,-0.8660254037844387,0.4999999999999999,0.0,43950.0,5122.1,37105.0,186.52801994302,17.794833289252377,4931.285000000001,-751.2149999999965,8973.2,12877.0,4161.0,9483.34,2540218.2,2375.35,3.6570044,2022
2022-10-27 12:00:00+00:00,20.538445,80.46928043999999,0.436651231956063,-0.8996308696522438,2419163.0,35.0,-1.0,1.2246467991473532e-16,1.0,47750.0,5066.1,39745.0,215.44583494195007,15.05950005849204,6240.692500000001,38525.25500000001,8434.474999999999,18994.0,3229.0,6987.01,1431699.8,5541.17,5.8273993,2022
2022-02-03 22:00:00+00:00,7.522042,80.46928043999999,0.8335557718385699,0.5524353131676196,1747271.0,77.6,0.8660254037844384,-0.5000000000000004,1.0,65750.0,7117.2,58656.0,258.3570488807489,6.551222178671096,8003.1325,39392.4675,22750.1,17304.0,3614.0,0.0,0.0,3170.17,4.8887987,2022
2022-08-08 05:00:00+00:00,16.908983,80.46928043999999,-0.798779372886365,-0.6016240632249223,2280964.0,192.3,0.2588190451025207,0.9659258262890684,1.0,37600.0,7117.2,36099.0,122.3574742100492,19.787083069483423,8172.935,47718.7175,21109.8,15226.0,2337.0,158.48,20399.195,3779.44,4.5798097,2022
2022-10-24 06:00:00+00:00,15.133073,80.46928043999999,0.3896304495307877,-0.9209712877166348,2419163.0,30.5,6.123233995736766e-17,1.0,1.0,45750.0,5066.1,42105.0,205.68505190703016,14.999750137329109,5838.314999999999,34941.835,22401.0,21575.0,3468.0,0.0,108.89846,10501.28,7.3774815,2022
2022-10-22 20:00:00+00:00,16.160727,80.46928043999999,0.3576982388331254,-0.9338372288229252,2315468.0,44.0,0.5000000000000001,-0.8660254037844386,0.0,38950.0,5066.1,41190.0,200.7180950407081,16.162750323613494,7801.47,39809.9875,10317.475,13549.0,3616.0,0.0,0.0,4669.22,6.55637,2022
2022-04-02 16:00:00+00:00,5.548529,80.46928043999999,-0.012910296075009,0.999916658654738,1334846.0,110.61,-0.5000000000000004,-0.8660254037844385,0.0,58500.0,6041.6,40435.0,218.9799258038258,8.285944369104167,7050.639999999999,35813.5625,7400.0,16275.0,3922.0,4293.35,1198534.6,8767.59,6.480785,2022
2022-12-18 10:00:00+00:00,4.3225083,80.46928043999999,0.9750645322571948,-0.2219215130041658,2190805.0,110.5,-0.8660254037844387,0.4999999999999999,0.0,71250.0,7117.2,51185.0,238.29207203086773,5.159333397944769,7521.174999999999,34543.9975,10267.95,14199.0,4670.0,3657.91,479131.88,8649.59,6.629617,2022
2022-12-21 06:00:00+00:00,9.620623,80.46928043999999,0.9852201067560606,-0.1712931441814778,2142607.0,94.6,6.123233995736766e-17,1.0,1.0,57650.0,7117.2,51300.0,224.19761767153943,7.551333387692768,8798.385,49337.54,16877.75,21832.0,4393.0,0.0,0.0,5482.45,6.6632223,2022
2022-10-01 06:00:00+00:00,12.448991,80.46928043999999,0.0043035382962438,-0.99999073973619,2253974.0,153.14,6.123233995736766e-17,1.0,0.0,39500.0,6111.4,38215.0,240.35592109187104,13.634999831517536,5165.81,17841.002500000002,18053.95,16072.0,3430.0,2.21,7062.7773,10974.43,7.212633,2022
2022-10-22 17:00:00+00:00,17.417395,80.46928043999999,0.3576982388331254,-0.9338372288229252,2315468.0,44.0,-0.2588190451025206,-0.9659258262890684,0.0,43050.0,5066.1,41190.0,200.7180950407081,16.533166885375973,9101.5,47526.7075,10988.35,17509.0,3813.0,18.12,96629.234,2976.87,5.911161,2022
2022-06-02 13:00:00+00:00,21.315334,80.46928043999999,-0.8738071036110806,0.4862727071086904,2156969.0,83.5,-0.9659258262890684,-0.2588190451025203,1.0,49700.0,6113.8,39775.0,197.0432372608872,19.60505538516572,5750.36,24891.21,13583.2,10138.0,4227.0,8531.27,2827860.0,1864.4,2.3033555,2022
2022-12-21 21:00:00+00:00,10.622677,80.46928043999999,0.9852201067560606,-0.1712931441814778,2142607.0,94.6,0.7071067811865474,-0.7071067811865477,1.0,54950.0,7117.2,51300.0,224.19761767153943,8.14858337243398,8181.0975,30984.57,16430.625,16978.0,4302.0,0.0,0.0,11138.8,7.396036,2022
2022-08-24 02:00:00+00:00,18.594175,80.46928043999999,-0.6050560696488494,-0.7961828637826154,2250959.0,293.0,0.8660254037844387,0.4999999999999999,1.0,35950.0,7117.2,34710.0,146.15470664335666,20.64774974187214,7599.900000000001,35889.329999999994,18871.875,13373.0,2005.0,0.0,0.0,1182.04,1.2289063,2022
2022-08-20 03:00:00+00:00,17.151875,80.46928043999999,-0.6584015846980489,-0.7526668275320083,2249940.0,254.0,0.7071067811865476,0.7071067811865476,0.0,31600.0,7117.2,35156.0,182.53423222610724,18.818249861399345,7157.9175000000005,36634.015,15679.025,11117.0,2932.0,0.0,0.0,2150.25,3.186987,2022
2022-12-18 22:00:00+00:00,7.231533,80.46928043999999,0.9750645322571948,-0.2219215130041658,2190805.0,110.5,0.8660254037844384,-0.5000000000000004,0.0,64450.0,7117.2,51075.0,238.29207203086773,5.425416688124336,5858.304999999999,22934.372500000005,13766.95,12485.0,3321.0,0.0,0.0,11889.11,8.686092,2022
2022-03-07 16:00:00+00:00,7.4590583,80.46928043999999,0.4211008707960896,0.907013812802636,1420843.0,227.0,-0.5000000000000004,-0.8660254037844385,1.0,61650.0,7117.2,52760.0,236.381658038258,8.059277892112727,8977.7675,59156.45250000001,21015.3,24126.0,4842.0,2057.85,1018119.25,5177.36,4.8499875,2022
2022-07-27 13:00:00+00:00,23.001415,80.46928043999999,-0.9051931898913976,-0.4250003399695539,2312574.0,209.5,-0.9659258262890684,-0.2588190451025203,1.0,50200.0,7117.2,35615.0,140.7987118131868,21.440333048502595,5227.307500000001,27035.292500000003,20146.35,24803.0,2586.0,10075.57,2556031.8,1888.97,1.6842539,2022
2022-08-14 18:00:00+00:00,23.311367,80.46928043999999,-0.7324940716135788,-0.6807734094770164,2280964.0,216.0,-1.8369701987210292e-16,-1.0,0.0,39500.0,7117.2,36011.0,115.44113513986017,22.53433322906494,6955.46,34497.7575,16572.45,13538.0,2129.0,581.32,497901.28,4263.93,2.5465624,2022
2022-12-21 09:00:00+00:00,9.988388,80.46928043999999,0.9852201067560606,-0.1712931441814778,2142607.0,94.6,-0.7071067811865475,0.7071067811865476,1.0,62000.0,7117.2,51300.0,224.19761767153943,7.601749777793882,8150.815,52390.02,16127.725,24649.0,4989.0,1242.72,149287.83,7101.48,6.609174,2022
2022-07-04 06:00:00+00:00,16.926067,80.46928043999999,-0.99907411510223,-0.0430222330045303,2469618.0,162.6,6.123233995736766e-17,1.0,1.0,45750.0,7117.2,38380.0,194.1288931827432,19.983166853586845,8459.779999999999,41757.0625,19977.15,23279.0,3960.0,1662.27,454926.22,1289.1,2.2996867,2022
2022-12-20 02:00:00+00:00,10.180289,80.46928043999999,0.9821256058680004,-0.1882267098432448,2142607.0,104.7,0.8660254037844387,0.4999999999999999,1.0,52600.0,7117.2,51190.0,208.25266973879584,6.420166730880737,4796.2075,18312.4675,10611.75,14102.0,2892.0,0.0,0.0,12773.81,8.462822,2022
2022-02-17 04:00:00+00:00,10.043005,80.46928043999999,0.6776147890466889,0.7354170229639855,1697421.0,72.0,0.5000000000000001,0.8660254037844386,1.0,52250.0,7117.2,55966.0,356.2878187627188,8.15938893953959,5555.85,16535.85,14373.2,16909.0,4421.0,0.0,0.0,14840.42,10.973897,2022
2022-06-05 01:00:00+00:00,16.482468,80.46928043999999,-0.8977433935342337,0.440518784350495,2156969.0,80.3125,0.9659258262890684,0.2588190451025207,0.0,33600.0,6113.8,36230.0,195.9685617012617,19.82194423675537,4821.192499999999,25768.385,16411.025,12143.0,3845.0,0.0,0.0,2505.73,0.23322073,2022
2022-09-03 06:00:00+00:00,16.84706,80.46928043999999,-0.4597327394521046,-0.888057322629493,2244154.0,199.52,6.123233995736766e-17,1.0,0.0,36550.0,7117.2,32401.0,127.13238503626002,19.993666807810456,7129.295,25287.9525,20100.875,16399.0,1949.0,357.01,64084.656,1679.62,2.1819406,2022
2022-08-20 10:00:00+00:00,21.540922,80.46928043999999,-0.6584015846980489,-0.7526668275320083,2249940.0,254.0,-0.8660254037844387,0.4999999999999999,0.0,41750.0,7117.2,35156.0,182.53423222610724,19.889500141143785,4694.637500000001,34151.5775,11329.475,9009.0,2689.0,8912.52,2029939.2,1238.4,2.2742615,2022
2022-11-04 09:00:00+00:00,10.762528,80.46928043999999,0.5560174366570438,-0.8311706263658084,2455704.0,59.0,-0.7071067811865475,0.7071067811865476,1.0,52600.0,6071.9,40065.0,191.40342435447,12.10566663742066,9029.0275,52574.435,10900.125,21440.0,3540.0,2608.8,538364.94,6125.63,6.5813117,2022
2022-11-28 18:00:00+00:00,8.577472,80.46928043999999,0.8429415373547827,-0.5380051715383,2462887.0,125.5,-1.8369701987210292e-16,-1.0,1.0,66600.0,7117.2,44828.0,203.61916190685324,8.585166811943054,10345.464999999998,55902.365000000005,20855.775,23587.0,5108.0,0.0,0.0,3708.64,4.212579,2022
2022-04-05 06:00:00+00:00,5.6332126,80.46928043999999,-0.0645084494493162,0.9979171608653922,1197120.0,108.72,6.123233995736766e-17,1.0,1.0,68400.0,6021.6,43455.0,230.21333549043555,7.865444408522709,7889.1175,39432.575,24280.0,22902.0,5792.0,0.0,37047.555,5074.73,3.846118,2022
2022-07-15 11:00:00+00:00,24.59647,80.46928043999999,-0.973118337233262,-0.2303056702306119,2462110.0,154.25,-0.9659258262890682,0.258819045102521,1.0,50200.0,7117.2,35950.0,147.32695785510785,23.48566659291586,6386.0025000000005,22766.410000000003,21853.275,22555.0,2979.0,10010.54,2866146.8,1877.97,2.0014412,2022
2022-05-29 21:00:00+00:00,13.424771,80.46928043999999,-0.8382797052177741,0.5452404385406513,1954315.0,84.83333333333333,0.7071067811865474,-0.7071067811865477,0.0,43950.0,5122.1,38820.0,175.1397263939764,18.24111143747966,7886.0425,40171.0525,18117.475,14226.0,4279.0,0.0,241.12137,3680.02,3.8527415,2022
2022-12-18 18:00:00+00:00,6.7867928,80.46928043999999,0.9750645322571948,-0.2219215130041658,2190805.0,110.5,-1.8369701987210292e-16,-1.0,0.0,70550.0,7117.2,51300.0,238.29207203086773,5.40475003918012,7459.702500000001,29058.5,17467.375,16916.0,4959.0,0.0,0.0,11386.07,8.175315,2022
2022-04-05 05:00:00+00:00,5.484858,80.46928043999999,-0.0645084494493162,0.9979171608653922,1197120.0,108.72,0.2588190451025207,0.9659258262890684,1.0,65700.0,6021.6,43455.0,230.21333549043555,7.9216668075985375,7396.855000000001,36875.875,21474.9,21306.0,5317.0,0.0,4.4635897,5319.17,3.9812202,2022
2022-07-04 19:00:00+00:00,20.926233,80.46928043999999,-0.99907411510223,-0.0430222330045303,2469618.0,162.6,0.2588190451025203,-0.9659258262890684,1.0,44450.0,7117.2,38380.0,194.1288931827432,21.81808344523113,8091.942499999999,46507.745,20294.4,24457.0,4205.0,309.53,387244.78,2847.45,3.894123,2022
2022-03-05 03:00:00+00:00,3.7065876,80.46928043999999,0.4520722039323043,0.8919813464595485,1604668.0,211.0,0.7071067811865476,0.7071067811865476,0.0,52750.0,7117.2,53170.0,241.6865841473341,8.51261112425062,8558.032500000001,41589.4475,15304.5,14630.0,3854.0,0.0,0.0,2544.81,3.2989922,2022
2022-06-05 12:00:00+00:00,19.454823,80.46928043999999,-0.8977433935342337,0.440518784350495,2156969.0,80.3125,-1.0,1.2246467991473532e-16,0.0,40900.0,6113.8,36745.0,195.9685617012617,19.93711068895128,6533.6925,10369.3275,9389.825,9857.0,3581.0,8037.57,2295037.8,4567.04,3.3259382,2022
2022-07-17 17:00:00+00:00,28.382893,80.46928043999999,-0.9646141756912436,-0.2636654927280072,2462110.0,157.08333333333334,-0.2588190451025206,-0.9659258262890684,0.0,44550.0,7117.2,34300.0,133.55774122914124,24.91950019200643,7151.540000000001,39290.5425,17648.2,18759.0,2783.0,3180.16,1493876.6,2622.12,3.7811077,2022
2022-07-27 09:00:00+00:00,20.155323,80.46928043999999,-0.9051931898913976,-0.4250003399695539,2312574.0,209.5,-0.7071067811865475,0.7071067811865476,1.0,51200.0,7117.2,35615.0,140.7987118131868,20.036416530609152,5706.869999999999,32310.5475,20203.0,24642.0,2809.0,8688.19,1733117.2,1827.22,2.297707,2022
2022-08-09 04:00:00+00:00,17.928421,80.46928043999999,-0.7883050558305256,-0.6152845999633274,2280964.0,190.0,0.5000000000000001,0.8660254037844386,1.0,36050.0,7117.2,36778.0,120.84214573944575,20.15499989191692,7385.7925,46483.795,18804.325,13743.0,1909.0,0.0,0.0,4413.5,4.941697,2022
2022-04-02 00:00:00+00:00,2.7403114,80.46928043999999,-0.012910296075009,0.999916658654738,1334846.0,110.61,1.0,0.0,0.0,59100.0,6041.6,41340.0,218.9799258038258,8.58622230423821,5805.14,23323.3025,12660.5,13818.0,3741.0,0.0,0.0,9024.42,7.001826,2022
2022-10-28 09:00:00+00:00,17.982338,80.46928043999999,0.4520722039323045,-0.8919813464595484,2419163.0,33.82,-0.7071067811865475,0.7071067811865476,1.0,48300.0,5066.1,40305.0,200.79569442361185,14.880499998728425,5351.8325,38921.217500000006,14391.6,19188.0,2983.0,3788.47,720072.06,6916.55,4.65781,2022
2022-06-02 01:00:00+00:00,13.841222,80.46928043999999,-0.8738071036110806,0.4862727071086904,2156969.0,83.5,0.9659258262890684,0.2588190451025207,1.0,37050.0,6113.8,40395.0,197.0432372608872,18.7487777603997,7631.615,35585.605,20335.25,13019.0,3827.0,0.0,0.0,3062.31,2.7493334,2022
2022-10-07 22:00:00+00:00,14.033749,80.46928043999999,0.1073813466641621,-0.994217906893952,2313405.0,105.0,0.8660254037844384,-0.5000000000000004,0.0,42800.0,6111.4,39320.0,189.796585476842,15.838416973749784,4910.464999999999,28491.29,17252.35,14435.0,2935.0,0.0,0.0,3029.5,2.2058437,2022
2022-03-05 14:00:00+00:00,8.475953,80.46928043999999,0.4520722039323043,0.8919813464595485,1604668.0,211.0,-0.8660254037844386,-0.5000000000000001,0.0,53650.0,6632.3,53170.0,241.6865841473341,8.591777695549856,7351.1075,39115.6375,15274.4,14553.0,3671.0,4871.37,1544045.0,1799.27,4.4379735,2022
2022-12-13 10:00:00+00:00,3.5892534,80.46928043999999,0.9523775757303972,-0.3049212246562894,2190805.0,138.35,-0.8660254037844387,0.4999999999999999,1.0,79750.0,7117.2,52100.0,230.8754162755924,4.50124997397264,9188.1025,56743.02,19739.0,26919.0,5415.0,2564.54,413971.88,4687.9,3.6141863,2022
2022-08-08 23:00:00+00:00,20.419325,80.46928043999999,-0.798779372886365,-0.6016240632249223,2280964.0,192.3,0.9659258262890684,-0.2588190451025207,1.0,37750.0,7117.2,36778.0,120.84214573944575,21.398916562398263,6676.7075,36153.49249999999,17676.175,12899.0,1882.0,0.0,0.0,5791.05,5.6633854,2022
2022-04-21 09:00:00+00:00,11.561652,80.46928043999999,-0.3334687789181868,0.9427611433904208,1338623.0,95.97,-0.7071067811865475,0.7071067811865476,1.0,52450.0,6986.5,42013.0,240.59830362230363,12.366000122494183,5656.457499999999,36010.48249999999,9575.5,21908.0,5228.0,4561.79,1399665.2,2021.23,2.8446658,2022
2022-10-01 16:00:00+00:00,17.6389,80.46928043999999,0.0043035382962438,-0.99999073973619,2253974.0,153.14,-0.5000000000000004,-0.8660254037844385,0.0,39400.0,6111.4,37745.0,240.35592109187104,15.334250052769992,5714.62,27714.665,13318.35,15185.0,3758.0,1915.76,671576.56,7721.64,7.6733537,2022
2022-09-13 22:00:00+00:00,19.64482,80.46928043999999,-0.300819807635668,-0.9536809966304456,2252727.0,194.5,0.8660254037844384,-0.5000000000000004,1.0,42400.0,7117.2,37126.0,140.19393799533802,20.25783316294354,7086.545,35246.427500000005,17500.5,16379.0,2006.0,0.0,0.0,3151.79,2.4401104,2022
2022-12-10 05:00:00+00:00,3.0503473,80.46928043999999,0.935367949313148,-0.3536761221763721,2374305.0,139.13333333333333,0.2588190451025207,0.9659258262890684,0.0,57900.0,7117.2,50725.0,205.27261362735493,6.0880833466847735,8453.375,45377.6575,9326.25,14673.0,3046.0,0.0,0.0,1632.89,3.173207,2022
2022-08-05 19:00:00+00:00,21.807299,80.46928043999999,-0.8287700871745037,-0.5595892624101767,2274044.0,195.0,0.2588190451025203,-0.9659258262890684,1.0,44200.0,7117.2,37036.0,136.83769295519298,22.450416405995675,7908.662499999999,40247.85,20513.95,21412.0,2565.0,30.93,237658.34,4938.98,5.0816317,2022
2022-12-21 11:00:00+00:00,11.096555,80.46928043999999,0.9852201067560606,-0.1712931441814778,2142607.0,94.6,-0.9659258262890682,0.258819045102521,1.0,62600.0,7117.2,51300.0,224.19761767153943,7.745583573977154,7702.395,51147.515,12189.0,22629.0,4531.0,3488.34,525668.2,8657.15,6.4224854,2022
2022-10-27 13:00:00+00:00,20.907362,80.46928043999999,0.436651231956063,-0.8996308696522438,2419163.0,35.0,-0.9659258262890684,-0.2588190451025203,1.0,46600.0,5066.1,39745.0,215.44583494195007,15.149166663487776,6419.387500000001,40878.825,8094.75,19660.0,3193.0,6461.7,1363995.6,5233.94,5.8046365,2022
2022-06-29 11:00:00+00:00,21.531725,80.46928043999999,-0.99907411510223,0.0430222330045305,2482855.0,140.55,-0.9659258262890682,0.258819045102521,1.0,52550.0,7117.2,38795.0,198.92442409442413,19.998166879018168,6156.107500000001,40031.467500000006,16113.05,22089.0,3851.0,9557.53,2495192.2,1455.59,2.7247403,2022
2022-10-01 19:00:00+00:00,16.006569,80.46928043999999,0.0043035382962438,-0.99999073973619,2253974.0,153.14,0.2588190451025203,-0.9659258262890684,0.0,40050.0,6111.4,37745.0,240.35592109187104,15.30783343315121,5617.3550000000005,23865.5425,22997.65,15419.0,3855.0,0.0,0.32820514,6405.43,7.075698,2022
2022-02-05 22:00:00+00:00,5.716493,80.46928043999999,0.8140460935082179,0.5808002734538008,1747271.0,79.63333333333334,0.8660254037844384,-0.5000000000000004,0.0,63100.0,7117.2,56271.0,243.3844269230769,6.856777773963082,5833.8825,9386.127500000002,18441.2,15285.0,3262.0,0.0,0.0,9869.79,6.6029153,2022
2022-12-10 19:00:00+00:00,2.3974874,80.46928043999999,0.935367949313148,-0.3536761221763721,2374305.0,139.13333333333333,0.2588190451025203,-0.9659258262890684,0.0,66950.0,7117.2,50725.0,205.27261362735493,5.678499956925711,9554.6275,51091.015,22526.3,17286.0,4098.0,0.0,0.0,2482.6,2.9010508,2022
2022-12-13 22:00:00+00:00,4.5498443,80.46928043999999,0.9523775757303972,-0.3049212246562894,2190805.0,138.35,0.8660254037844384,-0.5000000000000004,1.0,70950.0,7117.2,52100.0,230.8754162755924,4.923583368460337,9262.2175,42656.25,11789.25,18588.0,4273.0,0.0,0.0,2887.01,3.326004,2022
2022-12-18 11:00:00+00:00,5.3306146,80.46928043999999,0.9750645322571948,-0.2219215130041658,2190805.0,110.5,-0.9659258262890682,0.258819045102521,0.0,71200.0,7117.2,51185.0,238.29207203086773,5.216000070174534,7643.3925,35405.1725,9335.875,13382.0,4482.0,4786.22,662956.56,8840.71,6.903094,2022
2022-08-25 15:00:00+00:00,25.448715,80.46928043999999,-0.5912614448635782,-0.8064799463209447,2250959.0,308.7,-0.7071067811865477,-0.7071067811865475,1.0,49750.0,7117.2,34046.0,137.649736959337,23.811166763305643,7703.577499999999,39513.2325,14527.025,18136.0,2139.0,5238.04,1728872.1,2920.06,3.251149,2022
2022-08-08 21:00:00+00:00,21.808746,80.46928043999999,-0.798779372886365,-0.6016240632249223,2280964.0,192.3,0.7071067811865474,-0.7071067811865477,1.0,45250.0,7117.2,37308.0,122.3574742100492,22.25383329391479,7183.505000000001,38740.7875,20405.35,15615.0,2148.0,0.0,0.0,6113.36,5.43668,2022
2022-08-13 19:00:00+00:00,24.615635,80.46928043999999,-0.7441039398713605,-0.6680638642135336,2280964.0,210.5,0.2588190451025203,-0.9659258262890684,0.0,40700.0,7117.2,36836.0,114.89604756539754,23.814417044321686,7435.025,38417.515,21128.6,14625.0,2108.0,2.81,161306.98,2389.52,1.2417659,2022
2022-12-13 23:00:00+00:00,4.5749173,80.46928043999999,0.9523775757303972,-0.3049212246562894,2190805.0,138.35,0.9659258262890684,-0.2588190451025207,1.0,68400.0,7117.2,52100.0,240.38958604471216,4.93291677037875,9201.1675,38953.905,10429.5,16778.0,3912.0,0.0,0.0,3406.25,3.0027287,2022
2022-08-14 06:00:00+00:00,19.444584,80.46928043999999,-0.7324940716135788,-0.6807734094770164,2280964.0,216.0,6.123233995736766e-17,1.0,0.0,32950.0,7117.2,36011.0,115.44113513986017,21.984666824340824,5773.4575,24845.485,15714.825,9644.0,1523.0,833.64,181961.0,2951.41,1.3385835,2022
2022-03-07 17:00:00+00:00,6.903089,80.46928043999999,0.4211008707960896,0.907013812802636,1420843.0,227.0,-0.2588190451025206,-0.9659258262890684,1.0,64900.0,7117.2,52760.0,236.381658038258,8.120944314532805,9735.5375,62548.317500000005,22895.1,24752.0,5554.0,287.62,502635.97,5169.4,4.972237,2022
2022-10-22 04:00:00+00:00,14.59276,80.46928043999999,0.3576982388331254,-0.9338372288229252,2315468.0,44.0,0.5000000000000001,0.8660254037844386,0.0,34500.0,5066.1,41120.0,200.7180950407081,15.746750354766826,5079.0275,40335.0125,12855.25,14284.0,3215.0,0.0,0.0,4029.62,5.350342,2022
2022-04-02 12:00:00+00:00,5.190962,80.46928043999999,-0.012910296075009,0.999916658654738,1334846.0,110.61,-1.0,1.2246467991473532e-16,0.0,61400.0,6041.6,40435.0,218.9799258038258,8.21794431739382,5521.069999999999,24799.915,4073.7999999999993,12434.0,3507.0,6852.86,2100153.8,8590.66,6.7044764,2022
2022-11-24 05:00:00+00:00,8.538533,80.46928043999999,0.8039279618328213,-0.5947266869607633,2518920.0,118.0,0.2588190451025207,0.9659258262890684,1.0,53450.0,6071.9,44069.0,247.18651651400128,8.610333124796542,6152.012500000001,44542.535,17097.5,19765.0,4286.0,0.0,0.0,7866.57,6.1785626,2022
2022-12-10 18:00:00+00:00,2.7172976,80.46928043999999,0.935367949313148,-0.3536761221763721,2374305.0,139.13333333333333,-1.8369701987210292e-16,-1.0,0.0,69450.0,7117.2,50725.0,205.27261362735493,5.74316660563151,10054.722500000002,54081.7025,21629.575,18632.0,4479.0,0.0,0.0,2390.67,3.0465276,2022
2022-01-08 08:00:00+00:00,5.4722505,80.46928043999999,0.9905324521322229,0.1372787721132647,2152112.0,84.33333333333334,-0.4999999999999998,0.8660254037844387,0.0,67850.0,6105.9,55879.0,477.185658038258,6.300000197357601,7904.8925,40648.442500000005,15169.1,16716.0,5895.0,221.37,28774.553,7303.88,7.545955,2022
2022-10-24 20:00:00+00:00,15.060362,80.46928043999999,0.3896304495307877,-0.9209712877166348,2419163.0,30.5,0.5000000000000001,-0.8660254037844386,1.0,42650.0,5066.1,42105.0,205.68505190703016,15.265583197275808,5906.125,31213.6,20219.6,16776.0,3641.0,0.0,0.0,6001.07,5.5934134,2022
2022-08-14 23:00:00+00:00,19.595694,80.46928043999999,-0.7324940716135788,-0.6807734094770164,2280964.0,216.0,0.9659258262890684,-0.2588190451025207,0.0,35100.0,7117.2,35691.0,118.67028276353275,21.134916464487738,6592.435,26931.9225,15960.175,11009.0,1932.0,0.0,0.0,2662.43,2.9933538,2022
2022-06-02 15:00:00+00:00,21.790895,80.46928043999999,-0.8738071036110806,0.4862727071086904,2156969.0,83.5,-0.7071067811865477,-0.7071067811865475,1.0,47450.0,6113.8,39775.0,197.0432372608872,20.029666900634783,6986.610000000001,35750.5625,15958.125,11554.0,4425.0,6532.67,2243145.2,1841.95,2.1548786,2022
2022-05-29 05:00:00+00:00,11.3411255,80.46928043999999,-0.8382797052177741,0.5452404385406513,1954315.0,84.83333333333333,0.2588190451025207,0.9659258262890684,0.0,32900.0,5122.1,37105.0,175.1397263939764,17.518833054436595,5935.3325,24369.507500000003,13135.5,12918.0,3596.0,570.54,99252.41,3392.89,4.538312,2022
2022-08-25 20:00:00+00:00,21.263557,80.46928043999999,-0.5912614448635782,-0.8064799463209447,2250959.0,308.7,0.5000000000000001,-0.8660254037844386,1.0,45700.0,7117.2,34046.0,137.649736959337,22.60991652806601,8514.5875,39162.3075,19165.65,17303.0,2286.0,0.0,434.78427,4136.19,4.0158653,2022
2022-03-05 02:00:00+00:00,4.031349,80.46928043999999,0.4520722039323043,0.8919813464595485,1604668.0,211.0,0.8660254037844387,0.4999999999999999,0.0,54400.0,7117.2,53170.0,241.6865841473341,8.55927771992153,8530.1125,41451.1225,15343.2,14471.0,3984.0,0.0,0.0,2611.81,3.228047,2022
2022-08-25 00:00:00+00:00,20.079712,80.46928043999999,-0.5912614448635782,-0.8064799463209447,2250959.0,308.7,1.0,0.0,1.0,39750.0,7117.2,34046.0,137.649736959337,22.02991596857708,7293.175,32541.38,19825.7,13439.0,2009.0,0.0,0.0,3226.4,1.3303512,2022
2022-04-05 19:00:00+00:00,9.907705,80.46928043999999,-0.0645084494493162,0.9979171608653922,1197120.0,108.72,0.2588190451025203,-0.9659258262890684,1.0,61000.0,6021.6,43095.0,230.21333549043555,9.1688887808058,7846.512500000001,43350.2675,29438.0,20786.0,4489.0,90.58,26987.148,4632.57,4.048028,2022
2022-05-23 00:00:00+00:00,16.460503,80.46928043999999,-0.7775971469736267,0.6287628145958347,1954315.0,81.0,1.0,0.0,1.0,36900.0,5122.1,39365.0,227.6560926739927,19.52344459957548,7155.35,27275.6525,13812.4,11957.0,4623.0,0.0,0.0,3079.16,1.361998,2022
2022-12-13 18:00:00+00:00,4.560306,80.46928043999999,0.9523775757303972,-0.3049212246562894,2190805.0,138.35,-1.8369701987210292e-16,-1.0,1.0,80150.0,7117.2,52100.0,230.8754162755924,4.918416659037271,10245.9725,56590.10249999999,20963.25,25776.0,6154.0,0.0,0.0,3128.95,4.579556,2022
2022-02-03 15:00:00+00:00,10.003613,80.46928043999999,0.8335557718385699,0.5524353131676196,1747271.0,77.6,-0.7071067811865477,-0.7071067811865475,1.0,65700.0,7117.2,58656.0,258.3570488807489,6.597333259052701,9758.4,52401.8475,21706.1,25098.0,4459.0,1721.21,716952.1,2128.4,4.019019,2022
2022-03-05 16:00:00+00:00,8.212662,80.46928043999999,0.4520722039323043,0.8919813464595485,1604668.0,211.0,-0.5000000000000004,-0.8660254037844385,0.0,52550.0,6632.3,53170.0,241.6865841473341,8.75399981604682,8964.81,51220.0125,17068.1,17363.0,4823.0,1616.35,840315.56,2046.25,4.7026267,2022
2022-11-28 03:00:00+00:00,8.457068,80.46928043999999,0.8429415373547827,-0.5380051715383,2462887.0,125.5,0.7071067811865476,0.7071067811865476,1.0,45800.0,6071.9,43113.0,203.61916190685324,8.165749788284304,6624.4225,26303.965000000004,6698.525,11844.0,2844.0,0.0,0.0,4798.02,4.8030086,2022
2022-09-03 01:00:00+00:00,17.427036,80.46928043999999,-0.4597327394521046,-0.888057322629493,2244154.0,199.52,0.9659258262890684,0.2588190451025207,0.0,34200.0,7117.2,32401.0,127.13238503626002,20.55650027592976,6406.84,20814.9275,17866.875,13825.0,1987.0,0.0,0.0,2011.45,1.8617458,2022
2022-05-29 18:00:00+00:00,16.26558,80.46928043999999,-0.8382797052177741,0.5452404385406513,1954315.0,84.83333333333333,-1.8369701987210292e-16,-1.0,0.0,40800.0,5122.1,37510.0,175.1397263939764,18.64333364698621,7631.68,40108.2925,16247.4,15940.0,4208.0,1443.19,784713.94,3492.52,3.8701653,2022
2022-12-09 05:00:00+00:00,4.2213225,80.46928043999999,0.9291414114031744,-0.3697245428906732,2374305.0,140.2,0.2588190451025207,0.9659258262890684,1.0,64800.0,7117.2,50950.0,215.17218239329108,6.020250111818316,9758.085,56705.2325,15160.25,15232.0,3184.0,0.0,0.0,3021.04,2.0459569,2022
2022-08-20 14:00:00+00:00,23.921967,80.46928043999999,-0.6584015846980489,-0.7526668275320083,2249940.0,254.0,-0.8660254037844386,-0.5000000000000001,0.0,38250.0,7117.2,34721.0,182.53423222610724,21.8960002263387,5027.672499999999,30612.6925,10433.475,10251.0,2592.0,8610.65,2314741.2,1517.85,2.9233556,2022
2022-11-18 11:00:00+00:00,10.905188,80.46928043999999,0.7383263540031063,-0.6744436188329457,2499746.0,105.0,-0.9659258262890682,0.258819045102521,1.0,57550.0,6071.9,42039.0,226.74134235724017,11.05100011825562,7914.035,41781.18749999999,15904.6,20229.0,3721.0,4605.21,899072.7,4985.66,6.0036573,2022
2022-08-08 08:00:00+00:00,21.473112,80.46928043999999,-0.798779372886365,-0.6016240632249223,2280964.0,192.3,-0.4999999999999998,0.8660254037844387,1.0,45550.0,7117.2,36099.0,122.3574742100492,20.41891686121626,6384.2975,32911.16500000001,18325.325,15536.0,1981.0,6551.2,1407875.8,3146.38,4.0660396,2022
2022-07-17 03:00:00+00:00,18.065866,80.46928043999999,-0.9646141756912436,-0.2636654927280072,2462110.0,157.08333333333334,0.7071067811865476,0.7071067811865476,0.0,33000.0,7117.2,34300.0,133.55774122914124,22.813666820526134,6652.9275,30334.6625,19082.325,14136.0,2268.0,0.0,0.0,3621.66,4.811713,2022
2022-08-24 17:00:00+00:00,26.445724,80.46928043999999,-0.6050560696488494,-0.7961828637826154,2250959.0,293.0,-0.2588190451025206,-0.9659258262890684,1.0,50200.0,7117.2,33816.0,146.15470664335666,23.834666570027665,9465.635,51260.5625,21578.75,18715.0,3223.0,2085.33,927609.75,1492.46,1.1079352,2022
2022-07-25 02:00:00+00:00,20.043127,80.46928043999999,-0.9192859697186104,-0.3935902766564669,2312574.0,168.57,0.8660254037844387,0.4999999999999999,1.0,36150.0,7117.2,34992.0,148.19598463573462,22.89091666539508,6245.81,25410.6375,19424.3,14668.0,2268.0,0.0,0.0,3212.74,4.222366,2022
2022-01-08 06:00:00+00:00,5.2314773,80.46928043999999,0.9905324521322229,0.1372787721132647,2152112.0,84.33333333333334,6.123233995736766e-17,1.0,0.0,62700.0,6105.9,55879.0,477.185658038258,6.295055455631677,7923.78,36688.6075,14297.4,15742.0,5692.0,0.0,0.0,5682.94,7.439268,2022
2022-07-15 18:00:00+00:00,25.084503,80.46928043999999,-0.973118337233262,-0.2303056702306119,2462110.0,154.25,-1.8369701987210292e-16,-1.0,1.0,46400.0,7117.2,35950.0,147.32695785510785,24.76675001780189,8520.315,44989.905,25114.75,23807.0,3441.0,1362.61,940288.7,3086.69,2.5207932,2022
2022-03-22 19:00:00+00:00,10.443077,80.46928043999999,0.1755314904214282,0.9844738167520922,1369050.0,98.85,0.2588190451025203,-0.9659258262890684,1.0,59750.0,6053.3,43435.0,215.7405109686609,10.5850557486216,10059.855,58356.9475,20481.7,22658.0,5143.0,0.0,8621.424,3451.12,5.9983726,2022
2022-02-08 03:00:00+00:00,5.247826,80.46928043999999,0.7829801036770629,0.6220467484408675,1729375.0,75.7,0.7071067811865476,0.7071067811865476,1.0,58500.0,7117.2,55896.0,311.2079174399675,6.78544443183475,6107.052500000001,21230.7,17301.1,15006.0,4137.0,0.0,0.0,4893.13,2.7760024,2022
2022-02-03 19:00:00+00:00,8.198172,80.46928043999999,0.8335557718385699,0.5524353131676196,1747271.0,77.6,0.2588190451025203,-0.9659258262890684,1.0,70550.0,7117.2,58656.0,258.3570488807489,6.621833403905234,9254.5025,49933.615000000005,30352.9,23007.0,5258.0,0.0,0.0,2554.07,4.3699102,2022
2022-07-17 19:00:00+00:00,26.197388,80.46928043999999,-0.9646141756912436,-0.2636654927280072,2462110.0,157.08333333333334,0.2588190451025203,-0.9659258262890684,0.0,43500.0,7117.2,34300.0,133.55774122914124,24.65674988428752,7797.49,42478.1225,23482.325,19972.0,2723.0,189.01,394421.97,2910.54,3.9779596,2022
2022-03-07 08:00:00+00:00,2.7856967,80.46928043999999,0.4211008707960896,0.907013812802636,1420843.0,227.0,-0.4999999999999998,0.8660254037844387,1.0,72700.0,7117.2,52760.0,236.381658038258,7.123111135429808,9121.6475,48172.7775,26736.6,23354.0,5371.0,2917.37,467512.38,4151.95,4.997085,2022
2022-05-28 22:00:00+00:00,14.173023,80.46928043999999,-0.8287700871745035,0.5595892624101769,1954315.0,82.66666666666667,0.8660254037844384,-0.5000000000000004,0.0,41400.0,5122.1,37105.0,175.1397263939764,18.35050010681152,6738.995000000001,26021.9975,14656.175,14601.0,4178.0,0.0,0.0,4310.76,4.90896,2022
2022-04-05 20:00:00+00:00,9.347027,80.46928043999999,-0.0645084494493162,0.9979171608653922,1197120.0,108.72,0.5000000000000001,-0.8660254037844386,1.0,58800.0,6021.6,43095.0,230.21333549043555,9.109944449530696,7392.872499999999,39525.785,26431.8,18809.0,4317.0,0.0,0.0,4611.4,3.9672103,2022
2022-08-14 11:00:00+00:00,23.982845,80.46928043999999,-0.7324940716135788,-0.6807734094770164,2280964.0,216.0,-0.9659258262890682,0.258819045102521,0.0,42100.0,7117.2,36011.0,115.44113513986017,23.117417017618816,4184.655000000001,9305.7875,9001.625,7856.0,1847.0,6477.31,2077829.4,2335.01,1.7743961,2022
2022-08-13 04:00:00+00:00,18.63379,80.46928043999999,-0.7441039398713605,-0.6680638642135336,2280964.0,210.5,0.5000000000000001,0.8660254037844386,0.0,32500.0,7117.2,36291.0,114.89604756539754,21.87166674931845,6380.08,36408.44,20538.625,12176.0,1646.0,0.0,0.0,3705.78,2.0813854,2022
2022-02-03 03:00:00+00:00,6.5238757,80.46928043999999,0.8335557718385699,0.5524353131676196,1747271.0,77.6,0.7071067811865476,0.7071067811865476,1.0,56350.0,7117.2,58656.0,258.3570488807489,6.316777752505408,6761.6775,35825.73,20555.6,15541.0,3063.0,0.0,0.0,2319.58,2.6085918,2022
2022-03-26 09:00:00+00:00,11.284322,80.46928043999999,0.107381346664163,0.994217906893952,1369050.0,101.66666666666669,-0.7071067811865475,0.7071067811865476,0.0,49750.0,6053.3,39305.0,189.38260966625964,10.16077754232618,5276.8375,20505.667500000003,18172.1,13500.0,2667.0,5890.58,1442155.0,3805.84,5.4329224,2022
2022-01-08 19:00:00+00:00,6.9493876,80.46928043999999,0.9905324521322229,0.1372787721132647,2152112.0,84.33333333333334,0.2588190451025203,-0.9659258262890684,0.0,65700.0,6105.9,57525.0,477.185658038258,6.670222282409668,6331.254999999999,23851.0375,17271.7,17436.0,5552.0,0.0,0.0,15280.02,8.972009,2022
2022-04-21 12:00:00+00:00,13.7950945,80.46928043999999,-0.3334687789181868,0.9427611433904208,1338623.0,95.97,-1.0,1.2246467991473532e-16,1.0,50900.0,6986.5,42048.0,240.59830362230363,12.740055614047568,3735.190000000001,29286.6175,8481.2,20589.0,4309.0,6102.75,2234670.8,2694.43,3.5975056,2022
2022-06-07 10:00:00+00:00,18.755623,80.46928043999999,-0.9123747579707272,0.4093559588156217,2345706.0,79.0,-0.8660254037844387,0.4999999999999999,1.0,52100.0,6113.8,39125.0,209.5169253154253,19.126889016893184,7825.317499999999,28101.152500000004,16367.2,20057.0,3991.0,8073.86,2099269.0,4446.98,4.0555606,2022
2022-11-18 05:00:00+00:00,9.304919,80.46928043999999,0.7383263540031063,-0.6744436188329457,2499746.0,105.0,0.2588190451025207,0.9659258262890684,1.0,49650.0,6071.9,42039.0,226.74134235724017,11.212999979654963,7048.575000000001,38884.55499999999,17425.25,18165.0,3588.0,0.0,0.0,6866.39,6.7496786,2022
2022-12-18 19:00:00+00:00,6.870263,80.46928043999999,0.9750645322571948,-0.2219215130041658,2190805.0,110.5,0.2588190451025203,-0.9659258262890684,0.0,68150.0,7117.2,51190.0,238.29207203086773,5.411083420117696,6907.262499999999,26212.1225,18055.45,16329.0,4433.0,0.0,0.0,11508.11,8.3605385,2022
2022-03-26 17:00:00+00:00,14.541291,80.46928043999999,0.107381346664163,0.994217906893952,1369050.0,101.66666666666669,-0.2588190451025206,-0.9659258262890684,0.0,43400.0,6053.3,42025.0,189.38260966625964,11.702500051922271,7018.7225,49666.51,19061.4,17079.0,3424.0,910.41,768537.44,5712.63,6.1668553,2022
2022-05-29 03:00:00+00:00,11.479488,80.46928043999999,-0.8382797052177741,0.5452404385406513,1954315.0,84.83333333333333,0.7071067811865476,0.7071067811865476,0.0,32200.0,5122.1,37105.0,175.1397263939764,17.76683362325034,5992.525,25921.8,12872.55,12991.0,3491.0,0.0,0.0,3755.56,4.6909637,2022
2022-04-02 18:00:00+00:00,4.806296,80.46928043999999,-0.012910296075009,0.999916658654738,1334846.0,110.61,-1.8369701987210292e-16,-1.0,0.0,62300.0,6041.6,40435.0,218.9799258038258,8.172611183590346,8026.549999999999,40394.59,16673.4,17633.0,4814.0,974.86,302489.97,7496.22,5.9009085,2022
2022-07-15 17:00:00+00:00,25.765945,80.46928043999999,-0.973118337233262,-0.2303056702306119,2462110.0,154.25,-0.2588190451025206,-0.9659258262890684,1.0,48500.0,7117.2,35950.0,147.32695785510785,24.876416365305577,8183.5075,42849.425,22804.675,24527.0,3307.0,3321.05,1525224.0,2944.56,2.452269,2022
2022-12-13 06:00:00+00:00,2.246406,80.46928043999999,0.9523775757303972,-0.3049212246562894,2190805.0,138.35,6.123233995736766e-17,1.0,1.0,76350.0,7117.2,51300.0,230.8754162755924,4.424916739265123,10261.6275,59159.37500000001,16401.25,24388.0,4772.0,0.0,0.0,6575.09,3.569828,2022
2022-11-24 21:00:00+00:00,9.495842,80.46928043999999,0.8039279618328213,-0.5947266869607633,2518920.0,118.0,0.7071067811865474,-0.7071067811865477,1.0,53600.0,6071.9,44984.0,247.18651651400128,8.462250113487244,5654.907499999999,45372.495,21442.375,18654.0,4335.0,0.0,0.0,8788.05,6.378398,2022
2022-04-17 05:00:00+00:00,7.701256,80.46928043999999,-0.2678143051621742,0.9634705485641488,1229508.0,96.5,0.2588190451025207,0.9659258262890684,0.0,35950.0,7006.5,41838.0,236.1256757020757,13.074944337209066,6685.2,28163.56,14915.2,9591.0,4585.0,4.18,3825.6028,3835.16,3.582969,2022
2022-04-17 01:00:00+00:00,9.645741,80.46928043999999,-0.2678143051621742,0.9634705485641488,1229508.0,96.5,0.9659258262890684,0.2588190451025207,0.0,36300.0,7006.5,41666.0,236.1256757020757,13.536722236209416,6125.2125,29443.785,12513.9,9568.0,4730.0,0.0,0.0,4703.0,4.1085887,2022
2022-09-13 23:00:00+00:00,19.446999,80.46928043999999,-0.300819807635668,-0.9536809966304456,2252727.0,194.5,0.9659258262890684,-0.2588190451025207,1.0,39750.0,7117.2,36716.0,140.19393799533802,20.19816637039186,6844.4625,34415.4025,16730.55,15684.0,1941.0,0.0,0.0,3049.96,2.2669878,2022
2022-10-23 09:00:00+00:00,17.107351,80.46928043999999,0.3737197147904684,-0.9275416835791968,2315468.0,37.25,-0.7071067811865475,0.7071067811865476,0.0,40450.0,5066.1,42105.0,195.0747454597737,15.581000407536834,5666.02,30391.4725,3640.9500000000007,12542.0,2836.0,3509.43,639692.25,8443.4,7.832474,2022
2022-08-05 03:00:00+00:00,19.09118,80.46928043999999,-0.8287700871745037,-0.5595892624101767,2274044.0,195.0,0.7071067811865476,0.7071067811865476,1.0,36250.0,7117.2,36306.0,136.83769295519298,21.671583175659165,7101.75,42841.095,15713.875,16402.0,2237.0,0.0,0.0,2192.09,3.5453825,2022
2022-03-26 16:00:00+00:00,15.15718,80.46928043999999,0.107381346664163,0.994217906893952,1369050.0,101.66666666666669,-0.5000000000000004,-0.8660254037844385,0.0,41300.0,6053.3,39875.0,189.38260966625964,11.658500009112888,6026.879999999999,45118.675,17173.5,14649.0,2769.0,2967.6,1324474.8,5659.29,6.1612496,2022
2022-08-08 16:00:00+00:00,26.590595,80.46928043999999,-0.798779372886365,-0.6016240632249223,2280964.0,192.3,-0.5000000000000004,-0.8660254037844385,1.0,45800.0,7117.2,37308.0,122.3574742100492,24.044416586558008,7243.754999999999,45327.177500000005,17668.9,18719.0,2300.0,5474.97,1858006.0,4514.68,4.28968,2022
2022-08-08 06:00:00+00:00,18.059126,80.46928043999999,-0.798779372886365,-0.6016240632249223,2280964.0,192.3,6.123233995736766e-17,1.0,1.0,40900.0,7117.2,36099.0,122.3574742100492,19.719083388646425,7879.475,43850.51,20976.025,15858.0,2199.0,1510.87,272359.47,3632.06,4.461801,2022
2022-07-19 09:00:00+00:00,26.485884,80.46928043999999,-0.9549667548552552,-0.2967128192734901,2382772.0,151.6,-0.7071067811865475,0.7071067811865476,1.0,56750.0,7117.2,34490.0,140.9258976088726,23.2061661084493,5087.035,29508.7375,18605.225,24503.0,3153.0,7793.68,2059668.1,3435.12,2.8835726,2022
2022-11-18 00:00:00+00:00,10.3636465,80.46928043999999,0.7383263540031063,-0.6744436188329457,2499746.0,105.0,1.0,0.0,1.0,47550.0,6071.9,42039.0,226.74134235724017,11.546333471933972,5595.610000000001,26921.74,12521.0,14168.0,3031.0,0.0,0.0,8039.18,7.1128926,2022
2022-12-21 01:00:00+00:00,9.876397,80.46928043999999,0.9852201067560606,-0.1712931441814778,2142607.0,94.6,0.9659258262890684,0.2588190451025207,1.0,52650.0,7117.2,51300.0,224.19761767153943,7.500000079472862,7647.7075,32217.985,9298.5,13059.0,2823.0,0.0,0.0,5535.23,6.1912127,2022
2022-04-05 23:00:00+00:00,8.325245,80.46928043999999,-0.0645084494493162,0.9979171608653922,1197120.0,108.72,0.9659258262890684,-0.2588190451025207,1.0,54000.0,6005.6,43095.0,230.59408111518115,8.930666711595336,5485.009999999999,28385.44,19812.2,15698.0,3351.0,0.0,0.0,4625.23,4.087501,2022
2022-03-05 15:00:00+00:00,8.487756,80.46928043999999,0.4520722039323043,0.8919813464595485,1604668.0,211.0,-0.7071067811865477,-0.7071067811865475,0.0,52200.0,6632.3,53170.0,241.6865841473341,8.656610965728763,7989.6875,45045.145,15811.1,15669.0,4088.0,3461.29,1233823.0,1894.22,4.5851836,2022
2022-10-18 00:00:00+00:00,15.540121,80.46928043999999,0.2926003356333479,-0.9562348265919058,2315468.0,72.5,1.0,0.0,1.0,39000.0,5066.1,39189.0,157.90778255689554,16.554416497548424,7138.94,39425.7475,12596.825,13712.0,1796.0,0.0,0.0,2145.99,2.8060303,2022
2022-05-23 03:00:00+00:00,15.569489,80.46928043999999,-0.7775971469736267,0.6287628145958347,1954315.0,81.0,0.7071067811865476,0.7071067811865476,1.0,35250.0,5122.1,39475.0,227.6560926739927,19.27605533599856,7590.75,30454.2575,15018.1,13083.0,4821.0,0.0,0.0,3168.89,1.659678,2022
2022-10-24 08:00:00+00:00,15.7649145,80.46928043999999,0.3896304495307877,-0.9209712877166348,2419163.0,30.5,-0.4999999999999998,0.8660254037844387,1.0,46850.0,5066.1,42105.0,205.68505190703016,14.9523333708445,5192.3325,29505.1925,18735.6,21291.0,3468.0,1346.63,308260.94,10347.02,7.147678,2022
2022-11-07 10:00:00+00:00,13.869446,80.46928043999999,0.5981809144059166,-0.8013610881746764,2495545.0,53.0,-0.8660254037844387,0.4999999999999999,1.0,53350.0,6071.9,40805.0,179.01824777316085,10.566749970118224,6036.03,27112.540000000008,11443.975,19070.0,3288.0,5235.21,859463.44,10458.35,6.2264104,2022
2022-03-22 04:00:00+00:00,6.7213473,80.46928043999999,0.1755314904214282,0.9844738167520922,1369050.0,98.85,0.5000000000000001,0.8660254037844386,1.0,49650.0,6053.3,45455.0,215.7405109686609,9.745444324281465,8447.53,48047.545000000006,10525.0,15878.0,3176.0,0.0,0.0,5036.45,6.6149406,2022
2022-11-24 08:00:00+00:00,8.799528,80.46928043999999,0.8039279618328213,-0.5947266869607633,2518920.0,118.0,-0.4999999999999998,0.8660254037844387,1.0,62500.0,6071.9,44069.0,247.18651651400128,8.337083260218298,7383.812499999999,53164.380000000005,20455.675,24394.0,4571.0,487.1,103232.85,6731.77,6.2339234,2022
2022-02-05 05:00:00+00:00,4.942285,80.46928043999999,0.8140460935082179,0.5808002734538008,1747271.0,79.63333333333334,0.2588190451025207,0.9659258262890684,0.0,56700.0,7117.2,56731.0,243.3844269230769,6.754500124189589,6396.85,14378.372499999998,15592.8,16605.0,3138.0,0.0,0.0,3773.65,4.749434,2022
2022-06-05 04:00:00+00:00,15.720704,80.46928043999999,-0.8977433935342337,0.440518784350495,2156969.0,80.3125,0.5000000000000001,0.8660254037844386,0.0,31500.0,6113.8,36230.0,195.9685617012617,19.63094425201415,5084.1525,19603.655,16590.75,11563.0,3806.0,3.93,3704.7576,2291.23,0.6999929,2022
2022-02-17 06:00:00+00:00,9.802866,80.46928043999999,0.6776147890466889,0.7354170229639855,1697421.0,72.0,6.123233995736766e-17,1.0,1.0,62150.0,7117.2,55741.0,356.2878187627188,8.173444668451943,7415.610000000001,25036.0425,21867.9,23734.0,4964.0,0.0,0.0,14197.69,10.213206,2022
2022-10-23 06:00:00+00:00,15.523922,80.46928043999999,0.3737197147904684,-0.9275416835791968,2315468.0,37.25,6.123233995736766e-17,1.0,0.0,34400.0,5066.1,42093.0,195.0747454597737,15.4464168548584,5168.9625,39282.6575,5617.075000000001,12264.0,2379.0,0.0,145.7012,7587.27,7.187521,2022
2022-08-13 21:00:00+00:00,22.401283,80.46928043999999,-0.7441039398713605,-0.6680638642135336,2280964.0,210.5,0.7071067811865474,-0.7071067811865477,0.0,42650.0,7117.2,36616.0,114.89604756539754,22.94133345286051,7266.92,33830.3475,20210.9,13306.0,2045.0,0.0,0.0,3229.3,1.6222829,2022
2022-11-18 20:00:00+00:00,8.23928,80.46928043999999,0.7383263540031063,-0.6744436188329457,2499746.0,105.0,0.5000000000000001,-0.8660254037844386,1.0,53950.0,6071.9,42039.0,226.74134235724017,11.049999753634122,8139.7025,38127.3975,16479.25,19232.0,4337.0,0.0,0.0,3596.64,5.114065,2022
2022-08-09 06:00:00+00:00,18.866512,80.46928043999999,-0.7883050558305256,-0.6152845999633274,2280964.0,190.0,6.123233995736766e-17,1.0,1.0,40800.0,7117.2,36778.0,120.84214573944575,19.926167170206693,7561.950000000001,43661.3925,19841.175,15735.0,2111.0,1473.57,265813.03,3867.58,4.8130865,2022
2022-03-26 21:00:00+00:00,10.65043,80.46928043999999,0.107381346664163,0.994217906893952,1369050.0,101.66666666666669,0.7071067811865474,-0.7071067811865477,0.0,46500.0,6053.3,40625.0,189.38260966625964,11.329889006084851,6742.909999999999,46450.72,22015.1,14755.0,3075.0,0.0,0.0,6415.25,6.565746,2022
2022-10-24 15:00:00+00:00,17.898699,80.46928043999999,0.3896304495307877,-0.9209712877166348,2419163.0,30.5,-0.7071067811865477,-0.7071067811865475,1.0,44100.0,5066.1,42105.0,205.68505190703016,15.572333097457886,6691.4575,34979.765,18113.65,21762.0,3453.0,2669.47,766984.3,9563.99,6.5033402,2022
2022-06-06 21:00:00+00:00,16.995388,80.46928043999999,-0.9051931898913974,0.4250003399695541,2345706.0,79.25,0.7071067811865474,-0.7071067811865477,0.0,44450.0,6113.8,39162.0,196.48394820919825,19.72605525122749,7519.169999999999,32063.502499999995,20072.9,17285.0,4046.0,0.0,511.71555,1955.54,3.5848384,2022
2022-06-02 11:00:00+00:00,20.263084,80.46928043999999,-0.8738071036110806,0.4862727071086904,2156969.0,83.5,-0.9659258262890682,0.258819045102521,1.0,52300.0,6113.8,40395.0,197.0432372608872,19.03605545891655,5942.102499999999,22514.022500000006,14751.375,9862.0,4125.0,8923.49,2699276.5,1866.68,2.7524333,2022
2022-10-18 04:00:00+00:00,14.862831,80.46928043999999,0.2926003356333479,-0.9562348265919058,2315468.0,72.5,0.5000000000000001,0.8660254037844386,1.0,39750.0,5066.1,39189.0,157.90778255689554,16.24966645240784,8902.93,51832.0875,13834.05,17404.0,2214.0,0.0,0.0,2062.56,3.204935,2022
2022-03-22 14:00:00+00:00,13.744115,80.46928043999999,0.1755314904214282,0.9844738167520922,1369050.0,98.85,-0.8660254037844386,-0.5000000000000001,1.0,53600.0,6053.3,45455.0,215.7405109686609,10.450555695427772,7422.502499999999,41961.72499999999,13211.5,20058.0,3156.0,6841.61,2153297.0,3580.29,5.9660535,2022
2022-08-08 04:00:00+00:00,16.991304,80.46928043999999,-0.798779372886365,-0.6016240632249223,2280964.0,192.3,0.5000000000000001,0.8660254037844386,1.0,35300.0,7117.2,36099.0,122.3574742100492,20.020000378290835,7805.51,46467.7075,19240.325,13941.0,2057.0,0.0,0.021880342,3927.15,4.5383186,2022
2022-02-17 16:00:00+00:00,12.129067,80.46928043999999,0.6776147890466889,0.7354170229639855,1697421.0,72.0,-0.5000000000000004,-0.8660254037844385,1.0,58850.0,7117.2,55012.0,356.2878187627188,8.863555563820727,8095.357499999999,26273.0725,20020.0,24876.0,5489.0,663.62,576951.5,6765.57,7.3858943,2022
2022-01-08 07:00:00+00:00,5.264004,80.46928043999999,0.9905324521322229,0.1372787721132647,2152112.0,84.33333333333334,-0.2588190451025208,0.9659258262890684,0.0,65550.0,6105.9,55879.0,477.185658038258,6.300944520367518,8066.582499999999,39444.4325,15633.6,16610.0,5755.0,0.0,18.357607,6493.6,7.4763117,2022
2022-05-29 16:00:00+00:00,17.330412,80.46928043999999,-0.8382797052177741,0.5452404385406513,1954315.0,84.83333333333333,-0.5000000000000004,-0.8660254037844385,0.0,38950.0,5122.1,37105.0,175.1397263939764,18.77038923899332,6318.2925,31121.0425,7583.975,14113.0,3822.0,5867.68,1841790.5,3467.52,3.8631325,2022
2022-06-06 01:00:00+00:00,14.939367,80.46928043999999,-0.9051931898913974,0.4250003399695541,2345706.0,79.25,0.9659258262890684,0.2588190451025207,0.0,33100.0,6113.8,37177.0,196.48394820919825,19.387611177232543,4777.2075,18268.847500000003,17619.3,11604.0,3796.0,0.0,0.0,2406.37,3.4795716,2022
2022-12-09 09:00:00+00:00,4.4541106,80.46928043999999,0.9291414114031744,-0.3697245428906732,2374305.0,140.2,-0.7071067811865475,0.7071067811865476,1.0,74150.0,7117.2,50960.0,215.17218239329108,5.93600007891655,10884.5225,62321.69,20984.7,20637.0,5425.0,1229.84,175755.05,2409.0,2.050223,2022
2022-11-28 21:00:00+00:00,7.8829455,80.46928043999999,0.8429415373547827,-0.5380051715383,2462887.0,125.5,0.7071067811865474,-0.7071067811865477,1.0,56700.0,7117.2,45188.0,203.61916190685324,8.48758323987325,9161.0,49592.100000000006,17796.025,17973.0,3405.0,0.0,0.0,3723.8,4.2378693,2022
2022-08-08 03:00:00+00:00,17.3487,80.46928043999999,-0.798779372886365,-0.6016240632249223,2280964.0,192.3,0.7071067811865476,0.7071067811865476,1.0,33500.0,7117.2,36099.0,122.3574742100492,20.279166698455803,7244.9125,41330.6725,16965.05,12416.0,1939.0,0.0,0.0,4076.01,4.6324024,2022
2022-05-23 22:00:00+00:00,14.606212,80.46928043999999,-0.7775971469736267,0.6287628145958347,1954315.0,81.0,0.8660254037844384,-0.5000000000000004,1.0,42900.0,5122.1,38145.0,239.31645995116,18.572499805026577,6058.117499999999,15623.190000000002,15071.8,16574.0,5405.0,0.0,0.0,4719.72,5.481684,2022
2022-04-16 10:00:00+00:00,15.01443,80.46928043999999,-0.2511900638848191,0.9679377830240644,1229508.0,99.025,-0.8660254037844387,0.4999999999999999,0.0,43900.0,7046.5,41666.0,256.01031890516884,12.980500274234366,5510.2525,18035.2,5806.299999999999,10413.0,4435.0,7908.35,2318185.5,3432.05,3.359432,2022
2022-10-07 00:00:00+00:00,12.676435,80.46928043999999,0.1073813466641621,-0.994217906893952,2313405.0,105.0,1.0,0.0,1.0,40100.0,6111.4,38010.0,216.8753104416517,15.5543335278829,5490.462500000001,34494.815,16441.775,13726.0,2733.0,0.0,0.0,1844.79,1.1986786,2022
2022-12-21 16:00:00+00:00,11.283581,80.46928043999999,0.9852201067560606,-0.1712931441814778,2142607.0,94.6,-0.5000000000000004,-0.8660254037844385,1.0,59450.0,7117.2,51300.0,224.19761767153943,8.1404166618983,9102.6575,45267.80499999999,17690.075,24325.0,4592.0,39.56,104061.945,10165.82,6.621538,2022
2022-11-07 15:00:00+00:00,15.659275,80.46928043999999,0.5981809144059166,-0.8013610881746764,2495545.0,53.0,-0.7071067811865477,-0.7071067811865475,1.0,49150.0,6071.9,40805.0,179.01824777316085,11.29033315181733,7035.6425,41102.12,11294.6,21689.0,3437.0,2711.17,654418.06,9640.21,6.873119,2022
2022-02-03 21:00:00+00:00,7.690029,80.46928043999999,0.8335557718385699,0.5524353131676196,1747271.0,77.6,0.7071067811865474,-0.7071067811865477,1.0,64450.0,7117.2,58656.0,258.3570488807489,6.5881666342417375,8236.4375,43695.2675,25819.0,18722.0,3822.0,0.0,0.0,3017.54,4.7485323,2022
2022-10-28 11:00:00+00:00,19.799982,80.46928043999999,0.4520722039323045,-0.8919813464595484,2419163.0,33.82,-0.9659258262890682,0.258819045102521,1.0,48500.0,5066.1,40305.0,200.79569442361185,15.1679166952769,4780.1625,37416.81250000001,11041.275,17129.0,2990.0,6842.45,1320541.5,5039.25,3.5724156,2022
2022-09-13 19:00:00+00:00,20.81563,80.46928043999999,-0.300819807635668,-0.9536809966304456,2252727.0,194.5,0.2588190451025203,-0.9659258262890684,1.0,47300.0,7117.2,37126.0,136.9191282828283,20.59200032552084,8630.0275,43334.17,23427.15,20888.0,2213.0,0.0,6125.38,3222.58,2.8882427,2022
2022-12-21 00:00:00+00:00,9.94605,80.46928043999999,0.9852201067560606,-0.1712931441814778,2142607.0,94.6,1.0,0.0,1.0,53150.0,7117.2,51300.0,224.19761767153943,7.48691674073537,8002.46,31347.515,10399.0,13470.0,2971.0,0.0,0.0,5851.95,6.0804644,2022
2022-02-08 23:00:00+00:00,6.270664,80.46928043999999,0.7829801036770629,0.6220467484408675,1729375.0,75.7,0.9659258262890684,-0.2588190451025207,1.0,63650.0,7117.2,56051.0,292.6199036630037,6.927333282099828,6823.269999999999,27138.812500000004,21196.3,16414.0,3885.0,0.0,0.0,2297.52,3.4299567,2022
2022-03-22 15:00:00+00:00,13.815058,80.46928043999999,0.1755314904214282,0.9844738167520922,1369050.0,98.85,-0.7071067811865477,-0.7071067811865475,1.0,52050.0,6053.3,44545.0,215.7405109686609,10.662555509143402,8360.9725,49560.1775,13945.5,20971.0,3529.0,5163.87,1770253.0,3556.47,5.966969,2022
2022-10-22 22:00:00+00:00,15.892776,80.46928043999999,0.3576982388331254,-0.9338372288229252,2315468.0,44.0,0.8660254037844384,-0.5000000000000004,0.0,39300.0,5066.1,41190.0,195.0747454597737,15.928416411081953,6483.9725,36834.4325,6559.025,12200.0,3128.0,0.0,0.0,6459.72,6.970488,2022
2022-10-23 01:00:00+00:00,15.629587,80.46928043999999,0.3737197147904684,-0.9275416835791968,2315468.0,37.25,0.9659258262890684,0.2588190451025207,0.0,33350.0,5066.1,41190.0,195.0747454597737,15.68566632270814,5323.070000000001,35082.6675,4110.025,11158.0,2592.0,0.0,0.0,6869.78,6.5634046,2022
2022-07-17 16:00:00+00:00,28.734734,80.46928043999999,-0.9646141756912436,-0.2636654927280072,2462110.0,157.08333333333334,-0.5000000000000004,-0.8660254037844385,0.0,43350.0,7117.2,33920.0,133.55774122914124,24.858749866485567,6215.685000000001,31820.02,15383.15,16939.0,2657.0,5517.74,2065303.1,2595.98,3.7663558,2022
2022-08-09 10:00:00+00:00,25.020967,80.46928043999999,-0.7883050558305256,-0.6152845999633274,2280964.0,190.0,-0.8660254037844387,0.4999999999999999,1.0,47950.0,7117.2,36888.0,120.84214573944575,21.70249986648559,4755.2325,27546.98250000001,16568.075,14443.0,1953.0,9794.67,2477231.8,3578.26,4.2498326,2022
2022-10-24 03:00:00+00:00,15.539075,80.46928043999999,0.3896304495307877,-0.9209712877166348,2419163.0,30.5,0.7071067811865476,0.7071067811865476,1.0,33700.0,5066.1,42105.0,205.68505190703016,15.385666211446116,3517.3324999999995,24365.5,13472.875,12615.0,2906.0,0.0,0.0,11554.77,7.572429,2022
2022-03-26 18:00:00+00:00,13.3831,80.46928043999999,0.107381346664163,0.994217906893952,1369050.0,101.66666666666669,-1.8369701987210292e-16,-1.0,0.0,48350.0,6053.3,41135.0,189.38260966625964,11.68922230932447,7253.6275,50811.245,22009.8,18916.0,4128.0,10.75,256640.42,5766.36,6.352018,2022
2022-11-04 16:00:00+00:00,11.555334,80.46928043999999,0.5560174366570438,-0.8311706263658084,2455704.0,59.0,-0.5000000000000004,-0.8660254037844385,1.0,49000.0,6071.9,40695.0,191.40342435447,12.31366666158042,8852.6975,59354.89,14941.85,22524.0,4085.0,523.81,310100.06,6634.6,6.9703174,2022
2022-08-24 16:00:00+00:00,26.998444,80.46928043999999,-0.6050560696488494,-0.7961828637826154,2250959.0,293.0,-0.5000000000000004,-0.8660254037844385,1.0,49150.0,7117.2,33816.0,146.15470664335666,24.05733346939088,9149.785,48293.5575,19083.15,17879.0,2823.0,4490.87,1442716.5,1279.86,1.0228841,2022
2022-04-16 20:00:00+00:00,13.028926,80.46928043999999,-0.2511900638848191,0.9679377830240644,1229508.0,99.025,0.5000000000000001,-0.8660254037844386,0.0,41850.0,7046.5,41666.0,256.01031890516884,13.963166978624116,7179.4375,37451.4575,15695.1,13910.0,5502.0,0.0,226.19897,5107.85,4.7155557,2022
2022-10-01 18:00:00+00:00,16.474276,80.46928043999999,0.0043035382962438,-0.99999073973619,2253974.0,153.14,-1.8369701987210292e-16,-1.0,0.0,42750.0,6111.4,37745.0,240.35592109187104,15.32691661516825,5986.637499999999,26981.692500000005,22951.625,16563.0,4051.0,0.0,40599.215,6517.93,7.2446647,2022
2022-06-29 15:00:00+00:00,22.481138,80.46928043999999,-0.99907411510223,0.0430222330045305,2482855.0,140.55,-0.7071067811865477,-0.7071067811865475,1.0,47850.0,7117.2,38795.0,198.92442409442413,21.557500044504785,7606.227500000001,43139.4475,12951.75,23643.0,3759.0,6717.8,1988575.2,1838.51,3.2099771,2022
2022-12-10 16:00:00+00:00,3.6924744,80.46928043999999,0.935367949313148,-0.3536761221763721,2374305.0,139.13333333333333,-0.5000000000000004,-0.8660254037844385,0.0,64900.0,7117.2,50725.0,205.27261362735493,5.858583172162374,10539.615,56404.1825,17939.3,18303.0,4175.0,77.35,141507.66,2216.37,3.3083813,2022
2022-11-18 03:00:00+00:00,9.687129,80.46928043999999,0.7383263540031063,-0.6744436188329457,2499746.0,105.0,0.7071067811865476,0.7071067811865476,1.0,44100.0,6071.9,42039.0,226.74134235724017,11.37374997138978,5670.3425,29383.39,13357.75,13710.0,3094.0,0.0,0.0,7513.15,6.94923,2022
2022-10-01 12:00:00+00:00,16.934864,80.46928043999999,0.0043035382962438,-0.99999073973619,2253974.0,153.14,-1.0,1.2246467991473532e-16,0.0,42050.0,6111.4,38215.0,240.35592109187104,14.583250125249226,3388.8899999999994,18563.905,8636.025,11467.0,2990.0,5848.35,1467779.9,9563.04,7.8824406,2022
2022-10-07 04:00:00+00:00,11.896125,80.46928043999999,0.1073813466641621,-0.994217906893952,2313405.0,105.0,0.5000000000000001,0.8660254037844386,1.0,41600.0,6111.4,37830.0,216.8753104416517,15.227833350499472,6653.139999999999,43429.13249999999,20515.125,17001.0,3072.0,0.0,0.0,1652.23,1.5661035,2022
2022-08-24 14:00:00+00:00,27.302773,80.46928043999999,-0.6050560696488494,-0.7961828637826154,2250959.0,293.0,-0.8660254037844386,-0.5000000000000001,1.0,49450.0,7117.2,35146.0,146.15470664335666,24.01258325576781,7776.820000000001,35771.3775,17248.775,16303.0,2076.0,8364.99,2299675.5,1010.53,1.194922,2022
2022-08-14 16:00:00+00:00,24.597906,80.46928043999999,-0.7324940716135788,-0.6807734094770164,2280964.0,216.0,-0.5000000000000004,-0.8660254037844385,0.0,38700.0,7117.2,36011.0,115.44113513986017,23.046499729156483,6217.970000000001,30006.6075,9275.425,11877.0,1968.0,3764.31,1383043.5,4348.48,2.3046336,2022
2022-04-17 02:00:00+00:00,9.087079,80.46928043999999,-0.2678143051621742,0.9634705485641488,1229508.0,96.5,0.8660254037844387,0.4999999999999999,0.0,34850.0,7006.5,41666.0,236.1256757020757,13.432166682349328,6248.9275,30508.237500000003,12986.6,9500.0,4655.0,0.0,0.0,4419.24,3.9369493,2022
2022-12-10 08:00:00+00:00,2.6852438,80.46928043999999,0.935367949313148,-0.3536761221763721,2374305.0,139.13333333333333,-0.4999999999999998,0.8660254037844387,0.0,65800.0,7117.2,50725.0,205.27261362735493,6.000333468119301,9745.3,51472.63,14201.875,18036.0,3709.0,183.73,30210.56,1679.79,2.8839478,2022
2022-03-09 18:00:00+00:00,9.83693,80.46928043999999,0.3896304495307879,0.9209712877166346,1420843.0,149.75,-1.8369701987210292e-16,-1.0,1.0,68250.0,7117.2,53170.0,228.0852643060643,8.522277633349097,9938.8975,56952.52250000001,22881.4,25015.0,5446.0,0.0,65246.875,5283.06,5.781633,2022
2022-07-21 08:00:00+00:00,21.065016,80.46928043999999,-0.9441875088341996,-0.3294084822245298,2382772.0,150.5,-0.4999999999999998,0.8660254037844387,1.0,52550.0,7117.2,37255.0,151.18897646520145,22.12091652552285,6043.139999999999,39560.490000000005,19342.625,24213.0,2932.0,6278.59,1263143.5,1122.21,1.4692739,2022
2022-07-21 21:00:00+00:00,21.037283,80.46928043999999,-0.9441875088341996,-0.3294084822245298,2382772.0,150.5,0.7071067811865474,-0.7071067811865477,1.0,49850.0,7117.2,37255.0,151.18897646520145,24.254416624705,7528.657499999999,41404.91249999999,22412.5,21679.0,3065.0,0.0,219.17538,2216.71,2.4915104,2022
2022-09-07 17:00:00+00:00,21.083403,80.46928043999999,-0.3975428142825566,-0.9175836260593934,2240533.0,208.3,-0.2588190451025206,-0.9659258262890684,1.0,49600.0,7117.2,36396.0,141.2186374061124,20.96241664886474,9702.9175,54021.6575,17126.45,22797.0,3180.0,1004.21,562268.75,2827.87,3.993366,2022
2022-03-05 08:00:00+00:00,4.303315,80.46928043999999,0.4520722039323043,0.8919813464595485,1604668.0,211.0,-0.4999999999999998,0.8660254037844387,0.0,61350.0,7117.2,53170.0,241.6865841473341,8.302611165576508,8471.3025,36636.19499999999,17918.5,18100.0,4851.0,2269.08,379859.28,2018.14,3.6965272,2022
2022-07-17 06:00:00+00:00,19.478079,80.46928043999999,-0.9646141756912436,-0.2636654927280072,2462110.0,157.08333333333334,6.123233995736766e-17,1.0,0.0,35650.0,7117.2,34300.0,133.55774122914124,22.24683300654093,6036.504999999999,23091.225,16514.85,13756.0,2113.0,1951.75,435885.03,2725.16,4.435239,2022
2022-02-08 13:00:00+00:00,10.58116,80.46928043999999,0.7829801036770629,0.6220467484408675,1729375.0,75.7,-0.9659258262890684,-0.2588190451025203,1.0,66800.0,7117.2,56051.0,311.2079174399675,6.848222123252024,7888.657499999999,29060.925,18201.1,21590.0,3878.0,5370.65,1295394.0,2925.12,2.8522613,2022
2022-08-09 23:00:00+00:00,21.147242,80.46928043999999,-0.7883050558305256,-0.6152845999633274,2280964.0,190.0,0.9659258262890684,-0.2588190451025207,1.0,38250.0,7117.2,36888.0,119.50766724941724,21.861750125884992,5914.919999999999,36436.015,18827.85,12824.0,2031.0,0.0,0.0,5574.9,5.8375864,2022
2022-12-20 12:00:00+00:00,11.539224,80.46928043999999,0.9821256058680004,-0.1882267098432448,2142607.0,104.7,-1.0,1.2246467991473532e-16,1.0,63050.0,7117.2,51190.0,208.25266973879584,6.85950005054474,7430.495,35562.365000000005,16268.925,24032.0,3694.0,3185.17,610595.6,11354.75,6.185373,2022
2022-06-05 06:00:00+00:00,16.35687,80.46928043999999,-0.8977433935342337,0.440518784350495,2156969.0,80.3125,6.123233995736766e-17,1.0,0.0,34150.0,6113.8,36230.0,195.9685617012617,19.531888961792,5767.1925,17898.089999999997,14192.2,11799.0,3789.0,1409.1,365267.16,1825.1,1.2180693,2022
2022-02-17 02:00:00+00:00,10.361674,80.46928043999999,0.6776147890466889,0.7354170229639855,1697421.0,72.0,0.8660254037844387,0.4999999999999999,1.0,51800.0,7117.2,55966.0,356.2878187627188,8.134500106175741,4984.935,11266.160000000003,13138.7,15519.0,4523.0,0.0,0.0,15232.83,11.293636,2022
2022-10-27 00:00:00+00:00,15.530657,80.46928043999999,0.436651231956063,-0.8996308696522438,2419163.0,35.0,1.0,0.0,1.0,38000.0,5066.1,40305.0,215.44583494195007,14.902166922887176,6249.512500000001,36190.0625,9124.25,13932.0,3082.0,0.0,0.0,6825.73,6.0982184,2022
2022-06-07 18:00:00+00:00,19.478619,80.46928043999999,-0.9123747579707272,0.4093559588156217,2345706.0,79.0,-1.8369701987210292e-16,-1.0,1.0,47150.0,6113.8,39125.0,209.5169253154253,19.74599976009793,8922.2475,47475.8925,21683.5,21525.0,5434.0,1254.83,660903.9,2982.32,4.389144,2022
2022-11-28 01:00:00+00:00,8.622643,80.46928043999999,0.8429415373547827,-0.5380051715383,2462887.0,125.5,0.9659258262890684,0.2588190451025207,1.0,49050.0,6071.9,43113.0,203.61916190685324,8.165249903996777,6280.7575,23518.397500000003,8985.4,11407.0,2786.0,0.0,0.0,5483.68,4.4440327,2022
2022-08-09 17:00:00+00:00,27.036045,80.46928043999999,-0.7883050558305256,-0.6152845999633274,2280964.0,190.0,-0.2588190451025206,-0.9659258262890684,1.0,46250.0,7117.2,36888.0,120.84214573944575,24.40299987792968,6827.724999999999,48517.07000000001,19321.05,18049.0,2348.0,2850.27,1312047.2,4648.66,4.851571,2022
2022-07-17 18:00:00+00:00,27.6406,80.46928043999999,-0.9646141756912436,-0.2636654927280072,2462110.0,157.08333333333334,-1.8369701987210292e-16,-1.0,0.0,44300.0,7117.2,34300.0,133.55774122914124,24.84191656112671,7710.262500000002,41926.630000000005,20990.9,19373.0,2933.0,1288.41,913274.9,2648.12,3.7855263,2022
2022-03-09 04:00:00+00:00,4.3176928,80.46928043999999,0.3896304495307879,0.9209712877166346,1420843.0,149.75,0.5000000000000001,0.8660254037844386,1.0,59050.0,7117.2,53170.0,228.0852643060643,7.518999973932902,7575.9875,47604.16,17364.8,16172.0,3627.0,0.0,0.0,4113.35,5.0068316,2022
2022-07-17 09:00:00+00:00,24.407759,80.46928043999999,-0.9646141756912436,-0.2636654927280072,2462110.0,157.08333333333334,-0.7071067811865475,0.7071067811865476,0.0,42950.0,7117.2,33670.0,133.55774122914124,22.57699998219808,4326.8150000000005,12527.124999999993,13820.075,13753.0,1998.0,8181.66,2154695.0,1916.31,3.840677,2022
2022-05-28 00:00:00+00:00,13.726856,80.46928043999999,-0.8287700871745035,0.5595892624101769,1954315.0,82.66666666666667,1.0,0.0,0.0,36850.0,5122.1,37105.0,186.52801994302,17.84644423590765,6713.035,11193.777500000004,12758.55,15153.0,3992.0,0.0,0.0,2991.85,4.3174624,2022
2022-08-14 21:00:00+00:00,20.743845,80.46928043999999,-0.7324940716135788,-0.6807734094770164,2280964.0,216.0,0.7071067811865474,-0.7071067811865477,0.0,41200.0,7117.2,36011.0,115.44113513986017,21.576499780019127,6578.230000000001,28531.302500000005,18805.2,12062.0,1970.0,0.0,0.0,2434.31,2.6100435,2022
2022-04-02 13:00:00+00:00,5.4356074,80.46928043999999,-0.012910296075009,0.999916658654738,1334846.0,110.61,-0.9659258262890684,-0.2588190451025203,0.0,58750.0,6041.6,40435.0,218.9799258038258,8.25800014866722,5561.925000000001,25381.6775,3376.5999999999985,12870.0,3416.0,7198.35,2029554.5,8897.04,6.685531,2022
2022-07-21 17:00:00+00:00,25.11045,80.46928043999999,-0.9441875088341996,-0.3294084822245298,2382772.0,150.5,-0.2588190451025206,-0.9659258262890684,1.0,51350.0,7117.2,37255.0,151.18897646520145,25.065416653951,6420.26,45352.1375,21343.575,25777.0,3660.0,3182.14,1347575.8,1487.22,1.8574638,2022
2022-12-13 00:00:00+00:00,2.425963,80.46928043999999,0.9523775757303972,-0.3049212246562894,2190805.0,138.35,1.0,0.0,1.0,67000.0,7117.2,51300.0,230.8754162755924,4.4822500596443815,8290.29,44079.575,5683.5,15438.0,3504.0,0.0,0.0,6631.46,3.1369758,2022
2022-12-21 17:00:00+00:00,10.852903,80.46928043999999,0.9852201067560606,-0.1712931441814778,2142607.0,94.6,-0.2588190451025206,-0.9659258262890684,1.0,62750.0,7117.2,51300.0,224.19761767153943,8.134333411852513,9170.8375,42866.0025,19407.925,24159.0,4887.0,0.0,5718.4272,10574.22,6.758765,2022
2022-08-20 04:00:00+00:00,16.938435,80.46928043999999,-0.6584015846980489,-0.7526668275320083,2249940.0,254.0,0.5000000000000001,0.8660254037844386,0.0,32250.0,7117.2,35156.0,182.53423222610724,18.71658341089885,7278.0625,37782.442500000005,16538.975,11563.0,2954.0,0.0,0.0,1977.16,2.9363098,2022
2022-04-21 16:00:00+00:00,14.257088,80.46928043999999,-0.3334687789181868,0.9427611433904208,1338623.0,95.97,-0.5000000000000004,-0.8660254037844385,1.0,47350.0,6986.5,42013.0,240.59830362230363,13.269055525461852,6189.08,37974.380000000005,12354.3,20972.0,5505.0,2815.4,1227263.2,3244.74,4.0630856,2022
2022-04-17 18:00:00+00:00,14.654415,80.46928043999999,-0.2678143051621742,0.9634705485641488,1229508.0,96.5,-1.8369701987210292e-16,-1.0,0.0,40400.0,7006.5,41838.0,236.1256757020757,14.689944479200571,7754.16,38387.365,14843.1,13818.0,5410.0,333.98,444449.8,2521.86,1.1500714,2022
2022-10-27 10:00:00+00:00,18.930185,80.46928043999999,0.436651231956063,-0.8996308696522438,2419163.0,35.0,-0.8660254037844387,0.4999999999999999,1.0,49450.0,5066.1,39745.0,215.44583494195007,14.775833527247125,5741.175,38751.92000000001,9712.675,18317.0,3168.0,5489.1,1061892.8,6755.33,5.744024,2022
2022-06-06 20:00:00+00:00,17.681496,80.46928043999999,-0.9051931898913974,0.4250003399695541,2345706.0,79.25,0.5000000000000001,-0.8660254037844386,0.0,41350.0,6113.8,39162.0,196.48394820919825,19.83588907453745,7642.1025,34652.130000000005,22019.475,18399.0,4211.0,0.0,42978.44,1937.88,3.640298,2022
2022-07-04 02:00:00+00:00,16.206327,80.46928043999999,-0.99907411510223,-0.0430222330045303,2469618.0,162.6,0.8660254037844387,0.4999999999999999,1.0,34250.0,7117.2,38380.0,194.1288931827432,20.698333263397224,6958.6375,34302.107500000006,15001.15,13978.0,3112.0,0.0,0.0,1857.34,2.7653196,2022
2022-10-23 03:00:00+00:00,15.549064,80.46928043999999,0.3737197147904684,-0.9275416835791968,2315468.0,37.25,0.7071067811865476,0.7071067811865476,0.0,31450.0,5066.1,42093.0,195.0747454597737,15.568000237147007,4887.897499999999,36934.5,3987.15,11010.0,2333.0,0.0,0.0,7218.55,6.3987017,2022
2022-07-25 07:00:00+00:00,21.595463,80.46928043999999,-0.9192859697186104,-0.3935902766564669,2312574.0,168.57,-0.2588190451025208,0.9659258262890684,1.0,49900.0,6950.5,34992.0,148.19598463573462,21.91291634241741,5380.290000000001,32517.5525,21082.575,24295.0,3061.0,3502.72,771076.9,4602.77,4.5263505,2022
2022-10-07 11:00:00+00:00,17.831623,80.46928043999999,0.1073813466641621,-0.994217906893952,2313405.0,105.0,-0.9659258262890682,0.258819045102521,1.0,50300.0,6111.4,38010.0,216.8753104416517,15.604416529337566,3661.864999999999,21683.792500000003,16280.925,16902.0,3216.0,7677.85,1699994.0,1176.06,1.7603323,2022
2022-10-22 08:00:00+00:00,15.330696,80.46928043999999,0.3576982388331254,-0.9338372288229252,2315468.0,44.0,-0.4999999999999998,0.8660254037844387,0.0,41300.0,5066.1,41120.0,200.7180950407081,15.605417092641192,6369.612499999999,40492.12,11902.875,16286.0,3634.0,1568.05,331332.12,2749.22,5.1560025,2022
2022-03-07 20:00:00+00:00,4.6151576,80.46928043999999,0.4211008707960896,0.907013812802636,1420843.0,227.0,0.5000000000000001,-0.8660254037844386,1.0,65300.0,7117.2,52760.0,236.381658038258,7.924222350120544,8590.697499999998,56319.725000000006,24965.2,21453.0,5168.0,0.0,0.0,5803.26,5.8549747,2022
2022-07-25 13:00:00+00:00,25.37847,80.46928043999999,-0.9192859697186104,-0.3935902766564669,2312574.0,168.57,-0.9659258262890684,-0.2588190451025203,1.0,53350.0,7117.2,34992.0,148.19598463573462,22.527332782745383,2846.2225000000008,24077.46749999999,18195.45,25219.0,2622.0,8615.1,2475328.8,8198.77,5.9709964,2022
2022-10-22 06:00:00+00:00,14.297195,80.46928043999999,0.3576982388331254,-0.9338372288229252,2315468.0,44.0,6.123233995736766e-17,1.0,0.0,38000.0,5066.1,41120.0,200.7180950407081,15.643250147501623,6203.287499999999,42600.87,14562.1,16894.0,3325.0,0.0,174.75829,3381.28,5.2171674,2022
2022-05-28 18:00:00+00:00,18.413849,80.46928043999999,-0.8287700871745035,0.5595892624101769,1954315.0,82.66666666666667,-1.8369701987210292e-16,-1.0,0.0,40300.0,5122.1,37105.0,186.52801994302,18.915777842203795,6973.937500000001,24834.7025,15874.8,17658.0,4254.0,1420.07,843039.44,6084.94,4.950869,2022
2022-09-07 04:00:00+00:00,17.089155,80.46928043999999,-0.3975428142825566,-0.9175836260593934,2240533.0,208.3,0.5000000000000001,0.8660254037844386,1.0,40000.0,7117.2,35618.0,141.2186374061124,20.45416704813637,7808.215,45222.75,20106.325,18208.0,2104.0,0.0,0.0,2718.97,3.8085105,2022
2022-02-08 04:00:00+00:00,5.145159,80.46928043999999,0.7829801036770629,0.6220467484408675,1729375.0,75.7,0.5000000000000001,0.8660254037844386,1.0,59800.0,7117.2,55896.0,311.2079174399675,6.733777708477445,6513.742499999999,23149.7325,18504.1,16225.0,4239.0,0.0,0.0,4615.4,2.70091,2022
2022-10-27 04:00:00+00:00,15.225417,80.46928043999999,0.436651231956063,-0.8996308696522438,2419163.0,35.0,0.5000000000000001,0.8660254037844386,1.0,39000.0,5066.1,40305.0,215.44583494195007,14.630166848500558,6625.835,50202.7025,11498.7,17491.0,2947.0,0.0,0.0,7717.43,6.102795,2022
2022-07-19 20:00:00+00:00,24.418318,80.46928043999999,-0.9549667548552552,-0.2967128192734901,2382772.0,151.6,0.5000000000000001,-0.8660254037844386,1.0,49900.0,7117.2,34490.0,140.9258976088726,24.074999650319427,6755.777499999999,35470.119999999995,26868.025,23503.0,2936.0,0.0,46381.008,5732.41,2.215566,2022
2022-03-09 11:00:00+00:00,10.128076,80.46928043999999,0.3896304495307879,0.9209712877166346,1420843.0,149.75,-0.9659258262890682,0.258819045102521,1.0,67300.0,7117.2,53170.0,228.0852643060643,7.570277783605789,6951.557500000001,33057.5,13530.7,19530.0,3180.0,7020.41,1700593.9,3672.82,5.686282,2022
2022-04-16 11:00:00+00:00,15.848623,80.46928043999999,-0.2511900638848191,0.9679377830240644,1229508.0,99.025,-0.9659258262890682,0.258819045102521,0.0,44400.0,7046.5,41666.0,256.01031890516884,13.252555688222255,5109.1325000000015,14010.417499999989,5590.200000000001,9979.0,4231.0,8420.78,2687564.5,3751.74,3.4320922,2022
2022-10-01 08:00:00+00:00,13.855139,80.46928043999999,0.0043035382962438,-0.99999073973619,2253974.0,153.14,-0.4999999999999998,0.8660254037844387,0.0,43350.0,6111.4,38215.0,240.35592109187104,13.68208336830137,4705.890000000001,21196.557500000003,12448.675,15255.0,3421.0,2503.36,404567.12,9793.86,7.3018656,2022
2022-10-23 16:00:00+00:00,18.553656,80.46928043999999,0.3737197147904684,-0.9275416835791968,2315468.0,37.25,-0.5000000000000004,-0.8660254037844385,0.0,38200.0,5066.1,42105.0,195.0747454597737,16.457416852315284,6188.1275000000005,33623.412500000006,7194.275,14732.0,2583.0,907.8,384108.3,12327.3,8.452106,2022
2022-05-29 13:00:00+00:00,17.312975,80.46928043999999,-0.8382797052177741,0.5452404385406513,1954315.0,84.83333333333333,-0.9659258262890684,-0.2588190451025203,0.0,38250.0,5122.1,37105.0,175.1397263939764,18.430499818589947,5022.8175,17016.9575,6426.049999999999,12362.0,3403.0,10229.36,2826416.5,2889.1,3.7178807,2022
2022-08-25 19:00:00+00:00,22.078007,80.46928043999999,-0.5912614448635782,-0.8064799463209447,2250959.0,308.7,0.2588190451025203,-0.9659258262890684,1.0,47200.0,7117.2,34046.0,137.649736959337,22.8038330078125,8506.2375,43784.005000000005,21347.475,19084.0,2403.0,0.0,78352.78,3839.41,3.92389,2022
2022-10-01 01:00:00+00:00,12.352309,80.46928043999999,0.0043035382962438,-0.99999073973619,2253974.0,153.14,0.9659258262890684,0.2588190451025207,0.0,35850.0,6111.4,37590.0,240.35592109187104,13.968500216801967,3471.1125,14470.359999999991,16545.725,12863.0,3587.0,0.0,0.0,13133.22,7.125893,2022
2022-08-05 02:00:00+00:00,19.489685,80.46928043999999,-0.8287700871745037,-0.5595892624101767,2274044.0,195.0,0.8660254037844387,0.4999999999999999,1.0,35650.0,7117.2,36306.0,136.83769295519298,21.925916671752933,6932.28,39641.81,15161.65,15928.0,2140.0,0.0,0.0,2230.74,3.5398352,2022
2022-10-07 17:00:00+00:00,17.109367,80.46928043999999,0.1073813466641621,-0.994217906893952,2313405.0,105.0,-0.2588190451025206,-0.9659258262890684,1.0,48250.0,6111.4,38010.0,216.8753104416517,16.21249985694886,6999.709999999999,48463.4275,22033.175,22205.0,3550.0,232.35,250862.77,1710.03,1.850707,2022
2022-04-17 23:00:00+00:00,10.027055,80.46928043999999,-0.2678143051621742,0.9634705485641488,1229508.0,96.5,0.9659258262890684,-0.2588190451025207,0.0,38800.0,7006.5,41838.0,224.6635285307285,14.17561128404408,5784.2725,29436.9675,10964.1,10045.0,4647.0,0.0,0.0,3972.39,0.6303497,2022
2022-12-13 12:00:00+00:00,4.6565137,80.46928043999999,0.9523775757303972,-0.3049212246562894,2190805.0,138.35,-1.0,1.2246467991473532e-16,1.0,77400.0,7117.2,52100.0,230.8754162755924,4.651583304007847,9322.495,57526.79000000001,20426.775,24801.0,5050.0,3804.9,665273.9,3419.28,3.5322127,2022
2022-04-02 05:00:00+00:00,2.0015185,80.46928043999999,-0.012910296075009,0.999916658654738,1334846.0,110.61,0.2588190451025207,0.9659258262890684,0.0,58200.0,6041.6,41340.0,218.9799258038258,8.07522235976326,7185.909999999999,29566.16,12378.7,15604.0,3859.0,0.0,0.021880342,7750.75,6.9919147,2022
2022-06-02 07:00:00+00:00,16.06498,80.46928043999999,-0.8738071036110806,0.4862727071086904,2156969.0,83.5,-0.2588190451025208,0.9659258262890684,1.0,49450.0,6113.8,40395.0,197.0432372608872,18.35666651195951,7918.342500000001,31624.4675,20370.6,11246.0,4116.0,3482.02,977147.8,2460.46,2.948136,2022
2022-06-06 05:00:00+00:00,14.481035,80.46928043999999,-0.9051931898913974,0.4250003399695541,2345706.0,79.25,0.2588190451025207,0.9659258262890684,0.0,33500.0,6113.8,38252.0,196.48394820919825,18.974777751498745,3755.0425,17101.877500000002,21523.2,18700.0,3707.0,511.82,97044.63,2385.91,3.2335997,2022
2022-01-08 22:00:00+00:00,6.6901875,80.46928043999999,0.9905324521322229,0.1372787721132647,2152112.0,84.33333333333334,0.8660254037844384,-0.5000000000000004,0.0,64650.0,6105.9,57525.0,477.185658038258,6.65077781677246,6018.647500000001,18366.8925,12313.1,13321.0,5330.0,0.0,0.0,14377.92,9.125811,2022
2022-08-13 16:00:00+00:00,27.723322,80.46928043999999,-0.7441039398713605,-0.6680638642135336,2280964.0,210.5,-0.5000000000000004,-0.8660254037844385,0.0,42450.0,7117.2,36836.0,114.89604756539754,23.93008327484132,6195.76,35942.5375,15606.6,13597.0,2142.0,4675.84,1644162.6,1826.55,1.1962011,2022
2022-07-15 04:00:00+00:00,17.170012,80.46928043999999,-0.973118337233262,-0.2303056702306119,2462110.0,154.25,0.5000000000000001,0.8660254037844386,1.0,37700.0,7117.2,35545.0,147.32695785510785,23.144999821980782,8193.634999999998,37499.8625,21205.25,19605.0,2513.0,2.19,1132.0452,2669.2,3.4341025,2022
2022-06-29 16:00:00+00:00,22.207718,80.46928043999999,-0.99907411510223,0.0430222330045305,2482855.0,140.55,-0.5000000000000004,-0.8660254037844385,1.0,48400.0,7117.2,38795.0,198.92442409442413,21.6950003306071,8275.747500000001,46100.655,13101.3,23516.0,4019.0,4818.64,1597920.0,1733.26,3.1304967,2022
2022-08-13 06:00:00+00:00,19.491922,80.46928043999999,-0.7441039398713605,-0.6680638642135336,2280964.0,210.5,6.123233995736766e-17,1.0,0.0,35050.0,7117.2,36291.0,114.89604756539754,21.663083235422786,6068.6025,31731.0725,20006.15,11713.0,1781.0,1260.24,229550.3,3574.34,2.2035172,2022
2022-08-24 04:00:00+00:00,18.063066,80.46928043999999,-0.6050560696488494,-0.7961828637826154,2250959.0,293.0,0.5000000000000001,0.8660254037844386,1.0,39450.0,7117.2,35146.0,146.15470664335666,20.2068330446879,8488.632500000002,46221.52,20896.025,15413.0,2208.0,0.0,0.0,1193.96,1.5022885,2022
2022-10-07 15:00:00+00:00,18.73995,80.46928043999999,0.1073813466641621,-0.994217906893952,2313405.0,105.0,-0.7071067811865477,-0.7071067811865475,1.0,44250.0,6111.4,38010.0,216.8753104416517,16.22158304850261,5791.295,41420.4525,16334.35,19562.0,2900.0,4053.28,1079107.9,1454.2,1.8862065,2022
2022-03-26 02:00:00+00:00,7.689965,80.46928043999999,0.107381346664163,0.994217906893952,1369050.0,101.66666666666669,0.8660254037844387,0.4999999999999999,0.0,44500.0,6053.3,41585.0,189.38260966625964,10.574777603149402,6632.5875,33719.1275,14893.7,13772.0,2510.0,0.0,0.0,5700.5,6.3556285,2022
2022-05-29 23:00:00+00:00,12.148437,80.46928043999999,-0.8382797052177741,0.5452404385406513,1954315.0,84.83333333333333,0.9659258262890684,-0.2588190451025207,1.0,37750.0,5122.1,40155.0,190.98215734635733,17.97883319854735,7321.724999999999,37857.9025,16008.525,12084.0,3923.0,0.0,0.0,3080.43,4.029191,2022
2022-07-04 20:00:00+00:00,19.620947,80.46928043999999,-0.99907411510223,-0.0430222330045303,2469618.0,162.6,0.5000000000000001,-0.8660254037844386,1.0,44700.0,7117.2,37465.0,194.1288931827432,21.6546664237976,8498.279999999999,44294.83500000001,19604.0,22787.0,4207.0,0.0,76179.98,2984.91,4.1050615,2022
2022-07-15 22:00:00+00:00,20.305897,80.46928043999999,-0.973118337233262,-0.2303056702306119,2462110.0,154.25,0.8660254037844384,-0.5000000000000004,0.0,43900.0,7117.2,35950.0,139.1708654253154,24.02724997202555,7339.4725,35318.0825,23013.775,19353.0,2856.0,0.0,0.0,2757.88,3.0989892,2022
2022-07-27 02:00:00+00:00,16.452822,80.46928043999999,-0.9051931898913976,-0.4250003399695539,2312574.0,209.5,0.8660254037844387,0.4999999999999999,1.0,36950.0,7117.2,35620.0,140.7987118131868,20.393916606903048,7091.0875,34829.2325,17615.375,17120.0,2160.0,0.0,0.0,2453.0,3.5657372,2022
2022-02-05 19:00:00+00:00,6.642793,80.46928043999999,0.8140460935082179,0.5808002734538008,1747271.0,79.63333333333334,0.2588190451025203,-0.9659258262890684,0.0,63650.0,7117.2,56271.0,243.3844269230769,6.939166784286499,6539.374999999999,17409.96,22424.2,19119.0,4323.0,0.0,0.0,7933.76,5.8080564,2022
2022-12-10 11:00:00+00:00,3.9316247,80.46928043999999,0.935367949313148,-0.3536761221763721,2374305.0,139.13333333333333,-0.9659258262890682,0.258819045102521,0.0,68800.0,7117.2,50725.0,205.27261362735493,5.917333304882051,9245.23,52668.53999999999,12333.85,17286.0,3934.0,3930.14,702667.3,2011.89,2.8003256,2022
2022-06-07 00:00:00+00:00,15.658738,80.46928043999999,-0.9123747579707272,0.4093559588156217,2345706.0,79.0,1.0,0.0,1.0,36500.0,6113.8,39162.0,209.5169253154253,19.46538872188989,6459.875,27343.2825,18599.375,14692.0,3641.0,0.0,0.0,2241.07,4.0876994,2022
2022-03-07 07:00:00+00:00,1.5376251,80.46928043999999,0.4211008707960896,0.907013812802636,1420843.0,227.0,-0.2588190451025208,0.9659258262890684,1.0,72400.0,7117.2,52760.0,236.381658038258,7.209555705388387,9885.0225,53763.4,27709.5,23465.0,5374.0,719.73,78968.08,4170.89,5.097066,2022
2022-03-05 09:00:00+00:00,5.4509954,80.46928043999999,0.4520722039323043,0.8919813464595485,1604668.0,211.0,-0.7071067811865475,0.7071067811865476,0.0,61050.0,7117.2,53170.0,241.6865841473341,8.29727753003438,7770.9475,32750.375,17508.9,17068.0,4316.0,4025.15,826927.8,1867.04,3.7750056,2022
2022-11-28 08:00:00+00:00,8.153899,80.46928043999999,0.8429415373547827,-0.5380051715383,2462887.0,125.5,-0.4999999999999998,0.8660254037844387,1.0,62150.0,7117.2,44023.0,203.61916190685324,8.171916484832764,9807.4075,48328.28999999999,11777.075,24327.0,3748.0,236.84,46914.844,4124.87,4.8217077,2022
2022-10-18 03:00:00+00:00,15.023945,80.46928043999999,0.2926003356333479,-0.9562348265919058,2315468.0,72.5,0.7071067811865476,0.7071067811865476,1.0,35900.0,5066.1,39189.0,157.90778255689554,16.325583299001053,7864.277499999999,45255.8325,11913.1,14663.0,1926.0,0.0,0.0,1933.23,2.909361,2022
2022-08-08 10:00:00+00:00,24.221283,80.46928043999999,-0.798779372886365,-0.6016240632249223,2280964.0,192.3,-0.8660254037844387,0.4999999999999999,1.0,48000.0,7117.2,36099.0,122.3574742100492,21.44766664505005,5320.217500000001,28434.612500000003,17296.6,15088.0,1860.0,9837.57,2472463.0,3272.44,3.9051824,2022
2022-02-08 19:00:00+00:00,7.8885636,80.46928043999999,0.7829801036770629,0.6220467484408675,1729375.0,75.7,0.2588190451025203,-0.9659258262890684,1.0,69450.0,7117.2,56051.0,311.2079174399675,7.162055439419217,8564.5375,37966.485,30214.0,23109.0,5038.0,0.0,0.0,2014.13,2.5491548,2022
2022-04-05 02:00:00+00:00,5.684247,80.46928043999999,-0.0645084494493162,0.9979171608653922,1197120.0,108.72,0.8660254037844387,0.4999999999999999,1.0,53900.0,6021.6,43455.0,230.21333549043555,8.05933339065975,5413.9825,18885.112500000003,12609.4,14833.0,3250.0,0.0,0.0,5989.7,4.130591,2022
2022-05-28 21:00:00+00:00,14.934539,80.46928043999999,-0.8287700871745035,0.5595892624101769,1954315.0,82.66666666666667,0.7071067811865474,-0.7071067811865477,0.0,43550.0,5122.1,37105.0,186.52801994302,18.488278071085613,7172.494999999999,25481.8475,16082.925,15265.0,4413.0,0.0,207.5788,5013.04,5.2708087,2022
2022-07-27 18:00:00+00:00,22.549028,80.46928043999999,-0.9051931898913976,-0.4250003399695539,2312574.0,209.5,-1.8369701987210292e-16,-1.0,1.0,47500.0,7117.2,34885.0,140.7987118131868,22.489666620890315,7988.360000000001,48745.0075,24786.525,24667.0,3183.0,1195.86,742747.44,2345.49,2.1584105,2022
2022-10-24 09:00:00+00:00,16.523907,80.46928043999999,0.3896304495307877,-0.9209712877166348,2419163.0,30.5,-0.7071067811865475,0.7071067811865476,1.0,47700.0,5066.1,42105.0,205.68505190703016,15.02433331807455,4835.0875,27882.80999999999,16739.075,20617.0,3554.0,3157.38,681398.94,10270.56,6.9764557,2022
2022-07-17 21:00:00+00:00,23.280415,80.46928043999999,-0.9646141756912436,-0.2636654927280072,2462110.0,157.08333333333334,0.7071067811865474,-0.7071067811865477,0.0,46150.0,7117.2,35035.0,133.55774122914124,24.303832689921084,7472.125,39963.232500000006,22910.25,18025.0,2533.0,0.0,483.99316,3435.53,4.631502,2022
2022-10-28 10:00:00+00:00,18.98631,80.46928043999999,0.4520722039323045,-0.8919813464595484,2419163.0,33.82,-0.8660254037844387,0.4999999999999999,1.0,48650.0,5066.1,40305.0,200.79569442361185,14.990082979202274,4823.410000000002,37363.89,12617.275,17113.0,3095.0,5774.08,1070289.0,5978.82,3.677138,2022
2022-10-28 18:00:00+00:00,17.40383,80.46928043999999,0.4520722039323045,-0.8919813464595484,2419163.0,33.82,-1.8369701987210292e-16,-1.0,1.0,46950.0,5066.1,40305.0,200.79569442361185,15.667583465576191,8112.7525,36991.490000000005,17836.525,20164.0,3318.0,0.0,323.0851,2639.47,4.0342484,2022
2022-06-05 07:00:00+00:00,17.095915,80.46928043999999,-0.8977433935342337,0.440518784350495,2156969.0,80.3125,-0.2588190451025208,0.9659258262890684,0.0,37000.0,6113.8,37305.0,195.9685617012617,19.54899957444933,6332.91,16602.182499999995,11375.0,11964.0,3825.0,3022.55,712402.3,1964.82,1.4717184,2022
2022-10-28 04:00:00+00:00,16.401535,80.46928043999999,0.4520722039323045,-0.8919813464595484,2419163.0,33.82,0.5000000000000001,0.8660254037844386,1.0,38750.0,5066.1,40305.0,200.79569442361185,14.928583542505915,6701.707500000002,43574.1625,14909.725,17107.0,2609.0,0.0,0.0,7853.49,6.1325645,2022
2022-06-29 10:00:00+00:00,20.946428,80.46928043999999,-0.99907411510223,0.0430222330045305,2482855.0,140.55,-0.8660254037844387,0.4999999999999999,1.0,52500.0,7117.2,38795.0,198.92442409442413,19.62841701507568,6103.662499999999,41132.84,16826.825,22387.0,3958.0,9071.67,2234774.0,1352.61,2.5212915,2022
2022-06-07 09:00:00+00:00,18.049328,80.46928043999999,-0.9123747579707272,0.4093559588156217,2345706.0,79.0,-0.7071067811865475,0.7071067811865476,1.0,51050.0,6113.8,39125.0,209.5169253154253,19.059333059522817,8078.415,29762.39,16259.525,21527.0,4240.0,7060.89,1671898.8,4017.97,4.3795705,2022
2022-03-23 17:00:00+00:00,13.51852,80.46928043999999,0.1585593851031345,0.9873494423939864,1369050.0,109.0,-0.2588190451025206,-0.9659258262890684,1.0,51600.0,6053.3,43435.0,208.0700429385429,10.8754999902513,10569.12,61670.71,15893.6,21644.0,4938.0,864.08,781745.1,2018.03,3.5055633,2022
2022-07-27 16:00:00+00:00,23.427654,80.46928043999999,-0.9051931898913976,-0.4250003399695539,2312574.0,209.5,-0.5000000000000004,-0.8660254037844385,1.0,48600.0,7117.2,34885.0,140.7987118131868,22.45441691080731,7215.1775,41163.93,20206.125,25531.0,3148.0,5638.93,1743209.6,2111.02,1.8934813,2022
2022-07-15 19:00:00+00:00,23.97222,80.46928043999999,-0.973118337233262,-0.2303056702306119,2462110.0,154.25,0.2588190451025203,-0.9659258262890684,1.0,44650.0,7117.2,35950.0,147.32695785510785,24.58274952570597,8534.619999999999,44670.825,26077.95,23420.0,3160.0,215.94,396289.56,3071.4,2.616116,2022
2022-08-24 19:00:00+00:00,23.633593,80.46928043999999,-0.6050560696488494,-0.7961828637826154,2250959.0,293.0,0.2588190451025203,-0.9659258262890684,1.0,47450.0,7117.2,33816.0,146.15470664335666,23.14866638183595,9166.8725,44182.7475,26774.225,18104.0,2788.0,0.0,78003.484,2114.77,1.8961073,2022
2022-12-20 19:00:00+00:00,10.351336,80.46928043999999,0.9821256058680004,-0.1882267098432448,2142607.0,104.7,0.2588190451025203,-0.9659258262890684,1.0,62700.0,7117.2,51300.0,208.25266973879584,7.321083426475525,9607.81,36782.435000000005,20989.8,21865.0,4635.0,0.0,0.0,7132.1,5.886894,2022
2022-03-05 05:00:00+00:00,3.2332144,80.46928043999999,0.4520722039323043,0.8919813464595485,1604668.0,211.0,0.2588190451025207,0.9659258262890684,0.0,55500.0,7117.2,53170.0,241.6865841473341,8.426277769936457,9040.5,42813.7525,16358.4,16620.0,4508.0,0.0,0.0,2393.61,3.4618962,2022
2022-10-18 12:00:00+00:00,20.15917,80.46928043999999,0.2926003356333479,-0.9562348265919058,2315468.0,72.5,-1.0,1.2246467991473532e-16,1.0,49050.0,5066.1,39189.0,157.90778255689554,16.973000288009636,7349.67,40531.18749999999,7232.9749999999985,18721.0,1978.0,7588.61,1689694.9,1799.66,3.5376651,2022
2022-07-04 01:00:00+00:00,16.561493,80.46928043999999,-0.99907411510223,-0.0430222330045303,2469618.0,162.6,0.9659258262890684,0.2588190451025207,1.0,34700.0,7117.2,38380.0,194.1288931827432,20.91083335876466,6764.465,33275.8,14929.15,13670.0,3153.0,0.0,0.0,1886.72,3.0336611,2022
2022-08-24 00:00:00+00:00,19.451344,80.46928043999999,-0.6050560696488494,-0.7961828637826154,2250959.0,293.0,1.0,0.0,1.0,38900.0,7117.2,34710.0,146.15470664335666,21.03983290990195,7569.6525,33557.197499999995,19217.625,13227.0,2098.0,0.0,0.0,1238.75,0.92592376,2022
2022-12-21 05:00:00+00:00,9.675624,80.46928043999999,0.9852201067560606,-0.1712931441814778,2142607.0,94.6,0.2588190451025207,0.9659258262890684,1.0,53100.0,7117.2,51300.0,224.19761767153943,7.529749949773151,8209.864999999998,45295.465,12758.25,17863.0,3807.0,0.0,0.0,5288.9,6.5969872,2022
2022-07-27 17:00:00+00:00,23.146275,80.46928043999999,-0.9051931898913976,-0.4250003399695539,2312574.0,209.5,-0.2588190451025206,-0.9659258262890684,1.0,49450.0,7117.2,34885.0,140.7987118131868,22.536666234334334,7726.9125,46838.545,21747.95,25804.0,3366.0,3197.63,1246996.4,2228.2,2.0176332,2022
2022-08-25 07:00:00+00:00,20.4945,80.46928043999999,-0.5912614448635782,-0.8064799463209447,2250959.0,308.7,-0.2588190451025208,0.9659258262890684,1.0,48300.0,7117.2,34046.0,137.649736959337,21.55041646957396,8328.7925,38107.575,18420.25,18392.0,2051.0,2534.55,479240.22,2074.82,1.8323842,2022
2022-10-24 00:00:00+00:00,16.186625,80.46928043999999,0.3896304495307877,-0.9209712877166348,2419163.0,30.5,1.0,0.0,1.0,35000.0,5066.1,42105.0,205.68505190703016,15.7019166946411,3071.2275,20672.0525,11416.1,10879.0,3072.0,0.0,0.0,12120.96,7.868451,2022
2022-08-25 02:00:00+00:00,19.281448,80.46928043999999,-0.5912614448635782,-0.8064799463209447,2250959.0,308.7,0.8660254037844387,0.4999999999999999,1.0,35950.0,7117.2,34046.0,137.649736959337,21.917333126068108,7342.885,34575.8925,18625.1,13508.0,1901.0,0.0,0.0,2753.81,1.381269,2022
2022-04-16 08:00:00+00:00,12.6025,80.46928043999999,-0.2511900638848191,0.9679377830240644,1229508.0,99.025,-0.4999999999999998,0.8660254037844387,0.0,43700.0,7046.5,41666.0,256.01031890516884,12.703500005933982,6146.435000000001,25789.69,9771.7,11925.0,4796.0,4923.46,1239314.6,3257.08,3.0386255,2022
2022-02-03 16:00:00+00:00,9.682779,80.46928043999999,0.8335557718385699,0.5524353131676196,1747271.0,77.6,-0.5000000000000004,-0.8660254037844385,1.0,66700.0,7117.2,58656.0,258.3570488807489,6.648611081971064,10312.405,54076.635,24348.1,25425.0,4888.0,360.93,410891.06,2193.05,4.0563726,2022
2022-06-29 12:00:00+00:00,22.00915,80.46928043999999,-0.99907411510223,0.0430222330045305,2482855.0,140.55,-1.0,1.2246467991473532e-16,1.0,51450.0,7117.2,38795.0,198.92442409442413,20.41525030136108,6152.012500000001,39346.5725,14907.4,22675.0,3748.0,9574.93,2545234.8,1558.9,2.9422233,2022
2022-08-13 00:00:00+00:00,20.778112,80.46928043999999,-0.7441039398713605,-0.6680638642135336,2280964.0,210.5,1.0,0.0,0.0,35950.0,7117.2,35556.0,114.89604756539754,22.60508346557617,6178.32,33486.9275,20499.2,11800.0,1988.0,0.0,0.0,3902.69,2.1854737,2022
2022-03-09 07:00:00+00:00,4.523311,80.46928043999999,0.3896304495307879,0.9209712877166346,1420843.0,149.75,-0.2588190451025208,0.9659258262890684,1.0,71500.0,7117.2,53170.0,228.0852643060643,7.3525000744395825,8901.78,47279.5725,23596.1,23977.0,5264.0,700.17,93720.86,3676.52,5.555047,2022
2022-02-17 21:00:00+00:00,9.560526,80.46928043999999,0.6776147890466889,0.7354170229639855,1697421.0,72.0,0.7071067811865474,-0.7071067811865477,1.0,58200.0,7117.2,54831.0,356.2878187627188,8.838388760884603,7865.285,23373.94,26212.6,19545.0,5962.0,0.0,0.0,6172.76,5.444931,2022
2022-09-07 14:00:00+00:00,22.11232,80.46928043999999,-0.3975428142825566,-0.9175836260593934,2240533.0,208.3,-0.8660254037844386,-0.5000000000000001,1.0,49150.0,7117.2,36396.0,141.2186374061124,21.0291665395101,7502.25,41559.235,10754.375,21753.0,2425.0,5718.92,1684063.4,3232.08,4.294692,2022
2022-03-26 05:00:00+00:00,6.6684647,80.46928043999999,0.107381346664163,0.994217906893952,1369050.0,101.66666666666669,0.2588190451025207,0.9659258262890684,0.0,46000.0,6053.3,41585.0,189.38260966625964,10.340777768029108,7385.8825,30979.5,15828.9,14580.0,3023.0,0.0,0.0,5531.91,6.241692,2022
2022-02-05 08:00:00+00:00,4.911069,80.46928043999999,0.8140460935082179,0.5808002734538008,1747271.0,79.63333333333334,-0.4999999999999998,0.8660254037844387,0.0,63950.0,7117.2,56271.0,243.3844269230769,6.689611090554131,7642.030000000001,19818.17,18048.0,20647.0,3961.0,954.38,86184.83,3558.15,4.304921,2022
2022-07-25 17:00:00+00:00,24.22089,80.46928043999999,-0.9192859697186104,-0.3935902766564669,2312574.0,168.57,-0.2588190451025206,-0.9659258262890684,1.0,52300.0,7117.2,34992.0,148.19598463573462,22.830666700998947,4944.09,38173.8075,18267.275,25968.0,3201.0,2589.71,1197945.9,8528.37,6.1163535,2022
2022-06-07 03:00:00+00:00,15.009816,80.46928043999999,-0.9123747579707272,0.4093559588156217,2345706.0,79.0,0.7071067811865476,0.7071067811865476,1.0,35250.0,6113.8,39125.0,209.5169253154253,19.248444451226124,6991.387500000001,28031.942500000005,18599.95,15404.0,3765.0,0.0,0.0,2556.64,3.9944983,2022
2022-05-29 08:00:00+00:00,14.56702,80.46928043999999,-0.8382797052177741,0.5452404385406513,1954315.0,84.83333333333333,-0.4999999999999998,0.8660254037844387,0.0,39600.0,5122.1,37105.0,175.1397263939764,17.524499946170394,5647.162499999999,21091.66,8894.925,14357.0,3452.0,6960.38,1534217.2,2947.32,4.117028,2022
2022-08-20 21:00:00+00:00,19.462807,80.46928043999999,-0.6584015846980489,-0.7526668275320083,2249940.0,254.0,0.7071067811865474,-0.7071067811865477,0.0,40700.0,7117.2,34721.0,182.53423222610724,21.1587503751119,6487.922499999999,37267.2875,19846.95,11111.0,2798.0,0.0,0.0,1603.61,2.4938512,2022
2022-08-24 22:00:00+00:00,21.044529,80.46928043999999,-0.6050560696488494,-0.7961828637826154,2250959.0,293.0,0.8660254037844384,-0.5000000000000004,1.0,43600.0,7117.2,33816.0,137.649736959337,22.302250226338728,7763.455,34285.71250000001,22063.35,14787.0,2363.0,0.0,0.0,2883.13,1.7306547,2022
2022-12-09 20:00:00+00:00,4.388824,80.46928043999999,0.9291414114031744,-0.3697245428906732,2374305.0,140.2,0.5000000000000001,-0.8660254037844386,1.0,66950.0,7117.2,50725.0,215.17218239329108,6.363416651884712,9793.105,54976.4025,20095.2,18169.0,4371.0,0.0,0.0,1781.91,2.961819,2022
2022-12-20 23:00:00+00:00,10.029245,80.46928043999999,0.9821256058680004,-0.1882267098432448,2142607.0,104.7,0.9659258262890684,-0.2588190451025207,1.0,55750.0,7117.2,51300.0,224.19761767153943,7.469083507855732,8483.735,32183.755000000005,12262.75,14468.0,3249.0,0.0,0.0,5847.71,5.9831057,2022
2022-02-17 11:00:00+00:00,11.563665,80.46928043999999,0.6776147890466889,0.7354170229639855,1697421.0,72.0,-0.9659258262890682,0.258819045102521,1.0,65000.0,7117.2,55741.0,356.2878187627188,8.29677780469259,5624.732499999999,15751.487500000005,15805.2,20836.0,5313.0,4210.58,1058939.4,11497.93,8.605163,2022
2022-02-03 08:00:00+00:00,6.243982,80.46928043999999,0.8335557718385699,0.5524353131676196,1747271.0,77.6,-0.4999999999999998,0.8660254037844387,1.0,73350.0,7117.2,58656.0,258.3570488807489,6.20377775033315,9305.8975,46249.14749999999,28054.1,25531.0,4772.0,830.44,83467.12,2526.4,3.535033,2022
2022-07-19 21:00:00+00:00,23.421366,80.46928043999999,-0.9549667548552552,-0.2967128192734901,2382772.0,151.6,0.7071067811865474,-0.7071067811865477,1.0,51450.0,7117.2,34490.0,140.9258976088726,24.093999703725167,6364.6275,29708.7,24926.5,21696.0,3037.0,0.0,289.45505,5981.92,2.3373444,2022
2022-04-02 02:00:00+00:00,2.4178693,80.46928043999999,-0.012910296075009,0.999916658654738,1334846.0,110.61,0.8660254037844387,0.4999999999999999,0.0,54550.0,6041.6,41340.0,218.9799258038258,8.3926110929913,6179.1,24638.0325,11264.0,13518.0,3486.0,0.0,0.0,8393.48,6.878734,2022
2022-09-07 09:00:00+00:00,20.067472,80.46928043999999,-0.3975428142825566,-0.9175836260593934,2240533.0,208.3,-0.7071067811865475,0.7071067811865476,1.0,50600.0,7117.2,35596.0,141.2186374061124,20.433583418528244,6272.200000000001,41373.55,15428.5,20958.0,2657.0,5295.84,1203929.8,2613.46,4.0352855,2022
2022-04-05 11:00:00+00:00,10.078677,80.46928043999999,-0.0645084494493162,0.9979171608653922,1197120.0,108.72,-0.9659258262890682,0.258819045102521,1.0,65600.0,6021.6,43095.0,230.21333549043555,8.44683346483444,7120.415,40474.732500000006,23897.7,17453.0,4151.0,6289.0,1680776.5,4426.77,3.5451255,2022
2022-10-24 16:00:00+00:00,17.343634,80.46928043999999,0.3896304495307877,-0.9209712877166348,2419163.0,30.5,-0.5000000000000004,-0.8660254037844385,1.0,45900.0,5066.1,42105.0,205.68505190703016,15.592166821161918,7358.065,38469.5025,21082.9,21780.0,3690.0,842.55,406826.94,8603.18,6.2751846,2022
2022-02-08 02:00:00+00:00,5.3026247,80.46928043999999,0.7829801036770629,0.6220467484408675,1729375.0,75.7,0.8660254037844387,0.4999999999999999,1.0,59300.0,7117.2,55896.0,311.2079174399675,6.831833256615535,6048.8725,20803.2675,16714.4,14444.0,4076.0,0.0,0.0,5070.7,2.8591776,2022
2022-05-28 14:00:00+00:00,19.71377,80.46928043999999,-0.8287700871745035,0.5595892624101769,1954315.0,82.66666666666667,-0.8660254037844386,-0.5000000000000001,0.0,39650.0,5122.1,37105.0,186.52801994302,18.692389276292563,4224.4725,3932.657500000001,7410.2750000000015,14249.0,3763.0,8948.91,2726124.8,4136.93,4.242129,2022
2022-11-28 11:00:00+00:00,9.52955,80.46928043999999,0.8429415373547827,-0.5380051715383,2462887.0,125.5,-0.9659258262890682,0.258819045102521,1.0,62600.0,7117.2,44023.0,203.61916190685324,8.239499926567076,9583.365,53222.552500000005,5941.1500000000015,22180.0,3710.0,3028.02,626050.44,4259.52,4.4403186,2022
2022-10-18 08:00:00+00:00,16.093586,80.46928043999999,0.2926003356333479,-0.9562348265919058,2315468.0,72.5,-0.4999999999999998,0.8660254037844387,1.0,48750.0,5066.1,39189.0,157.90778255689554,16.102416992187493,9411.675,51245.857500000006,11979.85,20407.0,2147.0,2143.72,406279.56,2016.62,3.8754845,2022
2022-11-07 16:00:00+00:00,14.936642,80.46928043999999,0.5981809144059166,-0.8013610881746764,2495545.0,53.0,-0.5000000000000004,-0.8660254037844385,1.0,49350.0,6071.9,40805.0,179.01824777316085,11.381833116213476,7447.6925,41552.59,15526.3,22480.0,3831.0,548.73,290498.0,9765.07,6.991442,2022
2022-07-19 04:00:00+00:00,20.499495,80.46928043999999,-0.9549667548552552,-0.2967128192734901,2382772.0,151.6,0.5000000000000001,0.8660254037844386,1.0,42500.0,7117.2,34490.0,140.9258976088726,23.2069166501363,6907.005,47276.94500000001,22125.8,20195.0,2928.0,0.54,724.26117,5810.11,2.853091,2022
2022-07-19 12:00:00+00:00,28.927845,80.46928043999999,-0.9549667548552552,-0.2967128192734901,2382772.0,151.6,-1.0,1.2246467991473532e-16,1.0,58400.0,7117.2,34490.0,140.9258976088726,23.951917012532547,4822.075000000001,25995.425000000003,17736.15,24349.0,2796.0,9703.46,3048602.0,5088.25,2.7159998,2022
2022-07-25 09:00:00+00:00,23.438967,80.46928043999999,-0.9192859697186104,-0.3935902766564669,2312574.0,168.57,-0.7071067811865475,0.7071067811865476,1.0,53450.0,7117.2,34992.0,148.19598463573462,22.012583414713543,4347.029999999999,26949.17,19596.0,23857.0,2948.0,7560.61,1720785.8,5604.04,5.0757365,2022
2022-07-21 14:00:00+00:00,25.234716,80.46928043999999,-0.9441875088341996,-0.3294084822245298,2382772.0,150.5,-0.8660254037844386,-0.5000000000000001,1.0,52000.0,7117.2,37255.0,151.18897646520145,24.51558319727581,4913.4025,32408.72500000001,19844.7,24900.0,2701.0,8558.21,2558060.0,1311.25,1.5259323,2022
2022-08-05 17:00:00+00:00,23.605652,80.46928043999999,-0.8287700871745037,-0.5595892624101767,2274044.0,195.0,-0.2588190451025206,-0.9659258262890684,1.0,47050.0,7117.2,37036.0,136.83769295519298,22.5468331972758,7418.519999999999,39420.2925,16436.725,22623.0,2551.0,2614.66,1179723.1,4971.71,4.783461,2022
2022-08-20 17:00:00+00:00,23.622778,80.46928043999999,-0.6584015846980489,-0.7526668275320083,2249940.0,254.0,-0.2588190451025206,-0.9659258262890684,0.0,39550.0,7117.2,34721.0,182.53423222610724,22.554583390553816,6756.522499999999,43214.8725,15139.75,13166.0,3142.0,2282.58,1035326.25,1669.74,2.891975,2022
2022-10-22 21:00:00+00:00,16.004509,80.46928043999999,0.3576982388331254,-0.9338372288229252,2315468.0,44.0,0.7071067811865474,-0.7071067811865477,0.0,42150.0,5066.1,41190.0,200.7180950407081,16.04933365186055,7413.647500000001,37980.7575,8535.6,13634.0,3663.0,0.0,0.0,5338.17,6.6168118,2022
2022-03-09 17:00:00+00:00,11.059797,80.46928043999999,0.3896304495307879,0.9209712877166346,1420843.0,149.75,-0.2588190451025206,-0.9659258262890684,1.0,61250.0,7117.2,53170.0,228.0852643060643,8.503388908174296,10142.605,58997.705,18969.1,24417.0,5136.0,271.92,392213.06,5125.11,5.768006,2022
2022-06-29 04:00:00+00:00,14.896994,80.46928043999999,-0.99907411510223,0.0430222330045305,2482855.0,140.55,0.5000000000000001,0.8660254037844386,1.0,39450.0,7117.2,38795.0,198.92442409442413,18.9197495778402,8103.492499999999,41733.5125,22436.75,19206.0,3269.0,9.3,3085.0845,1834.47,2.2994833,2022
2022-10-07 03:00:00+00:00,12.029423,80.46928043999999,0.1073813466641621,-0.994217906893952,2313405.0,105.0,0.7071067811865476,0.7071067811865476,1.0,37950.0,6111.4,37830.0,216.8753104416517,15.325416882832858,5795.8125,37574.695,17876.1,14490.0,2867.0,0.0,0.0,1664.43,1.4742578,2022
2022-10-23 17:00:00+00:00,17.868391,80.46928043999999,0.3737197147904684,-0.9275416835791968,2315468.0,37.25,-0.2588190451025206,-0.9659258262890684,0.0,42850.0,5066.1,42105.0,195.0747454597737,16.38791648546856,6334.8150000000005,32528.19,11379.225,15993.0,2692.0,14.06,95061.945,11945.9,8.362041,2022
2022-07-17 05:00:00+00:00,18.061808,80.46928043999999,-0.9646141756912436,-0.2636654927280072,2462110.0,157.08333333333334,0.2588190451025207,0.9659258262890684,0.0,33550.0,7117.2,34300.0,133.55774122914124,22.382166385650613,6500.3275,26783.2525,18343.625,13651.0,2214.0,510.87,78408.23,3024.1,4.6804247,2022
2022-11-07 20:00:00+00:00,12.672683,80.46928043999999,0.5981809144059166,-0.8013610881746764,2495545.0,53.0,0.5000000000000001,-0.8660254037844386,1.0,47650.0,6071.9,40805.0,179.01824777316085,11.28499992688497,5675.0525,32371.955,17924.75,18487.0,3408.0,0.0,0.0,10463.59,8.35667,2022
2022-02-08 10:00:00+00:00,8.041541,80.46928043999999,0.7829801036770629,0.6220467484408675,1729375.0,75.7,-0.8660254037844387,0.4999999999999999,1.0,72250.0,7117.2,55896.0,311.2079174399675,6.552333295345307,8434.1625,28757.694999999992,20232.9,21677.0,4336.0,4324.02,772853.94,3248.33,2.4326072,2022
2022-03-22 05:00:00+00:00,6.4782877,80.46928043999999,0.1755314904214282,0.9844738167520922,1369050.0,98.85,0.2588190451025207,0.9659258262890684,1.0,54750.0,6053.3,45455.0,215.7405109686609,9.64861101574368,9313.3025,53161.6725,13014.0,18549.0,3841.0,0.0,0.0,5187.28,6.629997,2022
2022-12-20 18:00:00+00:00,10.520958,80.46928043999999,0.9821256058680004,-0.1882267098432448,2142607.0,104.7,-1.8369701987210292e-16,-1.0,1.0,66000.0,7117.2,51300.0,208.25266973879584,7.274500131607055,10074.24,39220.310000000005,20837.925,24020.0,4821.0,0.0,0.0,7505.68,5.7836595,2022
2022-12-20 17:00:00+00:00,10.768301,80.46928043999999,0.9821256058680004,-0.1882267098432448,2142607.0,104.7,-0.2588190451025206,-0.9659258262890684,1.0,64850.0,7117.2,51300.0,208.25266973879584,7.245000044504801,10333.4775,40683.45999999999,20506.325,25194.0,5281.0,0.0,6588.0396,8236.85,5.6926613,2022
2022-03-26 14:00:00+00:00,15.404376,80.46928043999999,0.107381346664163,0.994217906893952,1369050.0,101.66666666666669,-0.8660254037844386,-0.5000000000000001,0.0,43300.0,6053.3,39875.0,189.38260966625964,11.2214443948534,3994.272499999999,26792.007500000003,16114.6,11894.0,2543.0,6579.8,2220895.2,5515.87,6.174681,2022
2022-09-03 02:00:00+00:00,17.182507,80.46928043999999,-0.4597327394521046,-0.888057322629493,2244154.0,199.52,0.8660254037844387,0.4999999999999999,0.0,33100.0,7117.2,32401.0,127.13238503626002,20.490750471750893,6600.41,21514.660000000003,18001.15,13645.0,2067.0,0.0,0.0,1993.43,1.9726576,2022
2022-09-03 23:00:00+00:00,17.619106,80.46928043999999,-0.4597327394521046,-0.888057322629493,2244154.0,199.52,0.9659258262890684,-0.2588190451025207,0.0,36300.0,7117.2,33311.0,120.51565635198132,20.588999907175683,7215.4925,21066.185,15827.0,12833.0,1820.0,0.0,0.0,1676.5,3.387026,2022
2022-03-07 00:00:00+00:00,2.9088252,80.46928043999999,0.4211008707960896,0.907013812802636,1420843.0,227.0,1.0,0.0,1.0,59300.0,7117.2,52760.0,236.381658038258,7.977333188056943,7704.019999999999,44477.6225,18865.8,12890.0,3461.0,0.0,0.0,4720.33,5.06009,2022
2022-10-24 04:00:00+00:00,15.366791,80.46928043999999,0.3896304495307877,-0.9209712877166348,2419163.0,30.5,0.5000000000000001,0.8660254037844386,1.0,37650.0,5066.1,42105.0,205.68505190703016,15.269833485285425,4433.4525,30449.74,16568.225,16207.0,3056.0,0.0,0.0,11204.74,7.5130477,2022
2022-03-26 06:00:00+00:00,6.54753,80.46928043999999,0.107381346664163,0.994217906893952,1369050.0,101.66666666666669,6.123233995736766e-17,1.0,0.0,47300.0,6053.3,40345.0,189.38260966625964,10.260888867908044,7300.234999999999,27961.3975,16598.7,15075.0,3203.0,144.12,20611.217,5549.33,6.216671,2022
2022-08-09 00:00:00+00:00,19.811989,80.46928043999999,-0.7883050558305256,-0.6152845999633274,2280964.0,190.0,1.0,0.0,1.0,36850.0,7117.2,36778.0,120.84214573944575,21.1301663716634,6549.442499999999,36204.2175,16758.225,12314.0,1845.0,0.0,0.0,5579.27,5.401985,2022
2022-10-28 01:00:00+00:00,16.981361,80.46928043999999,0.4520722039323045,-0.8919813464595484,2419163.0,33.82,0.9659258262890684,0.2588190451025207,1.0,35500.0,5066.1,40305.0,200.79569442361185,15.07241670290631,5508.135,31991.155,10079.65,13369.0,2832.0,0.0,0.0,7332.57,6.6351438,2022
2022-12-09 23:00:00+00:00,3.9446278,80.46928043999999,0.9291414114031744,-0.3697245428906732,2374305.0,140.2,0.9659258262890684,-0.2588190451025207,0.0,64450.0,7117.2,50725.0,205.27261362735493,6.3609167734781895,9236.9775,46349.7375,12049.75,13995.0,3792.0,0.0,0.0,1321.52,2.6313562,2022
2022-07-19 00:00:00+00:00,22.47989,80.46928043999999,-0.9549667548552552,-0.2967128192734901,2382772.0,151.6,1.0,0.0,1.0,42000.0,7117.2,34490.0,140.9258976088726,23.87616618474324,6750.705,40168.445,19386.9,18394.0,2630.0,0.0,0.0,5750.11,3.2482796,2022
2022-07-17 22:00:00+00:00,22.36185,80.46928043999999,-0.9646141756912436,-0.2636654927280072,2462110.0,157.08333333333334,0.8660254037844384,-0.5000000000000004,1.0,42200.0,7117.2,35035.0,138.4171701058201,24.069833596547465,7038.014999999999,38732.12,21326.925,16389.0,2346.0,0.0,0.0,3250.11,4.659585,2022
2022-09-07 07:00:00+00:00,17.965984,80.46928043999999,-0.3975428142825566,-0.9175836260593934,2240533.0,208.3,-0.2588190451025208,0.9659258262890684,1.0,48000.0,7117.2,36166.0,141.2186374061124,20.195666154225663,7569.125,46168.6725,19773.8,22710.0,2827.0,1723.31,371040.28,2841.0,3.927283,2022
2022-06-07 21:00:00+00:00,16.831793,80.46928043999999,-0.9123747579707272,0.4093559588156217,2345706.0,79.0,0.7071067811865474,-0.7071067811865477,1.0,46950.0,6113.8,39125.0,209.5169253154253,19.441555023193363,8200.587500000001,40982.8325,20690.625,17727.0,4536.0,0.0,290.96478,2431.6,4.0854783,2022
2022-10-23 00:00:00+00:00,15.720386,80.46928043999999,0.3737197147904684,-0.9275416835791968,2315468.0,37.25,1.0,0.0,0.0,36200.0,5066.1,41190.0,195.0747454597737,15.761083285013855,5538.1775,35151.805,4688.424999999999,11291.0,2773.0,0.0,0.0,6694.87,6.6625333,2022
2022-09-07 02:00:00+00:00,17.534637,80.46928043999999,-0.3975428142825566,-0.9175836260593934,2240533.0,208.3,0.8660254037844387,0.4999999999999999,1.0,36150.0,7117.2,35618.0,141.2186374061124,20.81608311335245,6989.08,33749.3425,17669.75,14999.0,1972.0,0.0,0.0,2488.5,3.768797,2022
2022-08-05 00:00:00+00:00,20.331465,80.46928043999999,-0.8287700871745037,-0.5595892624101767,2274044.0,195.0,1.0,0.0,1.0,38550.0,7117.2,36306.0,136.83769295519298,22.42833344141641,7088.385,37479.3625,15557.175,16467.0,2091.0,0.0,0.0,2309.31,3.525951,2022
2022-01-08 16:00:00+00:00,7.540577,80.46928043999999,0.9905324521322229,0.1372787721132647,2152112.0,84.33333333333334,-0.5000000000000004,-0.8660254037844385,0.0,63350.0,6105.9,57525.0,477.185658038258,6.65638898478614,7130.005,33595.12,12650.5,17828.0,6079.0,56.68,164065.6,15325.67,8.950382,2022
2022-08-08 22:00:00+00:00,21.017157,80.46928043999999,-0.798779372886365,-0.6016240632249223,2280964.0,192.3,0.8660254037844384,-0.5000000000000004,1.0,40550.0,7117.2,36778.0,120.84214573944575,21.845332940419507,6773.565,36548.07,19021.875,13614.0,2002.0,0.0,0.0,6004.08,5.80103,2022
2022-08-05 22:00:00+00:00,19.296288,80.46928043999999,-0.8287700871745037,-0.5595892624101767,2274044.0,195.0,0.8660254037844384,-0.5000000000000004,0.0,40600.0,7117.2,37036.0,134.9709373025123,21.222833315531417,7583.6,32085.2675,15687.65,16543.0,2568.0,0.0,0.0,4585.19,4.8310413,2022
2022-02-03 07:00:00+00:00,5.938793,80.46928043999999,0.8335557718385699,0.5524353131676196,1747271.0,77.6,-0.2588190451025208,0.9659258262890684,1.0,72850.0,7117.2,58656.0,258.3570488807489,6.268388801150855,9316.845,46997.54000000001,29613.8,25919.0,4783.0,14.58,1019.66766,2491.91,3.302672,2022
2022-05-28 19:00:00+00:00,17.293514,80.46928043999999,-0.8287700871745035,0.5595892624101769,1954315.0,82.66666666666667,0.2588190451025203,-0.9659258262890684,0.0,39200.0,5122.1,37105.0,186.52801994302,18.758055686950684,7117.66,26519.8875,18338.125,17489.0,4186.0,230.7,342283.53,5727.68,5.0797896,2022
2022-03-07 02:00:00+00:00,2.202409,80.46928043999999,0.4211008707960896,0.907013812802636,1420843.0,227.0,0.8660254037844387,0.4999999999999999,1.0,57150.0,7117.2,52760.0,236.381658038258,7.763444423675537,7637.275000000001,44400.5725,18312.5,12412.0,3309.0,0.0,0.0,4459.82,4.859559,2022
2022-09-13 00:00:00+00:00,19.494043,80.46928043999999,-0.300819807635668,-0.9536809966304456,2252727.0,194.5,1.0,0.0,1.0,38750.0,7117.2,38226.0,136.9191282828283,19.85274950663249,7283.325,24333.0725,13025.1,14600.0,2054.0,0.0,0.0,3362.53,3.8852863,2022
2022-06-07 04:00:00+00:00,14.903895,80.46928043999999,-0.9123747579707272,0.4093559588156217,2345706.0,79.0,0.5000000000000001,0.8660254037844386,1.0,38200.0,6113.8,39125.0,209.5169253154253,19.149333635965974,7730.294999999999,32487.4375,20702.525,17388.0,4124.0,3.88,3303.9536,2715.29,4.00435,2022
2022-02-05 13:00:00+00:00,8.963977,80.46928043999999,0.8140460935082179,0.5808002734538008,1747271.0,79.63333333333334,-0.9659258262890684,-0.2588190451025203,0.0,60300.0,7117.2,56271.0,243.3844269230769,6.888000037935044,5993.3375,12162.0775,14621.8,15636.0,3373.0,5087.77,1247729.9,4288.35,4.9337945,2022
2022-08-08 12:00:00+00:00,25.786179,80.46928043999999,-0.798779372886365,-0.6016240632249223,2280964.0,192.3,-1.0,1.2246467991473532e-16,1.0,47850.0,7117.2,36099.0,122.3574742100492,22.270332813262947,5335.724999999999,28077.8875,17654.725,15817.0,1913.0,10506.69,2953639.2,4008.35,3.8618817,2022
2022-04-17 09:00:00+00:00,12.836504,80.46928043999999,-0.2678143051621742,0.9634705485641488,1229508.0,96.5,-0.7071067811865475,0.7071067811865476,0.0,39950.0,7006.5,41838.0,236.1256757020757,13.14727777904934,4385.4575,14283.004999999996,9201.0,7584.0,4069.0,6917.6,1884444.1,2793.81,2.4404655,2022
2022-11-24 19:00:00+00:00,9.751259,80.46928043999999,0.8039279618328213,-0.5947266869607633,2518920.0,118.0,0.2588190451025203,-0.9659258262890684,1.0,59750.0,6071.9,44984.0,247.18651651400128,8.613499959309902,6272.9125,51931.485,24936.125,22364.0,4768.0,0.0,0.0,8967.15,6.466052,2022
2022-06-07 08:00:00+00:00,17.38235,80.46928043999999,-0.9123747579707272,0.4093559588156217,2345706.0,79.0,-0.4999999999999998,0.8660254037844387,1.0,50050.0,6113.8,39125.0,209.5169253154253,19.01577790578208,8194.745,30569.19,16891.65,21576.0,4341.0,5534.78,1227838.9,3687.71,4.1968174,2022
2022-04-21 14:00:00+00:00,14.374244,80.46928043999999,-0.3334687789181868,0.9427611433904208,1338623.0,95.97,-0.8660254037844386,-0.5000000000000001,1.0,47450.0,6986.5,42013.0,240.59830362230363,13.063999864790182,4558.6,30141.0825,9011.3,21588.0,4324.0,5003.65,1949514.6,2745.46,3.8404677,2022
2022-08-24 05:00:00+00:00,17.903383,80.46928043999999,-0.6050560696488494,-0.7961828637826154,2250959.0,293.0,0.2588190451025207,0.9659258262890684,1.0,41800.0,7117.2,35146.0,146.15470664335666,20.055500666300475,9051.09,48278.21,22249.9,16173.0,2259.0,6.19,3506.7842,1231.99,1.595071,2022
2022-08-13 11:00:00+00:00,26.778376,80.46928043999999,-0.7441039398713605,-0.6680638642135336,2280964.0,210.5,-0.9659258262890682,0.258819045102521,0.0,45150.0,7117.2,36291.0,114.89604756539754,23.432167212168352,3844.6725000000015,15810.014999999992,16884.95,9662.0,1743.0,9985.42,2656206.0,1856.85,1.7040727,2022
2022-04-21 19:00:00+00:00,12.320917,80.46928043999999,-0.3334687789181868,0.9427611433904208,1338623.0,95.97,0.2588190451025203,-0.9659258262890684,1.0,48250.0,6986.5,42013.0,240.59830362230363,13.13305531607733,7124.950000000001,37193.850000000006,23256.6,21221.0,5745.0,0.08,95531.94,4215.49,4.5508485,2022
2022-08-20 09:00:00+00:00,20.560242,80.46928043999999,-0.6584015846980489,-0.7526668275320083,2249940.0,254.0,-0.7071067811865475,0.7071067811865476,0.0,40500.0,7117.2,35156.0,182.53423222610724,19.54183340072632,5073.1875,36891.1825,11325.125,9603.0,2835.0,7568.42,1589406.8,1193.51,2.2985594,2022
2022-03-09 06:00:00+00:00,4.0746536,80.46928043999999,0.3896304495307879,0.9209712877166346,1420843.0,149.75,6.123233995736766e-17,1.0,1.0,69900.0,7117.2,53170.0,228.0852643060643,7.382222361034816,9244.4325,53540.75,23144.0,22247.0,5122.0,0.17,270.87863,3848.34,5.3542833,2022
2022-11-04 23:00:00+00:00,9.007529,80.46928043999999,0.5560174366570438,-0.8311706263658084,2455704.0,59.0,0.9659258262890684,-0.2588190451025207,0.0,47350.0,6071.9,40005.0,191.10415024323504,11.852166811625167,7691.622499999999,37564.5,15761.325,14654.0,3603.0,0.0,0.0,4103.49,5.387527,2022
2022-07-17 07:00:00+00:00,21.263182,80.46928043999999,-0.9646141756912436,-0.2636654927280072,2462110.0,157.08333333333334,-0.2588190451025208,0.9659258262890684,0.0,38600.0,7117.2,34300.0,133.55774122914124,22.222999890645347,5415.4,18562.300000000007,14203.5,13914.0,2046.0,4209.02,998180.1,2452.43,4.0948744,2022
2022-12-20 10:00:00+00:00,10.754223,80.46928043999999,0.9821256058680004,-0.1882267098432448,2142607.0,104.7,-0.8660254037844387,0.4999999999999999,1.0,66100.0,7117.2,51190.0,208.25266973879584,6.659083247184753,7607.482499999998,36558.9,17100.875,26137.0,3896.0,2517.35,369798.7,11720.38,6.2828784,2022
2022-08-13 23:00:00+00:00,21.048403,80.46928043999999,-0.7441039398713605,-0.6680638642135336,2280964.0,210.5,0.9659258262890684,-0.2588190451025207,0.0,36300.0,7117.2,36811.0,115.44113513986017,22.472583293914767,6135.185,31043.775,18103.45,11065.0,1857.0,0.0,0.0,3849.01,1.3017178,2022
2022-05-23 06:00:00+00:00,15.913982,80.46928043999999,-0.7775971469736267,0.6287628145958347,1954315.0,81.0,6.123233995736766e-17,1.0,1.0,47250.0,5122.1,38145.0,227.6560926739927,19.04405551486545,8995.580000000002,38713.37,21989.4,20682.0,5996.0,1073.39,325837.44,4297.81,1.9294666,2022
2022-04-17 00:00:00+00:00,10.260457,80.46928043999999,-0.2678143051621742,0.9634705485641488,1229508.0,96.5,1.0,0.0,0.0,39150.0,7006.5,41666.0,236.1256757020757,13.649277528127053,6075.710000000001,29096.7575,12274.7,9896.0,4836.0,0.0,0.0,4987.24,4.2672677,2022
2022-01-08 02:00:00+00:00,5.144456,80.46928043999999,0.9905324521322229,0.1372787721132647,2152112.0,84.33333333333334,0.8660254037844387,0.4999999999999999,0.0,59650.0,6105.9,55754.0,477.185658038258,6.290444486671023,6622.9,33212.649999999994,13715.6,12124.0,5458.0,0.0,0.0,6877.35,7.0305457,2022
2022-09-03 13:00:00+00:00,22.130732,80.46928043999999,-0.4597327394521046,-0.888057322629493,2244154.0,199.52,-0.9659258262890684,-0.2588190451025203,0.0,41800.0,7117.2,32401.0,127.13238503626002,20.780250390370675,6676.772500000001,15529.605000000003,10380.3,13669.0,1483.0,7076.92,1997421.2,2615.92,3.3369117,2022
2022-04-21 02:00:00+00:00,8.630775,80.46928043999999,-0.3334687789181868,0.9427611433904208,1338623.0,95.97,0.8660254037844387,0.4999999999999999,1.0,39500.0,6986.5,42013.0,240.59830362230363,12.557888825734455,6332.467500000001,38402.575,10263.5,14208.0,4294.0,0.0,0.0,3675.85,2.9053674,2022
2022-08-24 15:00:00+00:00,27.276615,80.46928043999999,-0.6050560696488494,-0.7961828637826154,2250959.0,293.0,-0.7071067811865477,-0.7071067811865475,1.0,48550.0,7117.2,33816.0,146.15470664335666,24.227166493733733,8530.415,41961.14749999999,17996.825,16965.0,2333.0,6718.53,1911989.5,1067.52,1.0305603,2022
2022-03-05 04:00:00+00:00,3.4450831,80.46928043999999,0.4520722039323043,0.8919813464595485,1604668.0,211.0,0.5000000000000001,0.8660254037844386,0.0,53300.0,7117.2,53170.0,241.6865841473341,8.471611181894943,8703.877499999999,41629.38250000001,15502.8,15238.0,3977.0,0.0,0.0,2469.08,3.3757544,2022
2022-08-05 23:00:00+00:00,18.74489,80.46928043999999,-0.8287700871745037,-0.5595892624101767,2274044.0,195.0,0.9659258262890684,-0.2588190451025207,0.0,37050.0,7117.2,36306.0,134.9709373025123,20.944416999816887,7290.0875,30765.76,14665.55,15667.0,2526.0,0.0,0.0,4414.47,4.8283715,2022
2022-05-29 01:00:00+00:00,12.41921,80.46928043999999,-0.8382797052177741,0.5452404385406513,1954315.0,84.83333333333333,0.9659258262890684,0.2588190451025207,0.0,34000.0,5122.1,37105.0,175.1397263939764,18.011333465576165,6092.395,25406.105000000003,12469.15,12968.0,3612.0,0.0,0.0,3913.81,4.7707415,2022
2022-11-24 04:00:00+00:00,8.600459,80.46928043999999,0.8039279618328213,-0.5947266869607633,2518920.0,118.0,0.5000000000000001,0.8660254037844386,1.0,49400.0,6071.9,44069.0,247.18651651400128,8.681499918301892,5051.54,37665.4725,14547.25,16027.0,3991.0,0.0,0.0,8481.37,6.43283,2022
2022-10-23 12:00:00+00:00,19.081306,80.46928043999999,0.3737197147904684,-0.9275416835791968,2315468.0,37.25,-1.0,1.2246467991473532e-16,0.0,39400.0,5066.1,42105.0,195.0747454597737,16.122833410898842,5023.1775,26790.425,1409.2000000000007,11651.0,2614.0,6309.74,1282892.0,11575.0,7.7627506,2022
2022-12-09 12:00:00+00:00,5.7179894,80.46928043999999,0.9291414114031744,-0.3697245428906732,2374305.0,140.2,-1.0,1.2246467991473532e-16,1.0,70800.0,7117.2,50960.0,215.17218239329108,6.081250111262002,10041.5275,61272.70749999999,20709.225,19046.0,4689.0,3292.42,688511.44,1960.79,1.7515715,2022
2022-03-23 19:00:00+00:00,10.632624,80.46928043999999,0.1585593851031345,0.9873494423939864,1369050.0,109.0,0.2588190451025203,-0.9659258262890684,1.0,57450.0,6053.3,43435.0,208.0700429385429,10.653111033969443,10279.1975,59075.455,20381.9,21793.0,5137.0,0.0,10258.161,2234.83,3.796062,2022
2022-02-03 02:00:00+00:00,6.6761684,80.46928043999999,0.8335557718385699,0.5524353131676196,1747271.0,77.6,0.8660254037844387,0.4999999999999999,1.0,57700.0,7117.2,58656.0,258.3570488807489,6.295944359567433,6700.64,35391.6,20725.1,15122.0,3044.0,0.0,0.0,2226.95,2.5188408,2022
2022-04-17 04:00:00+00:00,8.118519,80.46928043999999,-0.2678143051621742,0.9634705485641488,1229508.0,96.5,0.5000000000000001,0.8660254037844386,0.0,35900.0,7006.5,41838.0,236.1256757020757,13.188999758826345,6677.31,30414.7075,14493.3,9859.0,4606.0,0.0,0.0,3985.51,3.6987143,2022
2022-03-07 15:00:00+00:00,7.564875,80.46928043999999,0.4211008707960896,0.907013812802636,1420843.0,227.0,-0.7071067811865477,-0.7071067811865475,1.0,60900.0,7117.2,52760.0,236.381658038258,7.929833160506355,7985.272499999999,51843.97,19639.6,23436.0,3901.0,4355.53,1470980.9,5185.5,4.793334,2022
2022-11-18 07:00:00+00:00,8.985474,80.46928043999999,0.7383263540031063,-0.6744436188329457,2499746.0,105.0,-0.2588190451025208,0.9659258262890684,1.0,56700.0,6071.9,42039.0,226.74134235724017,11.08508324623106,8253.505,43643.0625,21979.175,23281.0,4194.0,0.02,5648.2134,6183.82,6.5087986,2022
2022-08-14 10:00:00+00:00,23.422514,80.46928043999999,-0.7324940716135788,-0.6807734094770164,2280964.0,216.0,-0.8660254037844387,0.4999999999999999,0.0,41750.0,7117.2,36011.0,115.44113513986017,22.550000031789168,4333.45,10945.79,9486.95,8009.0,1636.0,5820.79,1832854.1,2267.18,1.7219391,2022
2022-08-14 01:00:00+00:00,19.971,80.46928043999999,-0.7324940716135788,-0.6807734094770164,2280964.0,216.0,0.9659258262890684,0.2588190451025207,0.0,32500.0,7117.2,36011.0,115.44113513986017,22.121499856313044,5998.2325,30654.395,17512.6,10232.0,1758.0,0.0,0.0,3931.35,1.4563409,2022
2022-04-21 03:00:00+00:00,8.307928,80.46928043999999,-0.3334687789181868,0.9427611433904208,1338623.0,95.97,0.7071067811865476,0.7071067811865476,1.0,41250.0,6986.5,42013.0,240.59830362230363,12.504166656070304,6683.072499999998,41416.1275,11058.4,14882.0,4704.0,0.0,0.0,3769.53,2.8355196,2022
2022-02-03 14:00:00+00:00,10.058898,80.46928043999999,0.8335557718385699,0.5524353131676196,1747271.0,77.6,-0.8660254037844386,-0.5000000000000001,1.0,66850.0,7117.2,58656.0,258.3570488807489,6.513388898637559,9493.605,51286.715,20464.2,24281.0,4195.0,3258.61,979175.5,2301.74,4.0160365,2022
2022-10-24 23:00:00+00:00,14.375733,80.46928043999999,0.3896304495307877,-0.9209712877166348,2419163.0,30.5,0.9659258262890684,-0.2588190451025207,1.0,39100.0,5066.1,42105.0,228.32494242930977,15.03783305486045,4757.4175,21577.8425,16205.375,13404.0,3510.0,0.0,0.0,5850.17,5.371964,2022
2022-11-18 15:00:00+00:00,10.691289,80.46928043999999,0.7383263540031063,-0.6744436188329457,2499746.0,105.0,-0.7071067811865477,-0.7071067811865475,1.0,53150.0,6071.9,42039.0,226.74134235724017,11.309833288192737,9094.51,43665.565,13104.15,22849.0,4055.0,1455.44,505008.44,3967.67,5.520476,2022
2022-08-13 18:00:00+00:00,26.202185,80.46928043999999,-0.7441039398713605,-0.6680638642135336,2280964.0,210.5,-1.8369701987210292e-16,-1.0,0.0,41500.0,7117.2,36836.0,114.89604756539754,23.965749581654883,7386.934999999999,39947.85,18794.05,14813.0,2391.0,646.34,571583.9,1969.25,1.0769883,2022
2022-07-19 16:00:00+00:00,29.17652,80.46928043999999,-0.9549667548552552,-0.2967128192734901,2382772.0,151.6,-0.5000000000000004,-0.8660254037844385,1.0,55350.0,7117.2,34490.0,140.9258976088726,24.97999986012777,6456.619999999999,43246.985,18366.8,25628.0,3487.0,5274.29,2003484.1,5030.58,2.4912894,2022
2022-08-08 00:00:00+00:00,18.848206,80.46928043999999,-0.798779372886365,-0.6016240632249223,2280964.0,192.3,1.0,0.0,1.0,35050.0,7117.2,35289.0,122.3574742100492,21.11924997965495,6760.0975,34989.1725,16455.325,12174.0,1827.0,0.0,0.0,5092.93,4.9747305,2022
2022-12-20 20:00:00+00:00,10.220546,80.46928043999999,0.9821256058680004,-0.1882267098432448,2142607.0,104.7,0.5000000000000001,-0.8660254037844386,1.0,59050.0,7117.2,51300.0,208.25266973879584,7.363333344459535,9170.13,35548.23,19561.175,20495.0,4230.0,0.0,0.0,6758.67,5.9844623,2022
2022-04-16 14:00:00+00:00,17.211098,80.46928043999999,-0.2511900638848191,0.9679377830240644,1229508.0,99.025,-0.8660254037844386,-0.5000000000000001,0.0,37700.0,7046.5,41666.0,256.01031890516884,14.06533331341212,5139.27,19908.79,3752.4000000000015,11106.0,4101.0,7422.27,2663520.5,4093.14,3.6300604,2022
2022-03-26 03:00:00+00:00,7.269996,80.46928043999999,0.107381346664163,0.994217906893952,1369050.0,101.66666666666669,0.7071067811865476,0.7071067811865476,0.0,43550.0,6053.3,41585.0,189.38260966625964,10.509611103269773,6742.2725,32763.165,14856.5,13569.0,2589.0,0.0,0.0,5500.12,6.3222127,2022
2022-07-21 18:00:00+00:00,24.468197,80.46928043999999,-0.9441875088341996,-0.3294084822245298,2382772.0,150.5,-1.8369701987210292e-16,-1.0,1.0,49600.0,7117.2,37255.0,151.18897646520145,24.94524971644084,6990.197499999999,46722.465,23802.775,25235.0,3568.0,1263.71,819500.1,1545.04,1.9985512,2022
2022-10-28 21:00:00+00:00,16.3882,80.46928043999999,0.4520722039323045,-0.8919813464595484,2419163.0,33.82,0.7071067811865474,-0.7071067811865477,1.0,43600.0,5066.1,40305.0,200.79569442361185,15.460499842961632,8068.135,30471.950000000004,10981.35,15497.0,2722.0,0.0,0.0,3164.39,4.755904,2022
2022-06-05 13:00:00+00:00,19.62674,80.46928043999999,-0.8977433935342337,0.440518784350495,2156969.0,80.3125,-0.9659258262890684,-0.2588190451025203,0.0,39750.0,6113.8,37305.0,195.9685617012617,20.047278192308227,6386.8625,11982.804999999997,8423.15,9686.0,3660.0,7820.39,2359456.8,5211.61,3.6274514,2022
2022-05-23 18:00:00+00:00,16.95002,80.46928043999999,-0.7775971469736267,0.6287628145958347,1954315.0,81.0,-1.8369701987210292e-16,-1.0,1.0,46900.0,5122.1,38145.0,227.6560926739927,19.037555694580067,8349.192500000001,35724.86750000001,10899.4,21739.0,6253.0,860.34,553476.44,5118.65,5.4978685,2022
2022-08-24 20:00:00+00:00,22.432617,80.46928043999999,-0.6050560696488494,-0.7961828637826154,2250959.0,293.0,0.5000000000000001,-0.8660254037844386,1.0,46000.0,7117.2,33816.0,146.15470664335666,22.82049989700317,8929.912499999999,38833.670000000006,25201.9,16628.0,2691.0,0.0,387.15076,2524.58,2.1637928,2022
2022-11-28 19:00:00+00:00,8.304336,80.46928043999999,0.8429415373547827,-0.5380051715383,2462887.0,125.5,0.2588190451025203,-0.9659258262890684,1.0,62800.0,7117.2,45188.0,203.61916190685324,8.562916715939838,9728.482499999998,53781.9675,21427.075,21539.0,4381.0,0.0,0.0,3714.09,4.2350388,2022
2022-09-03 20:00:00+00:00,19.056643,80.46928043999999,-0.4597327394521046,-0.888057322629493,2244154.0,199.52,0.5000000000000001,-0.8660254037844386,0.0,39800.0,7117.2,33311.0,127.13238503626002,21.16866652170816,8212.59,25890.64,19226.0,14973.0,2080.0,0.0,0.021880342,1484.24,2.2559714,2022
2022-02-08 20:00:00+00:00,7.312111,80.46928043999999,0.7829801036770629,0.6220467484408675,1729375.0,75.7,0.5000000000000001,-0.8660254037844386,1.0,65600.0,7117.2,56051.0,311.2079174399675,7.088888963063558,7926.38,35112.26,29092.3,20924.0,4537.0,0.0,0.0,2198.39,2.697526,2022
2022-03-26 10:00:00+00:00,12.824288,80.46928043999999,0.107381346664163,0.994217906893952,1369050.0,101.66666666666669,-0.8660254037844387,0.4999999999999999,0.0,48850.0,6053.3,40345.0,189.38260966625964,10.258888906902746,4744.685,18986.9,17236.7,12753.0,2610.0,7230.55,1938178.4,4314.89,5.3955746,2022
2022-02-08 05:00:00+00:00,5.0929804,80.46928043999999,0.7829801036770629,0.6220467484408675,1729375.0,75.7,0.2588190451025207,0.9659258262890684,1.0,64300.0,7117.2,55896.0,311.2079174399675,6.6878888209660845,7540.200000000001,28461.305,21695.5,19399.0,4459.0,0.0,0.0,4337.68,2.499804,2022
2022-10-27 21:00:00+00:00,17.494398,80.46928043999999,0.436651231956063,-0.8996308696522438,2419163.0,35.0,0.7071067811865474,-0.7071067811865477,1.0,44200.0,5066.1,40305.0,215.44583494195007,15.235666831334424,6954.9325,31446.85,12374.275,16091.0,2823.0,0.0,0.0,6707.44,6.45863,2022
2022-10-18 20:00:00+00:00,16.675974,80.46928043999999,0.2926003356333479,-0.9562348265919058,2315468.0,72.5,0.5000000000000001,-0.8660254037844386,1.0,43450.0,5066.1,39189.0,157.90778255689554,17.076749801635756,8302.960000000001,46313.03,16470.675,17901.0,1988.0,0.0,0.0,4623.1,4.3681507,2022
2022-02-08 07:00:00+00:00,4.9736176,80.46928043999999,0.7829801036770629,0.6220467484408675,1729375.0,75.7,-0.2588190451025208,0.9659258262890684,1.0,74400.0,7117.2,55896.0,311.2079174399675,6.598888768090141,8874.3675,30890.61499999999,28020.5,25098.0,5351.0,44.89,2497.8162,3801.98,2.329387,2022
2022-12-13 02:00:00+00:00,2.33619,80.46928043999999,0.9523775757303972,-0.3049212246562894,2190805.0,138.35,0.8660254037844387,0.4999999999999999,1.0,64200.0,7117.2,51300.0,230.8754162755924,4.461833328008652,7864.075000000001,44349.685,5171.0,14749.0,3585.0,0.0,0.0,6836.86,3.272951,2022
2022-07-27 07:00:00+00:00,18.034103,80.46928043999999,-0.9051931898913976,-0.4250003399695539,2312574.0,209.5,-0.2588190451025208,0.9659258262890684,1.0,49050.0,7117.2,35620.0,140.7987118131868,19.524416764577243,6688.567500000001,38194.52249999999,21210.1,24581.0,3075.0,4255.51,733268.56,2008.86,2.4731462,2022
2022-04-16 15:00:00+00:00,17.227423,80.46928043999999,-0.2511900638848191,0.9679377830240644,1229508.0,99.025,-0.7071067811865477,-0.7071067811865475,0.0,37100.0,7046.5,41666.0,256.01031890516884,14.25600004196165,5873.050000000001,28163.285,4251.799999999999,12175.0,4363.0,6072.63,2280520.5,4104.34,3.8079677,2022
2022-10-28 03:00:00+00:00,16.622139,80.46928043999999,0.4520722039323045,-0.8919813464595484,2419163.0,33.82,0.7071067811865476,0.7071067811865476,1.0,35250.0,5066.1,40305.0,200.79569442361185,14.9925831158956,5961.6175,37114.77,11954.65,14564.0,2550.0,0.0,0.0,7594.62,6.462541,2022
2022-07-25 22:00:00+00:00,19.989567,80.46928043999999,-0.9192859697186104,-0.3935902766564669,2312574.0,168.57,0.8660254037844384,-0.5000000000000004,1.0,44900.0,7117.2,34992.0,143.41278315018317,22.18374999364215,6170.1875,29854.4375,20701.475,20763.0,2892.0,0.0,0.0,5428.39,4.969528,2022
2022-02-05 10:00:00+00:00,7.0238876,80.46928043999999,0.8140460935082179,0.5808002734538008,1747271.0,79.63333333333334,-0.8660254037844387,0.4999999999999999,0.0,64400.0,7117.2,56271.0,243.3844269230769,6.674222177929347,7175.780000000001,13806.6725,14931.9,19082.0,3612.0,4369.68,761591.0,3589.81,3.9505382,2022
2022-09-03 03:00:00+00:00,17.017698,80.46928043999999,-0.4597327394521046,-0.888057322629493,2244154.0,199.52,0.7071067811865476,0.7071067811865476,0.0,33150.0,7117.2,32401.0,127.13238503626002,20.33383321762085,6770.415,22972.825,18357.825,13849.0,2076.0,0.0,0.0,1975.53,1.9745716,2022
2022-10-01 13:00:00+00:00,17.34056,80.46928043999999,0.0043035382962438,-0.99999073973619,2253974.0,153.14,-0.9659258262890684,-0.2588190451025203,0.0,40200.0,6111.4,38215.0,240.35592109187104,14.8350001970927,3479.1575,18789.015,7771.3499999999985,11965.0,3118.0,5527.73,1480036.9,9150.09,8.086823,2022
2022-04-21 07:00:00+00:00,9.506999,80.46928043999999,-0.3334687789181868,0.9427611433904208,1338623.0,95.97,-0.2588190451025208,0.9659258262890684,1.0,52900.0,6986.5,42013.0,240.59830362230363,12.32005548477172,7062.807500000001,42858.787500000006,14701.4,23226.0,5790.0,1715.24,515375.7,2918.12,2.6760883,2022
2022-09-07 23:00:00+00:00,17.446692,80.46928043999999,-0.3975428142825566,-0.9175836260593934,2240533.0,208.3,0.9659258262890684,-0.2588190451025207,1.0,39450.0,7117.2,36396.0,154.6485168285418,20.02633349100748,7170.105,38176.71,19191.7,15837.0,2551.0,0.0,0.0,3724.12,4.693431,2022
2022-06-06 04:00:00+00:00,14.244012,80.46928043999999,-0.9051931898913974,0.4250003399695541,2345706.0,79.25,0.5000000000000001,0.8660254037844386,0.0,32350.0,6113.8,38252.0,196.48394820919825,19.07016679975724,4088.645,17714.010000000002,20241.55,15361.0,3709.0,5.38,3234.2864,2390.6,3.3069835,2022
2022-04-16 17:00:00+00:00,16.403513,80.46928043999999,-0.2511900638848191,0.9679377830240644,1229508.0,99.025,-0.2588190451025206,-0.9659258262890684,0.0,40350.0,7046.5,41666.0,256.01031890516884,14.24788904190064,7624.51,43958.6725,10119.9,15591.0,5289.0,1859.64,1135891.5,4465.25,4.0519857,2022
2022-06-06 07:00:00+00:00,16.58663,80.46928043999999,-0.9051931898913974,0.4250003399695541,2345706.0,79.25,-0.2588190451025208,0.9659258262890684,0.0,38650.0,6113.8,38252.0,196.48394820919825,18.944444444444432,2716.2525000000005,12488.0075,17062.6,20334.0,3739.0,3590.53,817387.25,2435.45,3.087238,2022
2022-12-20 16:00:00+00:00,11.07053,80.46928043999999,0.9821256058680004,-0.1882267098432448,2142607.0,104.7,-0.5000000000000004,-0.8660254037844385,1.0,62250.0,7117.2,51300.0,208.25266973879584,7.2025831937789935,10140.072500000002,40581.5325,18780.225,25645.0,4491.0,28.36,104490.36,8965.66,5.7310853,2022
2022-05-23 17:00:00+00:00,17.614653,80.46928043999999,-0.7775971469736267,0.6287628145958347,1954315.0,81.0,-0.2588190451025206,-0.9659258262890684,1.0,49250.0,5122.1,38145.0,227.6560926739927,19.12377749549018,8937.3025,37679.37,9605.6,22103.0,6354.0,2111.98,946564.75,6034.63,5.438063,2022
2022-08-09 01:00:00+00:00,19.266518,80.46928043999999,-0.7883050558305256,-0.6152845999633274,2280964.0,190.0,0.9659258262890684,0.2588190451025207,1.0,34800.0,7117.2,36778.0,120.84214573944575,20.85174957911174,6523.485000000001,37074.35249999999,16410.9,11964.0,1801.0,0.0,0.0,5281.86,5.2184134,2022
2022-09-03 19:00:00+00:00,19.74481,80.46928043999999,-0.4597327394521046,-0.888057322629493,2244154.0,199.52,0.2588190451025203,-0.9659258262890684,0.0,40950.0,7117.2,33311.0,127.13238503626002,21.419833660125725,8463.710000000001,28751.27,20926.45,16017.0,2135.0,0.0,27722.262,1573.15,2.1925795,2022
2022-05-28 03:00:00+00:00,12.499509,80.46928043999999,-0.8287700871745035,0.5595892624101769,1954315.0,82.66666666666667,0.7071067811865476,0.7071067811865476,0.0,32850.0,5122.1,37105.0,186.52801994302,17.585222350226513,6243.83,10695.975,13872.925,14341.0,3696.0,0.0,0.0,3113.59,4.357682,2022
2022-07-21 23:00:00+00:00,19.75449,80.46928043999999,-0.9441875088341996,-0.3294084822245298,2382772.0,150.5,0.9659258262890684,-0.2588190451025207,1.0,42300.0,7117.2,37255.0,152.4938493080993,23.75950002670291,7309.07,38406.685,19874.1,19297.0,2731.0,0.0,0.0,1967.71,2.1835709,2022
2022-10-18 01:00:00+00:00,15.333222,80.46928043999999,0.2926003356333479,-0.9562348265919058,2315468.0,72.5,0.9659258262890684,0.2588190451025207,1.0,36350.0,5066.1,39189.0,157.90778255689554,16.47091682751971,7159.35,40256.465,11800.25,13564.0,1802.0,0.0,0.0,2071.05,2.7287574,2022
2022-12-13 16:00:00+00:00,4.772161,80.46928043999999,0.9523775757303972,-0.3049212246562894,2190805.0,138.35,-0.5000000000000004,-0.8660254037844385,1.0,75700.0,7117.2,52100.0,230.8754162755924,4.883333295583725,10878.3725,62182.76750000001,20790.875,26978.0,6112.0,35.69,71577.42,3085.32,4.366703,2022
2022-11-04 20:00:00+00:00,9.804871,80.46928043999999,0.5560174366570438,-0.8311706263658084,2455704.0,59.0,0.5000000000000001,-0.8660254037844386,1.0,47800.0,6071.9,40695.0,191.40342435447,12.048083464304618,8325.294999999998,48619.275,19727.45,18241.0,3854.0,0.0,0.0,5294.43,6.4624825,2022
2022-12-20 09:00:00+00:00,10.319329,80.46928043999999,0.9821256058680004,-0.1882267098432448,2142607.0,104.7,-0.7071067811865475,0.7071067811865476,1.0,66050.0,7117.2,51190.0,208.25266973879584,6.595500111579894,7553.424999999999,36355.68999999999,18517.575,26574.0,4019.0,1214.06,168080.28,11900.81,6.989735,2022
2022-11-07 06:00:00+00:00,10.782525,80.46928043999999,0.5981809144059166,-0.8013610881746764,2495545.0,53.0,6.123233995736766e-17,1.0,1.0,48650.0,6071.9,40805.0,179.01824777316085,10.660499970118202,6353.4475,32001.755000000005,19716.25,18757.0,3409.0,0.0,0.0,9876.55,6.7683854,2022
2022-08-25 01:00:00+00:00,19.685987,80.46928043999999,-0.5912614448635782,-0.8064799463209447,2250959.0,308.7,0.9659258262890684,0.2588190451025207,1.0,37050.0,7117.2,34046.0,137.649736959337,21.999083518981934,7242.0825,33055.135,19092.075,13421.0,1932.0,0.0,0.0,2990.01,1.2299794,2022
2022-02-05 11:00:00+00:00,7.933768,80.46928043999999,0.8140460935082179,0.5808002734538008,1747271.0,79.63333333333334,-0.9659258262890682,0.258819045102521,0.0,64800.0,7117.2,56271.0,243.3844269230769,6.718333416514926,6521.155000000002,11298.822500000002,13691.9,16574.0,3306.0,5264.88,1061109.6,3573.26,4.251078,2022
2022-06-02 14:00:00+00:00,21.645357,80.46928043999999,-0.8738071036110806,0.4862727071086904,2156969.0,83.5,-0.8660254037844386,-0.5000000000000001,1.0,48550.0,6113.8,39775.0,197.0432372608872,19.84688949584959,6052.8375,29207.792500000003,14139.0,10599.0,4367.0,7728.42,2657611.5,1853.18,2.1980565,2022
2022-03-09 13:00:00+00:00,11.562142,80.46928043999999,0.3896304495307879,0.9209712877166346,1420843.0,149.75,-0.9659258262890684,-0.2588190451025203,1.0,63200.0,7117.2,53170.0,228.0852643060643,7.89416666825613,7225.05,36109.7925,12401.8,20049.0,2983.0,6727.08,1808350.0,4162.84,6.0051417,2022
2022-12-10 12:00:00+00:00,4.304834,80.46928043999999,0.935367949313148,-0.3536761221763721,2374305.0,139.13333333333333,-1.0,1.2246467991473532e-16,0.0,67600.0,7117.2,50725.0,205.27261362735493,5.95333339770635,9020.070000000002,51772.0825,12118.175,16578.0,3652.0,4462.58,820914.44,2177.87,2.9950943,2022
2022-07-15 00:00:00+00:00,19.1595,80.46928043999999,-0.973118337233262,-0.2303056702306119,2462110.0,154.25,1.0,0.0,1.0,38950.0,7117.2,36655.0,147.32695785510785,24.08333317438764,7586.31,29337.425000000003,18272.75,17202.0,2693.0,0.0,0.0,4167.48,3.9541755,2022
2022-07-19 18:00:00+00:00,27.45803,80.46928043999999,-0.9549667548552552,-0.2967128192734901,2382772.0,151.6,-1.8369701987210292e-16,-1.0,1.0,52350.0,7117.2,34490.0,140.9258976088726,24.64441633224488,7123.17,46687.115000000005,24150.575,25711.0,3348.0,1159.1,855360.94,5233.65,2.2881045,2022
2022-08-14 07:00:00+00:00,20.610909,80.46928043999999,-0.7324940716135788,-0.6807734094770164,2280964.0,216.0,-0.2588190451025208,0.9659258262890684,0.0,35550.0,7117.2,36011.0,115.44113513986017,22.183832963307683,5303.3725,20948.85,13320.925,9023.0,1516.0,2304.03,563220.0,2699.72,1.2960573,2022
2022-11-18 17:00:00+00:00,9.381857,80.46928043999999,0.7383263540031063,-0.6744436188329457,2499746.0,105.0,-0.2588190451025206,-0.9659258262890684,1.0,57800.0,6071.9,42039.0,226.74134235724017,11.236333290735892,9687.915,44321.3475,18136.0,22934.0,5091.0,0.0,15933.921,3775.5,5.3258367,2022
2022-07-27 14:00:00+00:00,23.333387,80.46928043999999,-0.9051931898913976,-0.4250003399695539,2312574.0,209.5,-0.8660254037844386,-0.5000000000000001,1.0,48850.0,7117.2,34885.0,140.7987118131868,22.16758314768473,5571.5625,29486.3925,20162.025,25384.0,2639.0,9093.33,2398903.0,1941.0,1.7291044,2022
2022-06-02 00:00:00+00:00,14.334266,80.46928043999999,-0.8738071036110806,0.4862727071086904,2156969.0,83.5,1.0,0.0,1.0,39500.0,6113.8,40395.0,197.0432372608872,18.82711108525592,7623.662499999999,35920.845,20270.7,13479.0,3860.0,0.0,0.0,3110.28,2.6455297,2022
2022-08-20 06:00:00+00:00,17.106647,80.46928043999999,-0.6584015846980489,-0.7526668275320083,2249940.0,254.0,6.123233995736766e-17,1.0,0.0,34200.0,7117.2,35156.0,182.53423222610724,18.568083445231125,7158.9975,40363.53,15889.675,11420.0,2956.0,918.92,141363.38,1632.49,2.5158186,2022
2022-03-09 22:00:00+00:00,7.432737,80.46928043999999,0.3896304495307879,0.9209712877166346,1420843.0,149.75,0.8660254037844384,-0.5000000000000004,1.0,62000.0,7117.2,53170.0,228.0852643060643,8.39305573039585,8215.132500000002,42836.8925,20650.9,17678.0,3712.0,0.0,0.0,7130.64,5.297588,2022
2022-05-28 02:00:00+00:00,12.851202,80.46928043999999,-0.8287700871745035,0.5595892624101769,1954315.0,82.66666666666667,0.8660254037844387,0.4999999999999999,0.0,33200.0,5122.1,37105.0,186.52801994302,17.679555681016712,6272.7475,11022.480000000003,13461.5,14510.0,3796.0,0.0,0.0,3073.3,4.348552,2022
2022-09-07 15:00:00+00:00,21.982197,80.46928043999999,-0.3975428142825566,-0.9175836260593934,2240533.0,208.3,-0.7071067811865477,-0.7071067811865475,1.0,47900.0,7117.2,36396.0,141.2186374061124,21.128333250681543,8584.862500000001,46662.372500000005,11806.375,22163.0,2584.0,4389.28,1393292.8,3146.64,4.2323127,2022
2022-04-05 12:00:00+00:00,10.642592,80.46928043999999,-0.0645084494493162,0.9979171608653922,1197120.0,108.72,-1.0,1.2246467991473532e-16,1.0,62550.0,6021.6,43095.0,230.21333549043555,8.728333314259844,6940.722500000001,40052.93500000001,23783.9,18070.0,3888.0,6735.57,1822522.5,4495.32,3.7640545,2022
2022-12-13 19:00:00+00:00,4.543259,80.46928043999999,0.9523775757303972,-0.3049212246562894,2190805.0,138.35,0.2588190451025203,-0.9659258262890684,1.0,76650.0,7117.2,52100.0,230.8754162755924,4.923916707436243,9753.125,51982.45,20414.5,24461.0,5343.0,0.0,0.0,3146.87,4.462558,2022
2022-09-03 07:00:00+00:00,17.59131,80.46928043999999,-0.4597327394521046,-0.888057322629493,2244154.0,199.52,-0.2588190451025208,0.9659258262890684,0.0,39350.0,7117.2,32401.0,127.13238503626002,20.04341665903725,7150.905000000001,23988.650000000005,18297.325,16424.0,1872.0,1786.21,395012.6,1645.06,2.297719,2022
2022-03-07 21:00:00+00:00,4.2279663,80.46928043999999,0.4211008707960896,0.907013812802636,1420843.0,227.0,0.7071067811865474,-0.7071067811865477,1.0,63800.0,7117.2,52760.0,236.381658038258,7.835444569587705,8608.4625,54112.65,21580.0,19250.0,4843.0,0.0,0.0,6123.9,5.984535,2022
2022-12-18 14:00:00+00:00,7.0365577,80.46928043999999,0.9750645322571948,-0.2219215130041658,2190805.0,110.5,-0.8660254037844386,-0.5000000000000001,0.0,63700.0,7117.2,51185.0,238.29207203086773,5.432916820049286,7383.774999999999,34652.7875,9003.725,13570.0,4043.0,2989.51,532332.8,9551.7,7.560881,2022
2022-09-13 04:00:00+00:00,18.858036,80.46928043999999,-0.300819807635668,-0.9536809966304456,2252727.0,194.5,0.5000000000000001,0.8660254037844386,1.0,40300.0,7117.2,38226.0,136.9191282828283,19.5649166107178,8524.910000000002,39171.247500000005,13864.475,18269.0,1972.0,0.0,0.0,2846.73,3.1904078,2022
2022-09-03 05:00:00+00:00,16.71601,80.46928043999999,-0.4597327394521046,-0.888057322629493,2244154.0,199.52,0.2588190451025207,0.9659258262890684,0.0,34850.0,7117.2,32401.0,127.13238503626002,20.08525005976359,7114.8225,25162.2825,20180.8,15636.0,2077.0,0.0,389.4701,1777.88,2.0752437,2022
2022-08-20 18:00:00+00:00,22.814846,80.46928043999999,-0.6584015846980489,-0.7526668275320083,2249940.0,254.0,-1.8369701987210292e-16,-1.0,0.0,38650.0,7117.2,34721.0,182.53423222610724,22.15041669209799,6872.794999999999,43633.5525,19934.75,13602.0,3189.0,518.33,512050.75,1698.76,2.7540236,2022
